"MTU (CET/CEST)","Area","Day-ahead (MW)","Intraday (MW)","Current (MW)","Actual (MW)"
"01/01/2026 00:00:00 - 01/01/2026 01:00:00","CTA|IE","819.40","n/e"," ","1214.49"
"01/01/2026 01:00:00 - 01/01/2026 02:00:00","CTA|IE","1041.65","n/e"," ","1371.21"
"01/01/2026 02:00:00 - 01/01/2026 03:00:00","CTA|IE","1162.09","n/e"," ","1364.30"
"01/01/2026 03:00:00 - 01/01/2026 04:00:00","CTA|IE","1280.41","n/e"," ","1496.98"
"01/01/2026 04:00:00 - 01/01/2026 05:00:00","CTA|IE","1386.65","n/e"," ","1555.23"
"01/01/2026 05:00:00 - 01/01/2026 06:00:00","CTA|IE","1428.88","n/e"," ","1423.14"
"01/01/2026 06:00:00 - 01/01/2026 07:00:00","CTA|IE","1421.55","n/e"," ","1259.39"
"01/01/2026 07:00:00 - 01/01/2026 08:00:00","CTA|IE","1373.98","n/e"," ","1128.35"
"01/01/2026 08:00:00 - 01/01/2026 09:00:00","CTA|IE","1267.04","n/e"," ","1105.27"
"01/01/2026 09:00:00 - 01/01/2026 10:00:00","CTA|IE","1133.70","n/e"," ","1154.00"
"01/01/2026 10:00:00 - 01/01/2026 11:00:00","CTA|IE","984.20","n/e"," ","1091.51"
"01/01/2026 11:00:00 - 01/01/2026 12:00:00","CTA|IE","840.13","n/e"," ","1009.28"
"01/01/2026 12:00:00 - 01/01/2026 13:00:00","CTA|IE","711.00","n/e"," ","974.26"
"01/01/2026 13:00:00 - 01/01/2026 14:00:00","CTA|IE","633.29","n/e"," ","954.57"
"01/01/2026 14:00:00 - 01/01/2026 15:00:00","CTA|IE","627.18","n/e"," ","1057.98"
"01/01/2026 15:00:00 - 01/01/2026 16:00:00","CTA|IE","661.52","n/e"," ","1215.60"
"01/01/2026 16:00:00 - 01/01/2026 17:00:00","CTA|IE","707.66","n/e"," ","1354.13"
"01/01/2026 17:00:00 - 01/01/2026 18:00:00","CTA|IE","738.64","n/e"," ","1258.10"
"01/01/2026 18:00:00 - 01/01/2026 19:00:00","CTA|IE","783.50","n/e"," ","1218.72"
"01/01/2026 19:00:00 - 01/01/2026 20:00:00","CTA|IE","844.35","n/e"," ","1221.52"
"01/01/2026 20:00:00 - 01/01/2026 21:00:00","CTA|IE","874.62","n/e"," ","1292.57"
"01/01/2026 21:00:00 - 01/01/2026 22:00:00","CTA|IE","886.78","n/e"," ","1327.26"
"01/01/2026 22:00:00 - 01/01/2026 23:00:00","CTA|IE","889.48","n/e"," ","1459.43"
"01/01/2026 23:00:00 - 02/01/2026 00:00:00","CTA|IE","889.98","n/e"," ","1605.16"
"02/01/2026 00:00:00 - 02/01/2026 01:00:00","CTA|IE","890.51","n/e"," ","1538.41"
"02/01/2026 01:00:00 - 02/01/2026 02:00:00","CTA|IE","1290.67","n/e"," ","1515.57"
"02/01/2026 02:00:00 - 02/01/2026 03:00:00","CTA|IE","1273.23","n/e"," ","1529.65"
"02/01/2026 03:00:00 - 02/01/2026 04:00:00","CTA|IE","1270.96","n/e"," ","1499.24"
"02/01/2026 04:00:00 - 02/01/2026 05:00:00","CTA|IE","1288.37","n/e"," ","1444.36"
"02/01/2026 05:00:00 - 02/01/2026 06:00:00","CTA|IE","1291.03","n/e"," ","1380.67"
"02/01/2026 06:00:00 - 02/01/2026 07:00:00","CTA|IE","1232.86","n/e"," ","1473.04"
"02/01/2026 07:00:00 - 02/01/2026 08:00:00","CTA|IE","1131.57","n/e"," ","1561.13"
"02/01/2026 08:00:00 - 02/01/2026 09:00:00","CTA|IE","1045.61","n/e"," ","1319.90"
"02/01/2026 09:00:00 - 02/01/2026 10:00:00","CTA|IE","1022.52","n/e"," ","1327.44"
"02/01/2026 10:00:00 - 02/01/2026 11:00:00","CTA|IE","1043.32","n/e"," ","1179.94"
"02/01/2026 11:00:00 - 02/01/2026 12:00:00","CTA|IE","1080.89","n/e"," ","1125.95"
"02/01/2026 12:00:00 - 02/01/2026 13:00:00","CTA|IE","1104.05","n/e"," ","1097.99"
"02/01/2026 13:00:00 - 02/01/2026 14:00:00","CTA|IE","1152.33","n/e"," ","1046.59"
"02/01/2026 14:00:00 - 02/01/2026 15:00:00","CTA|IE","1220.82","n/e"," ","1309.51"
"02/01/2026 15:00:00 - 02/01/2026 16:00:00","CTA|IE","1262.67","n/e"," ","1293.22"
"02/01/2026 16:00:00 - 02/01/2026 17:00:00","CTA|IE","1296.43","n/e"," ","1218.38"
"02/01/2026 17:00:00 - 02/01/2026 18:00:00","CTA|IE","1315.73","n/e"," ","1171.22"
"02/01/2026 18:00:00 - 02/01/2026 19:00:00","CTA|IE","1336.08","n/e"," ","1235.31"
"02/01/2026 19:00:00 - 02/01/2026 20:00:00","CTA|IE","1393.53","n/e"," ","1416.29"
"02/01/2026 20:00:00 - 02/01/2026 21:00:00","CTA|IE","1454.89","n/e"," ","1465.11"
"02/01/2026 21:00:00 - 02/01/2026 22:00:00","CTA|IE","1487.53","n/e"," ","1507.76"
"02/01/2026 22:00:00 - 02/01/2026 23:00:00","CTA|IE","1482.28","n/e"," ","1510.80"
"02/01/2026 23:00:00 - 03/01/2026 00:00:00","CTA|IE","1478.08","n/e"," ","1504.68"
"03/01/2026 00:00:00 - 03/01/2026 01:00:00","CTA|IE","1511.55","n/e"," ","1569.77"
"03/01/2026 01:00:00 - 03/01/2026 02:00:00","CTA|IE","1614.94","n/e"," ","1607.16"
"03/01/2026 02:00:00 - 03/01/2026 03:00:00","CTA|IE","1645.43","n/e"," ","1590.58"
"03/01/2026 03:00:00 - 03/01/2026 04:00:00","CTA|IE","1665.59","n/e"," ","1544.62"
"03/01/2026 04:00:00 - 03/01/2026 05:00:00","CTA|IE","1670.20","n/e"," ","1655.54"
"03/01/2026 05:00:00 - 03/01/2026 06:00:00","CTA|IE","1643.47","n/e"," ","1566.67"
"03/01/2026 06:00:00 - 03/01/2026 07:00:00","CTA|IE","1622.71","n/e"," ","1491.18"
"03/01/2026 07:00:00 - 03/01/2026 08:00:00","CTA|IE","1619.69","n/e"," ","1580.77"
"03/01/2026 08:00:00 - 03/01/2026 09:00:00","CTA|IE","1627.64","n/e"," ","1520.33"
"03/01/2026 09:00:00 - 03/01/2026 10:00:00","CTA|IE","1600.27","n/e"," ","1426.71"
"03/01/2026 10:00:00 - 03/01/2026 11:00:00","CTA|IE","1540.36","n/e"," ","1286.38"
"03/01/2026 11:00:00 - 03/01/2026 12:00:00","CTA|IE","1445.34","n/e"," ","1054.19"
"03/01/2026 12:00:00 - 03/01/2026 13:00:00","CTA|IE","1319.36","n/e"," ","980.81"
"03/01/2026 13:00:00 - 03/01/2026 14:00:00","CTA|IE","1263.68","n/e"," ","837.45"
"03/01/2026 14:00:00 - 03/01/2026 15:00:00","CTA|IE","1265.60","n/e"," ","868.23"
"03/01/2026 15:00:00 - 03/01/2026 16:00:00","CTA|IE","1245.63","n/e"," ","865.06"
"03/01/2026 16:00:00 - 03/01/2026 17:00:00","CTA|IE","1194.66","n/e"," ","791.02"
"03/01/2026 17:00:00 - 03/01/2026 18:00:00","CTA|IE","1092.48","n/e"," ","730.09"
"03/01/2026 18:00:00 - 03/01/2026 19:00:00","CTA|IE","1016.74","n/e"," ","848.98"
"03/01/2026 19:00:00 - 03/01/2026 20:00:00","CTA|IE","1001.71","n/e"," ","850.52"
"03/01/2026 20:00:00 - 03/01/2026 21:00:00","CTA|IE","995.21","n/e"," ","758.82"
"03/01/2026 21:00:00 - 03/01/2026 22:00:00","CTA|IE","970.58","n/e"," ","693.87"
"03/01/2026 22:00:00 - 03/01/2026 23:00:00","CTA|IE","930.20","n/e"," ","588.95"
"03/01/2026 23:00:00 - 04/01/2026 00:00:00","CTA|IE","887.29","n/e"," ","538.26"
"04/01/2026 00:00:00 - 04/01/2026 01:00:00","CTA|IE","841.01","n/e"," ","571.53"
"04/01/2026 01:00:00 - 04/01/2026 02:00:00","CTA|IE","785.89","n/e"," ","616.49"
"04/01/2026 02:00:00 - 04/01/2026 03:00:00","CTA|IE","755.50","n/e"," ","588.55"
"04/01/2026 03:00:00 - 04/01/2026 04:00:00","CTA|IE","722.73","n/e"," ","565.34"
"04/01/2026 04:00:00 - 04/01/2026 05:00:00","CTA|IE","701.77","n/e"," ","513.62"
"04/01/2026 05:00:00 - 04/01/2026 06:00:00","CTA|IE","670.15","n/e"," ","526.09"
"04/01/2026 06:00:00 - 04/01/2026 07:00:00","CTA|IE","629.91","n/e"," ","597.27"
"04/01/2026 07:00:00 - 04/01/2026 08:00:00","CTA|IE","604.69","n/e"," ","595.59"
"04/01/2026 08:00:00 - 04/01/2026 09:00:00","CTA|IE","601.31","n/e"," ","534.71"
"04/01/2026 09:00:00 - 04/01/2026 10:00:00","CTA|IE","594.69","n/e"," ","471.52"
"04/01/2026 10:00:00 - 04/01/2026 11:00:00","CTA|IE","579.62","n/e"," ","467.69"
"04/01/2026 11:00:00 - 04/01/2026 12:00:00","CTA|IE","580.58","n/e"," ","415.04"
"04/01/2026 12:00:00 - 04/01/2026 13:00:00","CTA|IE","589.91","n/e"," ","377.42"
"04/01/2026 13:00:00 - 04/01/2026 14:00:00","CTA|IE","617.29","n/e"," ","337.26"
"04/01/2026 14:00:00 - 04/01/2026 15:00:00","CTA|IE","706.03","n/e"," ","333.73"
"04/01/2026 15:00:00 - 04/01/2026 16:00:00","CTA|IE","822.95","n/e"," ","320.80"
"04/01/2026 16:00:00 - 04/01/2026 17:00:00","CTA|IE","918.66","n/e"," ","307.35"
"04/01/2026 17:00:00 - 04/01/2026 18:00:00","CTA|IE","957.92","n/e"," ","401.13"
"04/01/2026 18:00:00 - 04/01/2026 19:00:00","CTA|IE","993.07","n/e"," ","535.48"
"04/01/2026 19:00:00 - 04/01/2026 20:00:00","CTA|IE","1034.48","n/e"," ","623.66"
"04/01/2026 20:00:00 - 04/01/2026 21:00:00","CTA|IE","1037.49","n/e"," ","634.78"
"04/01/2026 21:00:00 - 04/01/2026 22:00:00","CTA|IE","998.40","n/e"," ","645.12"
"04/01/2026 22:00:00 - 04/01/2026 23:00:00","CTA|IE","927.27","n/e"," ","836.90"
"04/01/2026 23:00:00 - 05/01/2026 00:00:00","CTA|IE","856.24","n/e"," ","803.32"
"05/01/2026 00:00:00 - 05/01/2026 01:00:00","CTA|IE","774.41","n/e"," ","862.37"
"05/01/2026 01:00:00 - 05/01/2026 02:00:00","CTA|IE","983.10","n/e"," ","859.58"
"05/01/2026 02:00:00 - 05/01/2026 03:00:00","CTA|IE","955.09","n/e"," ","921.39"
"05/01/2026 03:00:00 - 05/01/2026 04:00:00","CTA|IE","923.23","n/e"," ","965.10"
"05/01/2026 04:00:00 - 05/01/2026 05:00:00","CTA|IE","918.79","n/e"," ","952.20"
"05/01/2026 05:00:00 - 05/01/2026 06:00:00","CTA|IE","920.90","n/e"," ","921.39"
"05/01/2026 06:00:00 - 05/01/2026 07:00:00","CTA|IE","918.60","n/e"," ","1053.08"
"05/01/2026 07:00:00 - 05/01/2026 08:00:00","CTA|IE","912.82","n/e"," ","1154.39"
"05/01/2026 08:00:00 - 05/01/2026 09:00:00","CTA|IE","891.82","n/e"," ","1006.82"
"05/01/2026 09:00:00 - 05/01/2026 10:00:00","CTA|IE","850.78","n/e"," ","1011.13"
"05/01/2026 10:00:00 - 05/01/2026 11:00:00","CTA|IE","776.62","n/e"," ","988.99"
"05/01/2026 11:00:00 - 05/01/2026 12:00:00","CTA|IE","681.48","n/e"," ","927.56"
"05/01/2026 12:00:00 - 05/01/2026 13:00:00","CTA|IE","553.24","n/e"," ","768.66"
"05/01/2026 13:00:00 - 05/01/2026 14:00:00","CTA|IE","442.72","n/e"," ","668.73"
"05/01/2026 14:00:00 - 05/01/2026 15:00:00","CTA|IE","375.60","n/e"," ","695.45"
"05/01/2026 15:00:00 - 05/01/2026 16:00:00","CTA|IE","333.14","n/e"," ","749.75"
"05/01/2026 16:00:00 - 05/01/2026 17:00:00","CTA|IE","303.16","n/e"," ","680.62"
"05/01/2026 17:00:00 - 05/01/2026 18:00:00","CTA|IE","283.81","n/e"," ","677.56"
"05/01/2026 18:00:00 - 05/01/2026 19:00:00","CTA|IE","277.85","n/e"," ","842.61"
"05/01/2026 19:00:00 - 05/01/2026 20:00:00","CTA|IE","267.77","n/e"," ","914.79"
"05/01/2026 20:00:00 - 05/01/2026 21:00:00","CTA|IE","242.52","n/e"," ","891.15"
"05/01/2026 21:00:00 - 05/01/2026 22:00:00","CTA|IE","224.14","n/e"," ","862.68"
"05/01/2026 22:00:00 - 05/01/2026 23:00:00","CTA|IE","217.98","n/e"," ","904.46"
"05/01/2026 23:00:00 - 06/01/2026 00:00:00","CTA|IE","219.35","n/e"," ","888.11"
"06/01/2026 00:00:00 - 06/01/2026 01:00:00","CTA|IE","219.49","n/e"," ","945.12"
"06/01/2026 01:00:00 - 06/01/2026 02:00:00","CTA|IE","1905.46","n/e"," ","1002.65"
"06/01/2026 02:00:00 - 06/01/2026 03:00:00","CTA|IE","1963.90","n/e"," ","1169.79"
"06/01/2026 03:00:00 - 06/01/2026 04:00:00","CTA|IE","2034.95","n/e"," ","1246.03"
"06/01/2026 04:00:00 - 06/01/2026 05:00:00","CTA|IE","2133.49","n/e"," ","1487.10"
"06/01/2026 05:00:00 - 06/01/2026 06:00:00","CTA|IE","2210.99","n/e"," ","1664.35"
"06/01/2026 06:00:00 - 06/01/2026 07:00:00","CTA|IE","2257.26","n/e"," ","1751.61"
"06/01/2026 07:00:00 - 06/01/2026 08:00:00","CTA|IE","2317.84","n/e"," ","2013.83"
"06/01/2026 08:00:00 - 06/01/2026 09:00:00","CTA|IE","2410.70","n/e"," ","2286.85"
"06/01/2026 09:00:00 - 06/01/2026 10:00:00","CTA|IE","2498.12","n/e"," ","2325.58"
"06/01/2026 10:00:00 - 06/01/2026 11:00:00","CTA|IE","2533.60","n/e"," ","2447.09"
"06/01/2026 11:00:00 - 06/01/2026 12:00:00","CTA|IE","2449.56","n/e"," ","2259.80"
"06/01/2026 12:00:00 - 06/01/2026 13:00:00","CTA|IE","2222.18","n/e"," ","1806.83"
"06/01/2026 13:00:00 - 06/01/2026 14:00:00","CTA|IE","1977.14","n/e"," ","1424.32"
"06/01/2026 14:00:00 - 06/01/2026 15:00:00","CTA|IE","1845.39","n/e"," ","1208.02"
"06/01/2026 15:00:00 - 06/01/2026 16:00:00","CTA|IE","1815.97","n/e"," ","1281.71"
"06/01/2026 16:00:00 - 06/01/2026 17:00:00","CTA|IE","1934.38","n/e"," ","1454.17"
"06/01/2026 17:00:00 - 06/01/2026 18:00:00","CTA|IE","2111.87","n/e"," ","1775.55"
"06/01/2026 18:00:00 - 06/01/2026 19:00:00","CTA|IE","2329.22","n/e"," ","2312.82"
"06/01/2026 19:00:00 - 06/01/2026 20:00:00","CTA|IE","2546.31","n/e"," ","2636.05"
"06/01/2026 20:00:00 - 06/01/2026 21:00:00","CTA|IE","2642.67","n/e"," ","2825.69"
"06/01/2026 21:00:00 - 06/01/2026 22:00:00","CTA|IE","2651.32","n/e"," ","2746.48"
"06/01/2026 22:00:00 - 06/01/2026 23:00:00","CTA|IE","2605.19","n/e"," ","2557.19"
"06/01/2026 23:00:00 - 07/01/2026 00:00:00","CTA|IE","2526.19","n/e"," ","2407.48"
"07/01/2026 00:00:00 - 07/01/2026 01:00:00","CTA|IE","2394.62","n/e"," ","2375.42"
"07/01/2026 01:00:00 - 07/01/2026 02:00:00","CTA|IE","2066.46","n/e"," ","2372.55"
"07/01/2026 02:00:00 - 07/01/2026 03:00:00","CTA|IE","1723.56","n/e"," ","2189.55"
"07/01/2026 03:00:00 - 07/01/2026 04:00:00","CTA|IE","1359.57","n/e"," ","2005.85"
"07/01/2026 04:00:00 - 07/01/2026 05:00:00","CTA|IE","1030.19","n/e"," ","1808.64"
"07/01/2026 05:00:00 - 07/01/2026 06:00:00","CTA|IE","766.60","n/e"," ","1585.51"
"07/01/2026 06:00:00 - 07/01/2026 07:00:00","CTA|IE","617.12","n/e"," ","1499.87"
"07/01/2026 07:00:00 - 07/01/2026 08:00:00","CTA|IE","546.80","n/e"," ","1293.30"
"07/01/2026 08:00:00 - 07/01/2026 09:00:00","CTA|IE","498.16","n/e"," ","1058.16"
"07/01/2026 09:00:00 - 07/01/2026 10:00:00","CTA|IE","470.11","n/e"," ","650.36"
"07/01/2026 10:00:00 - 07/01/2026 11:00:00","CTA|IE","493.49","n/e"," ","361.87"
"07/01/2026 11:00:00 - 07/01/2026 12:00:00","CTA|IE","594.95","n/e"," ","189.38"
"07/01/2026 12:00:00 - 07/01/2026 13:00:00","CTA|IE","746.12","n/e"," ","156.11"
"07/01/2026 13:00:00 - 07/01/2026 14:00:00","CTA|IE","934.28","n/e"," ","233.99"
"07/01/2026 14:00:00 - 07/01/2026 15:00:00","CTA|IE","1212.79","n/e"," ","372.20"
"07/01/2026 15:00:00 - 07/01/2026 16:00:00","CTA|IE","1591.73","n/e"," ","935.98"
"07/01/2026 16:00:00 - 07/01/2026 17:00:00","CTA|IE","2157.66","n/e"," ","1497.16"
"07/01/2026 17:00:00 - 07/01/2026 18:00:00","CTA|IE","2650.65","n/e"," ","2058.95"
"07/01/2026 18:00:00 - 07/01/2026 19:00:00","CTA|IE","2959.51","n/e"," ","2403.16"
"07/01/2026 19:00:00 - 07/01/2026 20:00:00","CTA|IE","3240.72","n/e"," ","2504.74"
"07/01/2026 20:00:00 - 07/01/2026 21:00:00","CTA|IE","3440.26","n/e"," ","2519.57"
"07/01/2026 21:00:00 - 07/01/2026 22:00:00","CTA|IE","3478.42","n/e"," ","2467.18"
"07/01/2026 22:00:00 - 07/01/2026 23:00:00","CTA|IE","3414.32","n/e"," ","2365.62"
"07/01/2026 23:00:00 - 08/01/2026 00:00:00","CTA|IE","3301.44","n/e"," ","2089.78"
"08/01/2026 00:00:00 - 08/01/2026 01:00:00","CTA|IE","3102.26","n/e"," ","1702.77"
"08/01/2026 01:00:00 - 08/01/2026 02:00:00","CTA|IE","1631.39","n/e"," ","1325.88"
"08/01/2026 02:00:00 - 08/01/2026 03:00:00","CTA|IE","1365.43","n/e"," ","1037.51"
"08/01/2026 03:00:00 - 08/01/2026 04:00:00","CTA|IE","1053.13","n/e"," ","700.48"
"08/01/2026 04:00:00 - 08/01/2026 05:00:00","CTA|IE","777.62","n/e"," ","438.34"
"08/01/2026 05:00:00 - 08/01/2026 06:00:00","CTA|IE","559.13","n/e"," ","273.18"
"08/01/2026 06:00:00 - 08/01/2026 07:00:00","CTA|IE","404.87","n/e"," ","199.52"
"08/01/2026 07:00:00 - 08/01/2026 08:00:00","CTA|IE","305.49","n/e"," ","122.75"
"08/01/2026 08:00:00 - 08/01/2026 09:00:00","CTA|IE","237.17","n/e"," ","100.75"
"08/01/2026 09:00:00 - 08/01/2026 10:00:00","CTA|IE","195.98","n/e"," ","124.10"
"08/01/2026 10:00:00 - 08/01/2026 11:00:00","CTA|IE","179.62","n/e"," ","229.97"
"08/01/2026 11:00:00 - 08/01/2026 12:00:00","CTA|IE","185.57","n/e"," ","342.08"
"08/01/2026 12:00:00 - 08/01/2026 13:00:00","CTA|IE","188.58","n/e"," ","461.99"
"08/01/2026 13:00:00 - 08/01/2026 14:00:00","CTA|IE","185.29","n/e"," ","587.90"
"08/01/2026 14:00:00 - 08/01/2026 15:00:00","CTA|IE","193.11","n/e"," ","790.33"
"08/01/2026 15:00:00 - 08/01/2026 16:00:00","CTA|IE","241.51","n/e"," ","1122.95"
"08/01/2026 16:00:00 - 08/01/2026 17:00:00","CTA|IE","346.74","n/e"," ","1308.10"
"08/01/2026 17:00:00 - 08/01/2026 18:00:00","CTA|IE","474.48","n/e"," ","1462.17"
"08/01/2026 18:00:00 - 08/01/2026 19:00:00","CTA|IE","592.82","n/e"," ","1580.21"
"08/01/2026 19:00:00 - 08/01/2026 20:00:00","CTA|IE","728.45","n/e"," ","1602.58"
"08/01/2026 20:00:00 - 08/01/2026 21:00:00","CTA|IE","879.83","n/e"," ","1528.46"
"08/01/2026 21:00:00 - 08/01/2026 22:00:00","CTA|IE","1061.85","n/e"," ","1396.74"
"08/01/2026 22:00:00 - 08/01/2026 23:00:00","CTA|IE","1263.66","n/e"," ","1384.01"
"08/01/2026 23:00:00 - 09/01/2026 00:00:00","CTA|IE","1473.19","n/e"," ","1330.91"
"09/01/2026 00:00:00 - 09/01/2026 01:00:00","CTA|IE","1680.40","n/e"," ","1210.42"
"09/01/2026 01:00:00 - 09/01/2026 02:00:00","CTA|IE","1523.74","n/e"," ","1084.39"
"09/01/2026 02:00:00 - 09/01/2026 03:00:00","CTA|IE","1608.69","n/e"," ","1058.63"
"09/01/2026 03:00:00 - 09/01/2026 04:00:00","CTA|IE","1714.35","n/e"," ","1262.66"
"09/01/2026 04:00:00 - 09/01/2026 05:00:00","CTA|IE","1851.29","n/e"," ","1005.21"
"09/01/2026 05:00:00 - 09/01/2026 06:00:00","CTA|IE","1859.09","n/e"," ","833.65"
"09/01/2026 06:00:00 - 09/01/2026 07:00:00","CTA|IE","1853.93","n/e"," ","890.34"
"09/01/2026 07:00:00 - 09/01/2026 08:00:00","CTA|IE","1822.31","n/e"," ","1016.01"
"09/01/2026 08:00:00 - 09/01/2026 09:00:00","CTA|IE","1784.04","n/e"," ","1196.82"
"09/01/2026 09:00:00 - 09/01/2026 10:00:00","CTA|IE","1870.56","n/e"," ","1026.89"
"09/01/2026 10:00:00 - 09/01/2026 11:00:00","CTA|IE","2089.11","n/e"," ","939.14"
"09/01/2026 11:00:00 - 09/01/2026 12:00:00","CTA|IE","2290.37","n/e"," ","803.17"
"09/01/2026 12:00:00 - 09/01/2026 13:00:00","CTA|IE","2456.67","n/e"," ","656.60"
"09/01/2026 13:00:00 - 09/01/2026 14:00:00","CTA|IE","2518.99","n/e"," ","805.08"
"09/01/2026 14:00:00 - 09/01/2026 15:00:00","CTA|IE","2509.58","n/e"," ","832.07"
"09/01/2026 15:00:00 - 09/01/2026 16:00:00","CTA|IE","2424.16","n/e"," ","931.45"
"09/01/2026 16:00:00 - 09/01/2026 17:00:00","CTA|IE","2306.87","n/e"," ","1171.06"
"09/01/2026 17:00:00 - 09/01/2026 18:00:00","CTA|IE","2131.99","n/e"," ","1391.59"
"09/01/2026 18:00:00 - 09/01/2026 19:00:00","CTA|IE","1984.55","n/e"," ","1133.77"
"09/01/2026 19:00:00 - 09/01/2026 20:00:00","CTA|IE","1948.69","n/e"," ","1449.91"
"09/01/2026 20:00:00 - 09/01/2026 21:00:00","CTA|IE","1957.49","n/e"," ","1845.77"
"09/01/2026 21:00:00 - 09/01/2026 22:00:00","CTA|IE","2013.04","n/e"," ","1805.42"
"09/01/2026 22:00:00 - 09/01/2026 23:00:00","CTA|IE","2085.27","n/e"," ","1696.15"
"09/01/2026 23:00:00 - 10/01/2026 00:00:00","CTA|IE","2124.85","n/e"," ","1616.05"
"10/01/2026 00:00:00 - 10/01/2026 01:00:00","CTA|IE","2109.25","n/e"," ","1529.47"
"10/01/2026 01:00:00 - 10/01/2026 02:00:00","CTA|IE","1183.40","n/e"," ","1404.72"
"10/01/2026 02:00:00 - 10/01/2026 03:00:00","CTA|IE","1140.04","n/e"," ","1163.10"
"10/01/2026 03:00:00 - 10/01/2026 04:00:00","CTA|IE","1082.45","n/e"," ","1071.07"
"10/01/2026 04:00:00 - 10/01/2026 05:00:00","CTA|IE","985.75","n/e"," ","998.28"
"10/01/2026 05:00:00 - 10/01/2026 06:00:00","CTA|IE","924.38","n/e"," ","933.61"
"10/01/2026 06:00:00 - 10/01/2026 07:00:00","CTA|IE","721.38","n/e"," ","854.55"
"10/01/2026 07:00:00 - 10/01/2026 08:00:00","CTA|IE","537.96","n/e"," ","811.74"
"10/01/2026 08:00:00 - 10/01/2026 09:00:00","CTA|IE","405.23","n/e"," ","655.11"
"10/01/2026 09:00:00 - 10/01/2026 10:00:00","CTA|IE","296.54","n/e"," ","541.54"
"10/01/2026 10:00:00 - 10/01/2026 11:00:00","CTA|IE","230.60","n/e"," ","507.96"
"10/01/2026 11:00:00 - 10/01/2026 12:00:00","CTA|IE","212.18","n/e"," ","516.91"
"10/01/2026 12:00:00 - 10/01/2026 13:00:00","CTA|IE","226.77","n/e"," ","479.98"
"10/01/2026 13:00:00 - 10/01/2026 14:00:00","CTA|IE","261.08","n/e"," ","588.08"
"10/01/2026 14:00:00 - 10/01/2026 15:00:00","CTA|IE","287.77","n/e"," ","731.02"
"10/01/2026 15:00:00 - 10/01/2026 16:00:00","CTA|IE","307.63","n/e"," ","931.83"
"10/01/2026 16:00:00 - 10/01/2026 17:00:00","CTA|IE","332.83","n/e"," ","1203.89"
"10/01/2026 17:00:00 - 10/01/2026 18:00:00","CTA|IE","417.34","n/e"," ","1413.01"
"10/01/2026 18:00:00 - 10/01/2026 19:00:00","CTA|IE","583.21","n/e"," ","1940.06"
"10/01/2026 19:00:00 - 10/01/2026 20:00:00","CTA|IE","797.58","n/e"," ","2410.82"
"10/01/2026 20:00:00 - 10/01/2026 21:00:00","CTA|IE","1076.67","n/e"," ","2923.87"
"10/01/2026 21:00:00 - 10/01/2026 22:00:00","CTA|IE","1484.35","n/e"," ","3392.76"
"10/01/2026 22:00:00 - 10/01/2026 23:00:00","CTA|IE","1944.77","n/e"," ","3604.52"
"10/01/2026 23:00:00 - 11/01/2026 00:00:00","CTA|IE","2354.53","n/e"," ","3499.58"
"11/01/2026 00:00:00 - 11/01/2026 01:00:00","CTA|IE","2757.81","n/e"," ","3343.75"
"11/01/2026 01:00:00 - 11/01/2026 02:00:00","CTA|IE","4036.65","n/e"," ","3374.15"
"11/01/2026 02:00:00 - 11/01/2026 03:00:00","CTA|IE","3770.42","n/e"," ","3329.68"
"11/01/2026 03:00:00 - 11/01/2026 04:00:00","CTA|IE","3539.67","n/e"," ","3241.20"
"11/01/2026 04:00:00 - 11/01/2026 05:00:00","CTA|IE","3566.83","n/e"," ","3125.35"
"11/01/2026 05:00:00 - 11/01/2026 06:00:00","CTA|IE","3458.84","n/e"," ","3053.27"
"11/01/2026 06:00:00 - 11/01/2026 07:00:00","CTA|IE","3348.20","n/e"," ","2942.05"
"11/01/2026 07:00:00 - 11/01/2026 08:00:00","CTA|IE","3336.96","n/e"," ","2891.13"
"11/01/2026 08:00:00 - 11/01/2026 09:00:00","CTA|IE","3256.10","n/e"," ","2855.86"
"11/01/2026 09:00:00 - 11/01/2026 10:00:00","CTA|IE","3221.55","n/e"," ","2806.54"
"11/01/2026 10:00:00 - 11/01/2026 11:00:00","CTA|IE","3283.02","n/e"," ","2993.39"
"11/01/2026 11:00:00 - 11/01/2026 12:00:00","CTA|IE","3468.56","n/e"," ","3249.66"
"11/01/2026 12:00:00 - 11/01/2026 13:00:00","CTA|IE","3733.03","n/e"," ","3252.68"
"11/01/2026 13:00:00 - 11/01/2026 14:00:00","CTA|IE","3992.32","n/e"," ","3434.11"
"11/01/2026 14:00:00 - 11/01/2026 15:00:00","CTA|IE","4187.07","n/e"," ","3569.12"
"11/01/2026 15:00:00 - 11/01/2026 16:00:00","CTA|IE","4330.43","n/e"," ","3445.90"
"11/01/2026 16:00:00 - 11/01/2026 17:00:00","CTA|IE","4428.38","n/e"," ","3540.76"
"11/01/2026 17:00:00 - 11/01/2026 18:00:00","CTA|IE","4459.59","n/e"," ","3638.60"
"11/01/2026 18:00:00 - 11/01/2026 19:00:00","CTA|IE","4429.80","n/e"," ","3665.85"
"11/01/2026 19:00:00 - 11/01/2026 20:00:00","CTA|IE","4345.89","n/e"," ","3635.92"
"11/01/2026 20:00:00 - 11/01/2026 21:00:00","CTA|IE","4240.58","n/e"," ","3550.56"
"11/01/2026 21:00:00 - 11/01/2026 22:00:00","CTA|IE","4171.88","n/e"," ","3492.74"
"11/01/2026 22:00:00 - 11/01/2026 23:00:00","CTA|IE","4184.68","n/e"," ","3350.09"
"11/01/2026 23:00:00 - 12/01/2026 00:00:00","CTA|IE","4227.48","n/e"," ","3160.66"
"12/01/2026 00:00:00 - 12/01/2026 01:00:00","CTA|IE","4220.07","n/e"," ","3106.98"
"12/01/2026 01:00:00 - 12/01/2026 02:00:00","CTA|IE","3761.66","n/e"," ","3243.08"
"12/01/2026 02:00:00 - 12/01/2026 03:00:00","CTA|IE","3627.97","n/e"," ","3127.51"
"12/01/2026 03:00:00 - 12/01/2026 04:00:00","CTA|IE","3497.57","n/e"," ","3021.44"
"12/01/2026 04:00:00 - 12/01/2026 05:00:00","CTA|IE","3393.95","n/e"," ","2909.25"
"12/01/2026 05:00:00 - 12/01/2026 06:00:00","CTA|IE","3302.47","n/e"," ","2623.45"
"12/01/2026 06:00:00 - 12/01/2026 07:00:00","CTA|IE","3197.18","n/e"," ","2615.87"
"12/01/2026 07:00:00 - 12/01/2026 08:00:00","CTA|IE","3070.42","n/e"," ","2511.60"
"12/01/2026 08:00:00 - 12/01/2026 09:00:00","CTA|IE","2864.00","n/e"," ","2405.71"
"12/01/2026 09:00:00 - 12/01/2026 10:00:00","CTA|IE","2658.02","n/e"," ","2335.59"
"12/01/2026 10:00:00 - 12/01/2026 11:00:00","CTA|IE","2533.77","n/e"," ","2276.31"
"12/01/2026 11:00:00 - 12/01/2026 12:00:00","CTA|IE","2409.80","n/e"," ","2232.81"
"12/01/2026 12:00:00 - 12/01/2026 13:00:00","CTA|IE","2260.84","n/e"," ","2239.86"
"12/01/2026 13:00:00 - 12/01/2026 14:00:00","CTA|IE","2104.16","n/e"," ","2398.12"
"12/01/2026 14:00:00 - 12/01/2026 15:00:00","CTA|IE","1993.95","n/e"," ","2510.12"
"12/01/2026 15:00:00 - 12/01/2026 16:00:00","CTA|IE","1865.48","n/e"," ","2594.73"
"12/01/2026 16:00:00 - 12/01/2026 17:00:00","CTA|IE","1668.41","n/e"," ","2646.28"
"12/01/2026 17:00:00 - 12/01/2026 18:00:00","CTA|IE","1433.69","n/e"," ","2363.61"
"12/01/2026 18:00:00 - 12/01/2026 19:00:00","CTA|IE","1215.93","n/e"," ","2253.58"
"12/01/2026 19:00:00 - 12/01/2026 20:00:00","CTA|IE","1036.54","n/e"," ","1993.13"
"12/01/2026 20:00:00 - 12/01/2026 21:00:00","CTA|IE","911.85","n/e"," ","1878.25"
"12/01/2026 21:00:00 - 12/01/2026 22:00:00","CTA|IE","828.21","n/e"," ","1690.02"
"12/01/2026 22:00:00 - 12/01/2026 23:00:00","CTA|IE","789.95","n/e"," ","1548.34"
"12/01/2026 23:00:00 - 13/01/2026 00:00:00","CTA|IE","763.04","n/e"," ","1249.08"
"13/01/2026 00:00:00 - 13/01/2026 01:00:00","CTA|IE","730.77","n/e"," ","1069.68"
"13/01/2026 01:00:00 - 13/01/2026 02:00:00","CTA|IE","765.16","n/e"," ","1051.97"
"13/01/2026 02:00:00 - 13/01/2026 03:00:00","CTA|IE","583.06","n/e"," ","867.66"
"13/01/2026 03:00:00 - 13/01/2026 04:00:00","CTA|IE","440.66","n/e"," ","796.38"
"13/01/2026 04:00:00 - 13/01/2026 05:00:00","CTA|IE","385.76","n/e"," ","913.47"
"13/01/2026 05:00:00 - 13/01/2026 06:00:00","CTA|IE","400.99","n/e"," ","1028.62"
"13/01/2026 06:00:00 - 13/01/2026 07:00:00","CTA|IE","507.83","n/e"," ","1111.26"
"13/01/2026 07:00:00 - 13/01/2026 08:00:00","CTA|IE","690.08","n/e"," ","1017.11"
"13/01/2026 08:00:00 - 13/01/2026 09:00:00","CTA|IE","917.84","n/e"," ","943.12"
"13/01/2026 09:00:00 - 13/01/2026 10:00:00","CTA|IE","1200.59","n/e"," ","1195.55"
"13/01/2026 10:00:00 - 13/01/2026 11:00:00","CTA|IE","1492.85","n/e"," ","1253.92"
"13/01/2026 11:00:00 - 13/01/2026 12:00:00","CTA|IE","1737.28","n/e"," ","1073.72"
"13/01/2026 12:00:00 - 13/01/2026 13:00:00","CTA|IE","1930.98","n/e"," ","873.17"
"13/01/2026 13:00:00 - 13/01/2026 14:00:00","CTA|IE","2065.18","n/e"," ","786.36"
"13/01/2026 14:00:00 - 13/01/2026 15:00:00","CTA|IE","2145.05","n/e"," ","827.59"
"13/01/2026 15:00:00 - 13/01/2026 16:00:00","CTA|IE","2143.59","n/e"," ","935.04"
"13/01/2026 16:00:00 - 13/01/2026 17:00:00","CTA|IE","2036.04","n/e"," ","987.28"
"13/01/2026 17:00:00 - 13/01/2026 18:00:00","CTA|IE","1847.72","n/e"," ","800.66"
"13/01/2026 18:00:00 - 13/01/2026 19:00:00","CTA|IE","1661.95","n/e"," ","906.63"
"13/01/2026 19:00:00 - 13/01/2026 20:00:00","CTA|IE","1478.58","n/e"," ","809.34"
"13/01/2026 20:00:00 - 13/01/2026 21:00:00","CTA|IE","1289.03","n/e"," ","628.44"
"13/01/2026 21:00:00 - 13/01/2026 22:00:00","CTA|IE","1089.13","n/e"," ","511.97"
"13/01/2026 22:00:00 - 13/01/2026 23:00:00","CTA|IE","912.80","n/e"," ","575.40"
"13/01/2026 23:00:00 - 14/01/2026 00:00:00","CTA|IE","766.46","n/e"," ","636.65"
"14/01/2026 00:00:00 - 14/01/2026 01:00:00","CTA|IE","649.90","n/e"," ","647.48"
"14/01/2026 01:00:00 - 14/01/2026 02:00:00","CTA|IE","816.39","n/e"," ","750.21"
"14/01/2026 02:00:00 - 14/01/2026 03:00:00","CTA|IE","915.19","n/e"," ","1013.67"
"14/01/2026 03:00:00 - 14/01/2026 04:00:00","CTA|IE","1075.22","n/e"," ","1127.64"
"14/01/2026 04:00:00 - 14/01/2026 05:00:00","CTA|IE","1321.38","n/e"," ","1398.88"
"14/01/2026 05:00:00 - 14/01/2026 06:00:00","CTA|IE","1607.33","n/e"," ","1742.39"
"14/01/2026 06:00:00 - 14/01/2026 07:00:00","CTA|IE","1943.48","n/e"," ","2064.36"
"14/01/2026 07:00:00 - 14/01/2026 08:00:00","CTA|IE","2297.81","n/e"," ","2307.04"
"14/01/2026 08:00:00 - 14/01/2026 09:00:00","CTA|IE","2633.37","n/e"," ","2547.01"
"14/01/2026 09:00:00 - 14/01/2026 10:00:00","CTA|IE","2974.12","n/e"," ","2742.18"
"14/01/2026 10:00:00 - 14/01/2026 11:00:00","CTA|IE","3339.74","n/e"," ","2940.41"
"14/01/2026 11:00:00 - 14/01/2026 12:00:00","CTA|IE","3652.00","n/e"," ","3014.80"
"14/01/2026 12:00:00 - 14/01/2026 13:00:00","CTA|IE","3913.90","n/e"," ","3293.02"
"14/01/2026 13:00:00 - 14/01/2026 14:00:00","CTA|IE","4103.30","n/e"," ","3336.47"
"14/01/2026 14:00:00 - 14/01/2026 15:00:00","CTA|IE","4200.27","n/e"," ","3234.66"
"14/01/2026 15:00:00 - 14/01/2026 16:00:00","CTA|IE","4181.44","n/e"," ","3091.27"
"14/01/2026 16:00:00 - 14/01/2026 17:00:00","CTA|IE","4028.80","n/e"," ","2587.20"
"14/01/2026 17:00:00 - 14/01/2026 18:00:00","CTA|IE","3731.40","n/e"," ","2153.67"
"14/01/2026 18:00:00 - 14/01/2026 19:00:00","CTA|IE","3314.21","n/e"," ","1913.97"
"14/01/2026 19:00:00 - 14/01/2026 20:00:00","CTA|IE","2869.22","n/e"," ","1971.26"
"14/01/2026 20:00:00 - 14/01/2026 21:00:00","CTA|IE","2495.53","n/e"," ","1857.77"
"14/01/2026 21:00:00 - 14/01/2026 22:00:00","CTA|IE","2193.05","n/e"," ","1784.79"
"14/01/2026 22:00:00 - 14/01/2026 23:00:00","CTA|IE","2005.85","n/e"," ","1655.98"
"14/01/2026 23:00:00 - 15/01/2026 00:00:00","CTA|IE","1936.76","n/e"," ","1885.15"
"15/01/2026 00:00:00 - 15/01/2026 01:00:00","CTA|IE","1915.09","n/e"," ","1892.52"
"15/01/2026 01:00:00 - 15/01/2026 02:00:00","CTA|IE","1393.90","n/e"," ","2007.89"
"15/01/2026 02:00:00 - 15/01/2026 03:00:00","CTA|IE","1424.41","n/e"," ","1885.28"
"15/01/2026 03:00:00 - 15/01/2026 04:00:00","CTA|IE","1425.21","n/e"," ","1701.01"
"15/01/2026 04:00:00 - 15/01/2026 05:00:00","CTA|IE","1416.19","n/e"," ","1724.79"
"15/01/2026 05:00:00 - 15/01/2026 06:00:00","CTA|IE","1349.17","n/e"," ","1715.60"
"15/01/2026 06:00:00 - 15/01/2026 07:00:00","CTA|IE","1268.51","n/e"," ","1578.21"
"15/01/2026 07:00:00 - 15/01/2026 08:00:00","CTA|IE","1160.50","n/e"," ","1408.70"
"15/01/2026 08:00:00 - 15/01/2026 09:00:00","CTA|IE","1050.47","n/e"," ","1182.32"
"15/01/2026 09:00:00 - 15/01/2026 10:00:00","CTA|IE","982.60","n/e"," ","982.26"
"15/01/2026 10:00:00 - 15/01/2026 11:00:00","CTA|IE","1001.32","n/e"," ","866.95"
"15/01/2026 11:00:00 - 15/01/2026 12:00:00","CTA|IE","1074.69","n/e"," ","769.77"
"15/01/2026 12:00:00 - 15/01/2026 13:00:00","CTA|IE","1170.86","n/e"," ","675.12"
"15/01/2026 13:00:00 - 15/01/2026 14:00:00","CTA|IE","1274.67","n/e"," ","586.00"
"15/01/2026 14:00:00 - 15/01/2026 15:00:00","CTA|IE","1393.03","n/e"," ","573.81"
"15/01/2026 15:00:00 - 15/01/2026 16:00:00","CTA|IE","1475.45","n/e"," ","551.79"
"15/01/2026 16:00:00 - 15/01/2026 17:00:00","CTA|IE","1504.49","n/e"," ","537.83"
"15/01/2026 17:00:00 - 15/01/2026 18:00:00","CTA|IE","1534.73","n/e"," ","545.86"
"15/01/2026 18:00:00 - 15/01/2026 19:00:00","CTA|IE","1570.90","n/e"," ","800.28"
"15/01/2026 19:00:00 - 15/01/2026 20:00:00","CTA|IE","1569.69","n/e"," ","912.27"
"15/01/2026 20:00:00 - 15/01/2026 21:00:00","CTA|IE","1513.40","n/e"," ","1056.64"
"15/01/2026 21:00:00 - 15/01/2026 22:00:00","CTA|IE","1415.79","n/e"," ","1154.49"
"15/01/2026 22:00:00 - 15/01/2026 23:00:00","CTA|IE","1333.82","n/e"," ","1111.55"
"15/01/2026 23:00:00 - 16/01/2026 00:00:00","CTA|IE","1290.86","n/e"," ","1087.33"
"16/01/2026 00:00:00 - 16/01/2026 01:00:00","CTA|IE","1284.59","n/e"," ","1163.97"
"16/01/2026 01:00:00 - 16/01/2026 02:00:00","CTA|IE","820.66","n/e"," ","1184.49"
"16/01/2026 02:00:00 - 16/01/2026 03:00:00","CTA|IE","897.19","n/e"," ","1322.25"
"16/01/2026 03:00:00 - 16/01/2026 04:00:00","CTA|IE","995.26","n/e"," ","1314.43"
"16/01/2026 04:00:00 - 16/01/2026 05:00:00","CTA|IE","1083.02","n/e"," ","1268.20"
"16/01/2026 05:00:00 - 16/01/2026 06:00:00","CTA|IE","1095.63","n/e"," ","1213.88"
"16/01/2026 06:00:00 - 16/01/2026 07:00:00","CTA|IE","1106.95","n/e"," ","1249.81"
"16/01/2026 07:00:00 - 16/01/2026 08:00:00","CTA|IE","1077.72","n/e"," ","1314.72"
"16/01/2026 08:00:00 - 16/01/2026 09:00:00","CTA|IE","1035.83","n/e"," ","1475.05"
"16/01/2026 09:00:00 - 16/01/2026 10:00:00","CTA|IE","998.31","n/e"," ","1375.94"
"16/01/2026 10:00:00 - 16/01/2026 11:00:00","CTA|IE","954.49","n/e"," ","1172.86"
"16/01/2026 11:00:00 - 16/01/2026 12:00:00","CTA|IE","872.83","n/e"," ","1099.82"
"16/01/2026 12:00:00 - 16/01/2026 13:00:00","CTA|IE","760.04","n/e"," ","980.25"
"16/01/2026 13:00:00 - 16/01/2026 14:00:00","CTA|IE","638.72","n/e"," ","953.19"
"16/01/2026 14:00:00 - 16/01/2026 15:00:00","CTA|IE","539.70","n/e"," ","736.57"
"16/01/2026 15:00:00 - 16/01/2026 16:00:00","CTA|IE","472.70","n/e"," ","608.40"
"16/01/2026 16:00:00 - 16/01/2026 17:00:00","CTA|IE","439.17","n/e"," ","534.06"
"16/01/2026 17:00:00 - 16/01/2026 18:00:00","CTA|IE","412.70","n/e"," ","558.28"
"16/01/2026 18:00:00 - 16/01/2026 19:00:00","CTA|IE","387.65","n/e"," ","544.82"
"16/01/2026 19:00:00 - 16/01/2026 20:00:00","CTA|IE","364.95","n/e"," ","519.47"
"16/01/2026 20:00:00 - 16/01/2026 21:00:00","CTA|IE","343.91","n/e"," ","461.42"
"16/01/2026 21:00:00 - 16/01/2026 22:00:00","CTA|IE","333.81","n/e"," ","416.77"
"16/01/2026 22:00:00 - 16/01/2026 23:00:00","CTA|IE","336.36","n/e"," ","399.77"
"16/01/2026 23:00:00 - 17/01/2026 00:00:00","CTA|IE","346.76","n/e"," ","342.20"
"17/01/2026 00:00:00 - 17/01/2026 01:00:00","CTA|IE","368.59","n/e"," ","316.77"
"17/01/2026 01:00:00 - 17/01/2026 02:00:00","CTA|IE","244.37","n/e"," ","289.97"
"17/01/2026 02:00:00 - 17/01/2026 03:00:00","CTA|IE","280.33","n/e"," ","276.78"
"17/01/2026 03:00:00 - 17/01/2026 04:00:00","CTA|IE","262.45","n/e"," ","230.87"
"17/01/2026 04:00:00 - 17/01/2026 05:00:00","CTA|IE","317.45","n/e"," ","173.39"
"17/01/2026 05:00:00 - 17/01/2026 06:00:00","CTA|IE","338.28","n/e"," ","150.59"
"17/01/2026 06:00:00 - 17/01/2026 07:00:00","CTA|IE","345.61","n/e"," ","155.65"
"17/01/2026 07:00:00 - 17/01/2026 08:00:00","CTA|IE","350.93","n/e"," ","157.38"
"17/01/2026 08:00:00 - 17/01/2026 09:00:00","CTA|IE","379.00","n/e"," ","177.77"
"17/01/2026 09:00:00 - 17/01/2026 10:00:00","CTA|IE","405.07","n/e"," ","206.97"
"17/01/2026 10:00:00 - 17/01/2026 11:00:00","CTA|IE","413.42","n/e"," ","185.16"
"17/01/2026 11:00:00 - 17/01/2026 12:00:00","CTA|IE","403.49","n/e"," ","155.98"
"17/01/2026 12:00:00 - 17/01/2026 13:00:00","CTA|IE","382.52","n/e"," ","143.58"
"17/01/2026 13:00:00 - 17/01/2026 14:00:00","CTA|IE","361.58","n/e"," ","110.22"
"17/01/2026 14:00:00 - 17/01/2026 15:00:00","CTA|IE","342.89","n/e"," ","127.43"
"17/01/2026 15:00:00 - 17/01/2026 16:00:00","CTA|IE","333.05","n/e"," ","115.89"
"17/01/2026 16:00:00 - 17/01/2026 17:00:00","CTA|IE","346.06","n/e"," ","111.60"
"17/01/2026 17:00:00 - 17/01/2026 18:00:00","CTA|IE","382.37","n/e"," ","124.78"
"17/01/2026 18:00:00 - 17/01/2026 19:00:00","CTA|IE","430.56","n/e"," ","108.93"
"17/01/2026 19:00:00 - 17/01/2026 20:00:00","CTA|IE","484.05","n/e"," ","143.00"
"17/01/2026 20:00:00 - 17/01/2026 21:00:00","CTA|IE","522.35","n/e"," ","138.80"
"17/01/2026 21:00:00 - 17/01/2026 22:00:00","CTA|IE","527.72","n/e"," ","162.72"
"17/01/2026 22:00:00 - 17/01/2026 23:00:00","CTA|IE","511.65","n/e"," ","141.90"
"17/01/2026 23:00:00 - 18/01/2026 00:00:00","CTA|IE","489.44","n/e"," ","117.20"
"18/01/2026 00:00:00 - 18/01/2026 01:00:00","CTA|IE","478.15","n/e"," ","136.12"
"18/01/2026 01:00:00 - 18/01/2026 02:00:00","CTA|IE","411.02","n/e"," ","154.21"
"18/01/2026 02:00:00 - 18/01/2026 03:00:00","CTA|IE","431.47","n/e"," ","155.54"
"18/01/2026 03:00:00 - 18/01/2026 04:00:00","CTA|IE","433.23","n/e"," ","194.28"
"18/01/2026 04:00:00 - 18/01/2026 05:00:00","CTA|IE","445.78","n/e"," ","245.10"
"18/01/2026 05:00:00 - 18/01/2026 06:00:00","CTA|IE","488.29","n/e"," ","312.69"
"18/01/2026 06:00:00 - 18/01/2026 07:00:00","CTA|IE","534.14","n/e"," ","442.44"
"18/01/2026 07:00:00 - 18/01/2026 08:00:00","CTA|IE","590.64","n/e"," ","506.99"
"18/01/2026 08:00:00 - 18/01/2026 09:00:00","CTA|IE","658.85","n/e"," ","612.29"
"18/01/2026 09:00:00 - 18/01/2026 10:00:00","CTA|IE","726.45","n/e"," ","731.20"
"18/01/2026 10:00:00 - 18/01/2026 11:00:00","CTA|IE","802.96","n/e"," ","853.90"
"18/01/2026 11:00:00 - 18/01/2026 12:00:00","CTA|IE","868.85","n/e"," ","961.71"
"18/01/2026 12:00:00 - 18/01/2026 13:00:00","CTA|IE","937.22","n/e"," ","939.17"
"18/01/2026 13:00:00 - 18/01/2026 14:00:00","CTA|IE","1007.08","n/e"," ","968.41"
"18/01/2026 14:00:00 - 18/01/2026 15:00:00","CTA|IE","1092.48","n/e"," ","1021.75"
"18/01/2026 15:00:00 - 18/01/2026 16:00:00","CTA|IE","1184.02","n/e"," ","1019.16"
"18/01/2026 16:00:00 - 18/01/2026 17:00:00","CTA|IE","1283.48","n/e"," ","1078.36"
"18/01/2026 17:00:00 - 18/01/2026 18:00:00","CTA|IE","1407.87","n/e"," ","1221.79"
"18/01/2026 18:00:00 - 18/01/2026 19:00:00","CTA|IE","1574.77","n/e"," ","1422.47"
"18/01/2026 19:00:00 - 18/01/2026 20:00:00","CTA|IE","1754.89","n/e"," ","1823.11"
"18/01/2026 20:00:00 - 18/01/2026 21:00:00","CTA|IE","1933.57","n/e"," ","2148.21"
"18/01/2026 21:00:00 - 18/01/2026 22:00:00","CTA|IE","2088.17","n/e"," ","2431.19"
"18/01/2026 22:00:00 - 18/01/2026 23:00:00","CTA|IE","2214.18","n/e"," ","2555.86"
"18/01/2026 23:00:00 - 19/01/2026 00:00:00","CTA|IE","2306.25","n/e"," ","2562.10"
"19/01/2026 00:00:00 - 19/01/2026 01:00:00","CTA|IE","2344.07","n/e"," ","2243.54"
"19/01/2026 01:00:00 - 19/01/2026 02:00:00","CTA|IE","2061.72","n/e"," ","1815.84"
"19/01/2026 02:00:00 - 19/01/2026 03:00:00","CTA|IE","1784.08","n/e"," ","1402.89"
"19/01/2026 03:00:00 - 19/01/2026 04:00:00","CTA|IE","1637.38","n/e"," ","1131.99"
"19/01/2026 04:00:00 - 19/01/2026 05:00:00","CTA|IE","1504.63","n/e"," ","1139.36"
"19/01/2026 05:00:00 - 19/01/2026 06:00:00","CTA|IE","1399.18","n/e"," ","1309.54"
"19/01/2026 06:00:00 - 19/01/2026 07:00:00","CTA|IE","1288.16","n/e"," ","1246.26"
"19/01/2026 07:00:00 - 19/01/2026 08:00:00","CTA|IE","1177.08","n/e"," ","1073.37"
"19/01/2026 08:00:00 - 19/01/2026 09:00:00","CTA|IE","1025.35","n/e"," ","835.46"
"19/01/2026 09:00:00 - 19/01/2026 10:00:00","CTA|IE","866.67","n/e"," ","781.48"
"19/01/2026 10:00:00 - 19/01/2026 11:00:00","CTA|IE","731.91","n/e"," ","739.38"
"19/01/2026 11:00:00 - 19/01/2026 12:00:00","CTA|IE","612.26","n/e"," ","621.66"
"19/01/2026 12:00:00 - 19/01/2026 13:00:00","CTA|IE","503.18","n/e"," ","535.66"
"19/01/2026 13:00:00 - 19/01/2026 14:00:00","CTA|IE","430.49","n/e"," ","382.22"
"19/01/2026 14:00:00 - 19/01/2026 15:00:00","CTA|IE","388.30","n/e"," ","301.86"
"19/01/2026 15:00:00 - 19/01/2026 16:00:00","CTA|IE","343.86","n/e"," ","258.32"
"19/01/2026 16:00:00 - 19/01/2026 17:00:00","CTA|IE","307.08","n/e"," ","225.65"
"19/01/2026 17:00:00 - 19/01/2026 18:00:00","CTA|IE","287.94","n/e"," ","156.51"
"19/01/2026 18:00:00 - 19/01/2026 19:00:00","CTA|IE","296.62","n/e"," ","131.34"
"19/01/2026 19:00:00 - 19/01/2026 20:00:00","CTA|IE","345.23","n/e"," ","152.55"
"19/01/2026 20:00:00 - 19/01/2026 21:00:00","CTA|IE","421.64","n/e"," ","279.68"
"19/01/2026 21:00:00 - 19/01/2026 22:00:00","CTA|IE","525.09","n/e"," ","578.37"
"19/01/2026 22:00:00 - 19/01/2026 23:00:00","CTA|IE","648.34","n/e"," ","974.42"
"19/01/2026 23:00:00 - 20/01/2026 00:00:00","CTA|IE","777.10","n/e"," ","1499.24"
"20/01/2026 00:00:00 - 20/01/2026 01:00:00","CTA|IE","904.44","n/e"," ","1937.53"
"20/01/2026 01:00:00 - 20/01/2026 02:00:00","CTA|IE","2152.89","n/e"," ","2413.71"
"20/01/2026 02:00:00 - 20/01/2026 03:00:00","CTA|IE","2389.44","n/e"," ","2650.87"
"20/01/2026 03:00:00 - 20/01/2026 04:00:00","CTA|IE","2526.02","n/e"," ","2781.63"
"20/01/2026 04:00:00 - 20/01/2026 05:00:00","CTA|IE","2654.52","n/e"," ","2892.17"
"20/01/2026 05:00:00 - 20/01/2026 06:00:00","CTA|IE","2728.01","n/e"," ","2660.45"
"20/01/2026 06:00:00 - 20/01/2026 07:00:00","CTA|IE","2767.16","n/e"," ","2750.27"
"20/01/2026 07:00:00 - 20/01/2026 08:00:00","CTA|IE","2786.41","n/e"," ","2850.83"
"20/01/2026 08:00:00 - 20/01/2026 09:00:00","CTA|IE","2790.63","n/e"," ","2836.10"
"20/01/2026 09:00:00 - 20/01/2026 10:00:00","CTA|IE","2728.93","n/e"," ","2800.43"
"20/01/2026 10:00:00 - 20/01/2026 11:00:00","CTA|IE","2663.99","n/e"," ","2563.46"
"20/01/2026 11:00:00 - 20/01/2026 12:00:00","CTA|IE","2564.76","n/e"," ","2365.85"
"20/01/2026 12:00:00 - 20/01/2026 13:00:00","CTA|IE","2470.22","n/e"," ","2490.65"
"20/01/2026 13:00:00 - 20/01/2026 14:00:00","CTA|IE","2386.76","n/e"," ","2748.89"
"20/01/2026 14:00:00 - 20/01/2026 15:00:00","CTA|IE","2276.68","n/e"," ","2905.88"
"20/01/2026 15:00:00 - 20/01/2026 16:00:00","CTA|IE","2139.60","n/e"," ","3162.04"
"20/01/2026 16:00:00 - 20/01/2026 17:00:00","CTA|IE","2005.66","n/e"," ","3250.63"
"20/01/2026 17:00:00 - 20/01/2026 18:00:00","CTA|IE","1888.27","n/e"," ","3143.42"
"20/01/2026 18:00:00 - 20/01/2026 19:00:00","CTA|IE","1777.49","n/e"," ","3063.76"
"20/01/2026 19:00:00 - 20/01/2026 20:00:00","CTA|IE","1666.46","n/e"," ","3080.90"
"20/01/2026 20:00:00 - 20/01/2026 21:00:00","CTA|IE","1567.82","n/e"," ","3093.30"
"20/01/2026 21:00:00 - 20/01/2026 22:00:00","CTA|IE","1474.92","n/e"," ","2881.99"
"20/01/2026 22:00:00 - 20/01/2026 23:00:00","CTA|IE","1400.26","n/e"," ","2748.58"
"20/01/2026 23:00:00 - 21/01/2026 00:00:00","CTA|IE","1350.02","n/e"," ","2581.83"
"21/01/2026 00:00:00 - 21/01/2026 01:00:00","CTA|IE","1317.35","n/e"," ","2244.05"
"21/01/2026 01:00:00 - 21/01/2026 02:00:00","CTA|IE","2917.54","n/e"," ","2007.53"
"21/01/2026 02:00:00 - 21/01/2026 03:00:00","CTA|IE","2887.18","n/e"," ","1885.16"
"21/01/2026 03:00:00 - 21/01/2026 04:00:00","CTA|IE","2800.87","n/e"," ","1723.90"
"21/01/2026 04:00:00 - 21/01/2026 05:00:00","CTA|IE","2653.14","n/e"," ","1740.42"
"21/01/2026 05:00:00 - 21/01/2026 06:00:00","CTA|IE","2490.07","n/e"," ","2022.73"
"21/01/2026 06:00:00 - 21/01/2026 07:00:00","CTA|IE","2342.87","n/e"," ","2282.85"
"21/01/2026 07:00:00 - 21/01/2026 08:00:00","CTA|IE","2214.58","n/e"," ","2427.25"
"21/01/2026 08:00:00 - 21/01/2026 09:00:00","CTA|IE","2189.28","n/e"," ","2748.64"
"21/01/2026 09:00:00 - 21/01/2026 10:00:00","CTA|IE","2255.96","n/e"," ","2936.52"
"21/01/2026 10:00:00 - 21/01/2026 11:00:00","CTA|IE","2422.22","n/e"," ","3025.50"
"21/01/2026 11:00:00 - 21/01/2026 12:00:00","CTA|IE","2594.05","n/e"," ","2876.91"
"21/01/2026 12:00:00 - 21/01/2026 13:00:00","CTA|IE","2771.07","n/e"," ","2616.15"
"21/01/2026 13:00:00 - 21/01/2026 14:00:00","CTA|IE","2918.12","n/e"," ","2299.79"
"21/01/2026 14:00:00 - 21/01/2026 15:00:00","CTA|IE","2986.31","n/e"," ","2015.33"
"21/01/2026 15:00:00 - 21/01/2026 16:00:00","CTA|IE","2979.19","n/e"," ","1762.15"
"21/01/2026 16:00:00 - 21/01/2026 17:00:00","CTA|IE","2925.71","n/e"," ","1373.99"
"21/01/2026 17:00:00 - 21/01/2026 18:00:00","CTA|IE","2825.21","n/e"," ","1039.87"
"21/01/2026 18:00:00 - 21/01/2026 19:00:00","CTA|IE","2734.82","n/e"," ","827.65"
"21/01/2026 19:00:00 - 21/01/2026 20:00:00","CTA|IE","2605.83","n/e"," ","614.72"
"21/01/2026 20:00:00 - 21/01/2026 21:00:00","CTA|IE","2460.08","n/e"," ","475.89"
"21/01/2026 21:00:00 - 21/01/2026 22:00:00","CTA|IE","2282.53","n/e"," ","512.25"
"21/01/2026 22:00:00 - 21/01/2026 23:00:00","CTA|IE","2081.83","n/e"," ","604.04"
"21/01/2026 23:00:00 - 22/01/2026 00:00:00","CTA|IE","1849.32","n/e"," ","830.95"
"22/01/2026 00:00:00 - 22/01/2026 01:00:00","CTA|IE","1623.77","n/e"," ","839.63"
"22/01/2026 01:00:00 - 22/01/2026 02:00:00","CTA|IE","1041.41","n/e"," ","759.47"
"22/01/2026 02:00:00 - 22/01/2026 03:00:00","CTA|IE","971.51","n/e"," ","653.33"
"22/01/2026 03:00:00 - 22/01/2026 04:00:00","CTA|IE","941.58","n/e"," ","578.17"
"22/01/2026 04:00:00 - 22/01/2026 05:00:00","CTA|IE","942.10","n/e"," ","515.41"
"22/01/2026 05:00:00 - 22/01/2026 06:00:00","CTA|IE","983.89","n/e"," ","473.09"
"22/01/2026 06:00:00 - 22/01/2026 07:00:00","CTA|IE","1100.57","n/e"," ","460.60"
"22/01/2026 07:00:00 - 22/01/2026 08:00:00","CTA|IE","1246.47","n/e"," ","486.89"
"22/01/2026 08:00:00 - 22/01/2026 09:00:00","CTA|IE","1361.12","n/e"," ","505.22"
"22/01/2026 09:00:00 - 22/01/2026 10:00:00","CTA|IE","1386.20","n/e"," ","544.81"
"22/01/2026 10:00:00 - 22/01/2026 11:00:00","CTA|IE","1334.44","n/e"," ","562.11"
"22/01/2026 11:00:00 - 22/01/2026 12:00:00","CTA|IE","1196.91","n/e"," ","578.76"
"22/01/2026 12:00:00 - 22/01/2026 13:00:00","CTA|IE","1024.75","n/e"," ","564.82"
"22/01/2026 13:00:00 - 22/01/2026 14:00:00","CTA|IE","872.72","n/e"," ","486.10"
"22/01/2026 14:00:00 - 22/01/2026 15:00:00","CTA|IE","730.63","n/e"," ","409.44"
"22/01/2026 15:00:00 - 22/01/2026 16:00:00","CTA|IE","606.92","n/e"," ","386.98"
"22/01/2026 16:00:00 - 22/01/2026 17:00:00","CTA|IE","537.47","n/e"," ","308.62"
"22/01/2026 17:00:00 - 22/01/2026 18:00:00","CTA|IE","603.97","n/e"," ","213.77"
"22/01/2026 18:00:00 - 22/01/2026 19:00:00","CTA|IE","850.91","n/e"," ","135.79"
"22/01/2026 19:00:00 - 22/01/2026 20:00:00","CTA|IE","1221.95","n/e"," ","117.43"
"22/01/2026 20:00:00 - 22/01/2026 21:00:00","CTA|IE","1659.13","n/e"," ","117.04"
"22/01/2026 21:00:00 - 22/01/2026 22:00:00","CTA|IE","2102.25","n/e"," ","98.90"
"22/01/2026 22:00:00 - 22/01/2026 23:00:00","CTA|IE","2530.05","n/e"," ","142.14"
"22/01/2026 23:00:00 - 23/01/2026 00:00:00","CTA|IE","2893.99","n/e"," ","210.03"
"23/01/2026 00:00:00 - 23/01/2026 01:00:00","CTA|IE","3209.68","n/e"," ","377.32"
"23/01/2026 01:00:00 - 23/01/2026 02:00:00","CTA|IE","1325.36","n/e"," ","456.76"
"23/01/2026 02:00:00 - 23/01/2026 03:00:00","CTA|IE","1685.23","n/e"," ","575.90"
"23/01/2026 03:00:00 - 23/01/2026 04:00:00","CTA|IE","2003.45","n/e"," ","670.16"
"23/01/2026 04:00:00 - 23/01/2026 05:00:00","CTA|IE","2312.30","n/e"," ","776.81"
"23/01/2026 05:00:00 - 23/01/2026 06:00:00","CTA|IE","2586.35","n/e"," ","860.67"
"23/01/2026 06:00:00 - 23/01/2026 07:00:00","CTA|IE","2783.80","n/e"," ","1034.57"
"23/01/2026 07:00:00 - 23/01/2026 08:00:00","CTA|IE","2948.57","n/e"," ","1233.94"
"23/01/2026 08:00:00 - 23/01/2026 09:00:00","CTA|IE","3130.29","n/e"," ","1542.29"
"23/01/2026 09:00:00 - 23/01/2026 10:00:00","CTA|IE","3276.62","n/e"," ","1712.72"
"23/01/2026 10:00:00 - 23/01/2026 11:00:00","CTA|IE","3403.46","n/e"," ","1873.08"
"23/01/2026 11:00:00 - 23/01/2026 12:00:00","CTA|IE","3479.12","n/e"," ","2070.90"
"23/01/2026 12:00:00 - 23/01/2026 13:00:00","CTA|IE","3568.69","n/e"," ","2238.31"
"23/01/2026 13:00:00 - 23/01/2026 14:00:00","CTA|IE","3645.11","n/e"," ","2426.85"
"23/01/2026 14:00:00 - 23/01/2026 15:00:00","CTA|IE","3732.05","n/e"," ","2364.31"
"23/01/2026 15:00:00 - 23/01/2026 16:00:00","CTA|IE","3808.59","n/e"," ","2297.68"
"23/01/2026 16:00:00 - 23/01/2026 17:00:00","CTA|IE","3879.56","n/e"," ","2299.31"
"23/01/2026 17:00:00 - 23/01/2026 18:00:00","CTA|IE","3908.64","n/e"," ","2362.51"
"23/01/2026 18:00:00 - 23/01/2026 19:00:00","CTA|IE","3915.88","n/e"," ","2460.70"
"23/01/2026 19:00:00 - 23/01/2026 20:00:00","CTA|IE","3906.13","n/e"," ","2725.77"
"23/01/2026 20:00:00 - 23/01/2026 21:00:00","CTA|IE","3901.18","n/e"," ","2886.44"
"23/01/2026 21:00:00 - 23/01/2026 22:00:00","CTA|IE","3883.28","n/e"," ","2906.43"
"23/01/2026 22:00:00 - 23/01/2026 23:00:00","CTA|IE","3856.12","n/e"," ","2877.38"
"23/01/2026 23:00:00 - 24/01/2026 00:00:00","CTA|IE","3808.03","n/e"," ","2827.27"
"24/01/2026 00:00:00 - 24/01/2026 01:00:00","CTA|IE","3756.97","n/e"," ","2701.70"
"24/01/2026 01:00:00 - 24/01/2026 02:00:00","CTA|IE","2483.90","n/e"," ","2619.43"
"24/01/2026 02:00:00 - 24/01/2026 03:00:00","CTA|IE","2569.88","n/e"," ","2591.13"
"24/01/2026 03:00:00 - 24/01/2026 04:00:00","CTA|IE","2622.43","n/e"," ","2497.57"
"24/01/2026 04:00:00 - 24/01/2026 05:00:00","CTA|IE","2674.37","n/e"," ","2415.53"
"24/01/2026 05:00:00 - 24/01/2026 06:00:00","CTA|IE","2700.51","n/e"," ","2377.85"
"24/01/2026 06:00:00 - 24/01/2026 07:00:00","CTA|IE","2707.45","n/e"," ","2424.28"
"24/01/2026 07:00:00 - 24/01/2026 08:00:00","CTA|IE","2677.86","n/e"," ","2552.48"
"24/01/2026 08:00:00 - 24/01/2026 09:00:00","CTA|IE","2662.59","n/e"," ","2549.49"
"24/01/2026 09:00:00 - 24/01/2026 10:00:00","CTA|IE","2603.76","n/e"," ","2419.95"
"24/01/2026 10:00:00 - 24/01/2026 11:00:00","CTA|IE","2531.22","n/e"," ","2364.79"
"24/01/2026 11:00:00 - 24/01/2026 12:00:00","CTA|IE","2474.02","n/e"," ","2191.00"
"24/01/2026 12:00:00 - 24/01/2026 13:00:00","CTA|IE","2444.86","n/e"," ","1962.01"
"24/01/2026 13:00:00 - 24/01/2026 14:00:00","CTA|IE","2403.80","n/e"," ","1821.61"
"24/01/2026 14:00:00 - 24/01/2026 15:00:00","CTA|IE","2369.59","n/e"," ","1695.58"
"24/01/2026 15:00:00 - 24/01/2026 16:00:00","CTA|IE","2318.75","n/e"," ","1675.28"
"24/01/2026 16:00:00 - 24/01/2026 17:00:00","CTA|IE","2274.83","n/e"," ","1746.77"
"24/01/2026 17:00:00 - 24/01/2026 18:00:00","CTA|IE","2268.05","n/e"," ","1723.02"
"24/01/2026 18:00:00 - 24/01/2026 19:00:00","CTA|IE","2303.17","n/e"," ","1684.66"
"24/01/2026 19:00:00 - 24/01/2026 20:00:00","CTA|IE","2296.49","n/e"," ","1574.42"
"24/01/2026 20:00:00 - 24/01/2026 21:00:00","CTA|IE","2231.65","n/e"," ","1467.92"
"24/01/2026 21:00:00 - 24/01/2026 22:00:00","CTA|IE","2106.09","n/e"," ","1293.01"
"24/01/2026 22:00:00 - 24/01/2026 23:00:00","CTA|IE","1973.33","n/e"," ","1205.30"
"24/01/2026 23:00:00 - 25/01/2026 00:00:00","CTA|IE","1841.65","n/e"," ","1159.28"
"25/01/2026 00:00:00 - 25/01/2026 01:00:00","CTA|IE","1720.12","n/e"," ","1201.36"
"25/01/2026 01:00:00 - 25/01/2026 02:00:00","CTA|IE","1646.92","n/e"," ","1199.61"
"25/01/2026 02:00:00 - 25/01/2026 03:00:00","CTA|IE","1586.16","n/e"," ","1111.67"
"25/01/2026 03:00:00 - 25/01/2026 04:00:00","CTA|IE","1529.30","n/e"," ","1126.24"
"25/01/2026 04:00:00 - 25/01/2026 05:00:00","CTA|IE","1472.97","n/e"," ","1083.37"
"25/01/2026 05:00:00 - 25/01/2026 06:00:00","CTA|IE","1409.95","n/e"," ","1055.04"
"25/01/2026 06:00:00 - 25/01/2026 07:00:00","CTA|IE","1353.58","n/e"," ","898.72"
"25/01/2026 07:00:00 - 25/01/2026 08:00:00","CTA|IE","1304.62","n/e"," ","804.75"
"25/01/2026 08:00:00 - 25/01/2026 09:00:00","CTA|IE","1292.36","n/e"," ","774.95"
"25/01/2026 09:00:00 - 25/01/2026 10:00:00","CTA|IE","1269.91","n/e"," ","764.90"
"25/01/2026 10:00:00 - 25/01/2026 11:00:00","CTA|IE","1253.15","n/e"," ","725.02"
"25/01/2026 11:00:00 - 25/01/2026 12:00:00","CTA|IE","1223.83","n/e"," ","700.99"
"25/01/2026 12:00:00 - 25/01/2026 13:00:00","CTA|IE","1187.10","n/e"," ","692.26"
"25/01/2026 13:00:00 - 25/01/2026 14:00:00","CTA|IE","1152.08","n/e"," ","680.01"
"25/01/2026 14:00:00 - 25/01/2026 15:00:00","CTA|IE","1094.46","n/e"," ","668.37"
"25/01/2026 15:00:00 - 25/01/2026 16:00:00","CTA|IE","1014.42","n/e"," ","622.09"
"25/01/2026 16:00:00 - 25/01/2026 17:00:00","CTA|IE","947.32","n/e"," ","553.06"
"25/01/2026 17:00:00 - 25/01/2026 18:00:00","CTA|IE","885.37","n/e"," ","529.89"
"25/01/2026 18:00:00 - 25/01/2026 19:00:00","CTA|IE","835.93","n/e"," ","508.03"
"25/01/2026 19:00:00 - 25/01/2026 20:00:00","CTA|IE","804.52","n/e"," ","527.94"
"25/01/2026 20:00:00 - 25/01/2026 21:00:00","CTA|IE","794.52","n/e"," ","587.77"
"25/01/2026 21:00:00 - 25/01/2026 22:00:00","CTA|IE","786.05","n/e"," ","720.10"
"25/01/2026 22:00:00 - 25/01/2026 23:00:00","CTA|IE","788.76","n/e"," ","944.92"
"25/01/2026 23:00:00 - 26/01/2026 00:00:00","CTA|IE","829.54","n/e"," ","1132.28"
"26/01/2026 00:00:00 - 26/01/2026 01:00:00","CTA|IE","948.84","n/e"," ","1322.55"
"26/01/2026 01:00:00 - 26/01/2026 02:00:00","CTA|IE","1204.38","n/e"," ","1557.41"
"26/01/2026 02:00:00 - 26/01/2026 03:00:00","CTA|IE","1434.15","n/e"," ","1981.60"
"26/01/2026 03:00:00 - 26/01/2026 04:00:00","CTA|IE","1644.32","n/e"," ","2265.71"
"26/01/2026 04:00:00 - 26/01/2026 05:00:00","CTA|IE","1843.32","n/e"," ","2533.67"
"26/01/2026 05:00:00 - 26/01/2026 06:00:00","CTA|IE","2049.44","n/e"," ","2673.75"
"26/01/2026 06:00:00 - 26/01/2026 07:00:00","CTA|IE","2287.26","n/e"," ","2833.27"
"26/01/2026 07:00:00 - 26/01/2026 08:00:00","CTA|IE","2571.13","n/e"," ","3027.07"
"26/01/2026 08:00:00 - 26/01/2026 09:00:00","CTA|IE","2942.30","n/e"," ","3341.23"
"26/01/2026 09:00:00 - 26/01/2026 10:00:00","CTA|IE","3328.92","n/e"," ","3442.38"
"26/01/2026 10:00:00 - 26/01/2026 11:00:00","CTA|IE","3679.81","n/e"," ","3247.75"
"26/01/2026 11:00:00 - 26/01/2026 12:00:00","CTA|IE","3819.99","n/e"," ","2781.79"
"26/01/2026 12:00:00 - 26/01/2026 13:00:00","CTA|IE","3658.07","n/e"," ","2379.41"
"26/01/2026 13:00:00 - 26/01/2026 14:00:00","CTA|IE","3357.18","n/e"," ","2219.08"
"26/01/2026 14:00:00 - 26/01/2026 15:00:00","CTA|IE","3108.92","n/e"," ","1792.27"
"26/01/2026 15:00:00 - 26/01/2026 16:00:00","CTA|IE","2793.12","n/e"," ","1408.30"
"26/01/2026 16:00:00 - 26/01/2026 17:00:00","CTA|IE","2423.93","n/e"," ","1183.10"
"26/01/2026 17:00:00 - 26/01/2026 18:00:00","CTA|IE","2011.79","n/e"," ","1007.92"
"26/01/2026 18:00:00 - 26/01/2026 19:00:00","CTA|IE","1650.11","n/e"," ","924.48"
"26/01/2026 19:00:00 - 26/01/2026 20:00:00","CTA|IE","1334.00","n/e"," ","883.07"
"26/01/2026 20:00:00 - 26/01/2026 21:00:00","CTA|IE","1085.16","n/e"," ","987.74"
"26/01/2026 21:00:00 - 26/01/2026 22:00:00","CTA|IE","881.92","n/e"," ","1112.56"
"26/01/2026 22:00:00 - 26/01/2026 23:00:00","CTA|IE","732.82","n/e"," ","1395.10"
"26/01/2026 23:00:00 - 27/01/2026 00:00:00","CTA|IE","623.03","n/e"," ","1920.94"
"27/01/2026 00:00:00 - 27/01/2026 01:00:00","CTA|IE","566.42","n/e"," ","2486.20"
"27/01/2026 01:00:00 - 27/01/2026 02:00:00","CTA|IE","1749.28","n/e"," ","2678.68"
"27/01/2026 02:00:00 - 27/01/2026 03:00:00","CTA|IE","1978.94","n/e"," ","2851.37"
"27/01/2026 03:00:00 - 27/01/2026 04:00:00","CTA|IE","2154.85","n/e"," ","2938.62"
"27/01/2026 04:00:00 - 27/01/2026 05:00:00","CTA|IE","2283.35","n/e"," ","2938.33"
"27/01/2026 05:00:00 - 27/01/2026 06:00:00","CTA|IE","2376.29","n/e"," ","2695.14"
"27/01/2026 06:00:00 - 27/01/2026 07:00:00","CTA|IE","2483.71","n/e"," ","2541.86"
"27/01/2026 07:00:00 - 27/01/2026 08:00:00","CTA|IE","2620.39","n/e"," ","2757.10"
"27/01/2026 08:00:00 - 27/01/2026 09:00:00","CTA|IE","2775.82","n/e"," ","3013.42"
"27/01/2026 09:00:00 - 27/01/2026 10:00:00","CTA|IE","2909.52","n/e"," ","3264.31"
"27/01/2026 10:00:00 - 27/01/2026 11:00:00","CTA|IE","3015.16","n/e"," ","3121.52"
"27/01/2026 11:00:00 - 27/01/2026 12:00:00","CTA|IE","3107.00","n/e"," ","2764.42"
"27/01/2026 12:00:00 - 27/01/2026 13:00:00","CTA|IE","3199.26","n/e"," ","2303.72"
"27/01/2026 13:00:00 - 27/01/2026 14:00:00","CTA|IE","3237.16","n/e"," ","1966.76"
"27/01/2026 14:00:00 - 27/01/2026 15:00:00","CTA|IE","3273.77","n/e"," ","2086.96"
"27/01/2026 15:00:00 - 27/01/2026 16:00:00","CTA|IE","3250.90","n/e"," ","2823.54"
"27/01/2026 16:00:00 - 27/01/2026 17:00:00","CTA|IE","3188.15","n/e"," ","3072.34"
"27/01/2026 17:00:00 - 27/01/2026 18:00:00","CTA|IE","3091.74","n/e"," ","3332.95"
"27/01/2026 18:00:00 - 27/01/2026 19:00:00","CTA|IE","3002.48","n/e"," ","3328.71"
"27/01/2026 19:00:00 - 27/01/2026 20:00:00","CTA|IE","2900.90","n/e"," ","3422.18"
"27/01/2026 20:00:00 - 27/01/2026 21:00:00","CTA|IE","2779.77","n/e"," ","3500.98"
"27/01/2026 21:00:00 - 27/01/2026 22:00:00","CTA|IE","2666.48","n/e"," ","3288.96"
"27/01/2026 22:00:00 - 27/01/2026 23:00:00","CTA|IE","2613.78","n/e"," ","3306.51"
"27/01/2026 23:00:00 - 28/01/2026 00:00:00","CTA|IE","2600.37","n/e"," ","3079.05"
"28/01/2026 00:00:00 - 28/01/2026 01:00:00","CTA|IE","2647.22","n/e"," ","2676.34"
"28/01/2026 01:00:00 - 28/01/2026 02:00:00","CTA|IE","3739.24","n/e"," ","2687.95"
"28/01/2026 02:00:00 - 28/01/2026 03:00:00","CTA|IE","3684.86","n/e"," ","2494.95"
"28/01/2026 03:00:00 - 28/01/2026 04:00:00","CTA|IE","3600.51","n/e"," ","2475.75"
"28/01/2026 04:00:00 - 28/01/2026 05:00:00","CTA|IE","3501.31","n/e"," ","2458.72"
"28/01/2026 05:00:00 - 28/01/2026 06:00:00","CTA|IE","3407.75","n/e"," ","2417.42"
"28/01/2026 06:00:00 - 28/01/2026 07:00:00","CTA|IE","3321.96","n/e"," ","2454.93"
"28/01/2026 07:00:00 - 28/01/2026 08:00:00","CTA|IE","3219.48","n/e"," ","2453.11"
"28/01/2026 08:00:00 - 28/01/2026 09:00:00","CTA|IE","3122.64","n/e"," ","2628.50"
"28/01/2026 09:00:00 - 28/01/2026 10:00:00","CTA|IE","2992.74","n/e"," ","2616.00"
"28/01/2026 10:00:00 - 28/01/2026 11:00:00","CTA|IE","2891.19","n/e"," ","2275.22"
"28/01/2026 11:00:00 - 28/01/2026 12:00:00","CTA|IE","2781.81","n/e"," ","2096.28"
"28/01/2026 12:00:00 - 28/01/2026 13:00:00","CTA|IE","2675.87","n/e"," ","2262.25"
"28/01/2026 13:00:00 - 28/01/2026 14:00:00","CTA|IE","2541.62","n/e"," ","2504.06"
"28/01/2026 14:00:00 - 28/01/2026 15:00:00","CTA|IE","2367.86","n/e"," ","2452.62"
"28/01/2026 15:00:00 - 28/01/2026 16:00:00","CTA|IE","2157.78","n/e"," ","2643.14"
"28/01/2026 16:00:00 - 28/01/2026 17:00:00","CTA|IE","1952.77","n/e"," ","2713.67"
"28/01/2026 17:00:00 - 28/01/2026 18:00:00","CTA|IE","1765.76","n/e"," ","2732.48"
"28/01/2026 18:00:00 - 28/01/2026 19:00:00","CTA|IE","1629.02","n/e"," ","2700.07"
"28/01/2026 19:00:00 - 28/01/2026 20:00:00","CTA|IE","1533.54","n/e"," ","2898.50"
"28/01/2026 20:00:00 - 28/01/2026 21:00:00","CTA|IE","1485.37","n/e"," ","2970.29"
"28/01/2026 21:00:00 - 28/01/2026 22:00:00","CTA|IE","1471.57","n/e"," ","2710.03"
"28/01/2026 22:00:00 - 28/01/2026 23:00:00","CTA|IE","1468.70","n/e"," ","2416.30"
"28/01/2026 23:00:00 - 29/01/2026 00:00:00","CTA|IE","1452.49","n/e"," ","2392.56"
"29/01/2026 00:00:00 - 29/01/2026 01:00:00","CTA|IE","1424.60","n/e"," ","2546.88"
"29/01/2026 01:00:00 - 29/01/2026 02:00:00","CTA|IE","2196.10","n/e"," ","2542.97"
"29/01/2026 02:00:00 - 29/01/2026 03:00:00","CTA|IE","2139.72","n/e"," ","2663.32"
"29/01/2026 03:00:00 - 29/01/2026 04:00:00","CTA|IE","2041.17","n/e"," ","2790.46"
"29/01/2026 04:00:00 - 29/01/2026 05:00:00","CTA|IE","1929.92","n/e"," ","2661.43"
"29/01/2026 05:00:00 - 29/01/2026 06:00:00","CTA|IE","1825.63","n/e"," ","2397.16"
"29/01/2026 06:00:00 - 29/01/2026 07:00:00","CTA|IE","1784.36","n/e"," ","2198.47"
"29/01/2026 07:00:00 - 29/01/2026 08:00:00","CTA|IE","1830.84","n/e"," ","2268.96"
"29/01/2026 08:00:00 - 29/01/2026 09:00:00","CTA|IE","2003.91","n/e"," ","2458.74"
"29/01/2026 09:00:00 - 29/01/2026 10:00:00","CTA|IE","2238.37","n/e"," ","2754.73"
"29/01/2026 10:00:00 - 29/01/2026 11:00:00","CTA|IE","2506.37","n/e"," ","2958.64"
"29/01/2026 11:00:00 - 29/01/2026 12:00:00","CTA|IE","2760.21","n/e"," ","3173.18"
"29/01/2026 12:00:00 - 29/01/2026 13:00:00","CTA|IE","3017.28","n/e"," ","3221.85"
"29/01/2026 13:00:00 - 29/01/2026 14:00:00","CTA|IE","3245.87","n/e"," ","3336.05"
"29/01/2026 14:00:00 - 29/01/2026 15:00:00","CTA|IE","3381.24","n/e"," ","3312.82"
"29/01/2026 15:00:00 - 29/01/2026 16:00:00","CTA|IE","3373.21","n/e"," ","3035.18"
"29/01/2026 16:00:00 - 29/01/2026 17:00:00","CTA|IE","3231.18","n/e"," ","2616.34"
"29/01/2026 17:00:00 - 29/01/2026 18:00:00","CTA|IE","3025.13","n/e"," ","2332.29"
"29/01/2026 18:00:00 - 29/01/2026 19:00:00","CTA|IE","2843.13","n/e"," ","2446.71"
"29/01/2026 19:00:00 - 29/01/2026 20:00:00","CTA|IE","2646.35","n/e"," ","2386.12"
"29/01/2026 20:00:00 - 29/01/2026 21:00:00","CTA|IE","2449.05","n/e"," ","2271.85"
"29/01/2026 21:00:00 - 29/01/2026 22:00:00","CTA|IE","2259.56","n/e"," ","2233.68"
"29/01/2026 22:00:00 - 29/01/2026 23:00:00","CTA|IE","2125.15","n/e"," ","2088.14"
"29/01/2026 23:00:00 - 30/01/2026 00:00:00","CTA|IE","2034.26","n/e"," ","2122.65"
"30/01/2026 00:00:00 - 30/01/2026 01:00:00","CTA|IE","1967.26","n/e"," ","2069.68"
"30/01/2026 01:00:00 - 30/01/2026 02:00:00","CTA|IE","2572.38","n/e"," ","2074.69"
"30/01/2026 02:00:00 - 30/01/2026 03:00:00","CTA|IE","2685.62","n/e"," ","2154.81"
"30/01/2026 03:00:00 - 30/01/2026 04:00:00","CTA|IE","2750.45","n/e"," ","2275.20"
"30/01/2026 04:00:00 - 30/01/2026 05:00:00","CTA|IE","2793.97","n/e"," ","2454.15"
"30/01/2026 05:00:00 - 30/01/2026 06:00:00","CTA|IE","2771.76","n/e"," ","2459.25"
"30/01/2026 06:00:00 - 30/01/2026 07:00:00","CTA|IE","2686.01","n/e"," ","2545.28"
"30/01/2026 07:00:00 - 30/01/2026 08:00:00","CTA|IE","2533.89","n/e"," ","2480.87"
"30/01/2026 08:00:00 - 30/01/2026 09:00:00","CTA|IE","2348.78","n/e"," ","2607.13"
"30/01/2026 09:00:00 - 30/01/2026 10:00:00","CTA|IE","2131.09","n/e"," ","2413.92"
"30/01/2026 10:00:00 - 30/01/2026 11:00:00","CTA|IE","1932.67","n/e"," ","1962.99"
"30/01/2026 11:00:00 - 30/01/2026 12:00:00","CTA|IE","1738.44","n/e"," ","1779.36"
"30/01/2026 12:00:00 - 30/01/2026 13:00:00","CTA|IE","1571.68","n/e"," ","1605.99"
"30/01/2026 13:00:00 - 30/01/2026 14:00:00","CTA|IE","1457.07","n/e"," ","1509.78"
"30/01/2026 14:00:00 - 30/01/2026 15:00:00","CTA|IE","1391.93","n/e"," ","1289.30"
"30/01/2026 15:00:00 - 30/01/2026 16:00:00","CTA|IE","1333.70","n/e"," ","1024.46"
"30/01/2026 16:00:00 - 30/01/2026 17:00:00","CTA|IE","1270.50","n/e"," ","889.17"
"30/01/2026 17:00:00 - 30/01/2026 18:00:00","CTA|IE","1226.00","n/e"," ","901.43"
"30/01/2026 18:00:00 - 30/01/2026 19:00:00","CTA|IE","1195.52","n/e"," ","832.41"
"30/01/2026 19:00:00 - 30/01/2026 20:00:00","CTA|IE","1158.15","n/e"," ","794.83"
"30/01/2026 20:00:00 - 30/01/2026 21:00:00","CTA|IE","1106.62","n/e"," ","728.70"
"30/01/2026 21:00:00 - 30/01/2026 22:00:00","CTA|IE","1027.57","n/e"," ","685.19"
"30/01/2026 22:00:00 - 30/01/2026 23:00:00","CTA|IE","940.92","n/e"," ","644.49"
"30/01/2026 23:00:00 - 31/01/2026 00:00:00","CTA|IE","870.22","n/e"," ","472.07"
"31/01/2026 00:00:00 - 31/01/2026 01:00:00","CTA|IE","823.46","n/e"," ","430.33"
"31/01/2026 01:00:00 - 31/01/2026 02:00:00","CTA|IE","485.73","n/e"," ","467.47"
"31/01/2026 02:00:00 - 31/01/2026 03:00:00","CTA|IE","432.94","n/e"," ","547.03"
"31/01/2026 03:00:00 - 31/01/2026 04:00:00","CTA|IE","397.75","n/e"," ","556.76"
"31/01/2026 04:00:00 - 31/01/2026 05:00:00","CTA|IE","385.59","n/e"," ","570.25"
"31/01/2026 05:00:00 - 31/01/2026 06:00:00","CTA|IE","377.69","n/e"," ","581.64"
"31/01/2026 06:00:00 - 31/01/2026 07:00:00","CTA|IE","374.56","n/e"," ","603.47"
"31/01/2026 07:00:00 - 31/01/2026 08:00:00","CTA|IE","370.09","n/e"," ","633.65"
"31/01/2026 08:00:00 - 31/01/2026 09:00:00","CTA|IE","359.77","n/e"," ","574.07"
"31/01/2026 09:00:00 - 31/01/2026 10:00:00","CTA|IE","347.37","n/e"," ","467.66"
"31/01/2026 10:00:00 - 31/01/2026 11:00:00","CTA|IE","342.43","n/e"," ","399.82"
"31/01/2026 11:00:00 - 31/01/2026 12:00:00","CTA|IE","341.17","n/e"," ","326.46"
"31/01/2026 12:00:00 - 31/01/2026 13:00:00","CTA|IE","326.51","n/e"," ","297.86"
"31/01/2026 13:00:00 - 31/01/2026 14:00:00","CTA|IE","325.24","n/e"," ","329.79"
"31/01/2026 14:00:00 - 31/01/2026 15:00:00","CTA|IE","359.36","n/e"," ","434.79"
"31/01/2026 15:00:00 - 31/01/2026 16:00:00","CTA|IE","390.83","n/e"," ","569.32"
"31/01/2026 16:00:00 - 31/01/2026 17:00:00","CTA|IE","399.27","n/e"," ","542.93"
"31/01/2026 17:00:00 - 31/01/2026 18:00:00","CTA|IE","413.92","n/e"," ","418.02"
"31/01/2026 18:00:00 - 31/01/2026 19:00:00","CTA|IE","478.66","n/e"," ","298.57"
"31/01/2026 19:00:00 - 31/01/2026 20:00:00","CTA|IE","595.07","n/e"," ","319.06"
"31/01/2026 20:00:00 - 31/01/2026 21:00:00","CTA|IE","708.96","n/e"," ","365.48"
"31/01/2026 21:00:00 - 31/01/2026 22:00:00","CTA|IE","782.87","n/e"," ","419.85"
"31/01/2026 22:00:00 - 31/01/2026 23:00:00","CTA|IE","841.91","n/e"," ","369.19"
"31/01/2026 23:00:00 - 01/02/2026 00:00:00","CTA|IE","908.46","n/e"," ","365.77"
"01/02/2026 00:00:00 - 01/02/2026 01:00:00","CTA|IE","1020.98","n/e"," ","448.96"
"01/02/2026 01:00:00 - 01/02/2026 02:00:00","CTA|IE","421.86","n/e"," ","561.06"
"01/02/2026 02:00:00 - 01/02/2026 03:00:00","CTA|IE","456.62","n/e"," ","724.80"
"01/02/2026 03:00:00 - 01/02/2026 04:00:00","CTA|IE","463.60","n/e"," ","707.74"
"01/02/2026 04:00:00 - 01/02/2026 05:00:00","CTA|IE","465.78","n/e"," ","1174.80"
"01/02/2026 05:00:00 - 01/02/2026 06:00:00","CTA|IE","475.82","n/e"," ","1505.67"
"01/02/2026 06:00:00 - 01/02/2026 07:00:00","CTA|IE","480.82","n/e"," ","1681.41"
"01/02/2026 07:00:00 - 01/02/2026 08:00:00","CTA|IE","465.21","n/e"," ","1950.12"
"01/02/2026 08:00:00 - 01/02/2026 09:00:00","CTA|IE","433.79","n/e"," ","1914.20"
"01/02/2026 09:00:00 - 01/02/2026 10:00:00","CTA|IE","391.18","n/e"," ","1647.54"
"01/02/2026 10:00:00 - 01/02/2026 11:00:00","CTA|IE","341.99","n/e"," ","1447.53"
"01/02/2026 11:00:00 - 01/02/2026 12:00:00","CTA|IE","285.15","n/e"," ","1093.83"
"01/02/2026 12:00:00 - 01/02/2026 13:00:00","CTA|IE","227.55","n/e"," ","726.69"
"01/02/2026 13:00:00 - 01/02/2026 14:00:00","CTA|IE","177.53","n/e"," ","695.68"
"01/02/2026 14:00:00 - 01/02/2026 15:00:00","CTA|IE","136.44","n/e"," ","651.13"
"01/02/2026 15:00:00 - 01/02/2026 16:00:00","CTA|IE","103.23","n/e"," ","422.17"
"01/02/2026 16:00:00 - 01/02/2026 17:00:00","CTA|IE","93.79","n/e"," ","282.67"
"01/02/2026 17:00:00 - 01/02/2026 18:00:00","CTA|IE","114.69","n/e"," ","143.98"
"01/02/2026 18:00:00 - 01/02/2026 19:00:00","CTA|IE","163.30","n/e"," ","107.72"
"01/02/2026 19:00:00 - 01/02/2026 20:00:00","CTA|IE","243.48","n/e"," ","76.00"
"01/02/2026 20:00:00 - 01/02/2026 21:00:00","CTA|IE","356.22","n/e"," ","66.02"
"01/02/2026 21:00:00 - 01/02/2026 22:00:00","CTA|IE","491.78","n/e"," ","126.88"
"01/02/2026 22:00:00 - 01/02/2026 23:00:00","CTA|IE","641.67","n/e"," ","281.24"
"01/02/2026 23:00:00 - 02/02/2026 00:00:00","CTA|IE","802.88","n/e"," ","629.76"
"02/02/2026 00:00:00 - 02/02/2026 01:00:00","CTA|IE","978.05","n/e"," ","1298.55"
"02/02/2026 01:00:00 - 02/02/2026 02:00:00","CTA|IE","1376.82","n/e"," ","1918.02"
"02/02/2026 02:00:00 - 02/02/2026 03:00:00","CTA|IE","1670.07","n/e"," ","2315.33"
"02/02/2026 03:00:00 - 02/02/2026 04:00:00","CTA|IE","1995.58","n/e"," ","2105.33"
"02/02/2026 04:00:00 - 02/02/2026 05:00:00","CTA|IE","2334.73","n/e"," ","2143.51"
"02/02/2026 05:00:00 - 02/02/2026 06:00:00","CTA|IE","2661.86","n/e"," ","2434.74"
"02/02/2026 06:00:00 - 02/02/2026 07:00:00","CTA|IE","2961.64","n/e"," ","2847.65"
"02/02/2026 07:00:00 - 02/02/2026 08:00:00","CTA|IE","3207.32","n/e"," ","2971.67"
"02/02/2026 08:00:00 - 02/02/2026 09:00:00","CTA|IE","3415.01","n/e"," ","3076.45"
"02/02/2026 09:00:00 - 02/02/2026 10:00:00","CTA|IE","3565.20","n/e"," ","3192.09"
"02/02/2026 10:00:00 - 02/02/2026 11:00:00","CTA|IE","3679.75","n/e"," ","3276.03"
"02/02/2026 11:00:00 - 02/02/2026 12:00:00","CTA|IE","3782.62","n/e"," ","3304.59"
"02/02/2026 12:00:00 - 02/02/2026 13:00:00","CTA|IE","3904.92","n/e"," ","3422.44"
"02/02/2026 13:00:00 - 02/02/2026 14:00:00","CTA|IE","4007.85","n/e"," ","3465.93"
"02/02/2026 14:00:00 - 02/02/2026 15:00:00","CTA|IE","4067.79","n/e"," ","3512.48"
"02/02/2026 15:00:00 - 02/02/2026 16:00:00","CTA|IE","4079.11","n/e"," ","3504.06"
"02/02/2026 16:00:00 - 02/02/2026 17:00:00","CTA|IE","4065.51","n/e"," ","3524.69"
"02/02/2026 17:00:00 - 02/02/2026 18:00:00","CTA|IE","4036.70","n/e"," ","3585.52"
"02/02/2026 18:00:00 - 02/02/2026 19:00:00","CTA|IE","3996.79","n/e"," ","3604.37"
"02/02/2026 19:00:00 - 02/02/2026 20:00:00","CTA|IE","3932.55","n/e"," ","3576.19"
"02/02/2026 20:00:00 - 02/02/2026 21:00:00","CTA|IE","3843.09","n/e"," ","3627.49"
"02/02/2026 21:00:00 - 02/02/2026 22:00:00","CTA|IE","3710.70","n/e"," ","3679.06"
"02/02/2026 22:00:00 - 02/02/2026 23:00:00","CTA|IE","3544.31","n/e"," ","3637.48"
"02/02/2026 23:00:00 - 03/02/2026 00:00:00","CTA|IE","3347.51","n/e"," ","3482.63"
"03/02/2026 00:00:00 - 03/02/2026 01:00:00","CTA|IE","3149.50","n/e"," ","3192.88"
"03/02/2026 01:00:00 - 03/02/2026 02:00:00","CTA|IE","3981.80","n/e"," ","3039.80"
"03/02/2026 02:00:00 - 03/02/2026 03:00:00","CTA|IE","3917.24","n/e"," ","2942.83"
"03/02/2026 03:00:00 - 03/02/2026 04:00:00","CTA|IE","3852.43","n/e"," ","2918.82"
"03/02/2026 04:00:00 - 03/02/2026 05:00:00","CTA|IE","3803.05","n/e"," ","2900.08"
"03/02/2026 05:00:00 - 03/02/2026 06:00:00","CTA|IE","3746.81","n/e"," ","2880.86"
"03/02/2026 06:00:00 - 03/02/2026 07:00:00","CTA|IE","3696.89","n/e"," ","2796.33"
"03/02/2026 07:00:00 - 03/02/2026 08:00:00","CTA|IE","3628.38","n/e"," ","2872.97"
"03/02/2026 08:00:00 - 03/02/2026 09:00:00","CTA|IE","3558.07","n/e"," ","3417.80"
"03/02/2026 09:00:00 - 03/02/2026 10:00:00","CTA|IE","3440.23","n/e"," ","3372.26"
"03/02/2026 10:00:00 - 03/02/2026 11:00:00","CTA|IE","3320.91","n/e"," ","3296.06"
"03/02/2026 11:00:00 - 03/02/2026 12:00:00","CTA|IE","3178.87","n/e"," ","3216.82"
"03/02/2026 12:00:00 - 03/02/2026 13:00:00","CTA|IE","3019.36","n/e"," ","3170.91"
"03/02/2026 13:00:00 - 03/02/2026 14:00:00","CTA|IE","2829.18","n/e"," ","3025.16"
"03/02/2026 14:00:00 - 03/02/2026 15:00:00","CTA|IE","2623.72","n/e"," ","3192.79"
"03/02/2026 15:00:00 - 03/02/2026 16:00:00","CTA|IE","2409.94","n/e"," ","3400.79"
"03/02/2026 16:00:00 - 03/02/2026 17:00:00","CTA|IE","2245.02","n/e"," ","3403.41"
"03/02/2026 17:00:00 - 03/02/2026 18:00:00","CTA|IE","2120.34","n/e"," ","3279.42"
"03/02/2026 18:00:00 - 03/02/2026 19:00:00","CTA|IE","2030.72","n/e"," ","3135.85"
"03/02/2026 19:00:00 - 03/02/2026 20:00:00","CTA|IE","1942.10","n/e"," ","3217.16"
"03/02/2026 20:00:00 - 03/02/2026 21:00:00","CTA|IE","1874.52","n/e"," ","2961.40"
"03/02/2026 21:00:00 - 03/02/2026 22:00:00","CTA|IE","1781.80","n/e"," ","2806.27"
"03/02/2026 22:00:00 - 03/02/2026 23:00:00","CTA|IE","1687.00","n/e"," ","2737.45"
"03/02/2026 23:00:00 - 04/02/2026 00:00:00","CTA|IE","1587.19","n/e"," ","2642.51"
"04/02/2026 00:00:00 - 04/02/2026 01:00:00","CTA|IE","1506.03","n/e"," ","2522.82"
"04/02/2026 01:00:00 - 04/02/2026 02:00:00","CTA|IE","1981.92","n/e"," ","2416.85"
"04/02/2026 02:00:00 - 04/02/2026 03:00:00","CTA|IE","1885.94","n/e"," ","2215.18"
"04/02/2026 03:00:00 - 04/02/2026 04:00:00","CTA|IE","1791.83","n/e"," ","2060.14"
"04/02/2026 04:00:00 - 04/02/2026 05:00:00","CTA|IE","1716.67","n/e"," ","1869.69"
"04/02/2026 05:00:00 - 04/02/2026 06:00:00","CTA|IE","1636.99","n/e"," ","1780.69"
"04/02/2026 06:00:00 - 04/02/2026 07:00:00","CTA|IE","1588.85","n/e"," ","1608.93"
"04/02/2026 07:00:00 - 04/02/2026 08:00:00","CTA|IE","1587.97","n/e"," ","1599.92"
"04/02/2026 08:00:00 - 04/02/2026 09:00:00","CTA|IE","1638.41","n/e"," ","1735.89"
"04/02/2026 09:00:00 - 04/02/2026 10:00:00","CTA|IE","1710.33","n/e"," ","1836.98"
"04/02/2026 10:00:00 - 04/02/2026 11:00:00","CTA|IE","1794.34","n/e"," ","1813.98"
"04/02/2026 11:00:00 - 04/02/2026 12:00:00","CTA|IE","1870.87","n/e"," ","1786.02"
"04/02/2026 12:00:00 - 04/02/2026 13:00:00","CTA|IE","2004.11","n/e"," ","1818.32"
"04/02/2026 13:00:00 - 04/02/2026 14:00:00","CTA|IE","2145.26","n/e"," ","1865.76"
"04/02/2026 14:00:00 - 04/02/2026 15:00:00","CTA|IE","2242.97","n/e"," ","2037.47"
"04/02/2026 15:00:00 - 04/02/2026 16:00:00","CTA|IE","2323.13","n/e"," ","2256.76"
"04/02/2026 16:00:00 - 04/02/2026 17:00:00","CTA|IE","2413.30","n/e"," ","2286.53"
"04/02/2026 17:00:00 - 04/02/2026 18:00:00","CTA|IE","2511.20","n/e"," ","2378.76"
"04/02/2026 18:00:00 - 04/02/2026 19:00:00","CTA|IE","2640.48","n/e"," ","2268.11"
"04/02/2026 19:00:00 - 04/02/2026 20:00:00","CTA|IE","2789.69","n/e"," ","2385.09"
"04/02/2026 20:00:00 - 04/02/2026 21:00:00","CTA|IE","2968.11","n/e"," ","2599.51"
"04/02/2026 21:00:00 - 04/02/2026 22:00:00","CTA|IE","3119.80","n/e"," ","2707.27"
"04/02/2026 22:00:00 - 04/02/2026 23:00:00","CTA|IE","3271.02","n/e"," ","2900.89"
"04/02/2026 23:00:00 - 05/02/2026 00:00:00","CTA|IE","3395.10","n/e"," ","3006.26"
"05/02/2026 00:00:00 - 05/02/2026 01:00:00","CTA|IE","3504.17","n/e"," ","2968.23"
"05/02/2026 01:00:00 - 05/02/2026 02:00:00","CTA|IE","4117.84","n/e"," ","2834.69"
"05/02/2026 02:00:00 - 05/02/2026 03:00:00","CTA|IE","4195.36","n/e"," ","2793.17"
"05/02/2026 03:00:00 - 05/02/2026 04:00:00","CTA|IE","4233.05","n/e"," ","2793.56"
"05/02/2026 04:00:00 - 05/02/2026 05:00:00","CTA|IE","4223.91","n/e"," ","2745.36"
"05/02/2026 05:00:00 - 05/02/2026 06:00:00","CTA|IE","4153.13","n/e"," ","2639.13"
"05/02/2026 06:00:00 - 05/02/2026 07:00:00","CTA|IE","4032.90","n/e"," ","2674.05"
"05/02/2026 07:00:00 - 05/02/2026 08:00:00","CTA|IE","3862.35","n/e"," ","2849.15"
"05/02/2026 08:00:00 - 05/02/2026 09:00:00","CTA|IE","3656.02","n/e"," ","3092.53"
"05/02/2026 09:00:00 - 05/02/2026 10:00:00","CTA|IE","3436.70","n/e"," ","3151.93"
"05/02/2026 10:00:00 - 05/02/2026 11:00:00","CTA|IE","3220.97","n/e"," ","3192.67"
"05/02/2026 11:00:00 - 05/02/2026 12:00:00","CTA|IE","2999.04","n/e"," ","3317.43"
"05/02/2026 12:00:00 - 05/02/2026 13:00:00","CTA|IE","2819.89","n/e"," ","3251.84"
"05/02/2026 13:00:00 - 05/02/2026 14:00:00","CTA|IE","2660.23","n/e"," ","3261.71"
"05/02/2026 14:00:00 - 05/02/2026 15:00:00","CTA|IE","2505.97","n/e"," ","3321.26"
"05/02/2026 15:00:00 - 05/02/2026 16:00:00","CTA|IE","2345.86","n/e"," ","3203.17"
"05/02/2026 16:00:00 - 05/02/2026 17:00:00","CTA|IE","2209.72","n/e"," ","3027.09"
"05/02/2026 17:00:00 - 05/02/2026 18:00:00","CTA|IE","2106.69","n/e"," ","3170.57"
"05/02/2026 18:00:00 - 05/02/2026 19:00:00","CTA|IE","2055.24","n/e"," ","3038.09"
"05/02/2026 19:00:00 - 05/02/2026 20:00:00","CTA|IE","2047.68","n/e"," ","2796.88"
"05/02/2026 20:00:00 - 05/02/2026 21:00:00","CTA|IE","2087.13","n/e"," ","2581.40"
"05/02/2026 21:00:00 - 05/02/2026 22:00:00","CTA|IE","2100.90","n/e"," ","2417.76"
"05/02/2026 22:00:00 - 05/02/2026 23:00:00","CTA|IE","2090.56","n/e"," ","2345.00"
"05/02/2026 23:00:00 - 06/02/2026 00:00:00","CTA|IE","2067.55","n/e"," ","2337.59"
"06/02/2026 00:00:00 - 06/02/2026 01:00:00","CTA|IE","2033.53","n/e"," ","2284.83"
"06/02/2026 01:00:00 - 06/02/2026 02:00:00","CTA|IE","2348.47","n/e"," ","2205.35"
"06/02/2026 02:00:00 - 06/02/2026 03:00:00","CTA|IE","2185.03","n/e"," ","2185.00"
"06/02/2026 03:00:00 - 06/02/2026 04:00:00","CTA|IE","2026.92","n/e"," ","2199.54"
"06/02/2026 04:00:00 - 06/02/2026 05:00:00","CTA|IE","1888.81","n/e"," ","2206.82"
"06/02/2026 05:00:00 - 06/02/2026 06:00:00","CTA|IE","1785.31","n/e"," ","2151.58"
"06/02/2026 06:00:00 - 06/02/2026 07:00:00","CTA|IE","1719.26","n/e"," ","2075.42"
"06/02/2026 07:00:00 - 06/02/2026 08:00:00","CTA|IE","1678.78","n/e"," ","2087.92"
"06/02/2026 08:00:00 - 06/02/2026 09:00:00","CTA|IE","1690.17","n/e"," ","2106.96"
"06/02/2026 09:00:00 - 06/02/2026 10:00:00","CTA|IE","1704.56","n/e"," ","2121.51"
"06/02/2026 10:00:00 - 06/02/2026 11:00:00","CTA|IE","1701.73","n/e"," ","2025.13"
"06/02/2026 11:00:00 - 06/02/2026 12:00:00","CTA|IE","1658.24","n/e"," ","1867.56"
"06/02/2026 12:00:00 - 06/02/2026 13:00:00","CTA|IE","1595.38","n/e"," ","1756.60"
"06/02/2026 13:00:00 - 06/02/2026 14:00:00","CTA|IE","1495.36","n/e"," ","1655.45"
"06/02/2026 14:00:00 - 06/02/2026 15:00:00","CTA|IE","1380.14","n/e"," ","1552.41"
"06/02/2026 15:00:00 - 06/02/2026 16:00:00","CTA|IE","1299.46","n/e"," ","1251.59"
"06/02/2026 16:00:00 - 06/02/2026 17:00:00","CTA|IE","1266.38","n/e"," ","1245.84"
"06/02/2026 17:00:00 - 06/02/2026 18:00:00","CTA|IE","1243.84","n/e"," ","1396.79"
"06/02/2026 18:00:00 - 06/02/2026 19:00:00","CTA|IE","1227.68","n/e"," ","N/A"
"06/02/2026 19:00:00 - 06/02/2026 20:00:00","CTA|IE","1201.81","n/e"," ","1251.42"
"06/02/2026 20:00:00 - 06/02/2026 21:00:00","CTA|IE","1187.57","n/e"," ","1289.42"
"06/02/2026 21:00:00 - 06/02/2026 22:00:00","CTA|IE","1161.45","n/e"," ","1237.32"
"06/02/2026 22:00:00 - 06/02/2026 23:00:00","CTA|IE","1120.21","n/e"," ","1175.97"
"06/02/2026 23:00:00 - 07/02/2026 00:00:00","CTA|IE","1070.56","n/e"," ","1079.15"
"07/02/2026 00:00:00 - 07/02/2026 01:00:00","CTA|IE","1031.99","n/e"," ","1122.91"
"07/02/2026 01:00:00 - 07/02/2026 02:00:00","CTA|IE","N/A","n/e"," ","970.77"
"07/02/2026 02:00:00 - 07/02/2026 03:00:00","CTA|IE","N/A","n/e"," ","890.87"
"07/02/2026 03:00:00 - 07/02/2026 04:00:00","CTA|IE","N/A","n/e"," ","789.58"
"07/02/2026 04:00:00 - 07/02/2026 05:00:00","CTA|IE","N/A","n/e"," ","645.02"
"07/02/2026 05:00:00 - 07/02/2026 06:00:00","CTA|IE","N/A","n/e"," ","522.41"
"07/02/2026 06:00:00 - 07/02/2026 07:00:00","CTA|IE","N/A","n/e"," ","459.38"
"07/02/2026 07:00:00 - 07/02/2026 08:00:00","CTA|IE","N/A","n/e"," ","399.66"
"07/02/2026 08:00:00 - 07/02/2026 09:00:00","CTA|IE","N/A","n/e"," ","386.05"
"07/02/2026 09:00:00 - 07/02/2026 10:00:00","CTA|IE","N/A","n/e"," ","335.33"
"07/02/2026 10:00:00 - 07/02/2026 11:00:00","CTA|IE","N/A","n/e"," ","279.91"
"07/02/2026 11:00:00 - 07/02/2026 12:00:00","CTA|IE","N/A","n/e"," ","216.51"
"07/02/2026 12:00:00 - 07/02/2026 13:00:00","CTA|IE","N/A","n/e"," ","170.52"
"07/02/2026 13:00:00 - 07/02/2026 14:00:00","CTA|IE","N/A","n/e"," ","150.38"
"07/02/2026 14:00:00 - 07/02/2026 15:00:00","CTA|IE","N/A","n/e"," ","125.28"
"07/02/2026 15:00:00 - 07/02/2026 16:00:00","CTA|IE","N/A","n/e"," ","94.52"
"07/02/2026 16:00:00 - 07/02/2026 17:00:00","CTA|IE","N/A","n/e"," ","95.15"
"07/02/2026 17:00:00 - 07/02/2026 18:00:00","CTA|IE","N/A","n/e"," ","77.97"
"07/02/2026 18:00:00 - 07/02/2026 19:00:00","CTA|IE","N/A","n/e"," ","76.30"
"07/02/2026 19:00:00 - 07/02/2026 20:00:00","CTA|IE","N/A","n/e"," ","97.15"
"07/02/2026 20:00:00 - 07/02/2026 21:00:00","CTA|IE","N/A","n/e"," ","109.88"
"07/02/2026 21:00:00 - 07/02/2026 22:00:00","CTA|IE","N/A","n/e"," ","121.90"
"07/02/2026 22:00:00 - 07/02/2026 23:00:00","CTA|IE","N/A","n/e"," ","103.74"
"07/02/2026 23:00:00 - 08/02/2026 00:00:00","CTA|IE","N/A","n/e"," ","100.54"
"08/02/2026 00:00:00 - 08/02/2026 01:00:00","CTA|IE","N/A","n/e"," ","96.49"
"08/02/2026 01:00:00 - 08/02/2026 02:00:00","CTA|IE","N/A","n/e"," ","92.83"
"08/02/2026 02:00:00 - 08/02/2026 03:00:00","CTA|IE","N/A","n/e"," ","95.70"
"08/02/2026 03:00:00 - 08/02/2026 04:00:00","CTA|IE","N/A","n/e"," ","115.24"
"08/02/2026 04:00:00 - 08/02/2026 05:00:00","CTA|IE","N/A","n/e"," ","98.43"
"08/02/2026 05:00:00 - 08/02/2026 06:00:00","CTA|IE","N/A","n/e"," ","64.40"
"08/02/2026 06:00:00 - 08/02/2026 07:00:00","CTA|IE","N/A","n/e"," ","66.47"
"08/02/2026 07:00:00 - 08/02/2026 08:00:00","CTA|IE","N/A","n/e"," ","98.98"
"08/02/2026 08:00:00 - 08/02/2026 09:00:00","CTA|IE","N/A","n/e"," ","92.76"
"08/02/2026 09:00:00 - 08/02/2026 10:00:00","CTA|IE","N/A","n/e"," ","112.40"
"08/02/2026 10:00:00 - 08/02/2026 11:00:00","CTA|IE","N/A","n/e"," ","155.02"
"08/02/2026 11:00:00 - 08/02/2026 12:00:00","CTA|IE","N/A","n/e"," ","157.51"
"08/02/2026 12:00:00 - 08/02/2026 13:00:00","CTA|IE","N/A","n/e"," ","139.02"
"08/02/2026 13:00:00 - 08/02/2026 14:00:00","CTA|IE","N/A","n/e"," ","177.75"
"08/02/2026 14:00:00 - 08/02/2026 15:00:00","CTA|IE","N/A","n/e"," ","206.30"
"08/02/2026 15:00:00 - 08/02/2026 16:00:00","CTA|IE","N/A","n/e"," ","228.10"
"08/02/2026 16:00:00 - 08/02/2026 17:00:00","CTA|IE","N/A","n/e"," ","241.73"
"08/02/2026 17:00:00 - 08/02/2026 18:00:00","CTA|IE","N/A","n/e"," ","263.65"
"08/02/2026 18:00:00 - 08/02/2026 19:00:00","CTA|IE","N/A","n/e"," ","351.44"
"08/02/2026 19:00:00 - 08/02/2026 20:00:00","CTA|IE","N/A","n/e"," ","484.64"
"08/02/2026 20:00:00 - 08/02/2026 21:00:00","CTA|IE","N/A","n/e"," ","583.52"
"08/02/2026 21:00:00 - 08/02/2026 22:00:00","CTA|IE","N/A","n/e"," ","604.86"
"08/02/2026 22:00:00 - 08/02/2026 23:00:00","CTA|IE","N/A","n/e"," ","588.37"
"08/02/2026 23:00:00 - 09/02/2026 00:00:00","CTA|IE","N/A","n/e"," ","562.07"
"09/02/2026 00:00:00 - 09/02/2026 01:00:00","CTA|IE","N/A","n/e"," ","579.42"
"09/02/2026 01:00:00 - 09/02/2026 02:00:00","CTA|IE","N/A","n/e"," ","633.99"
"09/02/2026 02:00:00 - 09/02/2026 03:00:00","CTA|IE","N/A","n/e"," ","674.19"
"09/02/2026 03:00:00 - 09/02/2026 04:00:00","CTA|IE","N/A","n/e"," ","764.34"
"09/02/2026 04:00:00 - 09/02/2026 05:00:00","CTA|IE","N/A","n/e"," ","936.63"
"09/02/2026 05:00:00 - 09/02/2026 06:00:00","CTA|IE","N/A","n/e"," ","1009.74"
"09/02/2026 06:00:00 - 09/02/2026 07:00:00","CTA|IE","N/A","n/e"," ","1222.33"
"09/02/2026 07:00:00 - 09/02/2026 08:00:00","CTA|IE","N/A","n/e"," ","1374.97"
"09/02/2026 08:00:00 - 09/02/2026 09:00:00","CTA|IE","N/A","n/e"," ","1543.74"
"09/02/2026 09:00:00 - 09/02/2026 10:00:00","CTA|IE","N/A","n/e"," ","1657.90"
"09/02/2026 10:00:00 - 09/02/2026 11:00:00","CTA|IE","N/A","n/e"," ","1734.14"
"09/02/2026 11:00:00 - 09/02/2026 12:00:00","CTA|IE","N/A","n/e"," ","1752.74"
"09/02/2026 12:00:00 - 09/02/2026 13:00:00","CTA|IE","N/A","n/e"," ","1475.29"
"09/02/2026 13:00:00 - 09/02/2026 14:00:00","CTA|IE","N/A","n/e"," ","1406.31"
"09/02/2026 14:00:00 - 09/02/2026 15:00:00","CTA|IE","N/A","n/e"," ","1428.00"
"09/02/2026 15:00:00 - 09/02/2026 16:00:00","CTA|IE","N/A","n/e"," ","1381.65"
"09/02/2026 16:00:00 - 09/02/2026 17:00:00","CTA|IE","N/A","n/e"," ","1264.63"
"09/02/2026 17:00:00 - 09/02/2026 18:00:00","CTA|IE","N/A","n/e"," ","1136.92"
"09/02/2026 18:00:00 - 09/02/2026 19:00:00","CTA|IE","N/A","n/e"," ","N/A"
"09/02/2026 19:00:00 - 09/02/2026 20:00:00","CTA|IE","N/A","n/e"," ","946.28"
"09/02/2026 20:00:00 - 09/02/2026 21:00:00","CTA|IE","N/A","n/e"," ","771.50"
"09/02/2026 21:00:00 - 09/02/2026 22:00:00","CTA|IE","N/A","n/e"," ","777.27"
"09/02/2026 22:00:00 - 09/02/2026 23:00:00","CTA|IE","N/A","n/e"," ","650.03"
"09/02/2026 23:00:00 - 10/02/2026 00:00:00","CTA|IE","N/A","n/e"," ","561.01"
"10/02/2026 00:00:00 - 10/02/2026 01:00:00","CTA|IE","N/A","n/e"," ","537.93"
"10/02/2026 01:00:00 - 10/02/2026 02:00:00","CTA|IE","N/A","n/e"," ","576.42"
"10/02/2026 02:00:00 - 10/02/2026 03:00:00","CTA|IE","N/A","n/e"," ","496.67"
"10/02/2026 03:00:00 - 10/02/2026 04:00:00","CTA|IE","N/A","n/e"," ","501.22"
"10/02/2026 04:00:00 - 10/02/2026 05:00:00","CTA|IE","N/A","n/e"," ","636.39"
"10/02/2026 05:00:00 - 10/02/2026 06:00:00","CTA|IE","N/A","n/e"," ","805.35"
"10/02/2026 06:00:00 - 10/02/2026 07:00:00","CTA|IE","N/A","n/e"," ","1075.63"
"10/02/2026 07:00:00 - 10/02/2026 08:00:00","CTA|IE","N/A","n/e"," ","1157.68"
"10/02/2026 08:00:00 - 10/02/2026 09:00:00","CTA|IE","N/A","n/e"," ","1184.50"
"10/02/2026 09:00:00 - 10/02/2026 10:00:00","CTA|IE","N/A","n/e"," ","1398.78"
"10/02/2026 10:00:00 - 10/02/2026 11:00:00","CTA|IE","N/A","n/e"," ","1385.59"
"10/02/2026 11:00:00 - 10/02/2026 12:00:00","CTA|IE","N/A","n/e"," ","1225.55"
"10/02/2026 12:00:00 - 10/02/2026 13:00:00","CTA|IE","N/A","n/e"," ","995.77"
"10/02/2026 13:00:00 - 10/02/2026 14:00:00","CTA|IE","N/A","n/e"," ","876.31"
"10/02/2026 14:00:00 - 10/02/2026 15:00:00","CTA|IE","N/A","n/e"," ","783.67"
"10/02/2026 15:00:00 - 10/02/2026 16:00:00","CTA|IE","N/A","n/e"," ","649.34"
"10/02/2026 16:00:00 - 10/02/2026 17:00:00","CTA|IE","N/A","n/e"," ","604.27"
"10/02/2026 17:00:00 - 10/02/2026 18:00:00","CTA|IE","N/A","n/e"," ","550.62"
"10/02/2026 18:00:00 - 10/02/2026 19:00:00","CTA|IE","N/A","n/e"," ","473.72"
"10/02/2026 19:00:00 - 10/02/2026 20:00:00","CTA|IE","N/A","n/e"," ","402.87"
"10/02/2026 20:00:00 - 10/02/2026 21:00:00","CTA|IE","N/A","n/e"," ","393.16"
"10/02/2026 21:00:00 - 10/02/2026 22:00:00","CTA|IE","N/A","n/e"," ","380.54"
"10/02/2026 22:00:00 - 10/02/2026 23:00:00","CTA|IE","N/A","n/e"," ","422.29"
"10/02/2026 23:00:00 - 11/02/2026 00:00:00","CTA|IE","N/A","n/e"," ","416.42"
"11/02/2026 00:00:00 - 11/02/2026 01:00:00","CTA|IE","N/A","n/e"," ","422.19"
"11/02/2026 01:00:00 - 11/02/2026 02:00:00","CTA|IE","N/A","n/e"," ","516.84"
"11/02/2026 02:00:00 - 11/02/2026 03:00:00","CTA|IE","N/A","n/e"," ","581.26"
"11/02/2026 03:00:00 - 11/02/2026 04:00:00","CTA|IE","N/A","n/e"," ","753.56"
"11/02/2026 04:00:00 - 11/02/2026 05:00:00","CTA|IE","N/A","n/e"," ","953.40"
"11/02/2026 05:00:00 - 11/02/2026 06:00:00","CTA|IE","N/A","n/e"," ","1145.21"
"11/02/2026 06:00:00 - 11/02/2026 07:00:00","CTA|IE","N/A","n/e"," ","1209.68"
"11/02/2026 07:00:00 - 11/02/2026 08:00:00","CTA|IE","N/A","n/e"," ","1140.81"
"11/02/2026 08:00:00 - 11/02/2026 09:00:00","CTA|IE","N/A","n/e"," ","1268.61"
"11/02/2026 09:00:00 - 11/02/2026 10:00:00","CTA|IE","N/A","n/e"," ","1267.26"
"11/02/2026 10:00:00 - 11/02/2026 11:00:00","CTA|IE","N/A","n/e"," ","1281.73"
"11/02/2026 11:00:00 - 11/02/2026 12:00:00","CTA|IE","N/A","n/e"," ","1245.98"
"11/02/2026 12:00:00 - 11/02/2026 13:00:00","CTA|IE","N/A","n/e"," ","1150.36"
"11/02/2026 13:00:00 - 11/02/2026 14:00:00","CTA|IE","N/A","n/e"," ","1056.35"
"11/02/2026 14:00:00 - 11/02/2026 15:00:00","CTA|IE","N/A","n/e"," ","959.96"
"11/02/2026 15:00:00 - 11/02/2026 16:00:00","CTA|IE","N/A","n/e"," ","898.21"
"11/02/2026 16:00:00 - 11/02/2026 17:00:00","CTA|IE","N/A","n/e"," ","767.25"
"11/02/2026 17:00:00 - 11/02/2026 18:00:00","CTA|IE","N/A","n/e"," ","739.80"
"11/02/2026 18:00:00 - 11/02/2026 19:00:00","CTA|IE","N/A","n/e"," ","700.63"
"11/02/2026 19:00:00 - 11/02/2026 20:00:00","CTA|IE","N/A","n/e"," ","687.78"
"11/02/2026 20:00:00 - 11/02/2026 21:00:00","CTA|IE","N/A","n/e"," ","801.53"
"11/02/2026 21:00:00 - 11/02/2026 22:00:00","CTA|IE","N/A","n/e"," ","912.64"
"11/02/2026 22:00:00 - 11/02/2026 23:00:00","CTA|IE","N/A","n/e"," ","938.00"
"11/02/2026 23:00:00 - 12/02/2026 00:00:00","CTA|IE","N/A","n/e"," ","1315.43"
"12/02/2026 00:00:00 - 12/02/2026 01:00:00","CTA|IE","N/A","n/e"," ","1455.35"
"12/02/2026 01:00:00 - 12/02/2026 02:00:00","CTA|IE","N/A","n/e"," ","1632.79"
"12/02/2026 02:00:00 - 12/02/2026 03:00:00","CTA|IE","N/A","n/e"," ","1689.89"
"12/02/2026 03:00:00 - 12/02/2026 04:00:00","CTA|IE","N/A","n/e"," ","1816.37"
"12/02/2026 04:00:00 - 12/02/2026 05:00:00","CTA|IE","N/A","n/e"," ","1888.71"
"12/02/2026 05:00:00 - 12/02/2026 06:00:00","CTA|IE","N/A","n/e"," ","1999.38"
"12/02/2026 06:00:00 - 12/02/2026 07:00:00","CTA|IE","N/A","n/e"," ","1906.89"
"12/02/2026 07:00:00 - 12/02/2026 08:00:00","CTA|IE","N/A","n/e"," ","1902.54"
"12/02/2026 08:00:00 - 12/02/2026 09:00:00","CTA|IE","N/A","n/e"," ","1680.75"
"12/02/2026 09:00:00 - 12/02/2026 10:00:00","CTA|IE","N/A","n/e"," ","1612.32"
"12/02/2026 10:00:00 - 12/02/2026 11:00:00","CTA|IE","N/A","n/e"," ","1474.09"
"12/02/2026 11:00:00 - 12/02/2026 12:00:00","CTA|IE","N/A","n/e"," ","1684.10"
"12/02/2026 12:00:00 - 12/02/2026 13:00:00","CTA|IE","N/A","n/e"," ","2005.66"
"12/02/2026 13:00:00 - 12/02/2026 14:00:00","CTA|IE","N/A","n/e"," ","2274.02"
"12/02/2026 14:00:00 - 12/02/2026 15:00:00","CTA|IE","N/A","n/e"," ","2506.87"
"12/02/2026 15:00:00 - 12/02/2026 16:00:00","CTA|IE","N/A","n/e"," ","2477.45"
"12/02/2026 16:00:00 - 12/02/2026 17:00:00","CTA|IE","N/A","n/e"," ","2517.96"
"12/02/2026 17:00:00 - 12/02/2026 18:00:00","CTA|IE","N/A","n/e"," ","2551.21"
"12/02/2026 18:00:00 - 12/02/2026 19:00:00","CTA|IE","N/A","n/e"," ","2542.47"
"12/02/2026 19:00:00 - 12/02/2026 20:00:00","CTA|IE","N/A","n/e"," ","2512.59"
"12/02/2026 20:00:00 - 12/02/2026 21:00:00","CTA|IE","N/A","n/e"," ","2490.87"
"12/02/2026 21:00:00 - 12/02/2026 22:00:00","CTA|IE","N/A","n/e"," ","2530.05"
"12/02/2026 22:00:00 - 12/02/2026 23:00:00","CTA|IE","N/A","n/e"," ","2211.48"
"12/02/2026 23:00:00 - 13/02/2026 00:00:00","CTA|IE","N/A","n/e"," ","2007.57"
"13/02/2026 00:00:00 - 13/02/2026 01:00:00","CTA|IE","N/A","n/e"," ","2261.39"
"13/02/2026 01:00:00 - 13/02/2026 02:00:00","CTA|IE","N/A","n/e"," ","2246.00"
"13/02/2026 02:00:00 - 13/02/2026 03:00:00","CTA|IE","N/A","n/e"," ","2327.11"
"13/02/2026 03:00:00 - 13/02/2026 04:00:00","CTA|IE","N/A","n/e"," ","2389.49"
"13/02/2026 04:00:00 - 13/02/2026 05:00:00","CTA|IE","N/A","n/e"," ","2492.46"
"13/02/2026 05:00:00 - 13/02/2026 06:00:00","CTA|IE","N/A","n/e"," ","2411.53"
"13/02/2026 06:00:00 - 13/02/2026 07:00:00","CTA|IE","N/A","n/e"," ","2433.21"
"13/02/2026 07:00:00 - 13/02/2026 08:00:00","CTA|IE","N/A","n/e"," ","2630.96"
"13/02/2026 08:00:00 - 13/02/2026 09:00:00","CTA|IE","N/A","n/e"," ","2967.21"
"13/02/2026 09:00:00 - 13/02/2026 10:00:00","CTA|IE","N/A","n/e"," ","3130.74"
"13/02/2026 10:00:00 - 13/02/2026 11:00:00","CTA|IE","N/A","n/e"," ","3015.64"
"13/02/2026 11:00:00 - 13/02/2026 12:00:00","CTA|IE","N/A","n/e"," ","N/A"
"13/02/2026 12:00:00 - 13/02/2026 13:00:00","CTA|IE","N/A","n/e"," ","2811.74"
"13/02/2026 13:00:00 - 13/02/2026 14:00:00","CTA|IE","N/A","n/e"," ","2793.02"
"13/02/2026 14:00:00 - 13/02/2026 15:00:00","CTA|IE","N/A","n/e"," ","2777.67"
"13/02/2026 15:00:00 - 13/02/2026 16:00:00","CTA|IE","N/A","n/e"," ","2759.11"
"13/02/2026 16:00:00 - 13/02/2026 17:00:00","CTA|IE","N/A","n/e"," ","2297.36"
"13/02/2026 17:00:00 - 13/02/2026 18:00:00","CTA|IE","N/A","n/e"," ","2249.19"
"13/02/2026 18:00:00 - 13/02/2026 19:00:00","CTA|IE","N/A","n/e"," ","1875.36"
"13/02/2026 19:00:00 - 13/02/2026 20:00:00","CTA|IE","N/A","n/e"," ","1717.76"
"13/02/2026 20:00:00 - 13/02/2026 21:00:00","CTA|IE","N/A","n/e"," ","1708.74"
"13/02/2026 21:00:00 - 13/02/2026 22:00:00","CTA|IE","N/A","n/e"," ","1522.43"
"13/02/2026 22:00:00 - 13/02/2026 23:00:00","CTA|IE","N/A","n/e"," ","1197.35"
"13/02/2026 23:00:00 - 14/02/2026 00:00:00","CTA|IE","N/A","n/e"," ","909.95"
"14/02/2026 00:00:00 - 14/02/2026 01:00:00","CTA|IE","N/A","n/e"," ","656.13"
"14/02/2026 01:00:00 - 14/02/2026 02:00:00","CTA|IE","N/A","n/e"," ","493.16"
"14/02/2026 02:00:00 - 14/02/2026 03:00:00","CTA|IE","N/A","n/e"," ","351.97"
"14/02/2026 03:00:00 - 14/02/2026 04:00:00","CTA|IE","N/A","n/e"," ","268.77"
"14/02/2026 04:00:00 - 14/02/2026 05:00:00","CTA|IE","N/A","n/e"," ","193.07"
"14/02/2026 05:00:00 - 14/02/2026 06:00:00","CTA|IE","N/A","n/e"," ","149.70"
"14/02/2026 06:00:00 - 14/02/2026 07:00:00","CTA|IE","N/A","n/e"," ","173.36"
"14/02/2026 07:00:00 - 14/02/2026 08:00:00","CTA|IE","N/A","n/e"," ","238.04"
"14/02/2026 08:00:00 - 14/02/2026 09:00:00","CTA|IE","N/A","n/e"," ","326.06"
"14/02/2026 09:00:00 - 14/02/2026 10:00:00","CTA|IE","N/A","n/e"," ","524.56"
"14/02/2026 10:00:00 - 14/02/2026 11:00:00","CTA|IE","N/A","n/e"," ","845.06"
"14/02/2026 11:00:00 - 14/02/2026 12:00:00","CTA|IE","N/A","n/e"," ","N/A"
"14/02/2026 12:00:00 - 14/02/2026 13:00:00","CTA|IE","N/A","n/e"," ","1812.58"
"14/02/2026 13:00:00 - 14/02/2026 14:00:00","CTA|IE","N/A","n/e"," ","2307.65"
"14/02/2026 14:00:00 - 14/02/2026 15:00:00","CTA|IE","N/A","n/e"," ","2556.85"
"14/02/2026 15:00:00 - 14/02/2026 16:00:00","CTA|IE","N/A","n/e"," ","3101.11"
"14/02/2026 16:00:00 - 14/02/2026 17:00:00","CTA|IE","N/A","n/e"," ","3372.21"
"14/02/2026 17:00:00 - 14/02/2026 18:00:00","CTA|IE","N/A","n/e"," ","3743.43"
"14/02/2026 18:00:00 - 14/02/2026 19:00:00","CTA|IE","N/A","n/e"," ","3846.79"
"14/02/2026 19:00:00 - 14/02/2026 20:00:00","CTA|IE","N/A","n/e"," ","3851.35"
"14/02/2026 20:00:00 - 14/02/2026 21:00:00","CTA|IE","N/A","n/e"," ","3580.75"
"14/02/2026 21:00:00 - 14/02/2026 22:00:00","CTA|IE","N/A","n/e"," ","2970.30"
"14/02/2026 22:00:00 - 14/02/2026 23:00:00","CTA|IE","N/A","n/e"," ","2625.42"
"14/02/2026 23:00:00 - 15/02/2026 00:00:00","CTA|IE","N/A","n/e"," ","2506.68"
"15/02/2026 00:00:00 - 15/02/2026 01:00:00","CTA|IE","N/A","n/e"," ","2159.20"
"15/02/2026 01:00:00 - 15/02/2026 02:00:00","CTA|IE","N/A","n/e"," ","1960.98"
"15/02/2026 02:00:00 - 15/02/2026 03:00:00","CTA|IE","N/A","n/e"," ","1773.20"
"15/02/2026 03:00:00 - 15/02/2026 04:00:00","CTA|IE","N/A","n/e"," ","N/A"
"15/02/2026 04:00:00 - 15/02/2026 05:00:00","CTA|IE","N/A","n/e"," ","1513.22"
"15/02/2026 05:00:00 - 15/02/2026 06:00:00","CTA|IE","N/A","n/e"," ","1536.05"
"15/02/2026 06:00:00 - 15/02/2026 07:00:00","CTA|IE","N/A","n/e"," ","1741.10"
"15/02/2026 07:00:00 - 15/02/2026 08:00:00","CTA|IE","N/A","n/e"," ","2076.91"
"15/02/2026 08:00:00 - 15/02/2026 09:00:00","CTA|IE","N/A","n/e"," ","2278.23"
"15/02/2026 09:00:00 - 15/02/2026 10:00:00","CTA|IE","N/A","n/e"," ","2264.77"
"15/02/2026 10:00:00 - 15/02/2026 11:00:00","CTA|IE","N/A","n/e"," ","2089.64"
"15/02/2026 11:00:00 - 15/02/2026 12:00:00","CTA|IE","N/A","n/e"," ","2306.37"
"15/02/2026 12:00:00 - 15/02/2026 13:00:00","CTA|IE","N/A","n/e"," ","2353.23"
"15/02/2026 13:00:00 - 15/02/2026 14:00:00","CTA|IE","N/A","n/e"," ","2605.05"
"15/02/2026 14:00:00 - 15/02/2026 15:00:00","CTA|IE","N/A","n/e"," ","2917.43"
"15/02/2026 15:00:00 - 15/02/2026 16:00:00","CTA|IE","N/A","n/e"," ","2893.21"
"15/02/2026 16:00:00 - 15/02/2026 17:00:00","CTA|IE","N/A","n/e"," ","2977.78"
"15/02/2026 17:00:00 - 15/02/2026 18:00:00","CTA|IE","N/A","n/e"," ","2866.37"
"15/02/2026 18:00:00 - 15/02/2026 19:00:00","CTA|IE","N/A","n/e"," ","2914.84"
"15/02/2026 19:00:00 - 15/02/2026 20:00:00","CTA|IE","N/A","n/e"," ","2722.63"
"15/02/2026 20:00:00 - 15/02/2026 21:00:00","CTA|IE","N/A","n/e"," ","2903.60"
"15/02/2026 21:00:00 - 15/02/2026 22:00:00","CTA|IE","N/A","n/e"," ","2863.33"
"15/02/2026 22:00:00 - 15/02/2026 23:00:00","CTA|IE","N/A","n/e"," ","2601.07"
"15/02/2026 23:00:00 - 16/02/2026 00:00:00","CTA|IE","N/A","n/e"," ","2701.45"
"16/02/2026 00:00:00 - 16/02/2026 01:00:00","CTA|IE","N/A","n/e"," ","2771.37"
"16/02/2026 01:00:00 - 16/02/2026 02:00:00","CTA|IE","N/A","n/e"," ","3059.25"
"16/02/2026 02:00:00 - 16/02/2026 03:00:00","CTA|IE","N/A","n/e"," ","3040.95"
"16/02/2026 03:00:00 - 16/02/2026 04:00:00","CTA|IE","N/A","n/e"," ","3130.21"
"16/02/2026 04:00:00 - 16/02/2026 05:00:00","CTA|IE","N/A","n/e"," ","3185.79"
"16/02/2026 05:00:00 - 16/02/2026 06:00:00","CTA|IE","N/A","n/e"," ","2996.69"
"16/02/2026 06:00:00 - 16/02/2026 07:00:00","CTA|IE","N/A","n/e"," ","2849.22"
"16/02/2026 07:00:00 - 16/02/2026 08:00:00","CTA|IE","N/A","n/e"," ","2868.02"
"16/02/2026 08:00:00 - 16/02/2026 09:00:00","CTA|IE","N/A","n/e"," ","2812.90"
"16/02/2026 09:00:00 - 16/02/2026 10:00:00","CTA|IE","N/A","n/e"," ","2862.55"
"16/02/2026 10:00:00 - 16/02/2026 11:00:00","CTA|IE","N/A","n/e"," ","2896.18"
"16/02/2026 11:00:00 - 16/02/2026 12:00:00","CTA|IE","N/A","n/e"," ","2902.65"
"16/02/2026 12:00:00 - 16/02/2026 13:00:00","CTA|IE","N/A","n/e"," ","3022.62"
"16/02/2026 13:00:00 - 16/02/2026 14:00:00","CTA|IE","N/A","n/e"," ","3034.91"
"16/02/2026 14:00:00 - 16/02/2026 15:00:00","CTA|IE","N/A","n/e"," ","2938.40"
"16/02/2026 15:00:00 - 16/02/2026 16:00:00","CTA|IE","N/A","n/e"," ","2812.32"
"16/02/2026 16:00:00 - 16/02/2026 17:00:00","CTA|IE","N/A","n/e"," ","2553.87"
"16/02/2026 17:00:00 - 16/02/2026 18:00:00","CTA|IE","N/A","n/e"," ","2246.88"
"16/02/2026 18:00:00 - 16/02/2026 19:00:00","CTA|IE","N/A","n/e"," ","1982.92"
"16/02/2026 19:00:00 - 16/02/2026 20:00:00","CTA|IE","N/A","n/e"," ","1682.59"
"16/02/2026 20:00:00 - 16/02/2026 21:00:00","CTA|IE","N/A","n/e"," ","1418.07"
"16/02/2026 21:00:00 - 16/02/2026 22:00:00","CTA|IE","N/A","n/e"," ","1059.37"
"16/02/2026 22:00:00 - 16/02/2026 23:00:00","CTA|IE","N/A","n/e"," ","898.48"
"16/02/2026 23:00:00 - 17/02/2026 00:00:00","CTA|IE","N/A","n/e"," ","761.25"
"17/02/2026 00:00:00 - 17/02/2026 01:00:00","CTA|IE","N/A","n/e"," ","689.42"
"17/02/2026 01:00:00 - 17/02/2026 02:00:00","CTA|IE","N/A","n/e"," ","645.80"
"17/02/2026 02:00:00 - 17/02/2026 03:00:00","CTA|IE","N/A","n/e"," ","557.39"
"17/02/2026 03:00:00 - 17/02/2026 04:00:00","CTA|IE","N/A","n/e"," ","453.70"
"17/02/2026 04:00:00 - 17/02/2026 05:00:00","CTA|IE","N/A","n/e"," ","366.28"
"17/02/2026 05:00:00 - 17/02/2026 06:00:00","CTA|IE","N/A","n/e"," ","357.53"
"17/02/2026 06:00:00 - 17/02/2026 07:00:00","CTA|IE","N/A","n/e"," ","461.53"
"17/02/2026 07:00:00 - 17/02/2026 08:00:00","CTA|IE","N/A","n/e"," ","597.74"
"17/02/2026 08:00:00 - 17/02/2026 09:00:00","CTA|IE","N/A","n/e"," ","796.22"
"17/02/2026 09:00:00 - 17/02/2026 10:00:00","CTA|IE","N/A","n/e"," ","1114.36"
"17/02/2026 10:00:00 - 17/02/2026 11:00:00","CTA|IE","N/A","n/e"," ","1441.57"
"17/02/2026 11:00:00 - 17/02/2026 12:00:00","CTA|IE","N/A","n/e"," ","1662.00"
"17/02/2026 12:00:00 - 17/02/2026 13:00:00","CTA|IE","N/A","n/e"," ","1873.37"
"17/02/2026 13:00:00 - 17/02/2026 14:00:00","CTA|IE","N/A","n/e"," ","2065.73"
"17/02/2026 14:00:00 - 17/02/2026 15:00:00","CTA|IE","N/A","n/e"," ","2358.97"
"17/02/2026 15:00:00 - 17/02/2026 16:00:00","CTA|IE","N/A","n/e"," ","N/A"
"17/02/2026 16:00:00 - 17/02/2026 17:00:00","CTA|IE","N/A","n/e"," ","2953.66"
"17/02/2026 17:00:00 - 17/02/2026 18:00:00","CTA|IE","N/A","n/e"," ","3165.58"
"17/02/2026 18:00:00 - 17/02/2026 19:00:00","CTA|IE","N/A","n/e"," ","3287.34"
"17/02/2026 19:00:00 - 17/02/2026 20:00:00","CTA|IE","N/A","n/e"," ","3318.94"
"17/02/2026 20:00:00 - 17/02/2026 21:00:00","CTA|IE","N/A","n/e"," ","3406.58"
"17/02/2026 21:00:00 - 17/02/2026 22:00:00","CTA|IE","N/A","n/e"," ","3411.96"
"17/02/2026 22:00:00 - 17/02/2026 23:00:00","CTA|IE","N/A","n/e"," ","3433.73"
"17/02/2026 23:00:00 - 18/02/2026 00:00:00","CTA|IE","N/A","n/e"," ","3405.63"
"18/02/2026 00:00:00 - 18/02/2026 01:00:00","CTA|IE","N/A","n/e"," ","3366.84"
"18/02/2026 01:00:00 - 18/02/2026 02:00:00","CTA|IE","N/A","n/e"," ","3341.56"
"18/02/2026 02:00:00 - 18/02/2026 03:00:00","CTA|IE","N/A","n/e"," ","3279.69"
"18/02/2026 03:00:00 - 18/02/2026 04:00:00","CTA|IE","N/A","n/e"," ","3165.41"
"18/02/2026 04:00:00 - 18/02/2026 05:00:00","CTA|IE","N/A","n/e"," ","3017.46"
"18/02/2026 05:00:00 - 18/02/2026 06:00:00","CTA|IE","N/A","n/e"," ","2993.92"
"18/02/2026 06:00:00 - 18/02/2026 07:00:00","CTA|IE","N/A","n/e"," ","2930.53"
"18/02/2026 07:00:00 - 18/02/2026 08:00:00","CTA|IE","N/A","n/e"," ","2838.84"
"18/02/2026 08:00:00 - 18/02/2026 09:00:00","CTA|IE","N/A","n/e"," ","2522.36"
"18/02/2026 09:00:00 - 18/02/2026 10:00:00","CTA|IE","N/A","n/e"," ","2512.61"
"18/02/2026 10:00:00 - 18/02/2026 11:00:00","CTA|IE","N/A","n/e"," ","2446.76"
"18/02/2026 11:00:00 - 18/02/2026 12:00:00","CTA|IE","N/A","n/e"," ","2427.26"
"18/02/2026 12:00:00 - 18/02/2026 13:00:00","CTA|IE","N/A","n/e"," ","2266.03"
"18/02/2026 13:00:00 - 18/02/2026 14:00:00","CTA|IE","N/A","n/e"," ","2020.99"
"18/02/2026 14:00:00 - 18/02/2026 15:00:00","CTA|IE","N/A","n/e"," ","1826.94"
"18/02/2026 15:00:00 - 18/02/2026 16:00:00","CTA|IE","N/A","n/e"," ","1705.83"
"18/02/2026 16:00:00 - 18/02/2026 17:00:00","CTA|IE","N/A","n/e"," ","1537.21"
"18/02/2026 17:00:00 - 18/02/2026 18:00:00","CTA|IE","N/A","n/e"," ","1192.81"
"18/02/2026 18:00:00 - 18/02/2026 19:00:00","CTA|IE","N/A","n/e"," ","1009.33"
"18/02/2026 19:00:00 - 18/02/2026 20:00:00","CTA|IE","N/A","n/e"," ","932.43"
"18/02/2026 20:00:00 - 18/02/2026 21:00:00","CTA|IE","N/A","n/e"," ","849.07"
"18/02/2026 21:00:00 - 18/02/2026 22:00:00","CTA|IE","N/A","n/e"," ","784.34"
"18/02/2026 22:00:00 - 18/02/2026 23:00:00","CTA|IE","N/A","n/e"," ","699.74"
"18/02/2026 23:00:00 - 19/02/2026 00:00:00","CTA|IE","N/A","n/e"," ","642.30"
"19/02/2026 00:00:00 - 19/02/2026 01:00:00","CTA|IE","N/A","n/e"," ","563.91"
"19/02/2026 01:00:00 - 19/02/2026 02:00:00","CTA|IE","N/A","n/e"," ","449.18"
"19/02/2026 02:00:00 - 19/02/2026 03:00:00","CTA|IE","N/A","n/e"," ","332.17"
"19/02/2026 03:00:00 - 19/02/2026 04:00:00","CTA|IE","N/A","n/e"," ","259.28"
"19/02/2026 04:00:00 - 19/02/2026 05:00:00","CTA|IE","N/A","n/e"," ","276.70"
"19/02/2026 05:00:00 - 19/02/2026 06:00:00","CTA|IE","N/A","n/e"," ","548.76"
"19/02/2026 06:00:00 - 19/02/2026 07:00:00","CTA|IE","N/A","n/e"," ","711.21"
"19/02/2026 07:00:00 - 19/02/2026 08:00:00","CTA|IE","N/A","n/e"," ","1097.66"
"19/02/2026 08:00:00 - 19/02/2026 09:00:00","CTA|IE","N/A","n/e"," ","1436.22"
"19/02/2026 09:00:00 - 19/02/2026 10:00:00","CTA|IE","N/A","n/e"," ","1502.45"
"19/02/2026 10:00:00 - 19/02/2026 11:00:00","CTA|IE","N/A","n/e"," ","1659.88"
"19/02/2026 11:00:00 - 19/02/2026 12:00:00","CTA|IE","N/A","n/e"," ","1953.70"
"19/02/2026 12:00:00 - 19/02/2026 13:00:00","CTA|IE","N/A","n/e"," ","2378.17"
"19/02/2026 13:00:00 - 19/02/2026 14:00:00","CTA|IE","N/A","n/e"," ","2367.11"
"19/02/2026 14:00:00 - 19/02/2026 15:00:00","CTA|IE","N/A","n/e"," ","2690.39"
"19/02/2026 15:00:00 - 19/02/2026 16:00:00","CTA|IE","N/A","n/e"," ","2900.48"
"19/02/2026 16:00:00 - 19/02/2026 17:00:00","CTA|IE","N/A","n/e"," ","2880.68"
"19/02/2026 17:00:00 - 19/02/2026 18:00:00","CTA|IE","N/A","n/e"," ","2485.12"
"19/02/2026 18:00:00 - 19/02/2026 19:00:00","CTA|IE","N/A","n/e"," ","1953.65"
"19/02/2026 19:00:00 - 19/02/2026 20:00:00","CTA|IE","N/A","n/e"," ","1772.39"
"19/02/2026 20:00:00 - 19/02/2026 21:00:00","CTA|IE","N/A","n/e"," ","1547.06"
"19/02/2026 21:00:00 - 19/02/2026 22:00:00","CTA|IE","N/A","n/e"," ","1643.62"
"19/02/2026 22:00:00 - 19/02/2026 23:00:00","CTA|IE","N/A","n/e"," ","1666.87"
"19/02/2026 23:00:00 - 20/02/2026 00:00:00","CTA|IE","N/A","n/e"," ","1701.10"
"20/02/2026 00:00:00 - 20/02/2026 01:00:00","CTA|IE","N/A","n/e"," ","1944.35"
"20/02/2026 01:00:00 - 20/02/2026 02:00:00","CTA|IE","N/A","n/e"," ","2349.86"
"20/02/2026 02:00:00 - 20/02/2026 03:00:00","CTA|IE","N/A","n/e"," ","2693.79"
"20/02/2026 03:00:00 - 20/02/2026 04:00:00","CTA|IE","N/A","n/e"," ","2892.14"
"20/02/2026 04:00:00 - 20/02/2026 05:00:00","CTA|IE","N/A","n/e"," ","2925.94"
"20/02/2026 05:00:00 - 20/02/2026 06:00:00","CTA|IE","N/A","n/e"," ","2962.26"
"20/02/2026 06:00:00 - 20/02/2026 07:00:00","CTA|IE","N/A","n/e"," ","3022.86"
"20/02/2026 07:00:00 - 20/02/2026 08:00:00","CTA|IE","N/A","n/e"," ","3126.67"
"20/02/2026 08:00:00 - 20/02/2026 09:00:00","CTA|IE","N/A","n/e"," ","3081.14"
"20/02/2026 09:00:00 - 20/02/2026 10:00:00","CTA|IE","N/A","n/e"," ","3002.38"
"20/02/2026 10:00:00 - 20/02/2026 11:00:00","CTA|IE","N/A","n/e"," ","3062.01"
"20/02/2026 11:00:00 - 20/02/2026 12:00:00","CTA|IE","N/A","n/e"," ","3228.88"
"20/02/2026 12:00:00 - 20/02/2026 13:00:00","CTA|IE","N/A","n/e"," ","3439.72"
"20/02/2026 13:00:00 - 20/02/2026 14:00:00","CTA|IE","N/A","n/e"," ","3456.57"
"20/02/2026 14:00:00 - 20/02/2026 15:00:00","CTA|IE","N/A","n/e"," ","3309.58"
"20/02/2026 15:00:00 - 20/02/2026 16:00:00","CTA|IE","N/A","n/e"," ","3203.97"
"20/02/2026 16:00:00 - 20/02/2026 17:00:00","CTA|IE","N/A","n/e"," ","3272.09"
"20/02/2026 17:00:00 - 20/02/2026 18:00:00","CTA|IE","N/A","n/e"," ","3151.51"
"20/02/2026 18:00:00 - 20/02/2026 19:00:00","CTA|IE","N/A","n/e"," ","2971.46"
"20/02/2026 19:00:00 - 20/02/2026 20:00:00","CTA|IE","N/A","n/e"," ","2683.50"
"20/02/2026 20:00:00 - 20/02/2026 21:00:00","CTA|IE","N/A","n/e"," ","2643.49"
"20/02/2026 21:00:00 - 20/02/2026 22:00:00","CTA|IE","N/A","n/e"," ","2687.42"
"20/02/2026 22:00:00 - 20/02/2026 23:00:00","CTA|IE","N/A","n/e"," ","2682.61"
"20/02/2026 23:00:00 - 21/02/2026 00:00:00","CTA|IE","N/A","n/e"," ","2413.32"
"21/02/2026 00:00:00 - 21/02/2026 01:00:00","CTA|IE","N/A","n/e"," ","2211.19"
"21/02/2026 01:00:00 - 21/02/2026 02:00:00","CTA|IE","N/A","n/e"," ","2266.64"
"21/02/2026 02:00:00 - 21/02/2026 03:00:00","CTA|IE","N/A","n/e"," ","2090.31"
"21/02/2026 03:00:00 - 21/02/2026 04:00:00","CTA|IE","N/A","n/e"," ","1895.34"
"21/02/2026 04:00:00 - 21/02/2026 05:00:00","CTA|IE","N/A","n/e"," ","1891.88"
"21/02/2026 05:00:00 - 21/02/2026 06:00:00","CTA|IE","N/A","n/e"," ","1865.98"
"21/02/2026 06:00:00 - 21/02/2026 07:00:00","CTA|IE","N/A","n/e"," ","1831.65"
"21/02/2026 07:00:00 - 21/02/2026 08:00:00","CTA|IE","N/A","n/e"," ","1828.47"
"21/02/2026 08:00:00 - 21/02/2026 09:00:00","CTA|IE","N/A","n/e"," ","1765.45"
"21/02/2026 09:00:00 - 21/02/2026 10:00:00","CTA|IE","N/A","n/e"," ","1756.30"
"21/02/2026 10:00:00 - 21/02/2026 11:00:00","CTA|IE","N/A","n/e"," ","1927.16"
"21/02/2026 11:00:00 - 21/02/2026 12:00:00","CTA|IE","N/A","n/e"," ","2127.91"
"21/02/2026 12:00:00 - 21/02/2026 13:00:00","CTA|IE","N/A","n/e"," ","2494.88"
"21/02/2026 13:00:00 - 21/02/2026 14:00:00","CTA|IE","N/A","n/e"," ","2748.65"
"21/02/2026 14:00:00 - 21/02/2026 15:00:00","CTA|IE","N/A","n/e"," ","2939.73"
"21/02/2026 15:00:00 - 21/02/2026 16:00:00","CTA|IE","N/A","n/e"," ","2970.51"
"21/02/2026 16:00:00 - 21/02/2026 17:00:00","CTA|IE","N/A","n/e"," ","2986.66"
"21/02/2026 17:00:00 - 21/02/2026 18:00:00","CTA|IE","N/A","n/e"," ","2974.93"
"21/02/2026 18:00:00 - 21/02/2026 19:00:00","CTA|IE","N/A","n/e"," ","2760.63"
"21/02/2026 19:00:00 - 21/02/2026 20:00:00","CTA|IE","N/A","n/e"," ","2711.99"
"21/02/2026 20:00:00 - 21/02/2026 21:00:00","CTA|IE","N/A","n/e"," ","2543.40"
"21/02/2026 21:00:00 - 21/02/2026 22:00:00","CTA|IE","N/A","n/e"," ","2523.66"
"21/02/2026 22:00:00 - 21/02/2026 23:00:00","CTA|IE","N/A","n/e"," ","2440.14"
"21/02/2026 23:00:00 - 22/02/2026 00:00:00","CTA|IE","N/A","n/e"," ","2340.31"
"22/02/2026 00:00:00 - 22/02/2026 01:00:00","CTA|IE","N/A","n/e"," ","1938.39"
"22/02/2026 01:00:00 - 22/02/2026 02:00:00","CTA|IE","N/A","n/e"," ","1763.37"
"22/02/2026 02:00:00 - 22/02/2026 03:00:00","CTA|IE","N/A","n/e"," ","2008.94"
"22/02/2026 03:00:00 - 22/02/2026 04:00:00","CTA|IE","N/A","n/e"," ","N/A"
"22/02/2026 04:00:00 - 22/02/2026 05:00:00","CTA|IE","N/A","n/e"," ","2087.08"
"22/02/2026 05:00:00 - 22/02/2026 06:00:00","CTA|IE","N/A","n/e"," ","2080.25"
"22/02/2026 06:00:00 - 22/02/2026 07:00:00","CTA|IE","N/A","n/e"," ","2233.42"
"22/02/2026 07:00:00 - 22/02/2026 08:00:00","CTA|IE","N/A","n/e"," ","2151.76"
"22/02/2026 08:00:00 - 22/02/2026 09:00:00","CTA|IE","N/A","n/e"," ","2038.65"
"22/02/2026 09:00:00 - 22/02/2026 10:00:00","CTA|IE","N/A","n/e"," ","2221.08"
"22/02/2026 10:00:00 - 22/02/2026 11:00:00","CTA|IE","N/A","n/e"," ","2271.74"
"22/02/2026 11:00:00 - 22/02/2026 12:00:00","CTA|IE","N/A","n/e"," ","2383.36"
"22/02/2026 12:00:00 - 22/02/2026 13:00:00","CTA|IE","N/A","n/e"," ","2567.36"
"22/02/2026 13:00:00 - 22/02/2026 14:00:00","CTA|IE","N/A","n/e"," ","2588.96"
"22/02/2026 14:00:00 - 22/02/2026 15:00:00","CTA|IE","N/A","n/e"," ","2723.50"
"22/02/2026 15:00:00 - 22/02/2026 16:00:00","CTA|IE","N/A","n/e"," ","2861.14"
"22/02/2026 16:00:00 - 22/02/2026 17:00:00","CTA|IE","N/A","n/e"," ","3132.83"
"22/02/2026 17:00:00 - 22/02/2026 18:00:00","CTA|IE","N/A","n/e"," ","3288.51"
"22/02/2026 18:00:00 - 22/02/2026 19:00:00","CTA|IE","N/A","n/e"," ","3264.06"
"22/02/2026 19:00:00 - 22/02/2026 20:00:00","CTA|IE","N/A","n/e"," ","3259.04"
"22/02/2026 20:00:00 - 22/02/2026 21:00:00","CTA|IE","N/A","n/e"," ","3140.35"
"22/02/2026 21:00:00 - 22/02/2026 22:00:00","CTA|IE","N/A","n/e"," ","2888.35"
"22/02/2026 22:00:00 - 22/02/2026 23:00:00","CTA|IE","N/A","n/e"," ","2832.21"
"22/02/2026 23:00:00 - 23/02/2026 00:00:00","CTA|IE","N/A","n/e"," ","2765.82"
"23/02/2026 00:00:00 - 23/02/2026 01:00:00","CTA|IE","N/A","n/e"," ","2828.68"
"23/02/2026 01:00:00 - 23/02/2026 02:00:00","CTA|IE","N/A","n/e"," ","2749.96"
"23/02/2026 02:00:00 - 23/02/2026 03:00:00","CTA|IE","N/A","n/e"," ","2704.46"
"23/02/2026 03:00:00 - 23/02/2026 04:00:00","CTA|IE","N/A","n/e"," ","2762.24"
"23/02/2026 04:00:00 - 23/02/2026 05:00:00","CTA|IE","N/A","n/e"," ","2670.51"
"23/02/2026 05:00:00 - 23/02/2026 06:00:00","CTA|IE","N/A","n/e"," ","2633.15"
"23/02/2026 06:00:00 - 23/02/2026 07:00:00","CTA|IE","N/A","n/e"," ","2621.69"
"23/02/2026 07:00:00 - 23/02/2026 08:00:00","CTA|IE","N/A","n/e"," ","2637.55"
"23/02/2026 08:00:00 - 23/02/2026 09:00:00","CTA|IE","N/A","n/e"," ","2627.70"
"23/02/2026 09:00:00 - 23/02/2026 10:00:00","CTA|IE","N/A","n/e"," ","2237.61"
"23/02/2026 10:00:00 - 23/02/2026 11:00:00","CTA|IE","N/A","n/e"," ","1896.36"
"23/02/2026 11:00:00 - 23/02/2026 12:00:00","CTA|IE","N/A","n/e"," ","1766.35"
"23/02/2026 12:00:00 - 23/02/2026 13:00:00","CTA|IE","N/A","n/e"," ","1538.17"
"23/02/2026 13:00:00 - 23/02/2026 14:00:00","CTA|IE","N/A","n/e"," ","1648.66"
"23/02/2026 14:00:00 - 23/02/2026 15:00:00","CTA|IE","N/A","n/e"," ","1882.22"
"23/02/2026 15:00:00 - 23/02/2026 16:00:00","CTA|IE","N/A","n/e"," ","1955.21"
"23/02/2026 16:00:00 - 23/02/2026 17:00:00","CTA|IE","N/A","n/e"," ","2004.24"
"23/02/2026 17:00:00 - 23/02/2026 18:00:00","CTA|IE","N/A","n/e"," ","2042.59"
"23/02/2026 18:00:00 - 23/02/2026 19:00:00","CTA|IE","N/A","n/e"," ","2336.44"
"23/02/2026 19:00:00 - 23/02/2026 20:00:00","CTA|IE","N/A","n/e"," ","2676.81"
"23/02/2026 20:00:00 - 23/02/2026 21:00:00","CTA|IE","N/A","n/e"," ","2752.57"
"23/02/2026 21:00:00 - 23/02/2026 22:00:00","CTA|IE","N/A","n/e"," ","2804.05"
"23/02/2026 22:00:00 - 23/02/2026 23:00:00","CTA|IE","N/A","n/e"," ","2854.42"
"23/02/2026 23:00:00 - 24/02/2026 00:00:00","CTA|IE","N/A","n/e"," ","2849.33"
"24/02/2026 00:00:00 - 24/02/2026 01:00:00","CTA|IE","N/A","n/e"," ","3062.13"
"24/02/2026 01:00:00 - 24/02/2026 02:00:00","CTA|IE","N/A","n/e"," ","3132.83"
"24/02/2026 02:00:00 - 24/02/2026 03:00:00","CTA|IE","N/A","n/e"," ","3059.09"
"24/02/2026 03:00:00 - 24/02/2026 04:00:00","CTA|IE","N/A","n/e"," ","3001.21"
"24/02/2026 04:00:00 - 24/02/2026 05:00:00","CTA|IE","N/A","n/e"," ","N/A"
"24/02/2026 05:00:00 - 24/02/2026 06:00:00","CTA|IE","N/A","n/e"," ","2817.70"
"24/02/2026 06:00:00 - 24/02/2026 07:00:00","CTA|IE","N/A","n/e"," ","2843.50"
"24/02/2026 07:00:00 - 24/02/2026 08:00:00","CTA|IE","N/A","n/e"," ","3062.65"
"24/02/2026 08:00:00 - 24/02/2026 09:00:00","CTA|IE","N/A","n/e"," ","2998.56"
"24/02/2026 09:00:00 - 24/02/2026 10:00:00","CTA|IE","N/A","n/e"," ","2991.47"
"24/02/2026 10:00:00 - 24/02/2026 11:00:00","CTA|IE","N/A","n/e"," ","3012.94"
"24/02/2026 11:00:00 - 24/02/2026 12:00:00","CTA|IE","N/A","n/e"," ","3012.37"
"24/02/2026 12:00:00 - 24/02/2026 13:00:00","CTA|IE","N/A","n/e"," ","3010.18"
"24/02/2026 13:00:00 - 24/02/2026 14:00:00","CTA|IE","N/A","n/e"," ","2979.70"
"24/02/2026 14:00:00 - 24/02/2026 15:00:00","CTA|IE","N/A","n/e"," ","3030.72"
"24/02/2026 15:00:00 - 24/02/2026 16:00:00","CTA|IE","N/A","n/e"," ","2942.51"
"24/02/2026 16:00:00 - 24/02/2026 17:00:00","CTA|IE","N/A","n/e"," ","2816.61"
"24/02/2026 17:00:00 - 24/02/2026 18:00:00","CTA|IE","N/A","n/e"," ","2542.49"
"24/02/2026 18:00:00 - 24/02/2026 19:00:00","CTA|IE","N/A","n/e"," ","2499.32"
"24/02/2026 19:00:00 - 24/02/2026 20:00:00","CTA|IE","N/A","n/e"," ","2496.03"
"24/02/2026 20:00:00 - 24/02/2026 21:00:00","CTA|IE","N/A","n/e"," ","2437.29"
"24/02/2026 21:00:00 - 24/02/2026 22:00:00","CTA|IE","N/A","n/e"," ","2319.77"
"24/02/2026 22:00:00 - 24/02/2026 23:00:00","CTA|IE","N/A","n/e"," ","2357.44"
"24/02/2026 23:00:00 - 25/02/2026 00:00:00","CTA|IE","N/A","n/e"," ","2264.66"
"25/02/2026 00:00:00 - 25/02/2026 01:00:00","CTA|IE","N/A","n/e"," ","N/A"
"25/02/2026 01:00:00 - 25/02/2026 02:00:00","CTA|IE","N/A","n/e"," ","1858.84"
"25/02/2026 02:00:00 - 25/02/2026 03:00:00","CTA|IE","N/A","n/e"," ","1643.27"
"25/02/2026 03:00:00 - 25/02/2026 04:00:00","CTA|IE","N/A","n/e"," ","1334.67"
"25/02/2026 04:00:00 - 25/02/2026 05:00:00","CTA|IE","N/A","n/e"," ","1244.27"
"25/02/2026 05:00:00 - 25/02/2026 06:00:00","CTA|IE","N/A","n/e"," ","N/A"
"25/02/2026 06:00:00 - 25/02/2026 07:00:00","CTA|IE","N/A","n/e"," ","1008.11"
"25/02/2026 07:00:00 - 25/02/2026 08:00:00","CTA|IE","N/A","n/e"," ","954.97"
"25/02/2026 08:00:00 - 25/02/2026 09:00:00","CTA|IE","N/A","n/e"," ","N/A"
"25/02/2026 09:00:00 - 25/02/2026 10:00:00","CTA|IE","N/A","n/e"," ","769.99"
"25/02/2026 10:00:00 - 25/02/2026 11:00:00","CTA|IE","N/A","n/e"," ","776.83"
"25/02/2026 11:00:00 - 25/02/2026 12:00:00","CTA|IE","N/A","n/e"," ","N/A"
"25/02/2026 12:00:00 - 25/02/2026 13:00:00","CTA|IE","N/A","n/e"," ","N/A"
"25/02/2026 13:00:00 - 25/02/2026 14:00:00","CTA|IE","N/A","n/e"," ","697.00"
"25/02/2026 14:00:00 - 25/02/2026 15:00:00","CTA|IE","N/A","n/e"," ","N/A"
"25/02/2026 15:00:00 - 25/02/2026 16:00:00","CTA|IE","N/A","n/e"," ","N/A"
"25/02/2026 16:00:00 - 25/02/2026 17:00:00","CTA|IE","N/A","n/e"," ","824.16"
"25/02/2026 17:00:00 - 25/02/2026 18:00:00","CTA|IE","N/A","n/e"," ","789.57"
"25/02/2026 18:00:00 - 25/02/2026 19:00:00","CTA|IE","N/A","n/e"," ","984.94"
"25/02/2026 19:00:00 - 25/02/2026 20:00:00","CTA|IE","N/A","n/e"," ","1246.18"
"25/02/2026 20:00:00 - 25/02/2026 21:00:00","CTA|IE","N/A","n/e"," ","1455.48"
"25/02/2026 21:00:00 - 25/02/2026 22:00:00","CTA|IE","N/A","n/e"," ","1611.52"
"25/02/2026 22:00:00 - 25/02/2026 23:00:00","CTA|IE","N/A","n/e"," ","1929.71"
"25/02/2026 23:00:00 - 26/02/2026 00:00:00","CTA|IE","N/A","n/e"," ","2230.72"
"26/02/2026 00:00:00 - 26/02/2026 01:00:00","CTA|IE","N/A","n/e"," ","2307.69"
"26/02/2026 01:00:00 - 26/02/2026 02:00:00","CTA|IE","N/A","n/e"," ","2307.74"
"26/02/2026 02:00:00 - 26/02/2026 03:00:00","CTA|IE","N/A","n/e"," ","2368.16"
"26/02/2026 03:00:00 - 26/02/2026 04:00:00","CTA|IE","N/A","n/e"," ","2265.88"
"26/02/2026 04:00:00 - 26/02/2026 05:00:00","CTA|IE","N/A","n/e"," ","2245.06"
"26/02/2026 05:00:00 - 26/02/2026 06:00:00","CTA|IE","N/A","n/e"," ","2318.12"
"26/02/2026 06:00:00 - 26/02/2026 07:00:00","CTA|IE","N/A","n/e"," ","2647.41"
"26/02/2026 07:00:00 - 26/02/2026 08:00:00","CTA|IE","N/A","n/e"," ","3037.23"
"26/02/2026 08:00:00 - 26/02/2026 09:00:00","CTA|IE","N/A","n/e"," ","3153.24"
"26/02/2026 09:00:00 - 26/02/2026 10:00:00","CTA|IE","N/A","n/e"," ","3164.70"
"26/02/2026 10:00:00 - 26/02/2026 11:00:00","CTA|IE","N/A","n/e"," ","3220.95"
"26/02/2026 11:00:00 - 26/02/2026 12:00:00","CTA|IE","N/A","n/e"," ","3274.32"
"26/02/2026 12:00:00 - 26/02/2026 13:00:00","CTA|IE","N/A","n/e"," ","3262.40"
"26/02/2026 13:00:00 - 26/02/2026 14:00:00","CTA|IE","N/A","n/e"," ","3137.95"
"26/02/2026 14:00:00 - 26/02/2026 15:00:00","CTA|IE","N/A","n/e"," ","2804.79"
"26/02/2026 15:00:00 - 26/02/2026 16:00:00","CTA|IE","N/A","n/e"," ","2366.80"
"26/02/2026 16:00:00 - 26/02/2026 17:00:00","CTA|IE","N/A","n/e"," ","2319.08"
"26/02/2026 17:00:00 - 26/02/2026 18:00:00","CTA|IE","N/A","n/e"," ","2490.53"
"26/02/2026 18:00:00 - 26/02/2026 19:00:00","CTA|IE","N/A","n/e"," ","2168.77"
"26/02/2026 19:00:00 - 26/02/2026 20:00:00","CTA|IE","N/A","n/e"," ","1674.01"
"26/02/2026 20:00:00 - 26/02/2026 21:00:00","CTA|IE","N/A","n/e"," ","1568.42"
"26/02/2026 21:00:00 - 26/02/2026 22:00:00","CTA|IE","N/A","n/e"," ","1419.32"
"26/02/2026 22:00:00 - 26/02/2026 23:00:00","CTA|IE","N/A","n/e"," ","1284.11"
"26/02/2026 23:00:00 - 27/02/2026 00:00:00","CTA|IE","N/A","n/e"," ","1040.67"
"27/02/2026 00:00:00 - 27/02/2026 01:00:00","CTA|IE","N/A","n/e"," ","890.36"
"27/02/2026 01:00:00 - 27/02/2026 02:00:00","CTA|IE","N/A","n/e"," ","649.72"
"27/02/2026 02:00:00 - 27/02/2026 03:00:00","CTA|IE","N/A","n/e"," ","528.14"
"27/02/2026 03:00:00 - 27/02/2026 04:00:00","CTA|IE","N/A","n/e"," ","455.18"
"27/02/2026 04:00:00 - 27/02/2026 05:00:00","CTA|IE","N/A","n/e"," ","380.70"
"27/02/2026 05:00:00 - 27/02/2026 06:00:00","CTA|IE","N/A","n/e"," ","335.29"
"27/02/2026 06:00:00 - 27/02/2026 07:00:00","CTA|IE","N/A","n/e"," ","346.79"
"27/02/2026 07:00:00 - 27/02/2026 08:00:00","CTA|IE","N/A","n/e"," ","363.29"
"27/02/2026 08:00:00 - 27/02/2026 09:00:00","CTA|IE","N/A","n/e"," ","429.42"
"27/02/2026 09:00:00 - 27/02/2026 10:00:00","CTA|IE","N/A","n/e"," ","400.11"
"27/02/2026 10:00:00 - 27/02/2026 11:00:00","CTA|IE","N/A","n/e"," ","363.46"
"27/02/2026 11:00:00 - 27/02/2026 12:00:00","CTA|IE","N/A","n/e"," ","N/A"
"27/02/2026 12:00:00 - 27/02/2026 13:00:00","CTA|IE","N/A","n/e"," ","631.90"
"27/02/2026 13:00:00 - 27/02/2026 14:00:00","CTA|IE","N/A","n/e"," ","936.50"
"27/02/2026 14:00:00 - 27/02/2026 15:00:00","CTA|IE","N/A","n/e"," ","1153.04"
"27/02/2026 15:00:00 - 27/02/2026 16:00:00","CTA|IE","N/A","n/e"," ","1171.74"
"27/02/2026 16:00:00 - 27/02/2026 17:00:00","CTA|IE","N/A","n/e"," ","1234.80"
"27/02/2026 17:00:00 - 27/02/2026 18:00:00","CTA|IE","N/A","n/e"," ","1204.21"
"27/02/2026 18:00:00 - 27/02/2026 19:00:00","CTA|IE","N/A","n/e"," ","865.72"
"27/02/2026 19:00:00 - 27/02/2026 20:00:00","CTA|IE","N/A","n/e"," ","855.53"
"27/02/2026 20:00:00 - 27/02/2026 21:00:00","CTA|IE","N/A","n/e"," ","891.70"
"27/02/2026 21:00:00 - 27/02/2026 22:00:00","CTA|IE","N/A","n/e"," ","726.04"
"27/02/2026 22:00:00 - 27/02/2026 23:00:00","CTA|IE","N/A","n/e"," ","582.72"
"27/02/2026 23:00:00 - 28/02/2026 00:00:00","CTA|IE","N/A","n/e"," ","523.91"
"28/02/2026 00:00:00 - 28/02/2026 01:00:00","CTA|IE","N/A","n/e"," ","478.59"
"28/02/2026 01:00:00 - 28/02/2026 02:00:00","CTA|IE","N/A","n/e"," ","371.05"
"28/02/2026 02:00:00 - 28/02/2026 03:00:00","CTA|IE","N/A","n/e"," ","274.21"
"28/02/2026 03:00:00 - 28/02/2026 04:00:00","CTA|IE","N/A","n/e"," ","200.48"
"28/02/2026 04:00:00 - 28/02/2026 05:00:00","CTA|IE","N/A","n/e"," ","146.32"
"28/02/2026 05:00:00 - 28/02/2026 06:00:00","CTA|IE","N/A","n/e"," ","188.85"
"28/02/2026 06:00:00 - 28/02/2026 07:00:00","CTA|IE","N/A","n/e"," ","277.93"
"28/02/2026 07:00:00 - 28/02/2026 08:00:00","CTA|IE","N/A","n/e"," ","327.33"
"28/02/2026 08:00:00 - 28/02/2026 09:00:00","CTA|IE","N/A","n/e"," ","453.10"
"28/02/2026 09:00:00 - 28/02/2026 10:00:00","CTA|IE","N/A","n/e"," ","620.35"
"28/02/2026 10:00:00 - 28/02/2026 11:00:00","CTA|IE","N/A","n/e"," ","855.68"
"28/02/2026 11:00:00 - 28/02/2026 12:00:00","CTA|IE","N/A","n/e"," ","1058.58"
"28/02/2026 12:00:00 - 28/02/2026 13:00:00","CTA|IE","N/A","n/e"," ","1260.22"
"28/02/2026 13:00:00 - 28/02/2026 14:00:00","CTA|IE","N/A","n/e"," ","1630.13"
"28/02/2026 14:00:00 - 28/02/2026 15:00:00","CTA|IE","N/A","n/e"," ","1930.94"
"28/02/2026 15:00:00 - 28/02/2026 16:00:00","CTA|IE","N/A","n/e"," ","1924.43"
"28/02/2026 16:00:00 - 28/02/2026 17:00:00","CTA|IE","N/A","n/e"," ","1818.52"
"28/02/2026 17:00:00 - 28/02/2026 18:00:00","CTA|IE","N/A","n/e"," ","1681.07"
"28/02/2026 18:00:00 - 28/02/2026 19:00:00","CTA|IE","N/A","n/e"," ","1263.56"
"28/02/2026 19:00:00 - 28/02/2026 20:00:00","CTA|IE","N/A","n/e"," ","1192.05"
"28/02/2026 20:00:00 - 28/02/2026 21:00:00","CTA|IE","N/A","n/e"," ","1192.21"
"28/02/2026 21:00:00 - 28/02/2026 22:00:00","CTA|IE","N/A","n/e"," ","1096.80"
"28/02/2026 22:00:00 - 28/02/2026 23:00:00","CTA|IE","N/A","n/e"," ","1249.06"
"28/02/2026 23:00:00 - 01/03/2026 00:00:00","CTA|IE","N/A","n/e"," ","1458.03"
"01/03/2026 00:00:00 - 01/03/2026 01:00:00","CTA|IE","N/A","n/e"," ","1947.63"
"01/03/2026 01:00:00 - 01/03/2026 02:00:00","CTA|IE","N/A","n/e"," ","2244.24"
"01/03/2026 02:00:00 - 01/03/2026 03:00:00","CTA|IE","N/A","n/e"," ","2347.52"
"01/03/2026 03:00:00 - 01/03/2026 04:00:00","CTA|IE","N/A","n/e"," ","2538.14"
"01/03/2026 04:00:00 - 01/03/2026 05:00:00","CTA|IE","N/A","n/e"," ","2553.09"
"01/03/2026 05:00:00 - 01/03/2026 06:00:00","CTA|IE","N/A","n/e"," ","2599.48"
"01/03/2026 06:00:00 - 01/03/2026 07:00:00","CTA|IE","N/A","n/e"," ","2591.90"
"01/03/2026 07:00:00 - 01/03/2026 08:00:00","CTA|IE","N/A","n/e"," ","2549.14"
"01/03/2026 08:00:00 - 01/03/2026 09:00:00","CTA|IE","N/A","n/e"," ","2517.23"
"01/03/2026 09:00:00 - 01/03/2026 10:00:00","CTA|IE","N/A","n/e"," ","2527.41"
"01/03/2026 10:00:00 - 01/03/2026 11:00:00","CTA|IE","N/A","n/e"," ","2556.73"
"01/03/2026 11:00:00 - 01/03/2026 12:00:00","CTA|IE","N/A","n/e"," ","2544.29"
"01/03/2026 12:00:00 - 01/03/2026 13:00:00","CTA|IE","N/A","n/e"," ","2616.53"
"01/03/2026 13:00:00 - 01/03/2026 14:00:00","CTA|IE","N/A","n/e"," ","2719.18"
"01/03/2026 14:00:00 - 01/03/2026 15:00:00","CTA|IE","N/A","n/e"," ","2926.57"
"01/03/2026 15:00:00 - 01/03/2026 16:00:00","CTA|IE","N/A","n/e"," ","3111.07"
"01/03/2026 16:00:00 - 01/03/2026 17:00:00","CTA|IE","N/A","n/e"," ","3365.51"
"01/03/2026 17:00:00 - 01/03/2026 18:00:00","CTA|IE","N/A","n/e"," ","3471.27"
"01/03/2026 18:00:00 - 01/03/2026 19:00:00","CTA|IE","N/A","n/e"," ","3667.31"
"01/03/2026 19:00:00 - 01/03/2026 20:00:00","CTA|IE","N/A","n/e"," ","3724.14"
"01/03/2026 20:00:00 - 01/03/2026 21:00:00","CTA|IE","N/A","n/e"," ","3465.46"
"01/03/2026 21:00:00 - 01/03/2026 22:00:00","CTA|IE","N/A","n/e"," ","2908.10"
"01/03/2026 22:00:00 - 01/03/2026 23:00:00","CTA|IE","N/A","n/e"," ","2317.29"
"01/03/2026 23:00:00 - 02/03/2026 00:00:00","CTA|IE","N/A","n/e"," ","1759.86"
"02/03/2026 00:00:00 - 02/03/2026 01:00:00","CTA|IE","N/A","n/e"," ","1432.30"
"02/03/2026 01:00:00 - 02/03/2026 02:00:00","CTA|IE","N/A","n/e"," ","1268.93"
"02/03/2026 02:00:00 - 02/03/2026 03:00:00","CTA|IE","N/A","n/e"," ","1126.21"
"02/03/2026 03:00:00 - 02/03/2026 04:00:00","CTA|IE","N/A","n/e"," ","1117.92"
"02/03/2026 04:00:00 - 02/03/2026 05:00:00","CTA|IE","N/A","n/e"," ","1268.20"
"02/03/2026 05:00:00 - 02/03/2026 06:00:00","CTA|IE","N/A","n/e"," ","1153.29"
"02/03/2026 06:00:00 - 02/03/2026 07:00:00","CTA|IE","N/A","n/e"," ","1190.04"
"02/03/2026 07:00:00 - 02/03/2026 08:00:00","CTA|IE","N/A","n/e"," ","1595.81"
"02/03/2026 08:00:00 - 02/03/2026 09:00:00","CTA|IE","N/A","n/e"," ","1737.12"
"02/03/2026 09:00:00 - 02/03/2026 10:00:00","CTA|IE","N/A","n/e"," ","1817.16"
"02/03/2026 10:00:00 - 02/03/2026 11:00:00","CTA|IE","N/A","n/e"," ","1902.15"
"02/03/2026 11:00:00 - 02/03/2026 12:00:00","CTA|IE","N/A","n/e"," ","1976.70"
"02/03/2026 12:00:00 - 02/03/2026 13:00:00","CTA|IE","N/A","n/e"," ","2348.38"
"02/03/2026 13:00:00 - 02/03/2026 14:00:00","CTA|IE","N/A","n/e"," ","2354.11"
"02/03/2026 14:00:00 - 02/03/2026 15:00:00","CTA|IE","N/A","n/e"," ","1984.99"
"02/03/2026 15:00:00 - 02/03/2026 16:00:00","CTA|IE","N/A","n/e"," ","1717.75"
"02/03/2026 16:00:00 - 02/03/2026 17:00:00","CTA|IE","N/A","n/e"," ","1462.44"
"02/03/2026 17:00:00 - 02/03/2026 18:00:00","CTA|IE","N/A","n/e"," ","1138.74"
"02/03/2026 18:00:00 - 02/03/2026 19:00:00","CTA|IE","N/A","n/e"," ","945.89"
"02/03/2026 19:00:00 - 02/03/2026 20:00:00","CTA|IE","N/A","n/e"," ","821.71"
"02/03/2026 20:00:00 - 02/03/2026 21:00:00","CTA|IE","N/A","n/e"," ","820.40"
"02/03/2026 21:00:00 - 02/03/2026 22:00:00","CTA|IE","N/A","n/e"," ","961.54"
"02/03/2026 22:00:00 - 02/03/2026 23:00:00","CTA|IE","N/A","n/e"," ","990.22"
"02/03/2026 23:00:00 - 03/03/2026 00:00:00","CTA|IE","N/A","n/e"," ","949.31"
"03/03/2026 00:00:00 - 03/03/2026 01:00:00","CTA|IE","N/A","n/e"," ","846.39"
"03/03/2026 01:00:00 - 03/03/2026 02:00:00","CTA|IE","N/A","n/e"," ","786.56"
"03/03/2026 02:00:00 - 03/03/2026 03:00:00","CTA|IE","N/A","n/e"," ","651.33"
"03/03/2026 03:00:00 - 03/03/2026 04:00:00","CTA|IE","N/A","n/e"," ","600.68"
"03/03/2026 04:00:00 - 03/03/2026 05:00:00","CTA|IE","N/A","n/e"," ","504.96"
"03/03/2026 05:00:00 - 03/03/2026 06:00:00","CTA|IE","N/A","n/e"," ","411.90"
"03/03/2026 06:00:00 - 03/03/2026 07:00:00","CTA|IE","N/A","n/e"," ","428.76"
"03/03/2026 07:00:00 - 03/03/2026 08:00:00","CTA|IE","N/A","n/e"," ","462.16"
"03/03/2026 08:00:00 - 03/03/2026 09:00:00","CTA|IE","N/A","n/e"," ","454.12"
"03/03/2026 09:00:00 - 03/03/2026 10:00:00","CTA|IE","N/A","n/e"," ","530.97"
"03/03/2026 10:00:00 - 03/03/2026 11:00:00","CTA|IE","N/A","n/e"," ","494.63"
"03/03/2026 11:00:00 - 03/03/2026 12:00:00","CTA|IE","N/A","n/e"," ","377.43"
"03/03/2026 12:00:00 - 03/03/2026 13:00:00","CTA|IE","N/A","n/e"," ","342.33"
"03/03/2026 13:00:00 - 03/03/2026 14:00:00","CTA|IE","N/A","n/e"," ","478.80"
"03/03/2026 14:00:00 - 03/03/2026 15:00:00","CTA|IE","N/A","n/e"," ","556.27"
"03/03/2026 15:00:00 - 03/03/2026 16:00:00","CTA|IE","N/A","n/e"," ","558.64"
"03/03/2026 16:00:00 - 03/03/2026 17:00:00","CTA|IE","N/A","n/e"," ","473.74"
"03/03/2026 17:00:00 - 03/03/2026 18:00:00","CTA|IE","N/A","n/e"," ","442.99"
"03/03/2026 18:00:00 - 03/03/2026 19:00:00","CTA|IE","N/A","n/e"," ","498.76"
"03/03/2026 19:00:00 - 03/03/2026 20:00:00","CTA|IE","N/A","n/e"," ","736.50"
"03/03/2026 20:00:00 - 03/03/2026 21:00:00","CTA|IE","N/A","n/e"," ","916.75"
"03/03/2026 21:00:00 - 03/03/2026 22:00:00","CTA|IE","N/A","n/e"," ","945.09"
"03/03/2026 22:00:00 - 03/03/2026 23:00:00","CTA|IE","N/A","n/e"," ","1046.42"
"03/03/2026 23:00:00 - 04/03/2026 00:00:00","CTA|IE","N/A","n/e"," ","970.44"
"04/03/2026 00:00:00 - 04/03/2026 01:00:00","CTA|IE","N/A","n/e"," ","891.19"
"04/03/2026 01:00:00 - 04/03/2026 02:00:00","CTA|IE","N/A","n/e"," ","892.61"
"04/03/2026 02:00:00 - 04/03/2026 03:00:00","CTA|IE","N/A","n/e"," ","919.60"
"04/03/2026 03:00:00 - 04/03/2026 04:00:00","CTA|IE","N/A","n/e"," ","935.88"
"04/03/2026 04:00:00 - 04/03/2026 05:00:00","CTA|IE","N/A","n/e"," ","949.89"
"04/03/2026 05:00:00 - 04/03/2026 06:00:00","CTA|IE","N/A","n/e"," ","952.10"
"04/03/2026 06:00:00 - 04/03/2026 07:00:00","CTA|IE","N/A","n/e"," ","882.53"
"04/03/2026 07:00:00 - 04/03/2026 08:00:00","CTA|IE","N/A","n/e"," ","799.91"
"04/03/2026 08:00:00 - 04/03/2026 09:00:00","CTA|IE","N/A","n/e"," ","775.20"
"04/03/2026 09:00:00 - 04/03/2026 10:00:00","CTA|IE","N/A","n/e"," ","817.37"
"04/03/2026 10:00:00 - 04/03/2026 11:00:00","CTA|IE","N/A","n/e"," ","989.22"
"04/03/2026 11:00:00 - 04/03/2026 12:00:00","CTA|IE","N/A","n/e"," ","1246.36"
"04/03/2026 12:00:00 - 04/03/2026 13:00:00","CTA|IE","N/A","n/e"," ","1528.62"
"04/03/2026 13:00:00 - 04/03/2026 14:00:00","CTA|IE","N/A","n/e"," ","1545.03"
"04/03/2026 14:00:00 - 04/03/2026 15:00:00","CTA|IE","N/A","n/e"," ","1541.03"
"04/03/2026 15:00:00 - 04/03/2026 16:00:00","CTA|IE","N/A","n/e"," ","1575.71"
"04/03/2026 16:00:00 - 04/03/2026 17:00:00","CTA|IE","N/A","n/e"," ","1548.50"
"04/03/2026 17:00:00 - 04/03/2026 18:00:00","CTA|IE","N/A","n/e"," ","1497.34"
"04/03/2026 18:00:00 - 04/03/2026 19:00:00","CTA|IE","N/A","n/e"," ","1671.09"
"04/03/2026 19:00:00 - 04/03/2026 20:00:00","CTA|IE","N/A","n/e"," ","1908.59"
"04/03/2026 20:00:00 - 04/03/2026 21:00:00","CTA|IE","N/A","n/e"," ","2049.42"
"04/03/2026 21:00:00 - 04/03/2026 22:00:00","CTA|IE","N/A","n/e"," ","2026.42"
"04/03/2026 22:00:00 - 04/03/2026 23:00:00","CTA|IE","N/A","n/e"," ","1961.96"
"04/03/2026 23:00:00 - 05/03/2026 00:00:00","CTA|IE","N/A","n/e"," ","2008.59"
"05/03/2026 00:00:00 - 05/03/2026 01:00:00","CTA|IE","N/A","n/e"," ","2209.27"
"05/03/2026 01:00:00 - 05/03/2026 02:00:00","CTA|IE","N/A","n/e"," ","2135.10"
"05/03/2026 02:00:00 - 05/03/2026 03:00:00","CTA|IE","N/A","n/e"," ","1966.51"
"05/03/2026 03:00:00 - 05/03/2026 04:00:00","CTA|IE","N/A","n/e"," ","1879.46"
"05/03/2026 04:00:00 - 05/03/2026 05:00:00","CTA|IE","N/A","n/e"," ","1805.19"
"05/03/2026 05:00:00 - 05/03/2026 06:00:00","CTA|IE","N/A","n/e"," ","1349.51"
"05/03/2026 06:00:00 - 05/03/2026 07:00:00","CTA|IE","N/A","n/e"," ","1196.88"
"05/03/2026 07:00:00 - 05/03/2026 08:00:00","CTA|IE","N/A","n/e"," ","1305.99"
"05/03/2026 08:00:00 - 05/03/2026 09:00:00","CTA|IE","N/A","n/e"," ","1859.45"
"05/03/2026 09:00:00 - 05/03/2026 10:00:00","CTA|IE","N/A","n/e"," ","2019.02"
"05/03/2026 10:00:00 - 05/03/2026 11:00:00","CTA|IE","N/A","n/e"," ","2099.05"
"05/03/2026 11:00:00 - 05/03/2026 12:00:00","CTA|IE","N/A","n/e"," ","2215.00"
"05/03/2026 12:00:00 - 05/03/2026 13:00:00","CTA|IE","N/A","n/e"," ","2368.38"
"05/03/2026 13:00:00 - 05/03/2026 14:00:00","CTA|IE","N/A","n/e"," ","2337.54"
"05/03/2026 14:00:00 - 05/03/2026 15:00:00","CTA|IE","N/A","n/e"," ","2350.81"
"05/03/2026 15:00:00 - 05/03/2026 16:00:00","CTA|IE","N/A","n/e"," ","2358.74"
"05/03/2026 16:00:00 - 05/03/2026 17:00:00","CTA|IE","N/A","n/e"," ","2398.78"
"05/03/2026 17:00:00 - 05/03/2026 18:00:00","CTA|IE","N/A","n/e"," ","2277.63"
"05/03/2026 18:00:00 - 05/03/2026 19:00:00","CTA|IE","N/A","n/e"," ","1888.88"
"05/03/2026 19:00:00 - 05/03/2026 20:00:00","CTA|IE","N/A","n/e"," ","1482.35"
"05/03/2026 20:00:00 - 05/03/2026 21:00:00","CTA|IE","N/A","n/e"," ","1198.82"
"05/03/2026 21:00:00 - 05/03/2026 22:00:00","CTA|IE","N/A","n/e"," ","978.08"
"05/03/2026 22:00:00 - 05/03/2026 23:00:00","CTA|IE","N/A","n/e"," ","934.09"
"05/03/2026 23:00:00 - 06/03/2026 00:00:00","CTA|IE","N/A","n/e"," ","871.07"
"06/03/2026 00:00:00 - 06/03/2026 01:00:00","CTA|IE","N/A","n/e"," ","769.39"
"06/03/2026 01:00:00 - 06/03/2026 02:00:00","CTA|IE","N/A","n/e"," ","736.26"
"06/03/2026 02:00:00 - 06/03/2026 03:00:00","CTA|IE","N/A","n/e"," ","700.65"
"06/03/2026 03:00:00 - 06/03/2026 04:00:00","CTA|IE","N/A","n/e"," ","522.82"
"06/03/2026 04:00:00 - 06/03/2026 05:00:00","CTA|IE","N/A","n/e"," ","364.72"
"06/03/2026 05:00:00 - 06/03/2026 06:00:00","CTA|IE","N/A","n/e"," ","272.56"
"06/03/2026 06:00:00 - 06/03/2026 07:00:00","CTA|IE","N/A","n/e"," ","203.65"
"06/03/2026 07:00:00 - 06/03/2026 08:00:00","CTA|IE","N/A","n/e"," ","182.63"
"06/03/2026 08:00:00 - 06/03/2026 09:00:00","CTA|IE","N/A","n/e"," ","197.32"
"06/03/2026 09:00:00 - 06/03/2026 10:00:00","CTA|IE","N/A","n/e"," ","231.92"
"06/03/2026 10:00:00 - 06/03/2026 11:00:00","CTA|IE","N/A","n/e"," ","239.90"
"06/03/2026 11:00:00 - 06/03/2026 12:00:00","CTA|IE","N/A","n/e"," ","246.90"
"06/03/2026 12:00:00 - 06/03/2026 13:00:00","CTA|IE","N/A","n/e"," ","402.08"
"06/03/2026 13:00:00 - 06/03/2026 14:00:00","CTA|IE","N/A","n/e"," ","545.95"
"06/03/2026 14:00:00 - 06/03/2026 15:00:00","CTA|IE","N/A","n/e"," ","653.84"
"06/03/2026 15:00:00 - 06/03/2026 16:00:00","CTA|IE","N/A","n/e"," ","686.37"
"06/03/2026 16:00:00 - 06/03/2026 17:00:00","CTA|IE","N/A","n/e"," ","828.62"
"06/03/2026 17:00:00 - 06/03/2026 18:00:00","CTA|IE","N/A","n/e"," ","941.32"
"06/03/2026 18:00:00 - 06/03/2026 19:00:00","CTA|IE","N/A","n/e"," ","976.87"
"06/03/2026 19:00:00 - 06/03/2026 20:00:00","CTA|IE","N/A","n/e"," ","1121.23"
"06/03/2026 20:00:00 - 06/03/2026 21:00:00","CTA|IE","N/A","n/e"," ","1246.99"
"06/03/2026 21:00:00 - 06/03/2026 22:00:00","CTA|IE","N/A","n/e"," ","1454.77"
"06/03/2026 22:00:00 - 06/03/2026 23:00:00","CTA|IE","N/A","n/e"," ","1740.88"
"06/03/2026 23:00:00 - 07/03/2026 00:00:00","CTA|IE","N/A","n/e"," ","1951.64"
"07/03/2026 00:00:00 - 07/03/2026 01:00:00","CTA|IE","N/A","n/e"," ","2032.75"
"07/03/2026 01:00:00 - 07/03/2026 02:00:00","CTA|IE","N/A","n/e"," ","2001.42"
"07/03/2026 02:00:00 - 07/03/2026 03:00:00","CTA|IE","N/A","n/e"," ","1895.11"
"07/03/2026 03:00:00 - 07/03/2026 04:00:00","CTA|IE","N/A","n/e"," ","1898.07"
"07/03/2026 04:00:00 - 07/03/2026 05:00:00","CTA|IE","N/A","n/e"," ","1994.47"
"07/03/2026 05:00:00 - 07/03/2026 06:00:00","CTA|IE","N/A","n/e"," ","1951.45"
"07/03/2026 06:00:00 - 07/03/2026 07:00:00","CTA|IE","N/A","n/e"," ","1949.08"
"07/03/2026 07:00:00 - 07/03/2026 08:00:00","CTA|IE","N/A","n/e"," ","1905.22"
"07/03/2026 08:00:00 - 07/03/2026 09:00:00","CTA|IE","N/A","n/e"," ","1899.55"
"07/03/2026 09:00:00 - 07/03/2026 10:00:00","CTA|IE","N/A","n/e"," ","1879.57"
"07/03/2026 10:00:00 - 07/03/2026 11:00:00","CTA|IE","N/A","n/e"," ","2045.68"
"07/03/2026 11:00:00 - 07/03/2026 12:00:00","CTA|IE","N/A","n/e"," ","2124.68"
"07/03/2026 12:00:00 - 07/03/2026 13:00:00","CTA|IE","N/A","n/e"," ","2277.39"
"07/03/2026 13:00:00 - 07/03/2026 14:00:00","CTA|IE","N/A","n/e"," ","2358.39"
"07/03/2026 14:00:00 - 07/03/2026 15:00:00","CTA|IE","N/A","n/e"," ","2323.00"
"07/03/2026 15:00:00 - 07/03/2026 16:00:00","CTA|IE","N/A","n/e"," ","2376.58"
"07/03/2026 16:00:00 - 07/03/2026 17:00:00","CTA|IE","N/A","n/e"," ","2300.39"
"07/03/2026 17:00:00 - 07/03/2026 18:00:00","CTA|IE","N/A","n/e"," ","2067.39"
"07/03/2026 18:00:00 - 07/03/2026 19:00:00","CTA|IE","N/A","n/e"," ","1924.35"
"07/03/2026 19:00:00 - 07/03/2026 20:00:00","CTA|IE","N/A","n/e"," ","1785.66"
"07/03/2026 20:00:00 - 07/03/2026 21:00:00","CTA|IE","N/A","n/e"," ","1812.48"
"07/03/2026 21:00:00 - 07/03/2026 22:00:00","CTA|IE","N/A","n/e"," ","1846.82"
"07/03/2026 22:00:00 - 07/03/2026 23:00:00","CTA|IE","N/A","n/e"," ","1979.46"
"07/03/2026 23:00:00 - 08/03/2026 00:00:00","CTA|IE","N/A","n/e"," ","1992.74"
"08/03/2026 00:00:00 - 08/03/2026 01:00:00","CTA|IE","N/A","n/e"," ","1946.83"
"08/03/2026 01:00:00 - 08/03/2026 02:00:00","CTA|IE","2201.35","n/e"," ","1825.05"
"08/03/2026 02:00:00 - 08/03/2026 03:00:00","CTA|IE","2186.22","n/e"," ","1859.70"
"08/03/2026 03:00:00 - 08/03/2026 04:00:00","CTA|IE","2166.05","n/e"," ","1819.98"
"08/03/2026 04:00:00 - 08/03/2026 05:00:00","CTA|IE","2136.42","n/e"," ","1854.24"
"08/03/2026 05:00:00 - 08/03/2026 06:00:00","CTA|IE","2094.16","n/e"," ","1819.34"
"08/03/2026 06:00:00 - 08/03/2026 07:00:00","CTA|IE","2076.17","n/e"," ","1902.08"
"08/03/2026 07:00:00 - 08/03/2026 08:00:00","CTA|IE","2087.90","n/e"," ","1942.49"
"08/03/2026 08:00:00 - 08/03/2026 09:00:00","CTA|IE","2129.04","n/e"," ","2025.00"
"08/03/2026 09:00:00 - 08/03/2026 10:00:00","CTA|IE","2140.99","n/e"," ","2110.77"
"08/03/2026 10:00:00 - 08/03/2026 11:00:00","CTA|IE","2129.34","n/e"," ","2196.74"
"08/03/2026 11:00:00 - 08/03/2026 12:00:00","CTA|IE","2124.63","n/e"," ","2214.74"
"08/03/2026 12:00:00 - 08/03/2026 13:00:00","CTA|IE","2151.48","n/e"," ","2188.54"
"08/03/2026 13:00:00 - 08/03/2026 14:00:00","CTA|IE","2131.32","n/e"," ","2208.07"
"08/03/2026 14:00:00 - 08/03/2026 15:00:00","CTA|IE","2057.80","n/e"," ","2252.15"
"08/03/2026 15:00:00 - 08/03/2026 16:00:00","CTA|IE","1924.17","n/e"," ","2289.77"
"08/03/2026 16:00:00 - 08/03/2026 17:00:00","CTA|IE","1722.41","n/e"," ","2270.50"
"08/03/2026 17:00:00 - 08/03/2026 18:00:00","CTA|IE","1480.41","n/e"," ","2052.51"
"08/03/2026 18:00:00 - 08/03/2026 19:00:00","CTA|IE","1278.06","n/e"," ","1830.96"
"08/03/2026 19:00:00 - 08/03/2026 20:00:00","CTA|IE","1106.12","n/e"," ","1649.32"
"08/03/2026 20:00:00 - 08/03/2026 21:00:00","CTA|IE","976.58","n/e"," ","1474.47"
"08/03/2026 21:00:00 - 08/03/2026 22:00:00","CTA|IE","863.43","n/e"," ","1276.58"
"08/03/2026 22:00:00 - 08/03/2026 23:00:00","CTA|IE","785.66","n/e"," ","1028.16"
"08/03/2026 23:00:00 - 09/03/2026 00:00:00","CTA|IE","740.74","n/e"," ","887.17"
"09/03/2026 00:00:00 - 09/03/2026 01:00:00","CTA|IE","699.66","n/e"," ","727.98"
"09/03/2026 01:00:00 - 09/03/2026 02:00:00","CTA|IE","802.08","n/e"," ","684.28"
"09/03/2026 02:00:00 - 09/03/2026 03:00:00","CTA|IE","690.10","n/e"," ","571.25"
"09/03/2026 03:00:00 - 09/03/2026 04:00:00","CTA|IE","605.89","n/e"," ","446.05"
"09/03/2026 04:00:00 - 09/03/2026 05:00:00","CTA|IE","562.37","n/e"," ","378.77"
"09/03/2026 05:00:00 - 09/03/2026 06:00:00","CTA|IE","546.42","n/e"," ","372.78"
"09/03/2026 06:00:00 - 09/03/2026 07:00:00","CTA|IE","547.02","n/e"," ","471.21"
"09/03/2026 07:00:00 - 09/03/2026 08:00:00","CTA|IE","545.11","n/e"," ","604.27"
"09/03/2026 08:00:00 - 09/03/2026 09:00:00","CTA|IE","527.90","n/e"," ","539.86"
"09/03/2026 09:00:00 - 09/03/2026 10:00:00","CTA|IE","487.88","n/e"," ","373.21"
"09/03/2026 10:00:00 - 09/03/2026 11:00:00","CTA|IE","434.95","n/e"," ","289.51"
"09/03/2026 11:00:00 - 09/03/2026 12:00:00","CTA|IE","404.06","n/e"," ","300.31"
"09/03/2026 12:00:00 - 09/03/2026 13:00:00","CTA|IE","374.74","n/e"," ","376.82"
"09/03/2026 13:00:00 - 09/03/2026 14:00:00","CTA|IE","346.18","n/e"," ","580.00"
"09/03/2026 14:00:00 - 09/03/2026 15:00:00","CTA|IE","342.20","n/e"," ","841.54"
"09/03/2026 15:00:00 - 09/03/2026 16:00:00","CTA|IE","365.07","n/e"," ","1094.26"
"09/03/2026 16:00:00 - 09/03/2026 17:00:00","CTA|IE","410.47","n/e"," ","1281.32"
"09/03/2026 17:00:00 - 09/03/2026 18:00:00","CTA|IE","438.75","n/e"," ","1350.01"
"09/03/2026 18:00:00 - 09/03/2026 19:00:00","CTA|IE","451.15","n/e"," ","1441.08"
"09/03/2026 19:00:00 - 09/03/2026 20:00:00","CTA|IE","441.67","n/e"," ","1574.75"
"09/03/2026 20:00:00 - 09/03/2026 21:00:00","CTA|IE","445.10","n/e"," ","1759.07"
"09/03/2026 21:00:00 - 09/03/2026 22:00:00","CTA|IE","495.75","n/e"," ","2091.37"
"09/03/2026 22:00:00 - 09/03/2026 23:00:00","CTA|IE","612.76","n/e"," ","2162.08"
"09/03/2026 23:00:00 - 10/03/2026 00:00:00","CTA|IE","774.61","n/e"," ","2420.65"
"10/03/2026 00:00:00 - 10/03/2026 01:00:00","CTA|IE","970.00","n/e"," ","2602.40"
"10/03/2026 01:00:00 - 10/03/2026 02:00:00","CTA|IE","2544.89","n/e"," ","2798.99"
"10/03/2026 02:00:00 - 10/03/2026 03:00:00","CTA|IE","2744.63","n/e"," ","2760.56"
"10/03/2026 03:00:00 - 10/03/2026 04:00:00","CTA|IE","2850.13","n/e"," ","2777.70"
"10/03/2026 04:00:00 - 10/03/2026 05:00:00","CTA|IE","2819.50","n/e"," ","2669.45"
"10/03/2026 05:00:00 - 10/03/2026 06:00:00","CTA|IE","2651.62","n/e"," ","2417.69"
"10/03/2026 06:00:00 - 10/03/2026 07:00:00","CTA|IE","2410.98","n/e"," ","2286.04"
"10/03/2026 07:00:00 - 10/03/2026 08:00:00","CTA|IE","2136.03","n/e"," ","2159.69"
"10/03/2026 08:00:00 - 10/03/2026 09:00:00","CTA|IE","1917.15","n/e"," ","2000.11"
"10/03/2026 09:00:00 - 10/03/2026 10:00:00","CTA|IE","1850.85","n/e"," ","1894.53"
"10/03/2026 10:00:00 - 10/03/2026 11:00:00","CTA|IE","1977.33","n/e"," ","1727.23"
"10/03/2026 11:00:00 - 10/03/2026 12:00:00","CTA|IE","2205.44","n/e"," ","1820.83"
"10/03/2026 12:00:00 - 10/03/2026 13:00:00","CTA|IE","2517.72","n/e"," ","1896.83"
"10/03/2026 13:00:00 - 10/03/2026 14:00:00","CTA|IE","2879.26","n/e"," ","2064.62"
"10/03/2026 14:00:00 - 10/03/2026 15:00:00","CTA|IE","3247.67","n/e"," ","2402.01"
"10/03/2026 15:00:00 - 10/03/2026 16:00:00","CTA|IE","3548.71","n/e"," ","2974.18"
"10/03/2026 16:00:00 - 10/03/2026 17:00:00","CTA|IE","3781.45","n/e"," ","3227.24"
"10/03/2026 17:00:00 - 10/03/2026 18:00:00","CTA|IE","3940.90","n/e"," ","3352.36"
"10/03/2026 18:00:00 - 10/03/2026 19:00:00","CTA|IE","4062.31","n/e"," ","3475.94"
"10/03/2026 19:00:00 - 10/03/2026 20:00:00","CTA|IE","4149.39","n/e"," ","3575.85"
"10/03/2026 20:00:00 - 10/03/2026 21:00:00","CTA|IE","4209.14","n/e"," ","3524.66"
"10/03/2026 21:00:00 - 10/03/2026 22:00:00","CTA|IE","4276.01","n/e"," ","3464.58"
"10/03/2026 22:00:00 - 10/03/2026 23:00:00","CTA|IE","4315.85","n/e"," ","3383.15"
"10/03/2026 23:00:00 - 11/03/2026 00:00:00","CTA|IE","4321.87","n/e"," ","3288.92"
"11/03/2026 00:00:00 - 11/03/2026 01:00:00","CTA|IE","4297.96","n/e"," ","3164.52"
"11/03/2026 01:00:00 - 11/03/2026 02:00:00","CTA|IE","N/A","n/e"," ","3009.70"
"11/03/2026 02:00:00 - 11/03/2026 03:00:00","CTA|IE","N/A","n/e"," ","2920.89"
"11/03/2026 03:00:00 - 11/03/2026 04:00:00","CTA|IE","N/A","n/e"," ","2874.93"
"11/03/2026 04:00:00 - 11/03/2026 05:00:00","CTA|IE","N/A","n/e"," ","2854.22"
"11/03/2026 05:00:00 - 11/03/2026 06:00:00","CTA|IE","N/A","n/e"," ","2831.66"
"11/03/2026 06:00:00 - 11/03/2026 07:00:00","CTA|IE","N/A","n/e"," ","2785.16"
"11/03/2026 07:00:00 - 11/03/2026 08:00:00","CTA|IE","N/A","n/e"," ","2770.93"
"11/03/2026 08:00:00 - 11/03/2026 09:00:00","CTA|IE","N/A","n/e"," ","3007.68"
"11/03/2026 09:00:00 - 11/03/2026 10:00:00","CTA|IE","N/A","n/e"," ","2715.48"
"11/03/2026 10:00:00 - 11/03/2026 11:00:00","CTA|IE","N/A","n/e"," ","2495.93"
"11/03/2026 11:00:00 - 11/03/2026 12:00:00","CTA|IE","N/A","n/e"," ","2501.28"
"11/03/2026 12:00:00 - 11/03/2026 13:00:00","CTA|IE","N/A","n/e"," ","2566.32"
"11/03/2026 13:00:00 - 11/03/2026 14:00:00","CTA|IE","N/A","n/e"," ","2529.65"
"11/03/2026 14:00:00 - 11/03/2026 15:00:00","CTA|IE","N/A","n/e"," ","2739.19"
"11/03/2026 15:00:00 - 11/03/2026 16:00:00","CTA|IE","N/A","n/e"," ","2879.73"
"11/03/2026 16:00:00 - 11/03/2026 17:00:00","CTA|IE","N/A","n/e"," ","2925.69"
"11/03/2026 17:00:00 - 11/03/2026 18:00:00","CTA|IE","N/A","n/e"," ","2917.26"
"11/03/2026 18:00:00 - 11/03/2026 19:00:00","CTA|IE","N/A","n/e"," ","2981.10"
"11/03/2026 19:00:00 - 11/03/2026 20:00:00","CTA|IE","N/A","n/e"," ","2976.61"
"11/03/2026 20:00:00 - 11/03/2026 21:00:00","CTA|IE","N/A","n/e"," ","3156.48"
"11/03/2026 21:00:00 - 11/03/2026 22:00:00","CTA|IE","N/A","n/e"," ","3230.33"
"11/03/2026 22:00:00 - 11/03/2026 23:00:00","CTA|IE","N/A","n/e"," ","3276.67"
"11/03/2026 23:00:00 - 12/03/2026 00:00:00","CTA|IE","N/A","n/e"," ","3389.67"
"12/03/2026 00:00:00 - 12/03/2026 01:00:00","CTA|IE","N/A","n/e"," ","3269.00"
"12/03/2026 01:00:00 - 12/03/2026 02:00:00","CTA|IE","4130.95","n/e"," ","3250.27"
"12/03/2026 02:00:00 - 12/03/2026 03:00:00","CTA|IE","4175.22","n/e"," ","3111.15"
"12/03/2026 03:00:00 - 12/03/2026 04:00:00","CTA|IE","4229.92","n/e"," ","3099.81"
"12/03/2026 04:00:00 - 12/03/2026 05:00:00","CTA|IE","4287.25","n/e"," ","3134.48"
"12/03/2026 05:00:00 - 12/03/2026 06:00:00","CTA|IE","4350.91","n/e"," ","3049.97"
"12/03/2026 06:00:00 - 12/03/2026 07:00:00","CTA|IE","4430.06","n/e"," ","3043.39"
"12/03/2026 07:00:00 - 12/03/2026 08:00:00","CTA|IE","4463.27","n/e"," ","3262.33"
"12/03/2026 08:00:00 - 12/03/2026 09:00:00","CTA|IE","4417.28","n/e"," ","3498.95"
"12/03/2026 09:00:00 - 12/03/2026 10:00:00","CTA|IE","4345.39","n/e"," ","3426.84"
"12/03/2026 10:00:00 - 12/03/2026 11:00:00","CTA|IE","4283.02","n/e"," ","3277.77"
"12/03/2026 11:00:00 - 12/03/2026 12:00:00","CTA|IE","4251.30","n/e"," ","3078.85"
"12/03/2026 12:00:00 - 12/03/2026 13:00:00","CTA|IE","4222.57","n/e"," ","2995.40"
"12/03/2026 13:00:00 - 12/03/2026 14:00:00","CTA|IE","4185.05","n/e"," ","2977.80"
"12/03/2026 14:00:00 - 12/03/2026 15:00:00","CTA|IE","4128.27","n/e"," ","2908.28"
"12/03/2026 15:00:00 - 12/03/2026 16:00:00","CTA|IE","4040.85","n/e"," ","2951.52"
"12/03/2026 16:00:00 - 12/03/2026 17:00:00","CTA|IE","3927.64","n/e"," ","3020.28"
"12/03/2026 17:00:00 - 12/03/2026 18:00:00","CTA|IE","3797.53","n/e"," ","3079.99"
"12/03/2026 18:00:00 - 12/03/2026 19:00:00","CTA|IE","3667.65","n/e"," ","2976.52"
"12/03/2026 19:00:00 - 12/03/2026 20:00:00","CTA|IE","3528.55","n/e"," ","2898.79"
"12/03/2026 20:00:00 - 12/03/2026 21:00:00","CTA|IE","3467.83","n/e"," ","2946.59"
"12/03/2026 21:00:00 - 12/03/2026 22:00:00","CTA|IE","3509.86","n/e"," ","2962.01"
"12/03/2026 22:00:00 - 12/03/2026 23:00:00","CTA|IE","3633.51","n/e"," ","2967.60"
"12/03/2026 23:00:00 - 13/03/2026 00:00:00","CTA|IE","3742.48","n/e"," ","2869.45"
"13/03/2026 00:00:00 - 13/03/2026 01:00:00","CTA|IE","3759.87","n/e"," ","2789.98"
"13/03/2026 01:00:00 - 13/03/2026 02:00:00","CTA|IE","4030.97","n/e"," ","2774.52"
"13/03/2026 02:00:00 - 13/03/2026 03:00:00","CTA|IE","4089.67","n/e"," ","2625.98"
"13/03/2026 03:00:00 - 13/03/2026 04:00:00","CTA|IE","4159.02","n/e"," ","2606.40"
"13/03/2026 04:00:00 - 13/03/2026 05:00:00","CTA|IE","4199.00","n/e"," ","2551.05"
"13/03/2026 05:00:00 - 13/03/2026 06:00:00","CTA|IE","4180.45","n/e"," ","2448.86"
"13/03/2026 06:00:00 - 13/03/2026 07:00:00","CTA|IE","4087.40","n/e"," ","2492.24"
"13/03/2026 07:00:00 - 13/03/2026 08:00:00","CTA|IE","3927.87","n/e"," ","2521.69"
"13/03/2026 08:00:00 - 13/03/2026 09:00:00","CTA|IE","3719.00","n/e"," ","2705.82"
"13/03/2026 09:00:00 - 13/03/2026 10:00:00","CTA|IE","3483.02","n/e"," ","2630.83"
"13/03/2026 10:00:00 - 13/03/2026 11:00:00","CTA|IE","3297.98","n/e"," ","2474.70"
"13/03/2026 11:00:00 - 13/03/2026 12:00:00","CTA|IE","3155.68","n/e"," ","2213.30"
"13/03/2026 12:00:00 - 13/03/2026 13:00:00","CTA|IE","3080.67","n/e"," ","2195.67"
"13/03/2026 13:00:00 - 13/03/2026 14:00:00","CTA|IE","3089.75","n/e"," ","2064.74"
"13/03/2026 14:00:00 - 13/03/2026 15:00:00","CTA|IE","3232.09","n/e"," ","1865.14"
"13/03/2026 15:00:00 - 13/03/2026 16:00:00","CTA|IE","3434.87","n/e"," ","1908.47"
"13/03/2026 16:00:00 - 13/03/2026 17:00:00","CTA|IE","3550.74","n/e"," ","1969.12"
"13/03/2026 17:00:00 - 13/03/2026 18:00:00","CTA|IE","3508.79","n/e"," ","1705.25"
"13/03/2026 18:00:00 - 13/03/2026 19:00:00","CTA|IE","3378.64","n/e"," ","1345.71"
"13/03/2026 19:00:00 - 13/03/2026 20:00:00","CTA|IE","3194.31","n/e"," ","894.99"
"13/03/2026 20:00:00 - 13/03/2026 21:00:00","CTA|IE","3044.52","n/e"," ","882.91"
"13/03/2026 21:00:00 - 13/03/2026 22:00:00","CTA|IE","2931.09","n/e"," ","917.04"
"13/03/2026 22:00:00 - 13/03/2026 23:00:00","CTA|IE","2828.23","n/e"," ","932.81"
"13/03/2026 23:00:00 - 14/03/2026 00:00:00","CTA|IE","2734.04","n/e"," ","866.52"
"14/03/2026 00:00:00 - 14/03/2026 01:00:00","CTA|IE","2668.30","n/e"," ","765.70"
"14/03/2026 01:00:00 - 14/03/2026 02:00:00","CTA|IE","1766.13","n/e"," ","797.33"
"14/03/2026 02:00:00 - 14/03/2026 03:00:00","CTA|IE","1704.50","n/e"," ","803.47"
"14/03/2026 03:00:00 - 14/03/2026 04:00:00","CTA|IE","1671.91","n/e"," ","735.70"
"14/03/2026 04:00:00 - 14/03/2026 05:00:00","CTA|IE","1636.93","n/e"," ","664.30"
"14/03/2026 05:00:00 - 14/03/2026 06:00:00","CTA|IE","1597.02","n/e"," ","626.11"
"14/03/2026 06:00:00 - 14/03/2026 07:00:00","CTA|IE","1569.90","n/e"," ","530.88"
"14/03/2026 07:00:00 - 14/03/2026 08:00:00","CTA|IE","1533.07","n/e"," ","495.39"
"14/03/2026 08:00:00 - 14/03/2026 09:00:00","CTA|IE","1446.00","n/e"," ","408.32"
"14/03/2026 09:00:00 - 14/03/2026 10:00:00","CTA|IE","1361.74","n/e"," ","356.88"
"14/03/2026 10:00:00 - 14/03/2026 11:00:00","CTA|IE","1351.51","n/e"," ","324.26"
"14/03/2026 11:00:00 - 14/03/2026 12:00:00","CTA|IE","1412.57","n/e"," ","376.14"
"14/03/2026 12:00:00 - 14/03/2026 13:00:00","CTA|IE","1462.71","n/e"," ","612.92"
"14/03/2026 13:00:00 - 14/03/2026 14:00:00","CTA|IE","1444.05","n/e"," ","767.20"
"14/03/2026 14:00:00 - 14/03/2026 15:00:00","CTA|IE","1412.91","n/e"," ","1049.81"
"14/03/2026 15:00:00 - 14/03/2026 16:00:00","CTA|IE","1333.31","n/e"," ","1077.65"
"14/03/2026 16:00:00 - 14/03/2026 17:00:00","CTA|IE","1215.23","n/e"," ","1116.35"
"14/03/2026 17:00:00 - 14/03/2026 18:00:00","CTA|IE","1047.30","n/e"," ","983.62"
"14/03/2026 18:00:00 - 14/03/2026 19:00:00","CTA|IE","879.78","n/e"," ","829.71"
"14/03/2026 19:00:00 - 14/03/2026 20:00:00","CTA|IE","774.76","n/e"," ","590.65"
"14/03/2026 20:00:00 - 14/03/2026 21:00:00","CTA|IE","690.18","n/e"," ","636.36"
"14/03/2026 21:00:00 - 14/03/2026 22:00:00","CTA|IE","653.80","n/e"," ","826.64"
"14/03/2026 22:00:00 - 14/03/2026 23:00:00","CTA|IE","704.12","n/e"," ","1067.70"
"14/03/2026 23:00:00 - 15/03/2026 00:00:00","CTA|IE","832.73","n/e"," ","1502.04"
"15/03/2026 00:00:00 - 15/03/2026 01:00:00","CTA|IE","987.67","n/e"," ","1896.26"
"15/03/2026 01:00:00 - 15/03/2026 02:00:00","CTA|IE","1318.97","n/e"," ","2043.72"
"15/03/2026 02:00:00 - 15/03/2026 03:00:00","CTA|IE","1661.13","n/e"," ","2091.31"
"15/03/2026 03:00:00 - 15/03/2026 04:00:00","CTA|IE","2013.91","n/e"," ","2375.90"
"15/03/2026 04:00:00 - 15/03/2026 05:00:00","CTA|IE","2302.65","n/e"," ","2464.15"
"15/03/2026 05:00:00 - 15/03/2026 06:00:00","CTA|IE","2538.36","n/e"," ","2655.84"
"15/03/2026 06:00:00 - 15/03/2026 07:00:00","CTA|IE","2750.00","n/e"," ","2605.96"
"15/03/2026 07:00:00 - 15/03/2026 08:00:00","CTA|IE","2866.44","n/e"," ","2634.40"
"15/03/2026 08:00:00 - 15/03/2026 09:00:00","CTA|IE","2907.98","n/e"," ","2724.65"
"15/03/2026 09:00:00 - 15/03/2026 10:00:00","CTA|IE","2945.01","n/e"," ","2974.65"
"15/03/2026 10:00:00 - 15/03/2026 11:00:00","CTA|IE","3097.33","n/e"," ","3035.81"
"15/03/2026 11:00:00 - 15/03/2026 12:00:00","CTA|IE","3349.15","n/e"," ","2968.08"
"15/03/2026 12:00:00 - 15/03/2026 13:00:00","CTA|IE","3612.02","n/e"," ","2603.46"
"15/03/2026 13:00:00 - 15/03/2026 14:00:00","CTA|IE","3837.66","n/e"," ","2643.07"
"15/03/2026 14:00:00 - 15/03/2026 15:00:00","CTA|IE","4039.09","n/e"," ","2686.83"
"15/03/2026 15:00:00 - 15/03/2026 16:00:00","CTA|IE","4140.51","n/e"," ","2604.35"
"15/03/2026 16:00:00 - 15/03/2026 17:00:00","CTA|IE","4132.67","n/e"," ","2688.85"
"15/03/2026 17:00:00 - 15/03/2026 18:00:00","CTA|IE","4108.70","n/e"," ","3031.59"
"15/03/2026 18:00:00 - 15/03/2026 19:00:00","CTA|IE","4089.41","n/e"," ","3028.02"
"15/03/2026 19:00:00 - 15/03/2026 20:00:00","CTA|IE","4074.41","n/e"," ","2985.72"
"15/03/2026 20:00:00 - 15/03/2026 21:00:00","CTA|IE","4058.81","n/e"," ","2875.35"
"15/03/2026 21:00:00 - 15/03/2026 22:00:00","CTA|IE","4069.31","n/e"," ","2785.18"
"15/03/2026 22:00:00 - 15/03/2026 23:00:00","CTA|IE","4063.89","n/e"," ","2670.24"
"15/03/2026 23:00:00 - 16/03/2026 00:00:00","CTA|IE","4018.89","n/e"," ","2608.82"
"16/03/2026 00:00:00 - 16/03/2026 01:00:00","CTA|IE","3954.17","n/e"," ","2507.40"
"16/03/2026 01:00:00 - 16/03/2026 02:00:00","CTA|IE","3762.18","n/e"," ","2265.07"
"16/03/2026 02:00:00 - 16/03/2026 03:00:00","CTA|IE","3729.17","n/e"," ","2182.08"
"16/03/2026 03:00:00 - 16/03/2026 04:00:00","CTA|IE","3682.98","n/e"," ","2059.59"
"16/03/2026 04:00:00 - 16/03/2026 05:00:00","CTA|IE","3592.09","n/e"," ","1898.21"
"16/03/2026 05:00:00 - 16/03/2026 06:00:00","CTA|IE","3454.80","n/e"," ","1958.29"
"16/03/2026 06:00:00 - 16/03/2026 07:00:00","CTA|IE","3312.80","n/e"," ","1968.99"
"16/03/2026 07:00:00 - 16/03/2026 08:00:00","CTA|IE","3198.29","n/e"," ","1999.54"
"16/03/2026 08:00:00 - 16/03/2026 09:00:00","CTA|IE","3128.17","n/e"," ","1802.07"
"16/03/2026 09:00:00 - 16/03/2026 10:00:00","CTA|IE","3162.41","n/e"," ","1767.81"
"16/03/2026 10:00:00 - 16/03/2026 11:00:00","CTA|IE","3368.76","n/e"," ","1935.50"
"16/03/2026 11:00:00 - 16/03/2026 12:00:00","CTA|IE","3633.03","n/e"," ","2038.97"
"16/03/2026 12:00:00 - 16/03/2026 13:00:00","CTA|IE","3875.59","n/e"," ","2590.21"
"16/03/2026 13:00:00 - 16/03/2026 14:00:00","CTA|IE","4050.48","n/e"," ","3067.69"
"16/03/2026 14:00:00 - 16/03/2026 15:00:00","CTA|IE","4163.16","n/e"," ","3319.46"
"16/03/2026 15:00:00 - 16/03/2026 16:00:00","CTA|IE","4165.29","n/e"," ","3413.28"
"16/03/2026 16:00:00 - 16/03/2026 17:00:00","CTA|IE","4106.89","n/e"," ","3397.38"
"16/03/2026 17:00:00 - 16/03/2026 18:00:00","CTA|IE","4045.79","n/e"," ","3335.82"
"16/03/2026 18:00:00 - 16/03/2026 19:00:00","CTA|IE","4018.75","n/e"," ","3434.56"
"16/03/2026 19:00:00 - 16/03/2026 20:00:00","CTA|IE","3965.15","n/e"," ","3313.57"
"16/03/2026 20:00:00 - 16/03/2026 21:00:00","CTA|IE","3908.33","n/e"," ","3186.73"
"16/03/2026 21:00:00 - 16/03/2026 22:00:00","CTA|IE","3905.09","n/e"," ","3055.71"
"16/03/2026 22:00:00 - 16/03/2026 23:00:00","CTA|IE","3954.05","n/e"," ","3159.55"
"16/03/2026 23:00:00 - 17/03/2026 00:00:00","CTA|IE","4005.55","n/e"," ","3242.58"
"17/03/2026 00:00:00 - 17/03/2026 01:00:00","CTA|IE","4055.87","n/e"," ","3148.19"
"17/03/2026 01:00:00 - 17/03/2026 02:00:00","CTA|IE","4026.47","n/e"," ","3082.93"
"17/03/2026 02:00:00 - 17/03/2026 03:00:00","CTA|IE","4079.93","n/e"," ","3061.78"
"17/03/2026 03:00:00 - 17/03/2026 04:00:00","CTA|IE","4130.61","n/e"," ","3081.79"
"17/03/2026 04:00:00 - 17/03/2026 05:00:00","CTA|IE","4185.58","n/e"," ","3002.50"
"17/03/2026 05:00:00 - 17/03/2026 06:00:00","CTA|IE","4234.75","n/e"," ","2889.65"
"17/03/2026 06:00:00 - 17/03/2026 07:00:00","CTA|IE","4284.73","n/e"," ","2746.02"
"17/03/2026 07:00:00 - 17/03/2026 08:00:00","CTA|IE","4317.66","n/e"," ","2836.36"
"17/03/2026 08:00:00 - 17/03/2026 09:00:00","CTA|IE","4324.94","n/e"," ","2993.40"
"17/03/2026 09:00:00 - 17/03/2026 10:00:00","CTA|IE","4300.94","n/e"," ","3194.80"
"17/03/2026 10:00:00 - 17/03/2026 11:00:00","CTA|IE","4251.99","n/e"," ","3163.52"
"17/03/2026 11:00:00 - 17/03/2026 12:00:00","CTA|IE","4148.10","n/e"," ","3073.80"
"17/03/2026 12:00:00 - 17/03/2026 13:00:00","CTA|IE","4002.38","n/e"," ","3029.63"
"17/03/2026 13:00:00 - 17/03/2026 14:00:00","CTA|IE","3810.69","n/e"," ","2855.96"
"17/03/2026 14:00:00 - 17/03/2026 15:00:00","CTA|IE","3568.35","n/e"," ","2628.19"
"17/03/2026 15:00:00 - 17/03/2026 16:00:00","CTA|IE","3242.23","n/e"," ","2303.24"
"17/03/2026 16:00:00 - 17/03/2026 17:00:00","CTA|IE","2824.43","n/e"," ","2097.11"
"17/03/2026 17:00:00 - 17/03/2026 18:00:00","CTA|IE","2332.40","n/e"," ","2084.71"
"17/03/2026 18:00:00 - 17/03/2026 19:00:00","CTA|IE","1840.56","n/e"," ","1952.47"
"17/03/2026 19:00:00 - 17/03/2026 20:00:00","CTA|IE","1421.92","n/e"," ","1604.94"
"17/03/2026 20:00:00 - 17/03/2026 21:00:00","CTA|IE","1102.83","n/e"," ","1377.78"
"17/03/2026 21:00:00 - 17/03/2026 22:00:00","CTA|IE","888.59","n/e"," ","1123.29"
"17/03/2026 22:00:00 - 17/03/2026 23:00:00","CTA|IE","747.58","n/e"," ","856.74"
"17/03/2026 23:00:00 - 18/03/2026 00:00:00","CTA|IE","627.99","n/e"," ","700.82"
"18/03/2026 00:00:00 - 18/03/2026 01:00:00","CTA|IE","515.07","n/e"," ","578.26"
"18/03/2026 01:00:00 - 18/03/2026 02:00:00","CTA|IE","475.41","n/e"," ","438.34"
"18/03/2026 02:00:00 - 18/03/2026 03:00:00","CTA|IE","363.92","n/e"," ","327.68"
"18/03/2026 03:00:00 - 18/03/2026 04:00:00","CTA|IE","273.56","n/e"," ","198.25"
"18/03/2026 04:00:00 - 18/03/2026 05:00:00","CTA|IE","213.87","n/e"," ","137.56"
"18/03/2026 05:00:00 - 18/03/2026 06:00:00","CTA|IE","192.49","n/e"," ","96.24"
"18/03/2026 06:00:00 - 18/03/2026 07:00:00","CTA|IE","209.70","n/e"," ","96.36"
"18/03/2026 07:00:00 - 18/03/2026 08:00:00","CTA|IE","267.57","n/e"," ","157.60"
"18/03/2026 08:00:00 - 18/03/2026 09:00:00","CTA|IE","356.31","n/e"," ","191.98"
"18/03/2026 09:00:00 - 18/03/2026 10:00:00","CTA|IE","448.65","n/e"," ","220.92"
"18/03/2026 10:00:00 - 18/03/2026 11:00:00","CTA|IE","521.87","n/e"," ","258.89"
"18/03/2026 11:00:00 - 18/03/2026 12:00:00","CTA|IE","574.78","n/e"," ","354.25"
"18/03/2026 12:00:00 - 18/03/2026 13:00:00","CTA|IE","655.58","n/e"," ","411.95"
"18/03/2026 13:00:00 - 18/03/2026 14:00:00","CTA|IE","776.78","n/e"," ","436.85"
"18/03/2026 14:00:00 - 18/03/2026 15:00:00","CTA|IE","922.62","n/e"," ","449.53"
"18/03/2026 15:00:00 - 18/03/2026 16:00:00","CTA|IE","1083.58","n/e"," ","565.65"
"18/03/2026 16:00:00 - 18/03/2026 17:00:00","CTA|IE","1267.92","n/e"," ","733.05"
"18/03/2026 17:00:00 - 18/03/2026 18:00:00","CTA|IE","1394.94","n/e"," ","937.40"
"18/03/2026 18:00:00 - 18/03/2026 19:00:00","CTA|IE","1474.38","n/e"," ","1177.16"
"18/03/2026 19:00:00 - 18/03/2026 20:00:00","CTA|IE","1554.53","n/e"," ","1425.40"
"18/03/2026 20:00:00 - 18/03/2026 21:00:00","CTA|IE","1683.13","n/e"," ","1686.12"
"18/03/2026 21:00:00 - 18/03/2026 22:00:00","CTA|IE","1770.09","n/e"," ","1866.73"
"18/03/2026 22:00:00 - 18/03/2026 23:00:00","CTA|IE","1776.19","n/e"," ","1884.11"
"18/03/2026 23:00:00 - 19/03/2026 00:00:00","CTA|IE","1700.03","n/e"," ","1956.49"
"19/03/2026 00:00:00 - 19/03/2026 01:00:00","CTA|IE","1604.50","n/e"," ","2099.66"
"19/03/2026 01:00:00 - 19/03/2026 02:00:00","CTA|IE","1788.70","n/e"," ","2083.97"
"19/03/2026 02:00:00 - 19/03/2026 03:00:00","CTA|IE","1645.58","n/e"," ","1897.64"
"19/03/2026 03:00:00 - 19/03/2026 04:00:00","CTA|IE","1470.89","n/e"," ","1872.29"
"19/03/2026 04:00:00 - 19/03/2026 05:00:00","CTA|IE","1301.55","n/e"," ","1748.63"
"19/03/2026 05:00:00 - 19/03/2026 06:00:00","CTA|IE","1173.44","n/e"," ","1593.76"
"19/03/2026 06:00:00 - 19/03/2026 07:00:00","CTA|IE","1118.88","n/e"," ","1494.00"
"19/03/2026 07:00:00 - 19/03/2026 08:00:00","CTA|IE","1096.17","n/e"," ","1347.94"
"19/03/2026 08:00:00 - 19/03/2026 09:00:00","CTA|IE","1098.75","n/e"," ","1272.95"
"19/03/2026 09:00:00 - 19/03/2026 10:00:00","CTA|IE","1032.13","n/e"," ","1110.89"
"19/03/2026 10:00:00 - 19/03/2026 11:00:00","CTA|IE","920.58","n/e"," ","786.08"
"19/03/2026 11:00:00 - 19/03/2026 12:00:00","CTA|IE","901.52","n/e"," ","463.73"
"19/03/2026 12:00:00 - 19/03/2026 13:00:00","CTA|IE","1005.85","n/e"," ","429.45"
"19/03/2026 13:00:00 - 19/03/2026 14:00:00","CTA|IE","1080.96","n/e"," ","443.09"
"19/03/2026 14:00:00 - 19/03/2026 15:00:00","CTA|IE","1084.64","n/e"," ","457.01"
"19/03/2026 15:00:00 - 19/03/2026 16:00:00","CTA|IE","1066.53","n/e"," ","526.23"
"19/03/2026 16:00:00 - 19/03/2026 17:00:00","CTA|IE","1041.88","n/e"," ","468.14"
"19/03/2026 17:00:00 - 19/03/2026 18:00:00","CTA|IE","1012.80","n/e"," ","400.16"
"19/03/2026 18:00:00 - 19/03/2026 19:00:00","CTA|IE","994.86","n/e"," ","323.66"
"19/03/2026 19:00:00 - 19/03/2026 20:00:00","CTA|IE","958.68","n/e"," ","339.69"
"19/03/2026 20:00:00 - 19/03/2026 21:00:00","CTA|IE","977.56","n/e"," ","490.05"
"19/03/2026 21:00:00 - 19/03/2026 22:00:00","CTA|IE","1037.21","n/e"," ","562.24"
"19/03/2026 22:00:00 - 19/03/2026 23:00:00","CTA|IE","1088.38","n/e"," ","554.98"
"19/03/2026 23:00:00 - 20/03/2026 00:00:00","CTA|IE","1108.50","n/e"," ","576.00"
"20/03/2026 00:00:00 - 20/03/2026 01:00:00","CTA|IE","1125.54","n/e"," ","607.80"
"20/03/2026 01:00:00 - 20/03/2026 02:00:00","CTA|IE","954.96","n/e"," ","641.23"
"20/03/2026 02:00:00 - 20/03/2026 03:00:00","CTA|IE","935.36","n/e"," ","643.26"
"20/03/2026 03:00:00 - 20/03/2026 04:00:00","CTA|IE","882.92","n/e"," ","575.90"
"20/03/2026 04:00:00 - 20/03/2026 05:00:00","CTA|IE","792.91","n/e"," ","487.38"
"20/03/2026 05:00:00 - 20/03/2026 06:00:00","CTA|IE","713.77","n/e"," ","484.00"
"20/03/2026 06:00:00 - 20/03/2026 07:00:00","CTA|IE","681.26","n/e"," ","407.41"
"20/03/2026 07:00:00 - 20/03/2026 08:00:00","CTA|IE","657.23","n/e"," ","313.32"
"20/03/2026 08:00:00 - 20/03/2026 09:00:00","CTA|IE","598.81","n/e"," ","277.46"
"20/03/2026 09:00:00 - 20/03/2026 10:00:00","CTA|IE","496.53","n/e"," ","239.33"
"20/03/2026 10:00:00 - 20/03/2026 11:00:00","CTA|IE","409.72","n/e"," ","148.39"
"20/03/2026 11:00:00 - 20/03/2026 12:00:00","CTA|IE","376.44","n/e"," ","156.78"
"20/03/2026 12:00:00 - 20/03/2026 13:00:00","CTA|IE","403.17","n/e"," ","235.07"
"20/03/2026 13:00:00 - 20/03/2026 14:00:00","CTA|IE","445.74","n/e"," ","327.87"
"20/03/2026 14:00:00 - 20/03/2026 15:00:00","CTA|IE","465.04","n/e"," ","350.22"
"20/03/2026 15:00:00 - 20/03/2026 16:00:00","CTA|IE","407.56","n/e"," ","346.57"
"20/03/2026 16:00:00 - 20/03/2026 17:00:00","CTA|IE","301.99","n/e"," ","264.88"
"20/03/2026 17:00:00 - 20/03/2026 18:00:00","CTA|IE","214.25","n/e"," ","220.78"
"20/03/2026 18:00:00 - 20/03/2026 19:00:00","CTA|IE","162.70","n/e"," ","222.97"
"20/03/2026 19:00:00 - 20/03/2026 20:00:00","CTA|IE","125.14","n/e"," ","177.99"
"20/03/2026 20:00:00 - 20/03/2026 21:00:00","CTA|IE","101.53","n/e"," ","238.09"
"20/03/2026 21:00:00 - 20/03/2026 22:00:00","CTA|IE","81.31","n/e"," ","243.52"
"20/03/2026 22:00:00 - 20/03/2026 23:00:00","CTA|IE","67.76","n/e"," ","207.59"
"20/03/2026 23:00:00 - 21/03/2026 00:00:00","CTA|IE","61.56","n/e"," ","173.74"
"21/03/2026 00:00:00 - 21/03/2026 01:00:00","CTA|IE","59.42","n/e"," ","94.62"
"21/03/2026 01:00:00 - 21/03/2026 02:00:00","CTA|IE","77.21","n/e"," ","71.94"
"21/03/2026 02:00:00 - 21/03/2026 03:00:00","CTA|IE","66.81","n/e"," ","92.19"
"21/03/2026 03:00:00 - 21/03/2026 04:00:00","CTA|IE","57.75","n/e"," ","102.65"
"21/03/2026 04:00:00 - 21/03/2026 05:00:00","CTA|IE","48.04","n/e"," ","64.47"
"21/03/2026 05:00:00 - 21/03/2026 06:00:00","CTA|IE","39.57","n/e"," ","43.56"
"21/03/2026 06:00:00 - 21/03/2026 07:00:00","CTA|IE","36.44","n/e"," ","33.98"
"21/03/2026 07:00:00 - 21/03/2026 08:00:00","CTA|IE","38.24","n/e"," ","30.92"
"21/03/2026 08:00:00 - 21/03/2026 09:00:00","CTA|IE","43.98","n/e"," ","33.48"
"21/03/2026 09:00:00 - 21/03/2026 10:00:00","CTA|IE","56.53","n/e"," ","23.21"
"21/03/2026 10:00:00 - 21/03/2026 11:00:00","CTA|IE","73.98","n/e"," ","10.36"
"21/03/2026 11:00:00 - 21/03/2026 12:00:00","CTA|IE","81.10","n/e"," ","2.19"
"21/03/2026 12:00:00 - 21/03/2026 13:00:00","CTA|IE","94.39","n/e"," ","25.87"
"21/03/2026 13:00:00 - 21/03/2026 14:00:00","CTA|IE","138.55","n/e"," ","74.90"
"21/03/2026 14:00:00 - 21/03/2026 15:00:00","CTA|IE","201.21","n/e"," ","155.55"
"21/03/2026 15:00:00 - 21/03/2026 16:00:00","CTA|IE","257.50","n/e"," ","236.68"
"21/03/2026 16:00:00 - 21/03/2026 17:00:00","CTA|IE","299.49","n/e"," ","323.24"
"21/03/2026 17:00:00 - 21/03/2026 18:00:00","CTA|IE","329.88","n/e"," ","364.59"
"21/03/2026 18:00:00 - 21/03/2026 19:00:00","CTA|IE","339.11","n/e"," ","400.13"
"21/03/2026 19:00:00 - 21/03/2026 20:00:00","CTA|IE","315.78","n/e"," ","467.44"
"21/03/2026 20:00:00 - 21/03/2026 21:00:00","CTA|IE","306.26","n/e"," ","632.37"
"21/03/2026 21:00:00 - 21/03/2026 22:00:00","CTA|IE","340.57","n/e"," ","691.94"
"21/03/2026 22:00:00 - 21/03/2026 23:00:00","CTA|IE","408.31","n/e"," ","866.84"
"21/03/2026 23:00:00 - 22/03/2026 00:00:00","CTA|IE","493.74","n/e"," ","935.48"
"22/03/2026 00:00:00 - 22/03/2026 01:00:00","CTA|IE","575.80","n/e"," ","1019.92"
"22/03/2026 01:00:00 - 22/03/2026 02:00:00","CTA|IE","875.26","n/e"," ","1060.95"
"22/03/2026 02:00:00 - 22/03/2026 03:00:00","CTA|IE","921.80","n/e"," ","1164.08"
"22/03/2026 03:00:00 - 22/03/2026 04:00:00","CTA|IE","951.90","n/e"," ","1113.69"
"22/03/2026 04:00:00 - 22/03/2026 05:00:00","CTA|IE","950.59","n/e"," ","1049.63"
"22/03/2026 05:00:00 - 22/03/2026 06:00:00","CTA|IE","930.78","n/e"," ","1035.76"
"22/03/2026 06:00:00 - 22/03/2026 07:00:00","CTA|IE","899.74","n/e"," ","942.10"
"22/03/2026 07:00:00 - 22/03/2026 08:00:00","CTA|IE","856.56","n/e"," ","820.76"
"22/03/2026 08:00:00 - 22/03/2026 09:00:00","CTA|IE","776.62","n/e"," ","699.87"
"22/03/2026 09:00:00 - 22/03/2026 10:00:00","CTA|IE","669.91","n/e"," ","452.14"
"22/03/2026 10:00:00 - 22/03/2026 11:00:00","CTA|IE","600.69","n/e"," ","342.36"
"22/03/2026 11:00:00 - 22/03/2026 12:00:00","CTA|IE","567.52","n/e"," ","373.23"
"22/03/2026 12:00:00 - 22/03/2026 13:00:00","CTA|IE","551.50","n/e"," ","382.00"
"22/03/2026 13:00:00 - 22/03/2026 14:00:00","CTA|IE","551.31","n/e"," ","418.08"
"22/03/2026 14:00:00 - 22/03/2026 15:00:00","CTA|IE","579.66","n/e"," ","465.98"
"22/03/2026 15:00:00 - 22/03/2026 16:00:00","CTA|IE","630.33","n/e"," ","424.07"
"22/03/2026 16:00:00 - 22/03/2026 17:00:00","CTA|IE","694.52","n/e"," ","629.60"
"22/03/2026 17:00:00 - 22/03/2026 18:00:00","CTA|IE","753.62","n/e"," ","667.99"
"22/03/2026 18:00:00 - 22/03/2026 19:00:00","CTA|IE","782.69","n/e"," ","703.37"
"22/03/2026 19:00:00 - 22/03/2026 20:00:00","CTA|IE","729.94","n/e"," ","815.50"
"22/03/2026 20:00:00 - 22/03/2026 21:00:00","CTA|IE","664.66","n/e"," ","742.81"
"22/03/2026 21:00:00 - 22/03/2026 22:00:00","CTA|IE","632.24","n/e"," ","665.00"
"22/03/2026 22:00:00 - 22/03/2026 23:00:00","CTA|IE","610.05","n/e"," ","641.48"
"22/03/2026 23:00:00 - 23/03/2026 00:00:00","CTA|IE","570.50","n/e"," ","528.95"
"23/03/2026 00:00:00 - 23/03/2026 01:00:00","CTA|IE","512.79","n/e"," ","289.27"
"23/03/2026 01:00:00 - 23/03/2026 02:00:00","CTA|IE","390.40","n/e"," ","181.02"
"23/03/2026 02:00:00 - 23/03/2026 03:00:00","CTA|IE","316.54","n/e"," ","135.67"
"23/03/2026 03:00:00 - 23/03/2026 04:00:00","CTA|IE","256.39","n/e"," ","129.07"
"23/03/2026 04:00:00 - 23/03/2026 05:00:00","CTA|IE","222.41","n/e"," ","183.03"
"23/03/2026 05:00:00 - 23/03/2026 06:00:00","CTA|IE","210.26","n/e"," ","253.78"
"23/03/2026 06:00:00 - 23/03/2026 07:00:00","CTA|IE","230.17","n/e"," ","363.66"
"23/03/2026 07:00:00 - 23/03/2026 08:00:00","CTA|IE","289.60","n/e"," ","549.61"
"23/03/2026 08:00:00 - 23/03/2026 09:00:00","CTA|IE","390.40","n/e"," ","767.99"
"23/03/2026 09:00:00 - 23/03/2026 10:00:00","CTA|IE","507.75","n/e"," ","984.90"
"23/03/2026 10:00:00 - 23/03/2026 11:00:00","CTA|IE","617.83","n/e"," ","1249.14"
"23/03/2026 11:00:00 - 23/03/2026 12:00:00","CTA|IE","774.97","n/e"," ","1386.58"
"23/03/2026 12:00:00 - 23/03/2026 13:00:00","CTA|IE","983.91","n/e"," ","1731.50"
"23/03/2026 13:00:00 - 23/03/2026 14:00:00","CTA|IE","1221.79","n/e"," ","1869.92"
"23/03/2026 14:00:00 - 23/03/2026 15:00:00","CTA|IE","1437.04","n/e"," ","2052.37"
"23/03/2026 15:00:00 - 23/03/2026 16:00:00","CTA|IE","1598.63","n/e"," ","2364.60"
"23/03/2026 16:00:00 - 23/03/2026 17:00:00","CTA|IE","1720.25","n/e"," ","2302.56"
"23/03/2026 17:00:00 - 23/03/2026 18:00:00","CTA|IE","1811.18","n/e"," ","2391.07"
"23/03/2026 18:00:00 - 23/03/2026 19:00:00","CTA|IE","1904.08","n/e"," ","2616.21"
"23/03/2026 19:00:00 - 23/03/2026 20:00:00","CTA|IE","1997.18","n/e"," ","2808.62"
"23/03/2026 20:00:00 - 23/03/2026 21:00:00","CTA|IE","2142.89","n/e"," ","2975.39"
"23/03/2026 21:00:00 - 23/03/2026 22:00:00","CTA|IE","2367.64","n/e"," ","3090.29"
"23/03/2026 22:00:00 - 23/03/2026 23:00:00","CTA|IE","2656.31","n/e"," ","3203.97"
"23/03/2026 23:00:00 - 24/03/2026 00:00:00","CTA|IE","2923.10","n/e"," ","3164.00"
"24/03/2026 00:00:00 - 24/03/2026 01:00:00","CTA|IE","3138.09","n/e"," ","3101.73"
"24/03/2026 01:00:00 - 24/03/2026 02:00:00","CTA|IE","3553.77","n/e"," ","2939.87"
"24/03/2026 02:00:00 - 24/03/2026 03:00:00","CTA|IE","3625.88","n/e"," ","2813.32"
"24/03/2026 03:00:00 - 24/03/2026 04:00:00","CTA|IE","3674.37","n/e"," ","2858.67"
"24/03/2026 04:00:00 - 24/03/2026 05:00:00","CTA|IE","3711.36","n/e"," ","2826.84"
"24/03/2026 05:00:00 - 24/03/2026 06:00:00","CTA|IE","3736.52","n/e"," ","2604.79"
"24/03/2026 06:00:00 - 24/03/2026 07:00:00","CTA|IE","3729.31","n/e"," ","2485.15"
"24/03/2026 07:00:00 - 24/03/2026 08:00:00","CTA|IE","3697.29","n/e"," ","2290.22"
"24/03/2026 08:00:00 - 24/03/2026 09:00:00","CTA|IE","3668.27","n/e"," ","1948.08"
"24/03/2026 09:00:00 - 24/03/2026 10:00:00","CTA|IE","3614.03","n/e"," ","2116.27"
"24/03/2026 10:00:00 - 24/03/2026 11:00:00","CTA|IE","3585.66","n/e"," ","2351.62"
"24/03/2026 11:00:00 - 24/03/2026 12:00:00","CTA|IE","3604.35","n/e"," ","2354.64"
"24/03/2026 12:00:00 - 24/03/2026 13:00:00","CTA|IE","3708.56","n/e"," ","2452.77"
"24/03/2026 13:00:00 - 24/03/2026 14:00:00","CTA|IE","3836.38","n/e"," ","2782.12"
"24/03/2026 14:00:00 - 24/03/2026 15:00:00","CTA|IE","3972.71","n/e"," ","2726.88"
"24/03/2026 15:00:00 - 24/03/2026 16:00:00","CTA|IE","4072.42","n/e"," ","2564.76"
"24/03/2026 16:00:00 - 24/03/2026 17:00:00","CTA|IE","4132.73","n/e"," ","2586.95"
"24/03/2026 17:00:00 - 24/03/2026 18:00:00","CTA|IE","4155.15","n/e"," ","2840.49"
"24/03/2026 18:00:00 - 24/03/2026 19:00:00","CTA|IE","4153.62","n/e"," ","2961.39"
"24/03/2026 19:00:00 - 24/03/2026 20:00:00","CTA|IE","4092.12","n/e"," ","3036.35"
"24/03/2026 20:00:00 - 24/03/2026 21:00:00","CTA|IE","4029.67","n/e"," ","2993.15"
"24/03/2026 21:00:00 - 24/03/2026 22:00:00","CTA|IE","4054.91","n/e"," ","2668.37"
"24/03/2026 22:00:00 - 24/03/2026 23:00:00","CTA|IE","4164.39","n/e"," ","2657.26"
"24/03/2026 23:00:00 - 25/03/2026 00:00:00","CTA|IE","4273.78","n/e"," ","2603.40"
"25/03/2026 00:00:00 - 25/03/2026 01:00:00","CTA|IE","4327.43","n/e"," ","2640.88"
"25/03/2026 01:00:00 - 25/03/2026 02:00:00","CTA|IE","3982.93","n/e"," ","2662.52"
"25/03/2026 02:00:00 - 25/03/2026 03:00:00","CTA|IE","4081.37","n/e"," ","2477.57"
"25/03/2026 03:00:00 - 25/03/2026 04:00:00","CTA|IE","4065.35","n/e"," ","2324.84"
"25/03/2026 04:00:00 - 25/03/2026 05:00:00","CTA|IE","4012.00","n/e"," ","2284.40"
"25/03/2026 05:00:00 - 25/03/2026 06:00:00","CTA|IE","3990.06","n/e"," ","2239.02"
"25/03/2026 06:00:00 - 25/03/2026 07:00:00","CTA|IE","4038.79","n/e"," ","2363.04"
"25/03/2026 07:00:00 - 25/03/2026 08:00:00","CTA|IE","4116.73","n/e"," ","2624.51"
"25/03/2026 08:00:00 - 25/03/2026 09:00:00","CTA|IE","4162.99","n/e"," ","2769.55"
"25/03/2026 09:00:00 - 25/03/2026 10:00:00","CTA|IE","4201.27","n/e"," ","2531.45"
"25/03/2026 10:00:00 - 25/03/2026 11:00:00","CTA|IE","4270.28","n/e"," ","2335.80"
"25/03/2026 11:00:00 - 25/03/2026 12:00:00","CTA|IE","4313.13","n/e"," ","2177.61"
"25/03/2026 12:00:00 - 25/03/2026 13:00:00","CTA|IE","4314.98","n/e"," ","2227.81"
"25/03/2026 13:00:00 - 25/03/2026 14:00:00","CTA|IE","4300.57","n/e"," ","2269.65"
"25/03/2026 14:00:00 - 25/03/2026 15:00:00","CTA|IE","4301.33","n/e"," ","2328.11"
"25/03/2026 15:00:00 - 25/03/2026 16:00:00","CTA|IE","4330.02","n/e"," ","2324.57"
"25/03/2026 16:00:00 - 25/03/2026 17:00:00","CTA|IE","4364.59","n/e"," ","2610.77"
"25/03/2026 17:00:00 - 25/03/2026 18:00:00","CTA|IE","4367.98","n/e"," ","2832.29"
"25/03/2026 18:00:00 - 25/03/2026 19:00:00","CTA|IE","4306.14","n/e"," ","2843.20"
"25/03/2026 19:00:00 - 25/03/2026 20:00:00","CTA|IE","4147.00","n/e"," ","2676.78"
"25/03/2026 20:00:00 - 25/03/2026 21:00:00","CTA|IE","3935.28","n/e"," ","2394.47"
"25/03/2026 21:00:00 - 25/03/2026 22:00:00","CTA|IE","3710.06","n/e"," ","2282.74"
"25/03/2026 22:00:00 - 25/03/2026 23:00:00","CTA|IE","3479.87","n/e"," ","2143.48"
"25/03/2026 23:00:00 - 26/03/2026 00:00:00","CTA|IE","3183.10","n/e"," ","1809.17"
"26/03/2026 00:00:00 - 26/03/2026 01:00:00","CTA|IE","2840.32","n/e"," ","1523.25"
"26/03/2026 01:00:00 - 26/03/2026 02:00:00","CTA|IE","1629.69","n/e"," ","1343.05"
"26/03/2026 02:00:00 - 26/03/2026 03:00:00","CTA|IE","1348.89","n/e"," ","1107.77"
"26/03/2026 03:00:00 - 26/03/2026 04:00:00","CTA|IE","1177.25","n/e"," ","1029.53"
"26/03/2026 04:00:00 - 26/03/2026 05:00:00","CTA|IE","1077.15","n/e"," ","927.03"
"26/03/2026 05:00:00 - 26/03/2026 06:00:00","CTA|IE","982.15","n/e"," ","695.08"
"26/03/2026 06:00:00 - 26/03/2026 07:00:00","CTA|IE","889.72","n/e"," ","623.17"
"26/03/2026 07:00:00 - 26/03/2026 08:00:00","CTA|IE","816.56","n/e"," ","499.76"
"26/03/2026 08:00:00 - 26/03/2026 09:00:00","CTA|IE","762.55","n/e"," ","500.52"
"26/03/2026 09:00:00 - 26/03/2026 10:00:00","CTA|IE","690.20","n/e"," ","466.65"
"26/03/2026 10:00:00 - 26/03/2026 11:00:00","CTA|IE","653.44","n/e"," ","538.23"
"26/03/2026 11:00:00 - 26/03/2026 12:00:00","CTA|IE","746.86","n/e"," ","809.94"
"26/03/2026 12:00:00 - 26/03/2026 13:00:00","CTA|IE","942.85","n/e"," ","1180.36"
"26/03/2026 13:00:00 - 26/03/2026 14:00:00","CTA|IE","1179.77","n/e"," ","1424.17"
"26/03/2026 14:00:00 - 26/03/2026 15:00:00","CTA|IE","1453.06","n/e"," ","1743.46"
"26/03/2026 15:00:00 - 26/03/2026 16:00:00","CTA|IE","1697.61","n/e"," ","1987.57"
"26/03/2026 16:00:00 - 26/03/2026 17:00:00","CTA|IE","1891.29","n/e"," ","2177.31"
"26/03/2026 17:00:00 - 26/03/2026 18:00:00","CTA|IE","2046.51","n/e"," ","2102.39"
"26/03/2026 18:00:00 - 26/03/2026 19:00:00","CTA|IE","2166.13","n/e"," ","1945.56"
"26/03/2026 19:00:00 - 26/03/2026 20:00:00","CTA|IE","2218.72","n/e"," ","2001.53"
"26/03/2026 20:00:00 - 26/03/2026 21:00:00","CTA|IE","2255.15","n/e"," ","2159.38"
"26/03/2026 21:00:00 - 26/03/2026 22:00:00","CTA|IE","2336.92","n/e"," ","2066.05"
"26/03/2026 22:00:00 - 26/03/2026 23:00:00","CTA|IE","2436.18","n/e"," ","2093.81"
"26/03/2026 23:00:00 - 27/03/2026 00:00:00","CTA|IE","2458.78","n/e"," ","2120.75"
"27/03/2026 00:00:00 - 27/03/2026 01:00:00","CTA|IE","2422.44","n/e"," ","2107.68"
"27/03/2026 01:00:00 - 27/03/2026 02:00:00","CTA|IE","1948.55","n/e"," ","1829.81"
"27/03/2026 02:00:00 - 27/03/2026 03:00:00","CTA|IE","1822.11","n/e"," ","1536.90"
"27/03/2026 03:00:00 - 27/03/2026 04:00:00","CTA|IE","1701.34","n/e"," ","1290.28"
"27/03/2026 04:00:00 - 27/03/2026 05:00:00","CTA|IE","1588.13","n/e"," ","1217.54"
"27/03/2026 05:00:00 - 27/03/2026 06:00:00","CTA|IE","1468.80","n/e"," ","1145.39"
"27/03/2026 06:00:00 - 27/03/2026 07:00:00","CTA|IE","1345.19","n/e"," ","922.94"
"27/03/2026 07:00:00 - 27/03/2026 08:00:00","CTA|IE","1199.66","n/e"," ","888.34"
"27/03/2026 08:00:00 - 27/03/2026 09:00:00","CTA|IE","1045.48","n/e"," ","854.08"
"27/03/2026 09:00:00 - 27/03/2026 10:00:00","CTA|IE","932.45","n/e"," ","774.63"
"27/03/2026 10:00:00 - 27/03/2026 11:00:00","CTA|IE","916.02","n/e"," ","1012.72"
"27/03/2026 11:00:00 - 27/03/2026 12:00:00","CTA|IE","1019.70","n/e"," ","1606.94"
"27/03/2026 12:00:00 - 27/03/2026 13:00:00","CTA|IE","1191.65","n/e"," ","2074.95"
"27/03/2026 13:00:00 - 27/03/2026 14:00:00","CTA|IE","1390.56","n/e"," ","2078.54"
"27/03/2026 14:00:00 - 27/03/2026 15:00:00","CTA|IE","1655.12","n/e"," ","2348.18"
"27/03/2026 15:00:00 - 27/03/2026 16:00:00","CTA|IE","1892.52","n/e"," ","2489.11"
"27/03/2026 16:00:00 - 27/03/2026 17:00:00","CTA|IE","2029.54","n/e"," ","2652.65"
"27/03/2026 17:00:00 - 27/03/2026 18:00:00","CTA|IE","2040.25","n/e"," ","2857.04"
"27/03/2026 18:00:00 - 27/03/2026 19:00:00","CTA|IE","1943.10","n/e"," ","2935.26"
"27/03/2026 19:00:00 - 27/03/2026 20:00:00","CTA|IE","1752.68","n/e"," ","2606.19"
"27/03/2026 20:00:00 - 27/03/2026 21:00:00","CTA|IE","1581.99","n/e"," ","2414.47"
"27/03/2026 21:00:00 - 27/03/2026 22:00:00","CTA|IE","1506.26","n/e"," ","2235.97"
"27/03/2026 22:00:00 - 27/03/2026 23:00:00","CTA|IE","1587.61","n/e"," ","2091.13"
"27/03/2026 23:00:00 - 28/03/2026 00:00:00","CTA|IE","1746.30","n/e"," ","2223.56"
"28/03/2026 00:00:00 - 28/03/2026 01:00:00","CTA|IE","1930.64","n/e"," ","1975.07"
"28/03/2026 01:00:00 - 28/03/2026 02:00:00","CTA|IE","N/A","n/e"," ","1802.11"
"28/03/2026 02:00:00 - 28/03/2026 03:00:00","CTA|IE","N/A","n/e"," ","1794.01"
"28/03/2026 03:00:00 - 28/03/2026 04:00:00","CTA|IE","N/A","n/e"," ","2049.74"
"28/03/2026 04:00:00 - 28/03/2026 05:00:00","CTA|IE","N/A","n/e"," ","2118.21"
"28/03/2026 05:00:00 - 28/03/2026 06:00:00","CTA|IE","N/A","n/e"," ","1957.45"
"28/03/2026 06:00:00 - 28/03/2026 07:00:00","CTA|IE","N/A","n/e"," ","1928.68"
"28/03/2026 07:00:00 - 28/03/2026 08:00:00","CTA|IE","N/A","n/e"," ","2048.30"
"28/03/2026 08:00:00 - 28/03/2026 09:00:00","CTA|IE","N/A","n/e"," ","2012.36"
"28/03/2026 09:00:00 - 28/03/2026 10:00:00","CTA|IE","N/A","n/e"," ","1836.43"
"28/03/2026 10:00:00 - 28/03/2026 11:00:00","CTA|IE","N/A","n/e"," ","1755.38"
"28/03/2026 11:00:00 - 28/03/2026 12:00:00","CTA|IE","N/A","n/e"," ","1707.71"
"28/03/2026 12:00:00 - 28/03/2026 13:00:00","CTA|IE","N/A","n/e"," ","1762.34"
"28/03/2026 13:00:00 - 28/03/2026 14:00:00","CTA|IE","N/A","n/e"," ","1682.74"
"28/03/2026 14:00:00 - 28/03/2026 15:00:00","CTA|IE","N/A","n/e"," ","1633.95"
"28/03/2026 15:00:00 - 28/03/2026 16:00:00","CTA|IE","N/A","n/e"," ","1638.54"
"28/03/2026 16:00:00 - 28/03/2026 17:00:00","CTA|IE","N/A","n/e"," ","1460.38"
"28/03/2026 17:00:00 - 28/03/2026 18:00:00","CTA|IE","N/A","n/e"," ","1734.42"
"28/03/2026 18:00:00 - 28/03/2026 19:00:00","CTA|IE","N/A","n/e"," ","1995.36"
"28/03/2026 19:00:00 - 28/03/2026 20:00:00","CTA|IE","N/A","n/e"," ","1332.26"
"28/03/2026 20:00:00 - 28/03/2026 21:00:00","CTA|IE","N/A","n/e"," ","1188.69"
"28/03/2026 21:00:00 - 28/03/2026 22:00:00","CTA|IE","N/A","n/e"," ","1299.62"
"28/03/2026 22:00:00 - 28/03/2026 23:00:00","CTA|IE","N/A","n/e"," ","1518.27"
"28/03/2026 23:00:00 - 29/03/2026 00:00:00","CTA|IE","N/A","n/e"," ","1749.70"
"29/03/2026 00:00:00 - 29/03/2026 01:00:00 (CET)","CTA|IE","N/A","n/e"," ","1672.18"
"29/03/2026 01:00:00 (CET) - 29/03/2026 03:00:00 (CEST)","CTA|IE","2030.05","n/e"," ","1644.66"
"29/03/2026 03:00:00 (CEST) - 29/03/2026 04:00:00","CTA|IE","2367.45","n/e"," ","1866.51"
"29/03/2026 04:00:00 - 29/03/2026 05:00:00","CTA|IE","2685.62","n/e"," ","2133.27"
"29/03/2026 05:00:00 - 29/03/2026 06:00:00","CTA|IE","2947.60","n/e"," ","2333.14"
"29/03/2026 06:00:00 - 29/03/2026 07:00:00","CTA|IE","3192.14","n/e"," ","2337.45"
"29/03/2026 07:00:00 - 29/03/2026 08:00:00","CTA|IE","3412.51","n/e"," ","2376.71"
"29/03/2026 08:00:00 - 29/03/2026 09:00:00","CTA|IE","3613.65","n/e"," ","2537.10"
"29/03/2026 09:00:00 - 29/03/2026 10:00:00","CTA|IE","3814.67","n/e"," ","2656.99"
"29/03/2026 10:00:00 - 29/03/2026 11:00:00","CTA|IE","3970.77","n/e"," ","2827.02"
"29/03/2026 11:00:00 - 29/03/2026 12:00:00","CTA|IE","4107.55","n/e"," ","2979.86"
"29/03/2026 12:00:00 - 29/03/2026 13:00:00","CTA|IE","4205.58","n/e"," ","2985.39"
"29/03/2026 13:00:00 - 29/03/2026 14:00:00","CTA|IE","4262.54","n/e"," ","2775.38"
"29/03/2026 14:00:00 - 29/03/2026 15:00:00","CTA|IE","4276.07","n/e"," ","2751.71"
"29/03/2026 15:00:00 - 29/03/2026 16:00:00","CTA|IE","4267.04","n/e"," ","2813.01"
"29/03/2026 16:00:00 - 29/03/2026 17:00:00","CTA|IE","4228.73","n/e"," ","2530.55"
"29/03/2026 17:00:00 - 29/03/2026 18:00:00","CTA|IE","4167.27","n/e"," ","2328.98"
"29/03/2026 18:00:00 - 29/03/2026 19:00:00","CTA|IE","4065.98","n/e"," ","2435.04"
"29/03/2026 19:00:00 - 29/03/2026 20:00:00","CTA|IE","3918.03","n/e"," ","2484.73"
"29/03/2026 20:00:00 - 29/03/2026 21:00:00","CTA|IE","3693.07","n/e"," ","2507.09"
"29/03/2026 21:00:00 - 29/03/2026 22:00:00","CTA|IE","3404.38","n/e"," ","2555.87"
"29/03/2026 22:00:00 - 29/03/2026 23:00:00","CTA|IE","3120.50","n/e"," ","2272.20"
"29/03/2026 23:00:00 - 30/03/2026 00:00:00","CTA|IE","2939.76","n/e"," ","2182.83"
"30/03/2026 00:00:00 - 30/03/2026 01:00:00","CTA|IE","2834.15","n/e"," ","2066.23"
"30/03/2026 01:00:00 - 30/03/2026 02:00:00","CTA|IE","2596.30","n/e"," ","1980.56"
"30/03/2026 02:00:00 - 30/03/2026 03:00:00","CTA|IE","2525.76","n/e"," ","1937.13"
"30/03/2026 03:00:00 - 30/03/2026 04:00:00","CTA|IE","2467.51","n/e"," ","1925.39"
"30/03/2026 04:00:00 - 30/03/2026 05:00:00","CTA|IE","2400.51","n/e"," ","1927.39"
"30/03/2026 05:00:00 - 30/03/2026 06:00:00","CTA|IE","2284.07","n/e"," ","1864.68"
"30/03/2026 06:00:00 - 30/03/2026 07:00:00","CTA|IE","2133.37","n/e"," ","1964.64"
"30/03/2026 07:00:00 - 30/03/2026 08:00:00","CTA|IE","2003.87","n/e"," ","2165.57"
"30/03/2026 08:00:00 - 30/03/2026 09:00:00","CTA|IE","1859.01","n/e"," ","2129.09"
"30/03/2026 09:00:00 - 30/03/2026 10:00:00","CTA|IE","1687.14","n/e"," ","1854.74"
"30/03/2026 10:00:00 - 30/03/2026 11:00:00","CTA|IE","1499.31","n/e"," ","1800.76"
"30/03/2026 11:00:00 - 30/03/2026 12:00:00","CTA|IE","1439.27","n/e"," ","1589.04"
"30/03/2026 12:00:00 - 30/03/2026 13:00:00","CTA|IE","1462.31","n/e"," ","1577.83"
"30/03/2026 13:00:00 - 30/03/2026 14:00:00","CTA|IE","1431.26","n/e"," ","1629.57"
"30/03/2026 14:00:00 - 30/03/2026 15:00:00","CTA|IE","1353.59","n/e"," ","1563.02"
"30/03/2026 15:00:00 - 30/03/2026 16:00:00","CTA|IE","1342.63","n/e"," ","1487.29"
"30/03/2026 16:00:00 - 30/03/2026 17:00:00","CTA|IE","1407.44","n/e"," ","1519.46"
"30/03/2026 17:00:00 - 30/03/2026 18:00:00","CTA|IE","1489.71","n/e"," ","1612.75"
"30/03/2026 18:00:00 - 30/03/2026 19:00:00","CTA|IE","1441.46","n/e"," ","1733.81"
"30/03/2026 19:00:00 - 30/03/2026 20:00:00","CTA|IE","1267.53","n/e"," ","1400.87"
"30/03/2026 20:00:00 - 30/03/2026 21:00:00","CTA|IE","1142.81","n/e"," ","1224.09"
"30/03/2026 21:00:00 - 30/03/2026 22:00:00","CTA|IE","1115.86","n/e"," ","1381.61"
"30/03/2026 22:00:00 - 30/03/2026 23:00:00","CTA|IE","1116.92","n/e"," ","1397.67"
"30/03/2026 23:00:00 - 31/03/2026 00:00:00","CTA|IE","1120.84","n/e"," ","1146.75"
"31/03/2026 00:00:00 - 31/03/2026 01:00:00","CTA|IE","1109.59","n/e"," ","1047.59"
"31/03/2026 01:00:00 - 31/03/2026 02:00:00","CTA|IE","1351.58","n/e"," ","901.59"
"31/03/2026 02:00:00 - 31/03/2026 03:00:00","CTA|IE","1329.77","n/e"," ","942.06"
"31/03/2026 03:00:00 - 31/03/2026 04:00:00","CTA|IE","1327.18","n/e"," ","1063.91"
"31/03/2026 04:00:00 - 31/03/2026 05:00:00","CTA|IE","1323.71","n/e"," ","1217.77"
"31/03/2026 05:00:00 - 31/03/2026 06:00:00","CTA|IE","1302.43","n/e"," ","1322.10"
"31/03/2026 06:00:00 - 31/03/2026 07:00:00","CTA|IE","1346.95","n/e"," ","1300.65"
"31/03/2026 07:00:00 - 31/03/2026 08:00:00","CTA|IE","1447.69","n/e"," ","1457.99"
"31/03/2026 08:00:00 - 31/03/2026 09:00:00","CTA|IE","1532.69","n/e"," ","1308.20"
"31/03/2026 09:00:00 - 31/03/2026 10:00:00","CTA|IE","1588.71","n/e"," ","1351.71"
"31/03/2026 10:00:00 - 31/03/2026 11:00:00","CTA|IE","1602.66","n/e"," ","1166.04"
"31/03/2026 11:00:00 - 31/03/2026 12:00:00","CTA|IE","1597.98","n/e"," ","1343.21"
"31/03/2026 12:00:00 - 31/03/2026 13:00:00","CTA|IE","1551.16","n/e"," ","1429.45"
"31/03/2026 13:00:00 - 31/03/2026 14:00:00","CTA|IE","1480.14","n/e"," ","1478.74"
"31/03/2026 14:00:00 - 31/03/2026 15:00:00","CTA|IE","1405.93","n/e"," ","1679.93"
"31/03/2026 15:00:00 - 31/03/2026 16:00:00","CTA|IE","1361.80","n/e"," ","1588.81"
"31/03/2026 16:00:00 - 31/03/2026 17:00:00","CTA|IE","1315.14","n/e"," ","1478.49"
"31/03/2026 17:00:00 - 31/03/2026 18:00:00","CTA|IE","1254.36","n/e"," ","1424.77"
"31/03/2026 18:00:00 - 31/03/2026 19:00:00","CTA|IE","1155.74","n/e"," ","1300.11"
"31/03/2026 19:00:00 - 31/03/2026 20:00:00","CTA|IE","1032.32","n/e"," ","1219.98"
"31/03/2026 20:00:00 - 31/03/2026 21:00:00","CTA|IE","897.86","n/e"," ","1059.39"
"31/03/2026 21:00:00 - 31/03/2026 22:00:00","CTA|IE","788.97","n/e"," ","1020.20"
"31/03/2026 22:00:00 - 31/03/2026 23:00:00","CTA|IE","767.59","n/e"," ","989.88"
"31/03/2026 23:00:00 - 01/04/2026 00:00:00","CTA|IE","837.34","n/e"," ","950.99"
"01/04/2026 00:00:00 - 01/04/2026 01:00:00","CTA|IE","904.76","n/e"," ","927.62"
"01/04/2026 01:00:00 - 01/04/2026 02:00:00","CTA|IE","906.15","n/e"," ","1063.55"
"01/04/2026 02:00:00 - 01/04/2026 03:00:00","CTA|IE","889.37","n/e"," ","1130.55"
"01/04/2026 03:00:00 - 01/04/2026 04:00:00","CTA|IE","881.87","n/e"," ","1161.52"
"01/04/2026 04:00:00 - 01/04/2026 05:00:00","CTA|IE","888.37","n/e"," ","1122.78"
"01/04/2026 05:00:00 - 01/04/2026 06:00:00","CTA|IE","880.99","n/e"," ","1236.39"
"01/04/2026 06:00:00 - 01/04/2026 07:00:00","CTA|IE","889.23","n/e"," ","1409.95"
"01/04/2026 07:00:00 - 01/04/2026 08:00:00","CTA|IE","925.63","n/e"," ","1574.33"
"01/04/2026 08:00:00 - 01/04/2026 09:00:00","CTA|IE","977.62","n/e"," ","1682.26"
"01/04/2026 09:00:00 - 01/04/2026 10:00:00","CTA|IE","1047.20","n/e"," ","1692.07"
"01/04/2026 10:00:00 - 01/04/2026 11:00:00","CTA|IE","1131.04","n/e"," ","1779.69"
"01/04/2026 11:00:00 - 01/04/2026 12:00:00","CTA|IE","1274.46","n/e"," ","1885.84"
"01/04/2026 12:00:00 - 01/04/2026 13:00:00","CTA|IE","1456.14","n/e"," ","1986.88"
"01/04/2026 13:00:00 - 01/04/2026 14:00:00","CTA|IE","1652.66","n/e"," ","1945.87"
"01/04/2026 14:00:00 - 01/04/2026 15:00:00","CTA|IE","1813.22","n/e"," ","2115.93"
"01/04/2026 15:00:00 - 01/04/2026 16:00:00","CTA|IE","1975.70","n/e"," ","2058.01"
"01/04/2026 16:00:00 - 01/04/2026 17:00:00","CTA|IE","2064.86","n/e"," ","2017.74"
"01/04/2026 17:00:00 - 01/04/2026 18:00:00","CTA|IE","2039.80","n/e"," ","2314.96"
"01/04/2026 18:00:00 - 01/04/2026 19:00:00","CTA|IE","1897.69","n/e"," ","2643.11"
"01/04/2026 19:00:00 - 01/04/2026 20:00:00","CTA|IE","1684.48","n/e"," ","2498.79"
"01/04/2026 20:00:00 - 01/04/2026 21:00:00","CTA|IE","1415.21","n/e"," ","1912.84"
"01/04/2026 21:00:00 - 01/04/2026 22:00:00","CTA|IE","1142.63","n/e"," ","1279.03"
"01/04/2026 22:00:00 - 01/04/2026 23:00:00","CTA|IE","903.33","n/e"," ","1082.75"
"01/04/2026 23:00:00 - 02/04/2026 00:00:00","CTA|IE","755.38","n/e"," ","908.79"
"02/04/2026 00:00:00 - 02/04/2026 01:00:00","CTA|IE","686.63","n/e"," ","737.34"
"02/04/2026 01:00:00 - 02/04/2026 02:00:00","CTA|IE","435.61","n/e"," ","579.58"
"02/04/2026 02:00:00 - 02/04/2026 03:00:00","CTA|IE","323.36","n/e"," ","455.10"
"02/04/2026 03:00:00 - 02/04/2026 04:00:00","CTA|IE","243.02","n/e"," ","346.83"
"02/04/2026 04:00:00 - 02/04/2026 05:00:00","CTA|IE","192.31","n/e"," ","313.98"
"02/04/2026 05:00:00 - 02/04/2026 06:00:00","CTA|IE","171.77","n/e"," ","220.51"
"02/04/2026 06:00:00 - 02/04/2026 07:00:00","CTA|IE","182.20","n/e"," ","178.79"
"02/04/2026 07:00:00 - 02/04/2026 08:00:00","CTA|IE","218.15","n/e"," ","146.00"
"02/04/2026 08:00:00 - 02/04/2026 09:00:00","CTA|IE","275.24","n/e"," ","287.97"
"02/04/2026 09:00:00 - 02/04/2026 10:00:00","CTA|IE","355.76","n/e"," ","508.05"
"02/04/2026 10:00:00 - 02/04/2026 11:00:00","CTA|IE","468.51","n/e"," ","667.66"
"02/04/2026 11:00:00 - 02/04/2026 12:00:00","CTA|IE","647.48","n/e"," ","904.73"
"02/04/2026 12:00:00 - 02/04/2026 13:00:00","CTA|IE","922.57","n/e"," ","1356.91"
"02/04/2026 13:00:00 - 02/04/2026 14:00:00","CTA|IE","1244.57","n/e"," ","1802.49"
"02/04/2026 14:00:00 - 02/04/2026 15:00:00","CTA|IE","1509.65","n/e"," ","2234.45"
"02/04/2026 15:00:00 - 02/04/2026 16:00:00","CTA|IE","1730.28","n/e"," ","2637.43"
"02/04/2026 16:00:00 - 02/04/2026 17:00:00","CTA|IE","1880.38","n/e"," ","2776.92"
"02/04/2026 17:00:00 - 02/04/2026 18:00:00","CTA|IE","1963.91","n/e"," ","2872.17"
"02/04/2026 18:00:00 - 02/04/2026 19:00:00","CTA|IE","1992.21","n/e"," ","2910.36"
"02/04/2026 19:00:00 - 02/04/2026 20:00:00","CTA|IE","2028.55","n/e"," ","2987.57"
"02/04/2026 20:00:00 - 02/04/2026 21:00:00","CTA|IE","2023.79","n/e"," ","3082.64"
"02/04/2026 21:00:00 - 02/04/2026 22:00:00","CTA|IE","1996.21","n/e"," ","3086.50"
"02/04/2026 22:00:00 - 02/04/2026 23:00:00","CTA|IE","1966.08","n/e"," ","2990.99"
"02/04/2026 23:00:00 - 03/04/2026 00:00:00","CTA|IE","1998.18","n/e"," ","2970.49"
"03/04/2026 00:00:00 - 03/04/2026 01:00:00","CTA|IE","2051.26","n/e"," ","2969.33"
"03/04/2026 01:00:00 - 03/04/2026 02:00:00","CTA|IE","2649.55","n/e"," ","2922.64"
"03/04/2026 02:00:00 - 03/04/2026 03:00:00","CTA|IE","2692.91","n/e"," ","2772.22"
"03/04/2026 03:00:00 - 03/04/2026 04:00:00","CTA|IE","2741.53","n/e"," ","2595.12"
"03/04/2026 04:00:00 - 03/04/2026 05:00:00","CTA|IE","2786.89","n/e"," ","2411.27"
"03/04/2026 05:00:00 - 03/04/2026 06:00:00","CTA|IE","2808.44","n/e"," ","2353.85"
"03/04/2026 06:00:00 - 03/04/2026 07:00:00","CTA|IE","2821.09","n/e"," ","2421.10"
"03/04/2026 07:00:00 - 03/04/2026 08:00:00","CTA|IE","2855.51","n/e"," ","2373.60"
"03/04/2026 08:00:00 - 03/04/2026 09:00:00","CTA|IE","2912.13","n/e"," ","2346.55"
"03/04/2026 09:00:00 - 03/04/2026 10:00:00","CTA|IE","2949.19","n/e"," ","2498.77"
"03/04/2026 10:00:00 - 03/04/2026 11:00:00","CTA|IE","2953.59","n/e"," ","2494.14"
"03/04/2026 11:00:00 - 03/04/2026 12:00:00","CTA|IE","2960.37","n/e"," ","2158.61"
"03/04/2026 12:00:00 - 03/04/2026 13:00:00","CTA|IE","2954.17","n/e"," ","1930.30"
"03/04/2026 13:00:00 - 03/04/2026 14:00:00","CTA|IE","2968.14","n/e"," ","1763.51"
"03/04/2026 14:00:00 - 03/04/2026 15:00:00","CTA|IE","2972.94","n/e"," ","1873.51"
"03/04/2026 15:00:00 - 03/04/2026 16:00:00","CTA|IE","2959.96","n/e"," ","1819.67"
"03/04/2026 16:00:00 - 03/04/2026 17:00:00","CTA|IE","2883.22","n/e"," ","1732.62"
"03/04/2026 17:00:00 - 03/04/2026 18:00:00","CTA|IE","2724.36","n/e"," ","2100.58"
"03/04/2026 18:00:00 - 03/04/2026 19:00:00","CTA|IE","2469.23","n/e"," ","2225.41"
"03/04/2026 19:00:00 - 03/04/2026 20:00:00","CTA|IE","2114.07","n/e"," ","2254.21"
"03/04/2026 20:00:00 - 03/04/2026 21:00:00","CTA|IE","1673.57","n/e"," ","1837.92"
"03/04/2026 21:00:00 - 03/04/2026 22:00:00","CTA|IE","1233.03","n/e"," ","1390.93"
"03/04/2026 22:00:00 - 03/04/2026 23:00:00","CTA|IE","883.33","n/e"," ","1075.93"
"03/04/2026 23:00:00 - 04/04/2026 00:00:00","CTA|IE","641.80","n/e"," ","864.75"
"04/04/2026 00:00:00 - 04/04/2026 01:00:00","CTA|IE","464.93","n/e"," ","636.14"
"04/04/2026 01:00:00 - 04/04/2026 02:00:00","CTA|IE","379.78","n/e"," ","539.18"
"04/04/2026 02:00:00 - 04/04/2026 03:00:00","CTA|IE","336.77","n/e"," ","387.42"
"04/04/2026 03:00:00 - 04/04/2026 04:00:00","CTA|IE","358.98","n/e"," ","330.04"
"04/04/2026 04:00:00 - 04/04/2026 05:00:00","CTA|IE","439.71","n/e"," ","256.24"
"04/04/2026 05:00:00 - 04/04/2026 06:00:00","CTA|IE","609.85","n/e"," ","235.03"
"04/04/2026 06:00:00 - 04/04/2026 07:00:00","CTA|IE","901.16","n/e"," ","433.11"
"04/04/2026 07:00:00 - 04/04/2026 08:00:00","CTA|IE","1349.69","n/e"," ","890.87"
"04/04/2026 08:00:00 - 04/04/2026 09:00:00","CTA|IE","1923.46","n/e"," ","1838.29"
"04/04/2026 09:00:00 - 04/04/2026 10:00:00","CTA|IE","2507.61","n/e"," ","2140.13"
"04/04/2026 10:00:00 - 04/04/2026 11:00:00","CTA|IE","3032.49","n/e"," ","2381.51"
"04/04/2026 11:00:00 - 04/04/2026 12:00:00","CTA|IE","3507.11","n/e"," ","2987.46"
"04/04/2026 12:00:00 - 04/04/2026 13:00:00","CTA|IE","3838.73","n/e"," ","3270.94"
"04/04/2026 13:00:00 - 04/04/2026 14:00:00","CTA|IE","4066.82","n/e"," ","3191.86"
"04/04/2026 14:00:00 - 04/04/2026 15:00:00","CTA|IE","4228.07","n/e"," ","2827.77"
"04/04/2026 15:00:00 - 04/04/2026 16:00:00","CTA|IE","4336.07","n/e"," ","2330.92"
"04/04/2026 16:00:00 - 04/04/2026 17:00:00","CTA|IE","4379.39","n/e"," ","2429.09"
"04/04/2026 17:00:00 - 04/04/2026 18:00:00","CTA|IE","4346.22","n/e"," ","2456.00"
"04/04/2026 18:00:00 - 04/04/2026 19:00:00","CTA|IE","4247.08","n/e"," ","2668.77"
"04/04/2026 19:00:00 - 04/04/2026 20:00:00","CTA|IE","4130.86","n/e"," ","2521.03"
"04/04/2026 20:00:00 - 04/04/2026 21:00:00","CTA|IE","4038.42","n/e"," ","2508.80"
"04/04/2026 21:00:00 - 04/04/2026 22:00:00","CTA|IE","3917.21","n/e"," ","2632.13"
"04/04/2026 22:00:00 - 04/04/2026 23:00:00","CTA|IE","3760.36","n/e"," ","2497.60"
"04/04/2026 23:00:00 - 05/04/2026 00:00:00","CTA|IE","3585.89","n/e"," ","2186.46"
"05/04/2026 00:00:00 - 05/04/2026 01:00:00","CTA|IE","3400.47","n/e"," ","1662.66"
"05/04/2026 01:00:00 - 05/04/2026 02:00:00","CTA|IE","2385.26","n/e"," ","1497.24"
"05/04/2026 02:00:00 - 05/04/2026 03:00:00","CTA|IE","2369.95","n/e"," ","1465.52"
"05/04/2026 03:00:00 - 05/04/2026 04:00:00","CTA|IE","2503.65","n/e"," ","1487.89"
"05/04/2026 04:00:00 - 05/04/2026 05:00:00","CTA|IE","2677.31","n/e"," ","1343.04"
"05/04/2026 05:00:00 - 05/04/2026 06:00:00","CTA|IE","2836.12","n/e"," ","1295.83"
"05/04/2026 06:00:00 - 05/04/2026 07:00:00","CTA|IE","2950.05","n/e"," ","1316.38"
"05/04/2026 07:00:00 - 05/04/2026 08:00:00","CTA|IE","3021.91","n/e"," ","1382.64"
"05/04/2026 08:00:00 - 05/04/2026 09:00:00","CTA|IE","3027.49","n/e"," ","1425.53"
"05/04/2026 09:00:00 - 05/04/2026 10:00:00","CTA|IE","2912.37","n/e"," ","1265.86"
"05/04/2026 10:00:00 - 05/04/2026 11:00:00","CTA|IE","2781.00","n/e"," ","1138.77"
"05/04/2026 11:00:00 - 05/04/2026 12:00:00","CTA|IE","2749.50","n/e"," ","1082.55"
"05/04/2026 12:00:00 - 05/04/2026 13:00:00","CTA|IE","2731.43","n/e"," ","1087.74"
"05/04/2026 13:00:00 - 05/04/2026 14:00:00","CTA|IE","2641.12","n/e"," ","1093.66"
"05/04/2026 14:00:00 - 05/04/2026 15:00:00","CTA|IE","2535.11","n/e"," ","1033.78"
"05/04/2026 15:00:00 - 05/04/2026 16:00:00","CTA|IE","2441.89","n/e"," ","987.57"
"05/04/2026 16:00:00 - 05/04/2026 17:00:00","CTA|IE","2284.31","n/e"," ","937.14"
"05/04/2026 17:00:00 - 05/04/2026 18:00:00","CTA|IE","1999.32","n/e"," ","929.32"
"05/04/2026 18:00:00 - 05/04/2026 19:00:00","CTA|IE","1623.50","n/e"," ","978.70"
"05/04/2026 19:00:00 - 05/04/2026 20:00:00","CTA|IE","1209.84","n/e"," ","917.94"
"05/04/2026 20:00:00 - 05/04/2026 21:00:00","CTA|IE","805.32","n/e"," ","531.06"
"05/04/2026 21:00:00 - 05/04/2026 22:00:00","CTA|IE","507.18","n/e"," ","452.05"
"05/04/2026 22:00:00 - 05/04/2026 23:00:00","CTA|IE","352.94","n/e"," ","606.95"
"05/04/2026 23:00:00 - 06/04/2026 00:00:00","CTA|IE","335.14","n/e"," ","891.22"
"06/04/2026 00:00:00 - 06/04/2026 01:00:00","CTA|IE","430.61","n/e"," ","1126.52"
"06/04/2026 01:00:00 - 06/04/2026 02:00:00","CTA|IE","1740.87","n/e"," ","1345.37"
"06/04/2026 02:00:00 - 06/04/2026 03:00:00","CTA|IE","2106.84","n/e"," ","1689.07"
"06/04/2026 03:00:00 - 06/04/2026 04:00:00","CTA|IE","2488.70","n/e"," ","2070.92"
"06/04/2026 04:00:00 - 06/04/2026 05:00:00","CTA|IE","2817.61","n/e"," ","2395.21"
"06/04/2026 05:00:00 - 06/04/2026 06:00:00","CTA|IE","3085.18","n/e"," ","2553.45"
"06/04/2026 06:00:00 - 06/04/2026 07:00:00","CTA|IE","3313.68","n/e"," ","2656.61"
"06/04/2026 07:00:00 - 06/04/2026 08:00:00","CTA|IE","3511.60","n/e"," ","2742.52"
"06/04/2026 08:00:00 - 06/04/2026 09:00:00","CTA|IE","3672.96","n/e"," ","2919.21"
"06/04/2026 09:00:00 - 06/04/2026 10:00:00","CTA|IE","3822.25","n/e"," ","2992.25"
"06/04/2026 10:00:00 - 06/04/2026 11:00:00","CTA|IE","3935.88","n/e"," ","2990.39"
"06/04/2026 11:00:00 - 06/04/2026 12:00:00","CTA|IE","4043.03","n/e"," ","3007.63"
"06/04/2026 12:00:00 - 06/04/2026 13:00:00","CTA|IE","4115.64","n/e"," ","2961.56"
"06/04/2026 13:00:00 - 06/04/2026 14:00:00","CTA|IE","4178.51","n/e"," ","2911.88"
"06/04/2026 14:00:00 - 06/04/2026 15:00:00","CTA|IE","4212.06","n/e"," ","2908.56"
"06/04/2026 15:00:00 - 06/04/2026 16:00:00","CTA|IE","4227.40","n/e"," ","2778.42"
"06/04/2026 16:00:00 - 06/04/2026 17:00:00","CTA|IE","4217.46","n/e"," ","2552.45"
"06/04/2026 17:00:00 - 06/04/2026 18:00:00","CTA|IE","4172.41","n/e"," ","2545.08"
"06/04/2026 18:00:00 - 06/04/2026 19:00:00","CTA|IE","4063.85","n/e"," ","2713.52"
"06/04/2026 19:00:00 - 06/04/2026 20:00:00","CTA|IE","3887.69","n/e"," ","2834.90"
"06/04/2026 20:00:00 - 06/04/2026 21:00:00","CTA|IE","3652.98","n/e"," ","2935.57"
"06/04/2026 21:00:00 - 06/04/2026 22:00:00","CTA|IE","3475.13","n/e"," ","2964.06"
"06/04/2026 22:00:00 - 06/04/2026 23:00:00","CTA|IE","3373.84","n/e"," ","2962.33"
"06/04/2026 23:00:00 - 07/04/2026 00:00:00","CTA|IE","3302.48","n/e"," ","2732.51"
"07/04/2026 00:00:00 - 07/04/2026 01:00:00","CTA|IE","3171.70","n/e"," ","2611.43"
"07/04/2026 01:00:00 - 07/04/2026 02:00:00","CTA|IE","3505.56","n/e"," ","2518.72"
"07/04/2026 02:00:00 - 07/04/2026 03:00:00","CTA|IE","3436.32","n/e"," ","2434.13"
"07/04/2026 03:00:00 - 07/04/2026 04:00:00","CTA|IE","3344.69","n/e"," ","2219.38"
"07/04/2026 04:00:00 - 07/04/2026 05:00:00","CTA|IE","3215.52","n/e"," ","2137.68"
"07/04/2026 05:00:00 - 07/04/2026 06:00:00","CTA|IE","3022.01","n/e"," ","2066.72"
"07/04/2026 06:00:00 - 07/04/2026 07:00:00","CTA|IE","2795.44","n/e"," ","2043.35"
"07/04/2026 07:00:00 - 07/04/2026 08:00:00","CTA|IE","2575.81","n/e"," ","2097.28"
"07/04/2026 08:00:00 - 07/04/2026 09:00:00","CTA|IE","2355.83","n/e"," ","1758.36"
"07/04/2026 09:00:00 - 07/04/2026 10:00:00","CTA|IE","2120.07","n/e"," ","1788.28"
"07/04/2026 10:00:00 - 07/04/2026 11:00:00","CTA|IE","1853.33","n/e"," ","1710.24"
"07/04/2026 11:00:00 - 07/04/2026 12:00:00","CTA|IE","1617.36","n/e"," ","1463.27"
"07/04/2026 12:00:00 - 07/04/2026 13:00:00","CTA|IE","1407.24","n/e"," ","1212.94"
"07/04/2026 13:00:00 - 07/04/2026 14:00:00","CTA|IE","1252.79","n/e"," ","1108.76"
"07/04/2026 14:00:00 - 07/04/2026 15:00:00","CTA|IE","1119.44","n/e"," ","982.22"
"07/04/2026 15:00:00 - 07/04/2026 16:00:00","CTA|IE","989.49","n/e"," ","928.38"
"07/04/2026 16:00:00 - 07/04/2026 17:00:00","CTA|IE","839.69","n/e"," ","809.17"
"07/04/2026 17:00:00 - 07/04/2026 18:00:00","CTA|IE","661.78","n/e"," ","661.87"
"07/04/2026 18:00:00 - 07/04/2026 19:00:00","CTA|IE","480.48","n/e"," ","512.70"
"07/04/2026 19:00:00 - 07/04/2026 20:00:00","CTA|IE","330.04","n/e"," ","411.02"
"07/04/2026 20:00:00 - 07/04/2026 21:00:00","CTA|IE","229.46","n/e"," ","288.59"
"07/04/2026 21:00:00 - 07/04/2026 22:00:00","CTA|IE","177.12","n/e"," ","277.01"
"07/04/2026 22:00:00 - 07/04/2026 23:00:00","CTA|IE","153.30","n/e"," ","263.95"
"07/04/2026 23:00:00 - 08/04/2026 00:00:00","CTA|IE","143.79","n/e"," ","227.26"
"08/04/2026 00:00:00 - 08/04/2026 01:00:00","CTA|IE","146.43","n/e"," ","242.84"
"08/04/2026 01:00:00 - 08/04/2026 02:00:00","CTA|IE","116.21","n/e"," ","236.39"
"08/04/2026 02:00:00 - 08/04/2026 03:00:00","CTA|IE","116.36","n/e"," ","191.72"
"08/04/2026 03:00:00 - 08/04/2026 04:00:00","CTA|IE","117.01","n/e"," ","89.33"
"08/04/2026 04:00:00 - 08/04/2026 05:00:00","CTA|IE","120.08","n/e"," ","80.43"
"08/04/2026 05:00:00 - 08/04/2026 06:00:00","CTA|IE","126.25","n/e"," ","96.22"
"08/04/2026 06:00:00 - 08/04/2026 07:00:00","CTA|IE","128.48","n/e"," ","78.79"
"08/04/2026 07:00:00 - 08/04/2026 08:00:00","CTA|IE","131.49","n/e"," ","32.29"
"08/04/2026 08:00:00 - 08/04/2026 09:00:00","CTA|IE","139.05","n/e"," ","59.36"
"08/04/2026 09:00:00 - 08/04/2026 10:00:00","CTA|IE","148.54","n/e"," ","93.83"
"08/04/2026 10:00:00 - 08/04/2026 11:00:00","CTA|IE","144.86","n/e"," ","146.79"
"08/04/2026 11:00:00 - 08/04/2026 12:00:00","CTA|IE","134.15","n/e"," ","293.95"
"08/04/2026 12:00:00 - 08/04/2026 13:00:00","CTA|IE","133.39","n/e"," ","455.07"
"08/04/2026 13:00:00 - 08/04/2026 14:00:00","CTA|IE","147.28","n/e"," ","675.68"
"08/04/2026 14:00:00 - 08/04/2026 15:00:00","CTA|IE","192.30","n/e"," ","725.42"
"08/04/2026 15:00:00 - 08/04/2026 16:00:00","CTA|IE","289.99","n/e"," ","802.91"
"08/04/2026 16:00:00 - 08/04/2026 17:00:00","CTA|IE","421.13","n/e"," ","885.37"
"08/04/2026 17:00:00 - 08/04/2026 18:00:00","CTA|IE","536.18","n/e"," ","1002.02"
"08/04/2026 18:00:00 - 08/04/2026 19:00:00","CTA|IE","622.42","n/e"," ","1159.05"
"08/04/2026 19:00:00 - 08/04/2026 20:00:00","CTA|IE","690.84","n/e"," ","1115.04"
"08/04/2026 20:00:00 - 08/04/2026 21:00:00","CTA|IE","726.74","n/e"," ","1003.70"
"08/04/2026 21:00:00 - 08/04/2026 22:00:00","CTA|IE","749.88","n/e"," ","1107.54"
"08/04/2026 22:00:00 - 08/04/2026 23:00:00","CTA|IE","842.38","n/e"," ","1100.50"
"08/04/2026 23:00:00 - 09/04/2026 00:00:00","CTA|IE","999.23","n/e"," ","1189.80"
"09/04/2026 00:00:00 - 09/04/2026 01:00:00","CTA|IE","1190.85","n/e"," ","1324.77"
"09/04/2026 01:00:00 - 09/04/2026 02:00:00","CTA|IE","1989.41","n/e"," ","1393.70"
"09/04/2026 02:00:00 - 09/04/2026 03:00:00","CTA|IE","2087.69","n/e"," ","1388.32"
"09/04/2026 03:00:00 - 09/04/2026 04:00:00","CTA|IE","2113.70","n/e"," ","1301.44"
"09/04/2026 04:00:00 - 09/04/2026 05:00:00","CTA|IE","2101.55","n/e"," ","1337.20"
"09/04/2026 05:00:00 - 09/04/2026 06:00:00","CTA|IE","2111.01","n/e"," ","1253.11"
"09/04/2026 06:00:00 - 09/04/2026 07:00:00","CTA|IE","2151.83","n/e"," ","1419.99"
"09/04/2026 07:00:00 - 09/04/2026 08:00:00","CTA|IE","2218.51","n/e"," ","1573.40"
"09/04/2026 08:00:00 - 09/04/2026 09:00:00","CTA|IE","2327.37","n/e"," ","1709.52"
"09/04/2026 09:00:00 - 09/04/2026 10:00:00","CTA|IE","2450.50","n/e"," ","1999.29"
"09/04/2026 10:00:00 - 09/04/2026 11:00:00","CTA|IE","2721.99","n/e"," ","2352.42"
"09/04/2026 11:00:00 - 09/04/2026 12:00:00","CTA|IE","3123.87","n/e"," ","2503.04"
"09/04/2026 12:00:00 - 09/04/2026 13:00:00","CTA|IE","3373.70","n/e"," ","2721.97"
"09/04/2026 13:00:00 - 09/04/2026 14:00:00","CTA|IE","3540.22","n/e"," ","2600.74"
"09/04/2026 14:00:00 - 09/04/2026 15:00:00","CTA|IE","3643.18","n/e"," ","2627.07"
"09/04/2026 15:00:00 - 09/04/2026 16:00:00","CTA|IE","3687.80","n/e"," ","2620.52"
"09/04/2026 16:00:00 - 09/04/2026 17:00:00","CTA|IE","3637.80","n/e"," ","2583.52"
"09/04/2026 17:00:00 - 09/04/2026 18:00:00","CTA|IE","3471.02","n/e"," ","2585.95"
"09/04/2026 18:00:00 - 09/04/2026 19:00:00","CTA|IE","3150.05","n/e"," ","2652.00"
"09/04/2026 19:00:00 - 09/04/2026 20:00:00","CTA|IE","2700.58","n/e"," ","2753.77"
"09/04/2026 20:00:00 - 09/04/2026 21:00:00","CTA|IE","2114.86","n/e"," ","2470.26"
"09/04/2026 21:00:00 - 09/04/2026 22:00:00","CTA|IE","1491.19","n/e"," ","2062.01"
"09/04/2026 22:00:00 - 09/04/2026 23:00:00","CTA|IE","1002.33","n/e"," ","1809.78"
"09/04/2026 23:00:00 - 10/04/2026 00:00:00","CTA|IE","691.83","n/e"," ","1456.86"
"10/04/2026 00:00:00 - 10/04/2026 01:00:00","CTA|IE","481.51","n/e"," ","1185.26"
"10/04/2026 01:00:00 - 10/04/2026 02:00:00","CTA|IE","842.88","n/e"," ","820.25"
"10/04/2026 02:00:00 - 10/04/2026 03:00:00","CTA|IE","718.83","n/e"," ","609.60"
"10/04/2026 03:00:00 - 10/04/2026 04:00:00","CTA|IE","629.59","n/e"," ","444.41"
"10/04/2026 04:00:00 - 10/04/2026 05:00:00","CTA|IE","609.71","n/e"," ","404.35"
"10/04/2026 05:00:00 - 10/04/2026 06:00:00","CTA|IE","728.05","n/e"," ","449.48"
"10/04/2026 06:00:00 - 10/04/2026 07:00:00","CTA|IE","1043.81","n/e"," ","665.08"
"10/04/2026 07:00:00 - 10/04/2026 08:00:00","CTA|IE","1544.09","n/e"," ","999.15"
"10/04/2026 08:00:00 - 10/04/2026 09:00:00","CTA|IE","2142.99","n/e"," ","1290.96"
"10/04/2026 09:00:00 - 10/04/2026 10:00:00","CTA|IE","2772.82","n/e"," ","1834.50"
"10/04/2026 10:00:00 - 10/04/2026 11:00:00","CTA|IE","3341.43","n/e"," ","2356.64"
"10/04/2026 11:00:00 - 10/04/2026 12:00:00","CTA|IE","3822.71","n/e"," ","2617.44"
"10/04/2026 12:00:00 - 10/04/2026 13:00:00","CTA|IE","4146.56","n/e"," ","2915.09"
"10/04/2026 13:00:00 - 10/04/2026 14:00:00","CTA|IE","4336.42","n/e"," ","3147.87"
"10/04/2026 14:00:00 - 10/04/2026 15:00:00","CTA|IE","4431.04","n/e"," ","3248.28"
"10/04/2026 15:00:00 - 10/04/2026 16:00:00","CTA|IE","4480.59","n/e"," ","3265.90"
"10/04/2026 16:00:00 - 10/04/2026 17:00:00","CTA|IE","4499.61","n/e"," ","3288.13"
"10/04/2026 17:00:00 - 10/04/2026 18:00:00","CTA|IE","4500.16","n/e"," ","3381.95"
"10/04/2026 18:00:00 - 10/04/2026 19:00:00","CTA|IE","4461.91","n/e"," ","3305.53"
"10/04/2026 19:00:00 - 10/04/2026 20:00:00","CTA|IE","4365.31","n/e"," ","3190.14"
"10/04/2026 20:00:00 - 10/04/2026 21:00:00","CTA|IE","4228.07","n/e"," ","2532.70"
"10/04/2026 21:00:00 - 10/04/2026 22:00:00","CTA|IE","4071.90","n/e"," ","2075.14"
"10/04/2026 22:00:00 - 10/04/2026 23:00:00","CTA|IE","3884.61","n/e"," ","1779.57"
"10/04/2026 23:00:00 - 11/04/2026 00:00:00","CTA|IE","3650.94","n/e"," ","1714.97"
"11/04/2026 00:00:00 - 11/04/2026 01:00:00","CTA|IE","3365.93","n/e"," ","2063.45"
"11/04/2026 01:00:00 - 11/04/2026 02:00:00","CTA|IE","3427.77","n/e"," ","2184.16"
"11/04/2026 02:00:00 - 11/04/2026 03:00:00","CTA|IE","3244.97","n/e"," ","2266.71"
"11/04/2026 03:00:00 - 11/04/2026 04:00:00","CTA|IE","3051.25","n/e"," ","2355.24"
"11/04/2026 04:00:00 - 11/04/2026 05:00:00","CTA|IE","2882.15","n/e"," ","2316.42"
"11/04/2026 05:00:00 - 11/04/2026 06:00:00","CTA|IE","2770.84","n/e"," ","2207.40"
"11/04/2026 06:00:00 - 11/04/2026 07:00:00","CTA|IE","2732.13","n/e"," ","2064.02"
"11/04/2026 07:00:00 - 11/04/2026 08:00:00","CTA|IE","2817.38","n/e"," ","1872.34"
"11/04/2026 08:00:00 - 11/04/2026 09:00:00","CTA|IE","3045.26","n/e"," ","1894.60"
"11/04/2026 09:00:00 - 11/04/2026 10:00:00","CTA|IE","3351.70","n/e"," ","2014.85"
"11/04/2026 10:00:00 - 11/04/2026 11:00:00","CTA|IE","3664.53","n/e"," ","2100.13"
"11/04/2026 11:00:00 - 11/04/2026 12:00:00","CTA|IE","3889.09","n/e"," ","1845.78"
"11/04/2026 12:00:00 - 11/04/2026 13:00:00","CTA|IE","4004.27","n/e"," ","1587.66"
"11/04/2026 13:00:00 - 11/04/2026 14:00:00","CTA|IE","4115.41","n/e"," ","1511.32"
"11/04/2026 14:00:00 - 11/04/2026 15:00:00","CTA|IE","4212.61","n/e"," ","1361.91"
"11/04/2026 15:00:00 - 11/04/2026 16:00:00","CTA|IE","4286.54","n/e"," ","1331.78"
"11/04/2026 16:00:00 - 11/04/2026 17:00:00","CTA|IE","4343.59","n/e"," ","1338.94"
"11/04/2026 17:00:00 - 11/04/2026 18:00:00","CTA|IE","4382.73","n/e"," ","1525.19"
"11/04/2026 18:00:00 - 11/04/2026 19:00:00","CTA|IE","4367.50","n/e"," ","2187.17"
"11/04/2026 19:00:00 - 11/04/2026 20:00:00","CTA|IE","4327.71","n/e"," ","2452.94"
"11/04/2026 20:00:00 - 11/04/2026 21:00:00","CTA|IE","4283.69","n/e"," ","2480.14"
"11/04/2026 21:00:00 - 11/04/2026 22:00:00","CTA|IE","4238.50","n/e"," ","2500.33"
"11/04/2026 22:00:00 - 11/04/2026 23:00:00","CTA|IE","4188.53","n/e"," ","2661.17"
"11/04/2026 23:00:00 - 12/04/2026 00:00:00","CTA|IE","4163.85","n/e"," ","2518.39"
"12/04/2026 00:00:00 - 12/04/2026 01:00:00","CTA|IE","4158.15","n/e"," ","2323.64"
"12/04/2026 01:00:00 - 12/04/2026 02:00:00","CTA|IE","4118.20","n/e"," ","2162.78"
"12/04/2026 02:00:00 - 12/04/2026 03:00:00","CTA|IE","4091.34","n/e"," ","2157.61"
"12/04/2026 03:00:00 - 12/04/2026 04:00:00","CTA|IE","4065.98","n/e"," ","2206.13"
"12/04/2026 04:00:00 - 12/04/2026 05:00:00","CTA|IE","4015.96","n/e"," ","2206.54"
"12/04/2026 05:00:00 - 12/04/2026 06:00:00","CTA|IE","3969.54","n/e"," ","2179.87"
"12/04/2026 06:00:00 - 12/04/2026 07:00:00","CTA|IE","3913.19","n/e"," ","2143.26"
"12/04/2026 07:00:00 - 12/04/2026 08:00:00","CTA|IE","3856.36","n/e"," ","2128.85"
"12/04/2026 08:00:00 - 12/04/2026 09:00:00","CTA|IE","3761.14","n/e"," ","2201.95"
"12/04/2026 09:00:00 - 12/04/2026 10:00:00","CTA|IE","3621.16","n/e"," ","2135.85"
"12/04/2026 10:00:00 - 12/04/2026 11:00:00","CTA|IE","3477.92","n/e"," ","2095.33"
"12/04/2026 11:00:00 - 12/04/2026 12:00:00","CTA|IE","3384.82","n/e"," ","1916.38"
"12/04/2026 12:00:00 - 12/04/2026 13:00:00","CTA|IE","3244.98","n/e"," ","1931.54"
"12/04/2026 13:00:00 - 12/04/2026 14:00:00","CTA|IE","3008.46","n/e"," ","1871.54"
"12/04/2026 14:00:00 - 12/04/2026 15:00:00","CTA|IE","2710.24","n/e"," ","1910.83"
"12/04/2026 15:00:00 - 12/04/2026 16:00:00","CTA|IE","2403.30","n/e"," ","1764.40"
"12/04/2026 16:00:00 - 12/04/2026 17:00:00","CTA|IE","2091.38","n/e"," ","1704.21"
"12/04/2026 17:00:00 - 12/04/2026 18:00:00","CTA|IE","1764.82","n/e"," ","1822.44"
"12/04/2026 18:00:00 - 12/04/2026 19:00:00","CTA|IE","1442.49","n/e"," ","1846.33"
"12/04/2026 19:00:00 - 12/04/2026 20:00:00","CTA|IE","1155.74","n/e"," ","1684.82"
"12/04/2026 20:00:00 - 12/04/2026 21:00:00","CTA|IE","875.08","n/e"," ","1238.14"
"12/04/2026 21:00:00 - 12/04/2026 22:00:00","CTA|IE","644.89","n/e"," ","958.27"
"12/04/2026 22:00:00 - 12/04/2026 23:00:00","CTA|IE","510.79","n/e"," ","780.34"
"12/04/2026 23:00:00 - 13/04/2026 00:00:00","CTA|IE","462.83","n/e"," ","845.76"
"13/04/2026 00:00:00 - 13/04/2026 01:00:00","CTA|IE","436.28","n/e"," ","679.39"
"13/04/2026 01:00:00 - 13/04/2026 02:00:00","CTA|IE","613.22","n/e"," ","584.43"
"13/04/2026 02:00:00 - 13/04/2026 03:00:00","CTA|IE","599.15","n/e"," ","547.13"
"13/04/2026 03:00:00 - 13/04/2026 04:00:00","CTA|IE","587.70","n/e"," ","598.01"
"13/04/2026 04:00:00 - 13/04/2026 05:00:00","CTA|IE","578.14","n/e"," ","535.25"
"13/04/2026 05:00:00 - 13/04/2026 06:00:00","CTA|IE","557.37","n/e"," ","530.03"
"13/04/2026 06:00:00 - 13/04/2026 07:00:00","CTA|IE","519.54","n/e"," ","540.78"
"13/04/2026 07:00:00 - 13/04/2026 08:00:00","CTA|IE","483.97","n/e"," ","499.10"
"13/04/2026 08:00:00 - 13/04/2026 09:00:00","CTA|IE","444.33","n/e"," ","481.64"
"13/04/2026 09:00:00 - 13/04/2026 10:00:00","CTA|IE","385.82","n/e"," ","400.83"
"13/04/2026 10:00:00 - 13/04/2026 11:00:00","CTA|IE","322.44","n/e"," ","362.71"
"13/04/2026 11:00:00 - 13/04/2026 12:00:00","CTA|IE","286.25","n/e"," ","520.94"
"13/04/2026 12:00:00 - 13/04/2026 13:00:00","CTA|IE","273.38","n/e"," ","753.94"
"13/04/2026 13:00:00 - 13/04/2026 14:00:00","CTA|IE","269.79","n/e"," ","915.70"
"13/04/2026 14:00:00 - 13/04/2026 15:00:00","CTA|IE","280.39","n/e"," ","993.16"
"13/04/2026 15:00:00 - 13/04/2026 16:00:00","CTA|IE","301.32","n/e"," ","1074.90"
"13/04/2026 16:00:00 - 13/04/2026 17:00:00","CTA|IE","310.13","n/e"," ","1011.77"
"13/04/2026 17:00:00 - 13/04/2026 18:00:00","CTA|IE","289.79","n/e"," ","1119.79"
"13/04/2026 18:00:00 - 13/04/2026 19:00:00","CTA|IE","248.68","n/e"," ","1047.02"
"13/04/2026 19:00:00 - 13/04/2026 20:00:00","CTA|IE","203.77","n/e"," ","845.12"
"13/04/2026 20:00:00 - 13/04/2026 21:00:00","CTA|IE","163.22","n/e"," ","885.13"
"13/04/2026 21:00:00 - 13/04/2026 22:00:00","CTA|IE","129.23","n/e"," ","1000.40"
"13/04/2026 22:00:00 - 13/04/2026 23:00:00","CTA|IE","116.76","n/e"," ","1472.00"
"13/04/2026 23:00:00 - 14/04/2026 00:00:00","CTA|IE","143.88","n/e"," ","1698.49"
"14/04/2026 00:00:00 - 14/04/2026 01:00:00","CTA|IE","208.32","n/e"," ","1935.17"
"14/04/2026 01:00:00 - 14/04/2026 02:00:00","CTA|IE","1449.27","n/e"," ","2044.64"
"14/04/2026 02:00:00 - 14/04/2026 03:00:00","CTA|IE","1733.85","n/e"," ","2319.19"
"14/04/2026 03:00:00 - 14/04/2026 04:00:00","CTA|IE","1966.33","n/e"," ","2295.52"
"14/04/2026 04:00:00 - 14/04/2026 05:00:00","CTA|IE","2129.79","n/e"," ","2204.25"
"14/04/2026 05:00:00 - 14/04/2026 06:00:00","CTA|IE","2229.72","n/e"," ","2132.09"
"14/04/2026 06:00:00 - 14/04/2026 07:00:00","CTA|IE","2264.51","n/e"," ","2104.90"
"14/04/2026 07:00:00 - 14/04/2026 08:00:00","CTA|IE","2255.06","n/e"," ","1942.04"
"14/04/2026 08:00:00 - 14/04/2026 09:00:00","CTA|IE","2220.89","n/e"," ","1788.55"
"14/04/2026 09:00:00 - 14/04/2026 10:00:00","CTA|IE","2206.23","n/e"," ","1705.01"
"14/04/2026 10:00:00 - 14/04/2026 11:00:00","CTA|IE","2173.16","n/e"," ","1700.55"
"14/04/2026 11:00:00 - 14/04/2026 12:00:00","CTA|IE","2165.52","n/e"," ","1733.37"
"14/04/2026 12:00:00 - 14/04/2026 13:00:00","CTA|IE","2156.59","n/e"," ","1710.67"
"14/04/2026 13:00:00 - 14/04/2026 14:00:00","CTA|IE","2181.68","n/e"," ","1636.96"
"14/04/2026 14:00:00 - 14/04/2026 15:00:00","CTA|IE","2199.07","n/e"," ","1660.93"
"14/04/2026 15:00:00 - 14/04/2026 16:00:00","CTA|IE","2217.08","n/e"," ","1582.20"
"14/04/2026 16:00:00 - 14/04/2026 17:00:00","CTA|IE","2212.02","n/e"," ","1714.65"
"14/04/2026 17:00:00 - 14/04/2026 18:00:00","CTA|IE","2196.20","n/e"," ","1648.14"
"14/04/2026 18:00:00 - 14/04/2026 19:00:00","CTA|IE","2209.64","n/e"," ","1819.36"
"14/04/2026 19:00:00 - 14/04/2026 20:00:00","CTA|IE","2280.15","n/e"," ","1734.14"
"14/04/2026 20:00:00 - 14/04/2026 21:00:00","CTA|IE","2349.13","n/e"," ","1683.80"
"14/04/2026 21:00:00 - 14/04/2026 22:00:00","CTA|IE","2454.53","n/e"," ","1652.62"
"14/04/2026 22:00:00 - 14/04/2026 23:00:00","CTA|IE","2602.65","n/e"," ","1690.07"
"14/04/2026 23:00:00 - 15/04/2026 00:00:00","CTA|IE","2800.49","n/e"," ","1665.53"
"15/04/2026 00:00:00 - 15/04/2026 01:00:00","CTA|IE","2977.23","n/e"," ","1798.18"
"15/04/2026 01:00:00 - 15/04/2026 02:00:00","CTA|IE","3492.01","n/e"," ","1867.93"
"15/04/2026 02:00:00 - 15/04/2026 03:00:00","CTA|IE","3432.07","n/e"," ","2022.80"
"15/04/2026 03:00:00 - 15/04/2026 04:00:00","CTA|IE","3285.30","n/e"," ","2055.53"
"15/04/2026 04:00:00 - 15/04/2026 05:00:00","CTA|IE","3071.73","n/e"," ","2187.11"
"15/04/2026 05:00:00 - 15/04/2026 06:00:00","CTA|IE","2859.08","n/e"," ","1919.86"
"15/04/2026 06:00:00 - 15/04/2026 07:00:00","CTA|IE","2674.13","n/e"," ","1811.99"
"15/04/2026 07:00:00 - 15/04/2026 08:00:00","CTA|IE","2588.63","n/e"," ","1936.12"
"15/04/2026 08:00:00 - 15/04/2026 09:00:00","CTA|IE","2596.17","n/e"," ","1934.39"
"15/04/2026 09:00:00 - 15/04/2026 10:00:00","CTA|IE","2684.96","n/e"," ","1723.65"
"15/04/2026 10:00:00 - 15/04/2026 11:00:00","CTA|IE","2782.35","n/e"," ","1678.38"
"15/04/2026 11:00:00 - 15/04/2026 12:00:00","CTA|IE","2979.06","n/e"," ","1828.05"
"15/04/2026 12:00:00 - 15/04/2026 13:00:00","CTA|IE","3231.76","n/e"," ","2143.94"
"15/04/2026 13:00:00 - 15/04/2026 14:00:00","CTA|IE","3535.71","n/e"," ","2102.14"
"15/04/2026 14:00:00 - 15/04/2026 15:00:00","CTA|IE","3798.97","n/e"," ","2247.07"
"15/04/2026 15:00:00 - 15/04/2026 16:00:00","CTA|IE","3968.59","n/e"," ","2290.61"
"15/04/2026 16:00:00 - 15/04/2026 17:00:00","CTA|IE","4059.66","n/e"," ","2621.57"
"15/04/2026 17:00:00 - 15/04/2026 18:00:00","CTA|IE","4107.87","n/e"," ","2808.85"
"15/04/2026 18:00:00 - 15/04/2026 19:00:00","CTA|IE","4110.69","n/e"," ","2949.11"
"15/04/2026 19:00:00 - 15/04/2026 20:00:00","CTA|IE","4048.56","n/e"," ","2862.84"
"15/04/2026 20:00:00 - 15/04/2026 21:00:00","CTA|IE","3924.72","n/e"," ","2951.84"
"15/04/2026 21:00:00 - 15/04/2026 22:00:00","CTA|IE","3793.03","n/e"," ","2931.92"
"15/04/2026 22:00:00 - 15/04/2026 23:00:00","CTA|IE","3661.16","n/e"," ","2963.17"
"15/04/2026 23:00:00 - 16/04/2026 00:00:00","CTA|IE","3578.29","n/e"," ","3063.21"
"16/04/2026 00:00:00 - 16/04/2026 01:00:00","CTA|IE","3476.76","n/e"," ","2899.57"
"16/04/2026 01:00:00 - 16/04/2026 02:00:00","CTA|IE","3518.69","n/e"," ","2751.44"
"16/04/2026 02:00:00 - 16/04/2026 03:00:00","CTA|IE","3313.78","n/e"," ","2572.99"
"16/04/2026 03:00:00 - 16/04/2026 04:00:00","CTA|IE","3158.13","n/e"," ","2385.54"
"16/04/2026 04:00:00 - 16/04/2026 05:00:00","CTA|IE","3008.17","n/e"," ","2287.66"
"16/04/2026 05:00:00 - 16/04/2026 06:00:00","CTA|IE","2829.72","n/e"," ","2053.25"
"16/04/2026 06:00:00 - 16/04/2026 07:00:00","CTA|IE","2623.38","n/e"," ","1867.62"
"16/04/2026 07:00:00 - 16/04/2026 08:00:00","CTA|IE","2450.78","n/e"," ","1940.46"
"16/04/2026 08:00:00 - 16/04/2026 09:00:00","CTA|IE","2251.49","n/e"," ","1767.74"
"16/04/2026 09:00:00 - 16/04/2026 10:00:00","CTA|IE","2034.93","n/e"," ","1664.07"
"16/04/2026 10:00:00 - 16/04/2026 11:00:00","CTA|IE","1814.63","n/e"," ","1478.43"
"16/04/2026 11:00:00 - 16/04/2026 12:00:00","CTA|IE","1678.30","n/e"," ","1724.50"
"16/04/2026 12:00:00 - 16/04/2026 13:00:00","CTA|IE","1528.95","n/e"," ","1771.06"
"16/04/2026 13:00:00 - 16/04/2026 14:00:00","CTA|IE","1413.40","n/e"," ","1874.51"
"16/04/2026 14:00:00 - 16/04/2026 15:00:00","CTA|IE","1368.00","n/e"," ","1947.97"
"16/04/2026 15:00:00 - 16/04/2026 16:00:00","CTA|IE","1384.00","n/e"," ","2263.28"
"16/04/2026 16:00:00 - 16/04/2026 17:00:00","CTA|IE","1423.04","n/e"," ","2463.02"
"16/04/2026 17:00:00 - 16/04/2026 18:00:00","CTA|IE","1446.49","n/e"," ","2621.40"
"16/04/2026 18:00:00 - 16/04/2026 19:00:00","CTA|IE","1478.61","n/e"," ","2633.22"
"16/04/2026 19:00:00 - 16/04/2026 20:00:00","CTA|IE","1516.87","n/e"," ","2743.52"
"16/04/2026 20:00:00 - 16/04/2026 21:00:00","CTA|IE","1550.06","n/e"," ","3002.54"
"16/04/2026 21:00:00 - 16/04/2026 22:00:00","CTA|IE","1621.99","n/e"," ","2947.36"
"16/04/2026 22:00:00 - 16/04/2026 23:00:00","CTA|IE","1764.36","n/e"," ","2993.07"
"16/04/2026 23:00:00 - 17/04/2026 00:00:00","CTA|IE","1986.46","n/e"," ","3073.56"
"17/04/2026 00:00:00 - 17/04/2026 01:00:00","CTA|IE","2229.46","n/e"," ","2853.75"
"17/04/2026 01:00:00 - 17/04/2026 02:00:00","CTA|IE","3680.61","n/e"," ","2747.56"
"17/04/2026 02:00:00 - 17/04/2026 03:00:00","CTA|IE","3751.29","n/e"," ","2596.38"
"17/04/2026 03:00:00 - 17/04/2026 04:00:00","CTA|IE","3787.34","n/e"," ","2485.74"
"17/04/2026 04:00:00 - 17/04/2026 05:00:00","CTA|IE","3806.13","n/e"," ","2572.38"
"17/04/2026 05:00:00 - 17/04/2026 06:00:00","CTA|IE","3816.35","n/e"," ","2476.95"
"17/04/2026 06:00:00 - 17/04/2026 07:00:00","CTA|IE","3809.74","n/e"," ","2418.81"
"17/04/2026 07:00:00 - 17/04/2026 08:00:00","CTA|IE","3793.36","n/e"," ","2570.43"
"17/04/2026 08:00:00 - 17/04/2026 09:00:00","CTA|IE","3772.17","n/e"," ","2558.30"
"17/04/2026 09:00:00 - 17/04/2026 10:00:00","CTA|IE","3724.42","n/e"," ","2562.34"
"17/04/2026 10:00:00 - 17/04/2026 11:00:00","CTA|IE","3628.77","n/e"," ","2591.97"
"17/04/2026 11:00:00 - 17/04/2026 12:00:00","CTA|IE","3562.78","n/e"," ","2619.53"
"17/04/2026 12:00:00 - 17/04/2026 13:00:00","CTA|IE","3481.93","n/e"," ","2619.83"
"17/04/2026 13:00:00 - 17/04/2026 14:00:00","CTA|IE","3417.94","n/e"," ","2566.71"
"17/04/2026 14:00:00 - 17/04/2026 15:00:00","CTA|IE","3398.30","n/e"," ","2495.45"
"17/04/2026 15:00:00 - 17/04/2026 16:00:00","CTA|IE","3433.14","n/e"," ","2334.52"
"17/04/2026 16:00:00 - 17/04/2026 17:00:00","CTA|IE","3463.87","n/e"," ","2309.34"
"17/04/2026 17:00:00 - 17/04/2026 18:00:00","CTA|IE","3462.86","n/e"," ","2442.80"
"17/04/2026 18:00:00 - 17/04/2026 19:00:00","CTA|IE","3418.89","n/e"," ","2738.73"
"17/04/2026 19:00:00 - 17/04/2026 20:00:00","CTA|IE","3302.31","n/e"," ","2788.55"
"17/04/2026 20:00:00 - 17/04/2026 21:00:00","CTA|IE","3068.65","n/e"," ","2604.23"
"17/04/2026 21:00:00 - 17/04/2026 22:00:00","CTA|IE","2813.45","n/e"," ","2340.03"
"17/04/2026 22:00:00 - 17/04/2026 23:00:00","CTA|IE","2622.23","n/e"," ","2127.09"
"17/04/2026 23:00:00 - 18/04/2026 00:00:00","CTA|IE","2514.94","n/e"," ","2049.69"
"18/04/2026 00:00:00 - 18/04/2026 01:00:00","CTA|IE","2431.46","n/e"," ","1943.93"
"18/04/2026 01:00:00 - 18/04/2026 02:00:00","CTA|IE","1076.25","n/e"," ","1951.81"
"18/04/2026 02:00:00 - 18/04/2026 03:00:00","CTA|IE","1007.68","n/e"," ","1819.86"
"18/04/2026 03:00:00 - 18/04/2026 04:00:00","CTA|IE","988.15","n/e"," ","1750.32"
"18/04/2026 04:00:00 - 18/04/2026 05:00:00","CTA|IE","998.22","n/e"," ","1655.76"
"18/04/2026 05:00:00 - 18/04/2026 06:00:00","CTA|IE","1012.69","n/e"," ","1663.63"
"18/04/2026 06:00:00 - 18/04/2026 07:00:00","CTA|IE","1005.79","n/e"," ","1541.86"
"18/04/2026 07:00:00 - 18/04/2026 08:00:00","CTA|IE","963.00","n/e"," ","1406.78"
"18/04/2026 08:00:00 - 18/04/2026 09:00:00","CTA|IE","879.67","n/e"," ","1187.31"
"18/04/2026 09:00:00 - 18/04/2026 10:00:00","CTA|IE","812.52","n/e"," ","1009.20"
"18/04/2026 10:00:00 - 18/04/2026 11:00:00","CTA|IE","781.73","n/e"," ","935.55"
"18/04/2026 11:00:00 - 18/04/2026 12:00:00","CTA|IE","785.88","n/e"," ","1170.20"
"18/04/2026 12:00:00 - 18/04/2026 13:00:00","CTA|IE","775.84","n/e"," ","1135.99"
"18/04/2026 13:00:00 - 18/04/2026 14:00:00","CTA|IE","773.62","n/e"," ","1121.50"
"18/04/2026 14:00:00 - 18/04/2026 15:00:00","CTA|IE","761.54","n/e"," ","1067.05"
"18/04/2026 15:00:00 - 18/04/2026 16:00:00","CTA|IE","742.93","n/e"," ","1015.37"
"18/04/2026 16:00:00 - 18/04/2026 17:00:00","CTA|IE","716.81","n/e"," ","908.90"
"18/04/2026 17:00:00 - 18/04/2026 18:00:00","CTA|IE","689.77","n/e"," ","944.81"
"18/04/2026 18:00:00 - 18/04/2026 19:00:00","CTA|IE","660.46","n/e"," ","830.86"
"18/04/2026 19:00:00 - 18/04/2026 20:00:00","CTA|IE","605.53","n/e"," ","702.71"
"18/04/2026 20:00:00 - 18/04/2026 21:00:00","CTA|IE","516.84","n/e"," ","556.35"
"18/04/2026 21:00:00 - 18/04/2026 22:00:00","CTA|IE","405.17","n/e"," ","470.29"
"18/04/2026 22:00:00 - 18/04/2026 23:00:00","CTA|IE","302.74","n/e"," ","471.91"
"18/04/2026 23:00:00 - 19/04/2026 00:00:00","CTA|IE","224.27","n/e"," ","362.83"
"19/04/2026 00:00:00 - 19/04/2026 01:00:00","CTA|IE","168.96","n/e"," ","255.98"
"19/04/2026 01:00:00 - 19/04/2026 02:00:00","CTA|IE","120.92","n/e"," ","186.82"
"19/04/2026 02:00:00 - 19/04/2026 03:00:00","CTA|IE","100.09","n/e"," ","102.63"
"19/04/2026 03:00:00 - 19/04/2026 04:00:00","CTA|IE","89.17","n/e"," ","50.96"
"19/04/2026 04:00:00 - 19/04/2026 05:00:00","CTA|IE","82.15","n/e"," ","36.79"
"19/04/2026 05:00:00 - 19/04/2026 06:00:00","CTA|IE","80.13","n/e"," ","27.75"
"19/04/2026 06:00:00 - 19/04/2026 07:00:00","CTA|IE","84.76","n/e"," ","22.08"
"19/04/2026 07:00:00 - 19/04/2026 08:00:00","CTA|IE","98.48","n/e"," ","13.79"
"19/04/2026 08:00:00 - 19/04/2026 09:00:00","CTA|IE","117.69","n/e"," ","14.29"
"19/04/2026 09:00:00 - 19/04/2026 10:00:00","CTA|IE","133.40","n/e"," ","6.24"
"19/04/2026 10:00:00 - 19/04/2026 11:00:00","CTA|IE","137.40","n/e"," ","N/A"
"19/04/2026 11:00:00 - 19/04/2026 12:00:00","CTA|IE","138.81","n/e"," ","3.22"
"19/04/2026 12:00:00 - 19/04/2026 13:00:00","CTA|IE","155.70","n/e"," ","13.49"
"19/04/2026 13:00:00 - 19/04/2026 14:00:00","CTA|IE","167.22","n/e"," ","39.36"
"19/04/2026 14:00:00 - 19/04/2026 15:00:00","CTA|IE","185.92","n/e"," ","47.74"
"19/04/2026 15:00:00 - 19/04/2026 16:00:00","CTA|IE","212.55","n/e"," ","65.24"
"19/04/2026 16:00:00 - 19/04/2026 17:00:00","CTA|IE","232.34","n/e"," ","82.83"
"19/04/2026 17:00:00 - 19/04/2026 18:00:00","CTA|IE","247.70","n/e"," ","113.90"
"19/04/2026 18:00:00 - 19/04/2026 19:00:00","CTA|IE","264.95","n/e"," ","150.93"
"19/04/2026 19:00:00 - 19/04/2026 20:00:00","CTA|IE","295.70","n/e"," ","198.28"
"19/04/2026 20:00:00 - 19/04/2026 21:00:00","CTA|IE","349.53","n/e"," ","250.42"
"19/04/2026 21:00:00 - 19/04/2026 22:00:00","CTA|IE","427.55","n/e"," ","302.67"
"19/04/2026 22:00:00 - 19/04/2026 23:00:00","CTA|IE","497.32","n/e"," ","425.68"
"19/04/2026 23:00:00 - 20/04/2026 00:00:00","CTA|IE","552.06","n/e"," ","438.27"
"20/04/2026 00:00:00 - 20/04/2026 01:00:00","CTA|IE","596.69","n/e"," ","462.72"
"20/04/2026 01:00:00 - 20/04/2026 02:00:00","CTA|IE","673.87","n/e"," ","469.08"
"20/04/2026 02:00:00 - 20/04/2026 03:00:00","CTA|IE","733.79","n/e"," ","462.32"
"20/04/2026 03:00:00 - 20/04/2026 04:00:00","CTA|IE","768.66","n/e"," ","426.44"
"20/04/2026 04:00:00 - 20/04/2026 05:00:00","CTA|IE","794.62","n/e"," ","370.15"
"20/04/2026 05:00:00 - 20/04/2026 06:00:00","CTA|IE","834.47","n/e"," ","429.75"
"20/04/2026 06:00:00 - 20/04/2026 07:00:00","CTA|IE","903.56","n/e"," ","435.91"
"20/04/2026 07:00:00 - 20/04/2026 08:00:00","CTA|IE","1012.22","n/e"," ","519.77"
"20/04/2026 08:00:00 - 20/04/2026 09:00:00","CTA|IE","1124.45","n/e"," ","566.55"
"20/04/2026 09:00:00 - 20/04/2026 10:00:00","CTA|IE","1201.88","n/e"," ","479.37"
"20/04/2026 10:00:00 - 20/04/2026 11:00:00","CTA|IE","1262.17","n/e"," ","409.70"
"20/04/2026 11:00:00 - 20/04/2026 12:00:00","CTA|IE","1410.85","n/e"," ","470.34"
"20/04/2026 12:00:00 - 20/04/2026 13:00:00","CTA|IE","1616.99","n/e"," ","537.22"
"20/04/2026 13:00:00 - 20/04/2026 14:00:00","CTA|IE","1790.74","n/e"," ","594.09"
"20/04/2026 14:00:00 - 20/04/2026 15:00:00","CTA|IE","1895.20","n/e"," ","542.64"
"20/04/2026 15:00:00 - 20/04/2026 16:00:00","CTA|IE","1964.62","n/e"," ","575.52"
"20/04/2026 16:00:00 - 20/04/2026 17:00:00","CTA|IE","2032.62","n/e"," ","539.24"
"20/04/2026 17:00:00 - 20/04/2026 18:00:00","CTA|IE","2116.59","n/e"," ","549.36"
"20/04/2026 18:00:00 - 20/04/2026 19:00:00","CTA|IE","2193.10","n/e"," ","618.36"
"20/04/2026 19:00:00 - 20/04/2026 20:00:00","CTA|IE","2269.87","n/e"," ","659.44"
"20/04/2026 20:00:00 - 20/04/2026 21:00:00","CTA|IE","2290.34","n/e"," ","696.95"
"20/04/2026 21:00:00 - 20/04/2026 22:00:00","CTA|IE","2284.80","n/e"," ","683.75"
"20/04/2026 22:00:00 - 20/04/2026 23:00:00","CTA|IE","2321.90","n/e"," ","758.39"
"20/04/2026 23:00:00 - 21/04/2026 00:00:00","CTA|IE","2425.45","n/e"," ","712.07"
"21/04/2026 00:00:00 - 21/04/2026 01:00:00","CTA|IE","2531.56","n/e"," ","700.71"
"21/04/2026 01:00:00 - 21/04/2026 02:00:00","CTA|IE","991.78","n/e"," ","765.16"
"21/04/2026 02:00:00 - 21/04/2026 03:00:00","CTA|IE","1117.58","n/e"," ","802.26"
"21/04/2026 03:00:00 - 21/04/2026 04:00:00","CTA|IE","1249.15","n/e"," ","882.28"
"21/04/2026 04:00:00 - 21/04/2026 05:00:00","CTA|IE","1380.82","n/e"," ","1050.32"
"21/04/2026 05:00:00 - 21/04/2026 06:00:00","CTA|IE","1504.90","n/e"," ","1223.60"
"21/04/2026 06:00:00 - 21/04/2026 07:00:00","CTA|IE","1610.79","n/e"," ","1380.04"
"21/04/2026 07:00:00 - 21/04/2026 08:00:00","CTA|IE","1738.73","n/e"," ","1591.86"
"21/04/2026 08:00:00 - 21/04/2026 09:00:00","CTA|IE","1863.69","n/e"," ","1761.67"
"21/04/2026 09:00:00 - 21/04/2026 10:00:00","CTA|IE","2012.21","n/e"," ","1774.45"
"21/04/2026 10:00:00 - 21/04/2026 11:00:00","CTA|IE","2249.81","n/e"," ","2058.69"
"21/04/2026 11:00:00 - 21/04/2026 12:00:00","CTA|IE","2584.42","n/e"," ","1996.46"
"21/04/2026 12:00:00 - 21/04/2026 13:00:00","CTA|IE","2851.01","n/e"," ","2100.88"
"21/04/2026 13:00:00 - 21/04/2026 14:00:00","CTA|IE","3039.43","n/e"," ","2637.19"
"21/04/2026 14:00:00 - 21/04/2026 15:00:00","CTA|IE","3148.38","n/e"," ","2815.85"
"21/04/2026 15:00:00 - 21/04/2026 16:00:00","CTA|IE","3217.71","n/e"," ","2840.17"
"21/04/2026 16:00:00 - 21/04/2026 17:00:00","CTA|IE","3272.95","n/e"," ","2787.91"
"21/04/2026 17:00:00 - 21/04/2026 18:00:00","CTA|IE","3347.75","n/e"," ","2682.68"
"21/04/2026 18:00:00 - 21/04/2026 19:00:00","CTA|IE","3389.73","n/e"," ","2610.13"
"21/04/2026 19:00:00 - 21/04/2026 20:00:00","CTA|IE","3389.70","n/e"," ","2805.55"
"21/04/2026 20:00:00 - 21/04/2026 21:00:00","CTA|IE","3329.77","n/e"," ","2821.37"
"21/04/2026 21:00:00 - 21/04/2026 22:00:00","CTA|IE","3256.47","n/e"," ","2653.11"
"21/04/2026 22:00:00 - 21/04/2026 23:00:00","CTA|IE","3268.26","n/e"," ","2731.31"
"21/04/2026 23:00:00 - 22/04/2026 00:00:00","CTA|IE","3370.32","n/e"," ","2826.89"
"22/04/2026 00:00:00 - 22/04/2026 01:00:00","CTA|IE","3487.12","n/e"," ","2785.88"
"22/04/2026 01:00:00 - 22/04/2026 02:00:00","CTA|IE","3815.65","n/e"," ","2754.87"
"22/04/2026 02:00:00 - 22/04/2026 03:00:00","CTA|IE","3814.05","n/e"," ","2686.17"
"22/04/2026 03:00:00 - 22/04/2026 04:00:00","CTA|IE","3775.44","n/e"," ","2645.02"
"22/04/2026 04:00:00 - 22/04/2026 05:00:00","CTA|IE","3714.08","n/e"," ","2641.16"
"22/04/2026 05:00:00 - 22/04/2026 06:00:00","CTA|IE","3670.60","n/e"," ","2641.40"
"22/04/2026 06:00:00 - 22/04/2026 07:00:00","CTA|IE","3669.20","n/e"," ","2661.41"
"22/04/2026 07:00:00 - 22/04/2026 08:00:00","CTA|IE","3709.83","n/e"," ","2764.61"
"22/04/2026 08:00:00 - 22/04/2026 09:00:00","CTA|IE","3759.26","n/e"," ","2931.97"
"22/04/2026 09:00:00 - 22/04/2026 10:00:00","CTA|IE","3855.41","n/e"," ","2899.65"
"22/04/2026 10:00:00 - 22/04/2026 11:00:00","CTA|IE","3955.54","n/e"," ","2881.56"
"22/04/2026 11:00:00 - 22/04/2026 12:00:00","CTA|IE","4066.46","n/e"," ","2733.42"
"22/04/2026 12:00:00 - 22/04/2026 13:00:00","CTA|IE","4116.23","n/e"," ","2442.13"
"22/04/2026 13:00:00 - 22/04/2026 14:00:00","CTA|IE","4130.52","n/e"," ","2117.37"
"22/04/2026 14:00:00 - 22/04/2026 15:00:00","CTA|IE","4109.91","n/e"," ","2103.83"
"22/04/2026 15:00:00 - 22/04/2026 16:00:00","CTA|IE","4059.14","n/e"," ","2119.90"
"22/04/2026 16:00:00 - 22/04/2026 17:00:00","CTA|IE","3975.06","n/e"," ","2296.29"
"22/04/2026 17:00:00 - 22/04/2026 18:00:00","CTA|IE","3881.79","n/e"," ","2725.79"
"22/04/2026 18:00:00 - 22/04/2026 19:00:00","CTA|IE","3763.61","n/e"," ","2958.51"
"22/04/2026 19:00:00 - 22/04/2026 20:00:00","CTA|IE","3603.11","n/e"," ","3047.47"
"22/04/2026 20:00:00 - 22/04/2026 21:00:00","CTA|IE","3324.03","n/e"," ","2864.15"
"22/04/2026 21:00:00 - 22/04/2026 22:00:00","CTA|IE","2955.40","n/e"," ","2845.31"
"22/04/2026 22:00:00 - 22/04/2026 23:00:00","CTA|IE","2706.71","n/e"," ","2802.37"
"22/04/2026 23:00:00 - 23/04/2026 00:00:00","CTA|IE","2589.75","n/e"," ","2673.43"
"23/04/2026 00:00:00 - 23/04/2026 01:00:00","CTA|IE","2542.05","n/e"," ","2482.88"
"23/04/2026 01:00:00 - 23/04/2026 02:00:00","CTA|IE","3013.82","n/e"," ","2460.80"
"23/04/2026 02:00:00 - 23/04/2026 03:00:00","CTA|IE","3031.57","n/e"," ","2533.10"
"23/04/2026 03:00:00 - 23/04/2026 04:00:00","CTA|IE","3039.07","n/e"," ","2586.22"
"23/04/2026 04:00:00 - 23/04/2026 05:00:00","CTA|IE","2997.84","n/e"," ","2543.89"
"23/04/2026 05:00:00 - 23/04/2026 06:00:00","CTA|IE","2957.92","n/e"," ","2470.09"
"23/04/2026 06:00:00 - 23/04/2026 07:00:00","CTA|IE","2954.99","n/e"," ","2427.24"
"23/04/2026 07:00:00 - 23/04/2026 08:00:00","CTA|IE","2972.91","n/e"," ","2449.59"
"23/04/2026 08:00:00 - 23/04/2026 09:00:00","CTA|IE","2957.22","n/e"," ","2404.13"
"23/04/2026 09:00:00 - 23/04/2026 10:00:00","CTA|IE","2964.99","n/e"," ","2304.85"
"23/04/2026 10:00:00 - 23/04/2026 11:00:00","CTA|IE","3000.58","n/e"," ","2181.48"
"23/04/2026 11:00:00 - 23/04/2026 12:00:00","CTA|IE","3108.82","n/e"," ","1906.03"
"23/04/2026 12:00:00 - 23/04/2026 13:00:00","CTA|IE","3228.73","n/e"," ","1876.05"
"23/04/2026 13:00:00 - 23/04/2026 14:00:00","CTA|IE","3362.16","n/e"," ","1740.50"
"23/04/2026 14:00:00 - 23/04/2026 15:00:00","CTA|IE","3466.82","n/e"," ","1684.81"
"23/04/2026 15:00:00 - 23/04/2026 16:00:00","CTA|IE","3542.78","n/e"," ","1761.77"
"23/04/2026 16:00:00 - 23/04/2026 17:00:00","CTA|IE","3567.05","n/e"," ","1766.27"
"23/04/2026 17:00:00 - 23/04/2026 18:00:00","CTA|IE","3544.38","n/e"," ","1777.92"
"23/04/2026 18:00:00 - 23/04/2026 19:00:00","CTA|IE","3485.36","n/e"," ","1899.69"
"23/04/2026 19:00:00 - 23/04/2026 20:00:00","CTA|IE","3392.98","n/e"," ","2093.72"
"23/04/2026 20:00:00 - 23/04/2026 21:00:00","CTA|IE","3198.70","n/e"," ","1972.73"
"23/04/2026 21:00:00 - 23/04/2026 22:00:00","CTA|IE","2975.24","n/e"," ","1959.81"
"23/04/2026 22:00:00 - 23/04/2026 23:00:00","CTA|IE","2852.76","n/e"," ","2102.61"
"23/04/2026 23:00:00 - 24/04/2026 00:00:00","CTA|IE","2838.55","n/e"," ","2120.02"
"24/04/2026 00:00:00 - 24/04/2026 01:00:00","CTA|IE","2873.26","n/e"," ","2171.56"
"24/04/2026 01:00:00 - 24/04/2026 02:00:00","CTA|IE","2571.83","n/e"," ","2036.09"
"24/04/2026 02:00:00 - 24/04/2026 03:00:00","CTA|IE","2600.13","n/e"," ","1960.90"
"24/04/2026 03:00:00 - 24/04/2026 04:00:00","CTA|IE","2568.82","n/e"," ","1900.07"
"24/04/2026 04:00:00 - 24/04/2026 05:00:00","CTA|IE","2525.48","n/e"," ","1924.82"
"24/04/2026 05:00:00 - 24/04/2026 06:00:00","CTA|IE","2519.03","n/e"," ","1970.60"
"24/04/2026 06:00:00 - 24/04/2026 07:00:00","CTA|IE","2521.79","n/e"," ","1971.27"
"24/04/2026 07:00:00 - 24/04/2026 08:00:00","CTA|IE","2489.94","n/e"," ","1990.28"
"24/04/2026 08:00:00 - 24/04/2026 09:00:00","CTA|IE","2393.78","n/e"," ","1825.53"
"24/04/2026 09:00:00 - 24/04/2026 10:00:00","CTA|IE","2254.10","n/e"," ","1546.57"
"24/04/2026 10:00:00 - 24/04/2026 11:00:00","CTA|IE","2100.31","n/e"," ","1201.53"
"24/04/2026 11:00:00 - 24/04/2026 12:00:00","CTA|IE","2055.03","n/e"," ","1144.64"
"24/04/2026 12:00:00 - 24/04/2026 13:00:00","CTA|IE","2057.68","n/e"," ","1088.57"
"24/04/2026 13:00:00 - 24/04/2026 14:00:00","CTA|IE","2053.68","n/e"," ","1045.77"
"24/04/2026 14:00:00 - 24/04/2026 15:00:00","CTA|IE","2063.02","n/e"," ","1039.96"
"24/04/2026 15:00:00 - 24/04/2026 16:00:00","CTA|IE","2022.74","n/e"," ","1043.21"
"24/04/2026 16:00:00 - 24/04/2026 17:00:00","CTA|IE","1923.19","n/e"," ","1028.81"
"24/04/2026 17:00:00 - 24/04/2026 18:00:00","CTA|IE","1797.34","n/e"," ","1089.16"
"24/04/2026 18:00:00 - 24/04/2026 19:00:00","CTA|IE","1632.61","n/e"," ","1523.71"
"24/04/2026 19:00:00 - 24/04/2026 20:00:00","CTA|IE","1468.58","n/e"," ","1676.93"
"24/04/2026 20:00:00 - 24/04/2026 21:00:00","CTA|IE","1278.20","n/e"," ","1522.56"
"24/04/2026 21:00:00 - 24/04/2026 22:00:00","CTA|IE","1122.61","n/e"," ","1500.42"
"24/04/2026 22:00:00 - 24/04/2026 23:00:00","CTA|IE","1046.80","n/e"," ","1723.39"
"24/04/2026 23:00:00 - 25/04/2026 00:00:00","CTA|IE","1026.48","n/e"," ","1744.12"
"25/04/2026 00:00:00 - 25/04/2026 01:00:00","CTA|IE","980.67","n/e"," ","1647.27"
"25/04/2026 01:00:00 - 25/04/2026 02:00:00","CTA|IE","1089.94","n/e"," ","1410.49"
"25/04/2026 02:00:00 - 25/04/2026 03:00:00","CTA|IE","969.53","n/e"," ","1174.36"
"25/04/2026 03:00:00 - 25/04/2026 04:00:00","CTA|IE","852.88","n/e"," ","940.99"
"25/04/2026 04:00:00 - 25/04/2026 05:00:00","CTA|IE","747.46","n/e"," ","736.00"
"25/04/2026 05:00:00 - 25/04/2026 06:00:00","CTA|IE","658.11","n/e"," ","585.62"
"25/04/2026 06:00:00 - 25/04/2026 07:00:00","CTA|IE","586.83","n/e"," ","461.10"
"25/04/2026 07:00:00 - 25/04/2026 08:00:00","CTA|IE","531.43","n/e"," ","395.04"
"25/04/2026 08:00:00 - 25/04/2026 09:00:00","CTA|IE","466.32","n/e"," ","320.71"
"25/04/2026 09:00:00 - 25/04/2026 10:00:00","CTA|IE","386.94","n/e"," ","267.86"
"25/04/2026 10:00:00 - 25/04/2026 11:00:00","CTA|IE","300.45","n/e"," ","197.92"
"25/04/2026 11:00:00 - 25/04/2026 12:00:00","CTA|IE","242.06","n/e"," ","156.22"
"25/04/2026 12:00:00 - 25/04/2026 13:00:00","CTA|IE","208.04","n/e"," ","131.18"
"25/04/2026 13:00:00 - 25/04/2026 14:00:00","CTA|IE","191.77","n/e"," ","110.60"
"25/04/2026 14:00:00 - 25/04/2026 15:00:00","CTA|IE","189.14","n/e"," ","121.55"
"25/04/2026 15:00:00 - 25/04/2026 16:00:00","CTA|IE","186.69","n/e"," ","157.51"
"25/04/2026 16:00:00 - 25/04/2026 17:00:00","CTA|IE","174.61","n/e"," ","171.78"
"25/04/2026 17:00:00 - 25/04/2026 18:00:00","CTA|IE","156.00","n/e"," ","160.21"
"25/04/2026 18:00:00 - 25/04/2026 19:00:00","CTA|IE","144.89","n/e"," ","136.58"
"25/04/2026 19:00:00 - 25/04/2026 20:00:00","CTA|IE","144.29","n/e"," ","138.43"
"25/04/2026 20:00:00 - 25/04/2026 21:00:00","CTA|IE","145.59","n/e"," ","206.95"
"25/04/2026 21:00:00 - 25/04/2026 22:00:00","CTA|IE","156.58","n/e"," ","234.50"
"25/04/2026 22:00:00 - 25/04/2026 23:00:00","CTA|IE","178.28","n/e"," ","256.11"
"25/04/2026 23:00:00 - 26/04/2026 00:00:00","CTA|IE","196.66","n/e"," ","211.63"
"26/04/2026 00:00:00 - 26/04/2026 01:00:00","CTA|IE","198.43","n/e"," ","150.16"
"26/04/2026 01:00:00 - 26/04/2026 02:00:00","CTA|IE","146.86","n/e"," ","134.54"
"26/04/2026 02:00:00 - 26/04/2026 03:00:00","CTA|IE","129.70","n/e"," ","132.55"
"26/04/2026 03:00:00 - 26/04/2026 04:00:00","CTA|IE","115.80","n/e"," ","126.27"
"26/04/2026 04:00:00 - 26/04/2026 05:00:00","CTA|IE","104.32","n/e"," ","114.69"
"26/04/2026 05:00:00 - 26/04/2026 06:00:00","CTA|IE","94.85","n/e"," ","115.47"
"26/04/2026 06:00:00 - 26/04/2026 07:00:00","CTA|IE","86.27","n/e"," ","137.45"
"26/04/2026 07:00:00 - 26/04/2026 08:00:00","CTA|IE","79.74","n/e"," ","156.86"
"26/04/2026 08:00:00 - 26/04/2026 09:00:00","CTA|IE","79.88","n/e"," ","141.65"
"26/04/2026 09:00:00 - 26/04/2026 10:00:00","CTA|IE","85.54","n/e"," ","77.34"
"26/04/2026 10:00:00 - 26/04/2026 11:00:00","CTA|IE","85.01","n/e"," ","49.80"
"26/04/2026 11:00:00 - 26/04/2026 12:00:00","CTA|IE","76.54","n/e"," ","36.14"
"26/04/2026 12:00:00 - 26/04/2026 13:00:00","CTA|IE","66.22","n/e"," ","53.13"
"26/04/2026 13:00:00 - 26/04/2026 14:00:00","CTA|IE","62.07","n/e"," ","75.78"
"26/04/2026 14:00:00 - 26/04/2026 15:00:00","CTA|IE","68.81","n/e"," ","87.47"
"26/04/2026 15:00:00 - 26/04/2026 16:00:00","CTA|IE","96.88","n/e"," ","98.98"
"26/04/2026 16:00:00 - 26/04/2026 17:00:00","CTA|IE","153.88","n/e"," ","125.41"
"26/04/2026 17:00:00 - 26/04/2026 18:00:00","CTA|IE","222.97","n/e"," ","180.89"
"26/04/2026 18:00:00 - 26/04/2026 19:00:00","CTA|IE","272.01","n/e"," ","277.28"
"26/04/2026 19:00:00 - 26/04/2026 20:00:00","CTA|IE","299.60","n/e"," ","367.70"
"26/04/2026 20:00:00 - 26/04/2026 21:00:00","CTA|IE","312.39","n/e"," ","432.25"
"26/04/2026 21:00:00 - 26/04/2026 22:00:00","CTA|IE","330.00","n/e"," ","399.09"
"26/04/2026 22:00:00 - 26/04/2026 23:00:00","CTA|IE","362.59","n/e"," ","466.84"
"26/04/2026 23:00:00 - 27/04/2026 00:00:00","CTA|IE","395.38","n/e"," ","498.25"
"27/04/2026 00:00:00 - 27/04/2026 01:00:00","CTA|IE","411.23","n/e"," ","463.94"
"27/04/2026 01:00:00 - 27/04/2026 02:00:00","CTA|IE","485.39","n/e"," ","432.29"
"27/04/2026 02:00:00 - 27/04/2026 03:00:00","CTA|IE","450.56","n/e"," ","386.85"
"27/04/2026 03:00:00 - 27/04/2026 04:00:00","CTA|IE","404.87","n/e"," ","298.93"
"27/04/2026 04:00:00 - 27/04/2026 05:00:00","CTA|IE","364.88","n/e"," ","278.99"
"27/04/2026 05:00:00 - 27/04/2026 06:00:00","CTA|IE","326.94","n/e"," ","203.61"
"27/04/2026 06:00:00 - 27/04/2026 07:00:00","CTA|IE","289.55","n/e"," ","177.30"
"27/04/2026 07:00:00 - 27/04/2026 08:00:00","CTA|IE","262.63","n/e"," ","191.02"
"27/04/2026 08:00:00 - 27/04/2026 09:00:00","CTA|IE","240.04","n/e"," ","191.88"
"27/04/2026 09:00:00 - 27/04/2026 10:00:00","CTA|IE","211.00","n/e"," ","148.99"
"27/04/2026 10:00:00 - 27/04/2026 11:00:00","CTA|IE","182.06","n/e"," ","123.04"
"27/04/2026 11:00:00 - 27/04/2026 12:00:00","CTA|IE","164.67","n/e"," ","114.32"
"27/04/2026 12:00:00 - 27/04/2026 13:00:00","CTA|IE","157.54","n/e"," ","119.31"
"27/04/2026 13:00:00 - 27/04/2026 14:00:00","CTA|IE","164.16","n/e"," ","122.07"
"27/04/2026 14:00:00 - 27/04/2026 15:00:00","CTA|IE","183.98","n/e"," ","132.99"
"27/04/2026 15:00:00 - 27/04/2026 16:00:00","CTA|IE","217.72","n/e"," ","131.51"
"27/04/2026 16:00:00 - 27/04/2026 17:00:00","CTA|IE","256.53","n/e"," ","141.10"
"27/04/2026 17:00:00 - 27/04/2026 18:00:00","CTA|IE","287.81","n/e"," ","179.52"
"27/04/2026 18:00:00 - 27/04/2026 19:00:00","CTA|IE","303.62","n/e"," ","220.78"
"27/04/2026 19:00:00 - 27/04/2026 20:00:00","CTA|IE","315.10","n/e"," ","256.44"
"27/04/2026 20:00:00 - 27/04/2026 21:00:00","CTA|IE","325.27","n/e"," ","244.90"
"27/04/2026 21:00:00 - 27/04/2026 22:00:00","CTA|IE","338.28","n/e"," ","300.12"
"27/04/2026 22:00:00 - 27/04/2026 23:00:00","CTA|IE","353.67","n/e"," ","383.28"
"27/04/2026 23:00:00 - 28/04/2026 00:00:00","CTA|IE","368.96","n/e"," ","400.60"
"28/04/2026 00:00:00 - 28/04/2026 01:00:00","CTA|IE","366.83","n/e"," ","434.52"
"28/04/2026 01:00:00 - 28/04/2026 02:00:00","CTA|IE","557.30","n/e"," ","491.48"
"28/04/2026 02:00:00 - 28/04/2026 03:00:00","CTA|IE","552.10","n/e"," ","495.69"
"28/04/2026 03:00:00 - 28/04/2026 04:00:00","CTA|IE","505.62","n/e"," ","497.34"
"28/04/2026 04:00:00 - 28/04/2026 05:00:00","CTA|IE","446.66","n/e"," ","461.48"
"28/04/2026 05:00:00 - 28/04/2026 06:00:00","CTA|IE","415.43","n/e"," ","445.23"
"28/04/2026 06:00:00 - 28/04/2026 07:00:00","CTA|IE","413.17","n/e"," ","463.87"
"28/04/2026 07:00:00 - 28/04/2026 08:00:00","CTA|IE","430.26","n/e"," ","472.85"
"28/04/2026 08:00:00 - 28/04/2026 09:00:00","CTA|IE","447.49","n/e"," ","492.03"
"28/04/2026 09:00:00 - 28/04/2026 10:00:00","CTA|IE","434.17","n/e"," ","364.79"
"28/04/2026 10:00:00 - 28/04/2026 11:00:00","CTA|IE","373.45","n/e"," ","348.58"
"28/04/2026 11:00:00 - 28/04/2026 12:00:00","CTA|IE","382.52","n/e"," ","386.81"
"28/04/2026 12:00:00 - 28/04/2026 13:00:00","CTA|IE","434.84","n/e"," ","467.27"
"28/04/2026 13:00:00 - 28/04/2026 14:00:00","CTA|IE","510.87","n/e"," ","560.65"
"28/04/2026 14:00:00 - 28/04/2026 15:00:00","CTA|IE","587.93","n/e"," ","649.71"
"28/04/2026 15:00:00 - 28/04/2026 16:00:00","CTA|IE","637.55","n/e"," ","680.79"
"28/04/2026 16:00:00 - 28/04/2026 17:00:00","CTA|IE","691.54","n/e"," ","784.76"
"28/04/2026 17:00:00 - 28/04/2026 18:00:00","CTA|IE","776.88","n/e"," ","803.50"
"28/04/2026 18:00:00 - 28/04/2026 19:00:00","CTA|IE","865.52","n/e"," ","909.61"
"28/04/2026 19:00:00 - 28/04/2026 20:00:00","CTA|IE","943.14","n/e"," ","970.63"
"28/04/2026 20:00:00 - 28/04/2026 21:00:00","CTA|IE","981.89","n/e"," ","978.20"
"28/04/2026 21:00:00 - 28/04/2026 22:00:00","CTA|IE","989.78","n/e"," ","940.03"
"28/04/2026 22:00:00 - 28/04/2026 23:00:00","CTA|IE","955.41","n/e"," ","1010.32"
"28/04/2026 23:00:00 - 29/04/2026 00:00:00","CTA|IE","931.47","n/e"," ","1045.39"
"29/04/2026 00:00:00 - 29/04/2026 01:00:00","CTA|IE","888.69","n/e"," ","929.27"
"29/04/2026 01:00:00 - 29/04/2026 02:00:00","CTA|IE","1040.07","n/e"," ","952.12"
"29/04/2026 02:00:00 - 29/04/2026 03:00:00","CTA|IE","1071.28","n/e"," ","935.25"
"29/04/2026 03:00:00 - 29/04/2026 04:00:00","CTA|IE","1091.96","n/e"," ","904.40"
"29/04/2026 04:00:00 - 29/04/2026 05:00:00","CTA|IE","1095.02","n/e"," ","885.80"
"29/04/2026 05:00:00 - 29/04/2026 06:00:00","CTA|IE","1127.93","n/e"," ","759.37"
"29/04/2026 06:00:00 - 29/04/2026 07:00:00","CTA|IE","1211.50","n/e"," ","813.55"
"29/04/2026 07:00:00 - 29/04/2026 08:00:00","CTA|IE","1321.77","n/e"," ","852.47"
"29/04/2026 08:00:00 - 29/04/2026 09:00:00","CTA|IE","1418.57","n/e"," ","976.69"
"29/04/2026 09:00:00 - 29/04/2026 10:00:00","CTA|IE","1481.35","n/e"," ","939.00"
"29/04/2026 10:00:00 - 29/04/2026 11:00:00","CTA|IE","1646.57","n/e"," ","1078.02"
"29/04/2026 11:00:00 - 29/04/2026 12:00:00","CTA|IE","1922.46","n/e"," ","1096.62"
"29/04/2026 12:00:00 - 29/04/2026 13:00:00","CTA|IE","2130.42","n/e"," ","1127.93"
"29/04/2026 13:00:00 - 29/04/2026 14:00:00","CTA|IE","2385.51","n/e"," ","1214.38"
"29/04/2026 14:00:00 - 29/04/2026 15:00:00","CTA|IE","2606.59","n/e"," ","1298.02"
"29/04/2026 15:00:00 - 29/04/2026 16:00:00","CTA|IE","2787.96","n/e"," ","1262.96"
"29/04/2026 16:00:00 - 29/04/2026 17:00:00","CTA|IE","2935.69","n/e"," ","1305.45"
"29/04/2026 17:00:00 - 29/04/2026 18:00:00","CTA|IE","3081.92","n/e"," ","1337.74"
"29/04/2026 18:00:00 - 29/04/2026 19:00:00","CTA|IE","3209.73","n/e"," ","1610.94"
"29/04/2026 19:00:00 - 29/04/2026 20:00:00","CTA|IE","3262.88","n/e"," ","1945.50"
"29/04/2026 20:00:00 - 29/04/2026 21:00:00","CTA|IE","3097.49","n/e"," ","2076.06"
"29/04/2026 21:00:00 - 29/04/2026 22:00:00","CTA|IE","2824.56","n/e"," ","1819.97"
"29/04/2026 22:00:00 - 29/04/2026 23:00:00","CTA|IE","2710.89","n/e"," ","1911.73"
"29/04/2026 23:00:00 - 30/04/2026 00:00:00","CTA|IE","2770.27","n/e"," ","2111.55"
"30/04/2026 00:00:00 - 30/04/2026 01:00:00","CTA|IE","2917.41","n/e"," ","2115.39"
"30/04/2026 01:00:00 - 30/04/2026 02:00:00","CTA|IE","2897.38","n/e"," ","2073.24"
"30/04/2026 02:00:00 - 30/04/2026 03:00:00","CTA|IE","2897.36","n/e"," ","2045.84"
"30/04/2026 03:00:00 - 30/04/2026 04:00:00","CTA|IE","2868.96","n/e"," ","1973.58"
"30/04/2026 04:00:00 - 30/04/2026 05:00:00","CTA|IE","2843.32","n/e"," ","1911.72"
"30/04/2026 05:00:00 - 30/04/2026 06:00:00","CTA|IE","2841.59","n/e"," ","1875.33"
"30/04/2026 06:00:00 - 30/04/2026 07:00:00","CTA|IE","2867.03","n/e"," ","1911.20"
"30/04/2026 07:00:00 - 30/04/2026 08:00:00","CTA|IE","2903.47","n/e"," ","1983.72"
"30/04/2026 08:00:00 - 30/04/2026 09:00:00","CTA|IE","2922.77","n/e"," ","2100.17"
"30/04/2026 09:00:00 - 30/04/2026 10:00:00","CTA|IE","2955.47","n/e"," ","2042.80"
"30/04/2026 10:00:00 - 30/04/2026 11:00:00","CTA|IE","2941.14","n/e"," ","1941.62"
"30/04/2026 11:00:00 - 30/04/2026 12:00:00","CTA|IE","2932.42","n/e"," ","1746.88"
"30/04/2026 12:00:00 - 30/04/2026 13:00:00","CTA|IE","2914.91","n/e"," ","1680.84"
"30/04/2026 13:00:00 - 30/04/2026 14:00:00","CTA|IE","2865.19","n/e"," ","1685.72"
"30/04/2026 14:00:00 - 30/04/2026 15:00:00","CTA|IE","2753.01","n/e"," ","1510.32"
"30/04/2026 15:00:00 - 30/04/2026 16:00:00","CTA|IE","2608.83","n/e"," ","1464.19"
"30/04/2026 16:00:00 - 30/04/2026 17:00:00","CTA|IE","2443.90","n/e"," ","1390.52"
"30/04/2026 17:00:00 - 30/04/2026 18:00:00","CTA|IE","2257.94","n/e"," ","1265.49"
"30/04/2026 18:00:00 - 30/04/2026 19:00:00","CTA|IE","2052.98","n/e"," ","1215.36"
"30/04/2026 19:00:00 - 30/04/2026 20:00:00","CTA|IE","1784.45","n/e"," ","850.22"
"30/04/2026 20:00:00 - 30/04/2026 21:00:00","CTA|IE","1496.07","n/e"," ","704.37"
"30/04/2026 21:00:00 - 30/04/2026 22:00:00","CTA|IE","1293.09","n/e"," ","787.71"
"30/04/2026 22:00:00 - 30/04/2026 23:00:00","CTA|IE","1159.48","n/e"," ","789.41"
"30/04/2026 23:00:00 - 01/05/2026 00:00:00","CTA|IE","1081.28","n/e"," ","663.21"
"01/05/2026 00:00:00 - 01/05/2026 01:00:00","CTA|IE","997.57","n/e"," ","648.99"
"01/05/2026 01:00:00 - 01/05/2026 02:00:00","CTA|IE","1066.82","n/e"," ","586.24"
"01/05/2026 02:00:00 - 01/05/2026 03:00:00","CTA|IE","965.09","n/e"," ","529.45"
"01/05/2026 03:00:00 - 01/05/2026 04:00:00","CTA|IE","831.98","n/e"," ","484.41"
"01/05/2026 04:00:00 - 01/05/2026 05:00:00","CTA|IE","686.07","n/e"," ","480.57"
"01/05/2026 05:00:00 - 01/05/2026 06:00:00","CTA|IE","549.46","n/e"," ","446.52"
"01/05/2026 06:00:00 - 01/05/2026 07:00:00","CTA|IE","438.69","n/e"," ","429.39"
"01/05/2026 07:00:00 - 01/05/2026 08:00:00","CTA|IE","353.18","n/e"," ","394.72"
"01/05/2026 08:00:00 - 01/05/2026 09:00:00","CTA|IE","289.29","n/e"," ","431.98"
"01/05/2026 09:00:00 - 01/05/2026 10:00:00","CTA|IE","242.70","n/e"," ","421.61"
"01/05/2026 10:00:00 - 01/05/2026 11:00:00","CTA|IE","195.07","n/e"," ","446.04"
"01/05/2026 11:00:00 - 01/05/2026 12:00:00","CTA|IE","169.06","n/e"," ","452.24"
"01/05/2026 12:00:00 - 01/05/2026 13:00:00","CTA|IE","158.69","n/e"," ","493.80"
"01/05/2026 13:00:00 - 01/05/2026 14:00:00","CTA|IE","165.40","n/e"," ","467.84"
"01/05/2026 14:00:00 - 01/05/2026 15:00:00","CTA|IE","191.62","n/e"," ","521.33"
"01/05/2026 15:00:00 - 01/05/2026 16:00:00","CTA|IE","231.75","n/e"," ","567.43"
"01/05/2026 16:00:00 - 01/05/2026 17:00:00","CTA|IE","261.79","n/e"," ","639.04"
"01/05/2026 17:00:00 - 01/05/2026 18:00:00","CTA|IE","262.43","n/e"," ","637.64"
"01/05/2026 18:00:00 - 01/05/2026 19:00:00","CTA|IE","265.14","n/e"," ","592.49"
"01/05/2026 19:00:00 - 01/05/2026 20:00:00","CTA|IE","275.84","n/e"," ","524.85"
"01/05/2026 20:00:00 - 01/05/2026 21:00:00","CTA|IE","273.05","n/e"," ","524.57"
"01/05/2026 21:00:00 - 01/05/2026 22:00:00","CTA|IE","268.95","n/e"," ","413.26"
"01/05/2026 22:00:00 - 01/05/2026 23:00:00","CTA|IE","281.76","n/e"," ","358.16"
"01/05/2026 23:00:00 - 02/05/2026 00:00:00","CTA|IE","304.89","n/e"," ","346.49"
"02/05/2026 00:00:00 - 02/05/2026 01:00:00","CTA|IE","322.52","n/e"," ","305.62"
"02/05/2026 01:00:00 - 02/05/2026 02:00:00","CTA|IE","555.73","n/e"," ","227.33"
"02/05/2026 02:00:00 - 02/05/2026 03:00:00","CTA|IE","519.28","n/e"," ","213.34"
"02/05/2026 03:00:00 - 02/05/2026 04:00:00","CTA|IE","478.54","n/e"," ","222.61"
"02/05/2026 04:00:00 - 02/05/2026 05:00:00","CTA|IE","438.44","n/e"," ","232.32"
"02/05/2026 05:00:00 - 02/05/2026 06:00:00","CTA|IE","391.40","n/e"," ","170.35"
"02/05/2026 06:00:00 - 02/05/2026 07:00:00","CTA|IE","354.22","n/e"," ","169.67"
"02/05/2026 07:00:00 - 02/05/2026 08:00:00","CTA|IE","344.15","n/e"," ","157.51"
"02/05/2026 08:00:00 - 02/05/2026 09:00:00","CTA|IE","346.40","n/e"," ","178.71"
"02/05/2026 09:00:00 - 02/05/2026 10:00:00","CTA|IE","343.88","n/e"," ","195.47"
"02/05/2026 10:00:00 - 02/05/2026 11:00:00","CTA|IE","333.79","n/e"," ","188.43"
"02/05/2026 11:00:00 - 02/05/2026 12:00:00","CTA|IE","334.97","n/e"," ","151.39"
"02/05/2026 12:00:00 - 02/05/2026 13:00:00","CTA|IE","333.14","n/e"," ","139.39"
"02/05/2026 13:00:00 - 02/05/2026 14:00:00","CTA|IE","322.51","n/e"," ","187.80"
"02/05/2026 14:00:00 - 02/05/2026 15:00:00","CTA|IE","315.22","n/e"," ","228.70"
"02/05/2026 15:00:00 - 02/05/2026 16:00:00","CTA|IE","308.54","n/e"," ","211.42"
"02/05/2026 16:00:00 - 02/05/2026 17:00:00","CTA|IE","297.55","n/e"," ","187.36"
"02/05/2026 17:00:00 - 02/05/2026 18:00:00","CTA|IE","294.13","n/e"," ","177.44"
"02/05/2026 18:00:00 - 02/05/2026 19:00:00","CTA|IE","295.68","n/e"," ","168.71"
"02/05/2026 19:00:00 - 02/05/2026 20:00:00","CTA|IE","298.20","n/e"," ","160.52"
"02/05/2026 20:00:00 - 02/05/2026 21:00:00","CTA|IE","296.63","n/e"," ","213.83"
"02/05/2026 21:00:00 - 02/05/2026 22:00:00","CTA|IE","300.12","n/e"," ","229.03"
"02/05/2026 22:00:00 - 02/05/2026 23:00:00","CTA|IE","311.64","n/e"," ","224.83"
"02/05/2026 23:00:00 - 03/05/2026 00:00:00","CTA|IE","326.02","n/e"," ","235.12"
"03/05/2026 00:00:00 - 03/05/2026 01:00:00","CTA|IE","325.08","n/e"," ","249.72"
"03/05/2026 01:00:00 - 03/05/2026 02:00:00","CTA|IE","661.11","n/e"," ","261.27"
"03/05/2026 02:00:00 - 03/05/2026 03:00:00","CTA|IE","645.20","n/e"," ","213.14"
"03/05/2026 03:00:00 - 03/05/2026 04:00:00","CTA|IE","608.18","n/e"," ","228.72"
"03/05/2026 04:00:00 - 03/05/2026 05:00:00","CTA|IE","575.18","n/e"," ","281.98"
"03/05/2026 05:00:00 - 03/05/2026 06:00:00","CTA|IE","548.24","n/e"," ","346.94"
"03/05/2026 06:00:00 - 03/05/2026 07:00:00","CTA|IE","515.76","n/e"," ","418.59"
"03/05/2026 07:00:00 - 03/05/2026 08:00:00","CTA|IE","474.26","n/e"," ","462.92"
"03/05/2026 08:00:00 - 03/05/2026 09:00:00","CTA|IE","432.17","n/e"," ","534.17"
"03/05/2026 09:00:00 - 03/05/2026 10:00:00","CTA|IE","404.15","n/e"," ","632.05"
"03/05/2026 10:00:00 - 03/05/2026 11:00:00","CTA|IE","389.63","n/e"," ","651.90"
"03/05/2026 11:00:00 - 03/05/2026 12:00:00","CTA|IE","393.82","n/e"," ","554.01"
"03/05/2026 12:00:00 - 03/05/2026 13:00:00","CTA|IE","414.41","n/e"," ","410.12"
"03/05/2026 13:00:00 - 03/05/2026 14:00:00","CTA|IE","444.77","n/e"," ","391.16"
"03/05/2026 14:00:00 - 03/05/2026 15:00:00","CTA|IE","466.35","n/e"," ","417.21"
"03/05/2026 15:00:00 - 03/05/2026 16:00:00","CTA|IE","476.96","n/e"," ","418.93"
"03/05/2026 16:00:00 - 03/05/2026 17:00:00","CTA|IE","489.35","n/e"," ","432.29"
"03/05/2026 17:00:00 - 03/05/2026 18:00:00","CTA|IE","515.54","n/e"," ","405.85"
"03/05/2026 18:00:00 - 03/05/2026 19:00:00","CTA|IE","527.23","n/e"," ","412.57"
"03/05/2026 19:00:00 - 03/05/2026 20:00:00","CTA|IE","519.51","n/e"," ","463.01"
"03/05/2026 20:00:00 - 03/05/2026 21:00:00","CTA|IE","494.04","n/e"," ","489.08"
"03/05/2026 21:00:00 - 03/05/2026 22:00:00","CTA|IE","460.33","n/e"," ","524.30"
"03/05/2026 22:00:00 - 03/05/2026 23:00:00","CTA|IE","426.11","n/e"," ","615.32"
"03/05/2026 23:00:00 - 04/05/2026 00:00:00","CTA|IE","399.26","n/e"," ","583.39"
"04/05/2026 00:00:00 - 04/05/2026 01:00:00","CTA|IE","370.10","n/e"," ","584.28"
"04/05/2026 01:00:00 - 04/05/2026 02:00:00","CTA|IE","894.82","n/e"," ","561.22"
"04/05/2026 02:00:00 - 04/05/2026 03:00:00","CTA|IE","849.00","n/e"," ","478.70"
"04/05/2026 03:00:00 - 04/05/2026 04:00:00","CTA|IE","762.31","n/e"," ","373.19"
"04/05/2026 04:00:00 - 04/05/2026 05:00:00","CTA|IE","675.99","n/e"," ","393.11"
"04/05/2026 05:00:00 - 04/05/2026 06:00:00","CTA|IE","636.06","n/e"," ","509.46"
"04/05/2026 06:00:00 - 04/05/2026 07:00:00","CTA|IE","626.92","n/e"," ","482.48"
"04/05/2026 07:00:00 - 04/05/2026 08:00:00","CTA|IE","613.48","n/e"," ","531.59"
"04/05/2026 08:00:00 - 04/05/2026 09:00:00","CTA|IE","581.63","n/e"," ","474.47"
"04/05/2026 09:00:00 - 04/05/2026 10:00:00","CTA|IE","521.72","n/e"," ","456.07"
"04/05/2026 10:00:00 - 04/05/2026 11:00:00","CTA|IE","456.86","n/e"," ","533.72"
"04/05/2026 11:00:00 - 04/05/2026 12:00:00","CTA|IE","411.56","n/e"," ","489.23"
"04/05/2026 12:00:00 - 04/05/2026 13:00:00","CTA|IE","376.19","n/e"," ","429.60"
"04/05/2026 13:00:00 - 04/05/2026 14:00:00","CTA|IE","354.19","n/e"," ","328.40"
"04/05/2026 14:00:00 - 04/05/2026 15:00:00","CTA|IE","339.93","n/e"," ","303.79"
"04/05/2026 15:00:00 - 04/05/2026 16:00:00","CTA|IE","347.42","n/e"," ","287.65"
"04/05/2026 16:00:00 - 04/05/2026 17:00:00","CTA|IE","381.04","n/e"," ","317.11"
"04/05/2026 17:00:00 - 04/05/2026 18:00:00","CTA|IE","435.44","n/e"," ","422.40"
"04/05/2026 18:00:00 - 04/05/2026 19:00:00","CTA|IE","481.24","n/e"," ","552.59"
"04/05/2026 19:00:00 - 04/05/2026 20:00:00","CTA|IE","544.30","n/e"," ","554.41"
"04/05/2026 20:00:00 - 04/05/2026 21:00:00","CTA|IE","609.87","n/e"," ","561.38"
"04/05/2026 21:00:00 - 04/05/2026 22:00:00","CTA|IE","626.97","n/e"," ","562.86"
"04/05/2026 22:00:00 - 04/05/2026 23:00:00","CTA|IE","566.40","n/e"," ","636.52"
"04/05/2026 23:00:00 - 05/05/2026 00:00:00","CTA|IE","497.03","n/e"," ","575.81"
"05/05/2026 00:00:00 - 05/05/2026 01:00:00","CTA|IE","464.50","n/e"," ","549.83"
"05/05/2026 01:00:00 - 05/05/2026 02:00:00","CTA|IE","621.24","n/e"," ","509.61"
"05/05/2026 02:00:00 - 05/05/2026 03:00:00","CTA|IE","632.48","n/e"," ","423.04"
"05/05/2026 03:00:00 - 05/05/2026 04:00:00","CTA|IE","616.90","n/e"," ","345.18"
"05/05/2026 04:00:00 - 05/05/2026 05:00:00","CTA|IE","551.56","n/e"," ","312.00"
"05/05/2026 05:00:00 - 05/05/2026 06:00:00","CTA|IE","481.97","n/e"," ","290.64"
"05/05/2026 06:00:00 - 05/05/2026 07:00:00","CTA|IE","446.00","n/e"," ","258.65"
"05/05/2026 07:00:00 - 05/05/2026 08:00:00","CTA|IE","434.72","n/e"," ","238.77"
"05/05/2026 08:00:00 - 05/05/2026 09:00:00","CTA|IE","427.54","n/e"," ","213.37"
"05/05/2026 09:00:00 - 05/05/2026 10:00:00","CTA|IE","399.07","n/e"," ","197.47"
"05/05/2026 10:00:00 - 05/05/2026 11:00:00","CTA|IE","371.78","n/e"," ","214.05"
"05/05/2026 11:00:00 - 05/05/2026 12:00:00","CTA|IE","348.75","n/e"," ","268.75"
"05/05/2026 12:00:00 - 05/05/2026 13:00:00","CTA|IE","334.61","n/e"," ","231.76"
"05/05/2026 13:00:00 - 05/05/2026 14:00:00","CTA|IE","346.94","n/e"," ","225.06"
"05/05/2026 14:00:00 - 05/05/2026 15:00:00","CTA|IE","364.03","n/e"," ","238.57"
"05/05/2026 15:00:00 - 05/05/2026 16:00:00","CTA|IE","375.27","n/e"," ","251.33"
"05/05/2026 16:00:00 - 05/05/2026 17:00:00","CTA|IE","389.40","n/e"," ","283.96"
"05/05/2026 17:00:00 - 05/05/2026 18:00:00","CTA|IE","414.64","n/e"," ","295.30"
"05/05/2026 18:00:00 - 05/05/2026 19:00:00","CTA|IE","436.08","n/e"," ","328.21"
"05/05/2026 19:00:00 - 05/05/2026 20:00:00","CTA|IE","451.72","n/e"," ","380.41"
"05/05/2026 20:00:00 - 05/05/2026 21:00:00","CTA|IE","469.33","n/e"," ","405.14"
"05/05/2026 21:00:00 - 05/05/2026 22:00:00","CTA|IE","485.77","n/e"," ","466.97"
"05/05/2026 22:00:00 - 05/05/2026 23:00:00","CTA|IE","489.43","n/e"," ","480.68"
"05/05/2026 23:00:00 - 06/05/2026 00:00:00","CTA|IE","495.00","n/e"," ","520.22"
"06/05/2026 00:00:00 - 06/05/2026 01:00:00","CTA|IE","488.27","n/e"," ","559.65"
"06/05/2026 01:00:00 - 06/05/2026 02:00:00","CTA|IE","572.58","n/e"," ","507.59"
"06/05/2026 02:00:00 - 06/05/2026 03:00:00","CTA|IE","510.66","n/e"," ","400.66"
"06/05/2026 03:00:00 - 06/05/2026 04:00:00","CTA|IE","442.04","n/e"," ","344.93"
"06/05/2026 04:00:00 - 06/05/2026 05:00:00","CTA|IE","390.18","n/e"," ","267.08"
"06/05/2026 05:00:00 - 06/05/2026 06:00:00","CTA|IE","357.63","n/e"," ","162.45"
"06/05/2026 06:00:00 - 06/05/2026 07:00:00","CTA|IE","326.65","n/e"," ","103.84"
"06/05/2026 07:00:00 - 06/05/2026 08:00:00","CTA|IE","292.09","n/e"," ","86.88"
"06/05/2026 08:00:00 - 06/05/2026 09:00:00","CTA|IE","262.04","n/e"," ","67.61"
"06/05/2026 09:00:00 - 06/05/2026 10:00:00","CTA|IE","234.33","n/e"," ","30.67"
"06/05/2026 10:00:00 - 06/05/2026 11:00:00","CTA|IE","207.13","n/e"," ","11.44"
"06/05/2026 11:00:00 - 06/05/2026 12:00:00","CTA|IE","177.98","n/e"," ","4.92"
"06/05/2026 12:00:00 - 06/05/2026 13:00:00","CTA|IE","146.83","n/e"," ","4.36"
"06/05/2026 13:00:00 - 06/05/2026 14:00:00","CTA|IE","126.95","n/e"," ","2.47"
"06/05/2026 14:00:00 - 06/05/2026 15:00:00","CTA|IE","120.06","n/e"," ","7.41"
"06/05/2026 15:00:00 - 06/05/2026 16:00:00","CTA|IE","127.79","n/e"," ","25.31"
"06/05/2026 16:00:00 - 06/05/2026 17:00:00","CTA|IE","149.31","n/e"," ","45.23"
"06/05/2026 17:00:00 - 06/05/2026 18:00:00","CTA|IE","182.18","n/e"," ","104.16"
"06/05/2026 18:00:00 - 06/05/2026 19:00:00","CTA|IE","214.16","n/e"," ","144.58"
"06/05/2026 19:00:00 - 06/05/2026 20:00:00","CTA|IE","248.05","n/e"," ","201.50"
"06/05/2026 20:00:00 - 06/05/2026 21:00:00","CTA|IE","280.32","n/e"," ","195.91"
"06/05/2026 21:00:00 - 06/05/2026 22:00:00","CTA|IE","303.59","n/e"," ","182.65"
"06/05/2026 22:00:00 - 06/05/2026 23:00:00","CTA|IE","320.11","n/e"," ","215.75"
"06/05/2026 23:00:00 - 07/05/2026 00:00:00","CTA|IE","337.21","n/e"," ","171.56"
"07/05/2026 00:00:00 - 07/05/2026 01:00:00","CTA|IE","330.58","n/e"," ","126.74"
"07/05/2026 01:00:00 - 07/05/2026 02:00:00","CTA|IE","215.18","n/e"," ","108.28"
"07/05/2026 02:00:00 - 07/05/2026 03:00:00","CTA|IE","181.80","n/e"," ","109.16"
"07/05/2026 03:00:00 - 07/05/2026 04:00:00","CTA|IE","187.59","n/e"," ","152.58"
"07/05/2026 04:00:00 - 07/05/2026 05:00:00","CTA|IE","210.83","n/e"," ","175.70"
"07/05/2026 05:00:00 - 07/05/2026 06:00:00","CTA|IE","228.49","n/e"," ","247.85"
"07/05/2026 06:00:00 - 07/05/2026 07:00:00","CTA|IE","239.25","n/e"," ","275.67"
"07/05/2026 07:00:00 - 07/05/2026 08:00:00","CTA|IE","255.33","n/e"," ","293.44"
"07/05/2026 08:00:00 - 07/05/2026 09:00:00","CTA|IE","274.82","n/e"," ","298.66"
"07/05/2026 09:00:00 - 07/05/2026 10:00:00","CTA|IE","297.83","n/e"," ","292.35"
"07/05/2026 10:00:00 - 07/05/2026 11:00:00","CTA|IE","341.39","n/e"," ","379.84"
"07/05/2026 11:00:00 - 07/05/2026 12:00:00","CTA|IE","429.39","n/e"," ","569.89"
"07/05/2026 12:00:00 - 07/05/2026 13:00:00","CTA|IE","514.24","n/e"," ","681.19"
"07/05/2026 13:00:00 - 07/05/2026 14:00:00","CTA|IE","588.57","n/e"," ","763.66"
"07/05/2026 14:00:00 - 07/05/2026 15:00:00","CTA|IE","650.89","n/e"," ","705.17"
"07/05/2026 15:00:00 - 07/05/2026 16:00:00","CTA|IE","698.27","n/e"," ","763.70"
"07/05/2026 16:00:00 - 07/05/2026 17:00:00","CTA|IE","719.36","n/e"," ","821.11"
"07/05/2026 17:00:00 - 07/05/2026 18:00:00","CTA|IE","700.70","n/e"," ","852.61"
"07/05/2026 18:00:00 - 07/05/2026 19:00:00","CTA|IE","645.47","n/e"," ","753.22"
"07/05/2026 19:00:00 - 07/05/2026 20:00:00","CTA|IE","569.01","n/e"," ","606.93"
"07/05/2026 20:00:00 - 07/05/2026 21:00:00","CTA|IE","480.58","n/e"," ","461.49"
"07/05/2026 21:00:00 - 07/05/2026 22:00:00","CTA|IE","396.17","n/e"," ","367.35"
"07/05/2026 22:00:00 - 07/05/2026 23:00:00","CTA|IE","323.42","n/e"," ","280.07"
"07/05/2026 23:00:00 - 08/05/2026 00:00:00","CTA|IE","284.59","n/e"," ","237.31"
"08/05/2026 00:00:00 - 08/05/2026 01:00:00","CTA|IE","261.96","n/e"," ","141.63"
"08/05/2026 01:00:00 - 08/05/2026 02:00:00","CTA|IE","185.72","n/e"," ","96.91"
"08/05/2026 02:00:00 - 08/05/2026 03:00:00","CTA|IE","168.54","n/e"," ","64.40"
"08/05/2026 03:00:00 - 08/05/2026 04:00:00","CTA|IE","154.96","n/e"," ","37.78"
"08/05/2026 04:00:00 - 08/05/2026 05:00:00","CTA|IE","141.04","n/e"," ","26.95"
"08/05/2026 05:00:00 - 08/05/2026 06:00:00","CTA|IE","126.43","n/e"," ","25.79"
"08/05/2026 06:00:00 - 08/05/2026 07:00:00","CTA|IE","112.62","n/e"," ","32.35"
"08/05/2026 07:00:00 - 08/05/2026 08:00:00","CTA|IE","101.92","n/e"," ","38.35"
"08/05/2026 08:00:00 - 08/05/2026 09:00:00","CTA|IE","92.45","n/e"," ","40.34"
"08/05/2026 09:00:00 - 08/05/2026 10:00:00","CTA|IE","79.17","n/e"," ","47.26"
"08/05/2026 10:00:00 - 08/05/2026 11:00:00","CTA|IE","64.24","n/e"," ","64.47"
"08/05/2026 11:00:00 - 08/05/2026 12:00:00","CTA|IE","59.61","n/e"," ","83.24"
"08/05/2026 12:00:00 - 08/05/2026 13:00:00","CTA|IE","60.85","n/e"," ","97.77"
"08/05/2026 13:00:00 - 08/05/2026 14:00:00","CTA|IE","71.14","n/e"," ","121.18"
"08/05/2026 14:00:00 - 08/05/2026 15:00:00","CTA|IE","95.07","n/e"," ","158.81"
"08/05/2026 15:00:00 - 08/05/2026 16:00:00","CTA|IE","134.75","n/e"," ","201.68"
"08/05/2026 16:00:00 - 08/05/2026 17:00:00","CTA|IE","188.68","n/e"," ","282.27"
"08/05/2026 17:00:00 - 08/05/2026 18:00:00","CTA|IE","263.81","n/e"," ","364.16"
"08/05/2026 18:00:00 - 08/05/2026 19:00:00","CTA|IE","362.57","n/e"," ","526.12"
"08/05/2026 19:00:00 - 08/05/2026 20:00:00","CTA|IE","485.88","n/e"," ","658.58"
"08/05/2026 20:00:00 - 08/05/2026 21:00:00","CTA|IE","622.72","n/e"," ","794.85"
"08/05/2026 21:00:00 - 08/05/2026 22:00:00","CTA|IE","780.10","n/e"," ","896.05"
"08/05/2026 22:00:00 - 08/05/2026 23:00:00","CTA|IE","929.81","n/e"," ","1044.78"
"08/05/2026 23:00:00 - 09/05/2026 00:00:00","CTA|IE","1078.83","n/e"," ","1237.99"
"09/05/2026 00:00:00 - 09/05/2026 01:00:00","CTA|IE","1219.41","n/e"," ","1377.16"
"09/05/2026 01:00:00 - 09/05/2026 02:00:00","CTA|IE","1704.57","n/e"," ","1445.75"
"09/05/2026 02:00:00 - 09/05/2026 03:00:00","CTA|IE","1762.27","n/e"," ","1505.41"
"09/05/2026 03:00:00 - 09/05/2026 04:00:00","CTA|IE","1829.58","n/e"," ","1612.42"
"09/05/2026 04:00:00 - 09/05/2026 05:00:00","CTA|IE","1931.22","n/e"," ","1664.72"
"09/05/2026 05:00:00 - 09/05/2026 06:00:00","CTA|IE","2080.48","n/e"," ","1897.19"
"09/05/2026 06:00:00 - 09/05/2026 07:00:00","CTA|IE","2243.28","n/e"," ","1924.81"
"09/05/2026 07:00:00 - 09/05/2026 08:00:00","CTA|IE","2396.32","n/e"," ","2027.55"
"09/05/2026 08:00:00 - 09/05/2026 09:00:00","CTA|IE","2559.09","n/e"," ","2229.94"
"09/05/2026 09:00:00 - 09/05/2026 10:00:00","CTA|IE","2804.07","n/e"," ","2151.93"
"09/05/2026 10:00:00 - 09/05/2026 11:00:00","CTA|IE","2965.50","n/e"," ","2113.29"
"09/05/2026 11:00:00 - 09/05/2026 12:00:00","CTA|IE","3080.69","n/e"," ","1965.79"
"09/05/2026 12:00:00 - 09/05/2026 13:00:00","CTA|IE","3178.71","n/e"," ","1947.79"
"09/05/2026 13:00:00 - 09/05/2026 14:00:00","CTA|IE","3275.57","n/e"," ","1892.35"
"09/05/2026 14:00:00 - 09/05/2026 15:00:00","CTA|IE","3333.23","n/e"," ","1902.63"
"09/05/2026 15:00:00 - 09/05/2026 16:00:00","CTA|IE","3373.60","n/e"," ","1777.81"
"09/05/2026 16:00:00 - 09/05/2026 17:00:00","CTA|IE","3387.47","n/e"," ","1763.34"
"09/05/2026 17:00:00 - 09/05/2026 18:00:00","CTA|IE","3419.71","n/e"," ","1815.50"
"09/05/2026 18:00:00 - 09/05/2026 19:00:00","CTA|IE","3435.98","n/e"," ","1986.98"
"09/05/2026 19:00:00 - 09/05/2026 20:00:00","CTA|IE","3447.44","n/e"," ","2178.66"
"09/05/2026 20:00:00 - 09/05/2026 21:00:00","CTA|IE","3446.26","n/e"," ","2318.12"
"09/05/2026 21:00:00 - 09/05/2026 22:00:00","CTA|IE","3443.15","n/e"," ","2287.59"
"09/05/2026 22:00:00 - 09/05/2026 23:00:00","CTA|IE","3398.97","n/e"," ","2309.63"
"09/05/2026 23:00:00 - 10/05/2026 00:00:00","CTA|IE","3354.80","n/e"," ","2501.49"
"10/05/2026 00:00:00 - 10/05/2026 01:00:00","CTA|IE","3305.82","n/e"," ","2437.87"
"10/05/2026 01:00:00 - 10/05/2026 02:00:00","CTA|IE","2839.99","n/e"," ","2365.55"
"10/05/2026 02:00:00 - 10/05/2026 03:00:00","CTA|IE","2742.95","n/e"," ","2481.12"
"10/05/2026 03:00:00 - 10/05/2026 04:00:00","CTA|IE","2594.67","n/e"," ","2198.18"
"10/05/2026 04:00:00 - 10/05/2026 05:00:00","CTA|IE","2454.81","n/e"," ","1984.32"
"10/05/2026 05:00:00 - 10/05/2026 06:00:00","CTA|IE","2352.92","n/e"," ","1838.28"
"10/05/2026 06:00:00 - 10/05/2026 07:00:00","CTA|IE","2264.06","n/e"," ","1755.51"
"10/05/2026 07:00:00 - 10/05/2026 08:00:00","CTA|IE","2173.84","n/e"," ","1684.87"
"10/05/2026 08:00:00 - 10/05/2026 09:00:00","CTA|IE","2058.18","n/e"," ","1558.06"
"10/05/2026 09:00:00 - 10/05/2026 10:00:00","CTA|IE","1983.09","n/e"," ","1341.16"
"10/05/2026 10:00:00 - 10/05/2026 11:00:00","CTA|IE","1970.45","n/e"," ","1339.01"
"10/05/2026 11:00:00 - 10/05/2026 12:00:00","CTA|IE","1982.73","n/e"," ","1401.53"
"10/05/2026 12:00:00 - 10/05/2026 13:00:00","CTA|IE","1926.64","n/e"," ","1241.73"
"10/05/2026 13:00:00 - 10/05/2026 14:00:00","CTA|IE","1862.20","n/e"," ","1127.42"
"10/05/2026 14:00:00 - 10/05/2026 15:00:00","CTA|IE","1779.40","n/e"," ","1049.10"
"10/05/2026 15:00:00 - 10/05/2026 16:00:00","CTA|IE","1704.27","n/e"," ","894.51"
"10/05/2026 16:00:00 - 10/05/2026 17:00:00","CTA|IE","1666.96","n/e"," ","986.75"
"10/05/2026 17:00:00 - 10/05/2026 18:00:00","CTA|IE","1660.40","n/e"," ","1160.79"
"10/05/2026 18:00:00 - 10/05/2026 19:00:00","CTA|IE","1634.00","n/e"," ","1522.62"
"10/05/2026 19:00:00 - 10/05/2026 20:00:00","CTA|IE","1594.38","n/e"," ","1573.60"
"10/05/2026 20:00:00 - 10/05/2026 21:00:00","CTA|IE","1522.95","n/e"," ","1389.56"
"10/05/2026 21:00:00 - 10/05/2026 22:00:00","CTA|IE","1408.10","n/e"," ","1213.24"
"10/05/2026 22:00:00 - 10/05/2026 23:00:00","CTA|IE","1229.36","n/e"," ","990.97"
"10/05/2026 23:00:00 - 11/05/2026 00:00:00","CTA|IE","1104.96","n/e"," ","933.90"
"11/05/2026 00:00:00 - 11/05/2026 01:00:00","CTA|IE","1057.17","n/e"," ","930.89"
"11/05/2026 01:00:00 - 11/05/2026 02:00:00","CTA|IE","925.31","n/e"," ","985.21"
"11/05/2026 02:00:00 - 11/05/2026 03:00:00","CTA|IE","834.24","n/e"," ","896.24"
"11/05/2026 03:00:00 - 11/05/2026 04:00:00","CTA|IE","774.29","n/e"," ","903.61"
"11/05/2026 04:00:00 - 11/05/2026 05:00:00","CTA|IE","741.41","n/e"," ","883.08"
"11/05/2026 05:00:00 - 11/05/2026 06:00:00","CTA|IE","720.50","n/e"," ","985.60"
"11/05/2026 06:00:00 - 11/05/2026 07:00:00","CTA|IE","695.28","n/e"," ","942.39"
"11/05/2026 07:00:00 - 11/05/2026 08:00:00","CTA|IE","656.80","n/e"," ","911.46"
"11/05/2026 08:00:00 - 11/05/2026 09:00:00","CTA|IE","607.32","n/e"," ","904.85"
"11/05/2026 09:00:00 - 11/05/2026 10:00:00","CTA|IE","560.04","n/e"," ","965.33"
"11/05/2026 10:00:00 - 11/05/2026 11:00:00","CTA|IE","556.54","n/e"," ","917.32"
"11/05/2026 11:00:00 - 11/05/2026 12:00:00","CTA|IE","570.23","n/e"," ","894.63"
"11/05/2026 12:00:00 - 11/05/2026 13:00:00","CTA|IE","548.82","n/e"," ","781.25"
"11/05/2026 13:00:00 - 11/05/2026 14:00:00","CTA|IE","512.20","n/e"," ","734.44"
"11/05/2026 14:00:00 - 11/05/2026 15:00:00","CTA|IE","484.41","n/e"," ","697.17"
"11/05/2026 15:00:00 - 11/05/2026 16:00:00","CTA|IE","501.26","n/e"," ","725.35"
"11/05/2026 16:00:00 - 11/05/2026 17:00:00","CTA|IE","562.98","n/e"," ","863.28"
"11/05/2026 17:00:00 - 11/05/2026 18:00:00","CTA|IE","648.21","n/e"," ","899.77"
"11/05/2026 18:00:00 - 11/05/2026 19:00:00","CTA|IE","724.05","n/e"," ","971.55"
"11/05/2026 19:00:00 - 11/05/2026 20:00:00","CTA|IE","765.66","n/e"," ","969.55"
"11/05/2026 20:00:00 - 11/05/2026 21:00:00","CTA|IE","745.96","n/e"," ","862.04"
"11/05/2026 21:00:00 - 11/05/2026 22:00:00","CTA|IE","688.35","n/e"," ","773.07"
"11/05/2026 22:00:00 - 11/05/2026 23:00:00","CTA|IE","612.20","n/e"," ","784.77"
"11/05/2026 23:00:00 - 12/05/2026 00:00:00","CTA|IE","574.84","n/e"," ","837.02"
"12/05/2026 00:00:00 - 12/05/2026 01:00:00","CTA|IE","594.32","n/e"," ","806.62"
"12/05/2026 01:00:00 - 12/05/2026 02:00:00","CTA|IE","603.28","n/e"," ","824.40"
"12/05/2026 02:00:00 - 12/05/2026 03:00:00","CTA|IE","646.15","n/e"," ","875.24"
"12/05/2026 03:00:00 - 12/05/2026 04:00:00","CTA|IE","809.90","n/e"," ","1187.15"
"12/05/2026 04:00:00 - 12/05/2026 05:00:00","CTA|IE","1031.11","n/e"," ","1371.75"
"12/05/2026 05:00:00 - 12/05/2026 06:00:00","CTA|IE","1226.76","n/e"," ","1450.86"
"12/05/2026 06:00:00 - 12/05/2026 07:00:00","CTA|IE","1300.39","n/e"," ","1454.71"
"12/05/2026 07:00:00 - 12/05/2026 08:00:00","CTA|IE","1308.86","n/e"," ","1495.50"
"12/05/2026 08:00:00 - 12/05/2026 09:00:00","CTA|IE","1364.55","n/e"," ","1487.02"
"12/05/2026 09:00:00 - 12/05/2026 10:00:00","CTA|IE","1475.16","n/e"," ","1658.39"
"12/05/2026 10:00:00 - 12/05/2026 11:00:00","CTA|IE","1605.66","n/e"," ","1723.80"
"12/05/2026 11:00:00 - 12/05/2026 12:00:00","CTA|IE","1710.12","n/e"," ","1867.19"
"12/05/2026 12:00:00 - 12/05/2026 13:00:00","CTA|IE","1740.18","n/e"," ","1693.23"
"12/05/2026 13:00:00 - 12/05/2026 14:00:00","CTA|IE","1820.45","n/e"," ","1775.16"
"12/05/2026 14:00:00 - 12/05/2026 15:00:00","CTA|IE","2020.26","n/e"," ","1960.45"
"12/05/2026 15:00:00 - 12/05/2026 16:00:00","CTA|IE","2307.48","n/e"," ","1965.06"
"12/05/2026 16:00:00 - 12/05/2026 17:00:00","CTA|IE","2607.33","n/e"," ","1936.31"
"12/05/2026 17:00:00 - 12/05/2026 18:00:00","CTA|IE","2847.59","n/e"," ","2056.80"
"12/05/2026 18:00:00 - 12/05/2026 19:00:00","CTA|IE","3026.68","n/e"," ","2213.89"
"12/05/2026 19:00:00 - 12/05/2026 20:00:00","CTA|IE","3191.22","n/e"," ","2335.07"
"12/05/2026 20:00:00 - 12/05/2026 21:00:00","CTA|IE","3302.41","n/e"," ","2346.68"
"12/05/2026 21:00:00 - 12/05/2026 22:00:00","CTA|IE","3325.01","n/e"," ","2332.59"
"12/05/2026 22:00:00 - 12/05/2026 23:00:00","CTA|IE","3274.13","n/e"," ","2232.79"
"12/05/2026 23:00:00 - 13/05/2026 00:00:00","CTA|IE","3318.00","n/e"," ","2326.44"
"13/05/2026 00:00:00 - 13/05/2026 01:00:00","CTA|IE","3503.47","n/e"," ","2362.52"
"13/05/2026 01:00:00 - 13/05/2026 02:00:00","CTA|IE","3706.93","n/e"," ","2228.90"
"13/05/2026 02:00:00 - 13/05/2026 03:00:00","CTA|IE","3825.66","n/e"," ","2252.62"
"13/05/2026 03:00:00 - 13/05/2026 04:00:00","CTA|IE","3949.67","n/e"," ","2279.90"
"13/05/2026 04:00:00 - 13/05/2026 05:00:00","CTA|IE","4047.10","n/e"," ","2294.39"
"13/05/2026 05:00:00 - 13/05/2026 06:00:00","CTA|IE","4101.42","n/e"," ","2294.68"
"13/05/2026 06:00:00 - 13/05/2026 07:00:00","CTA|IE","4105.59","n/e"," ","2202.75"
"13/05/2026 07:00:00 - 13/05/2026 08:00:00","CTA|IE","4067.16","n/e"," ","2255.13"
"13/05/2026 08:00:00 - 13/05/2026 09:00:00","CTA|IE","4025.09","n/e"," ","2451.34"
"13/05/2026 09:00:00 - 13/05/2026 10:00:00","CTA|IE","4000.46","n/e"," ","2397.80"
"13/05/2026 10:00:00 - 13/05/2026 11:00:00","CTA|IE","4001.71","n/e"," ","2400.68"
"13/05/2026 11:00:00 - 13/05/2026 12:00:00","CTA|IE","3987.03","n/e"," ","2284.38"
"13/05/2026 12:00:00 - 13/05/2026 13:00:00","CTA|IE","4001.21","n/e"," ","2217.20"
"13/05/2026 13:00:00 - 13/05/2026 14:00:00","CTA|IE","4050.68","n/e"," ","2157.75"
"13/05/2026 14:00:00 - 13/05/2026 15:00:00","CTA|IE","4105.44","n/e"," ","2092.30"
"13/05/2026 15:00:00 - 13/05/2026 16:00:00","CTA|IE","4168.34","n/e"," ","2054.81"
"13/05/2026 16:00:00 - 13/05/2026 17:00:00","CTA|IE","4205.68","n/e"," ","2047.43"
"13/05/2026 17:00:00 - 13/05/2026 18:00:00","CTA|IE","4233.85","n/e"," ","2066.28"
"13/05/2026 18:00:00 - 13/05/2026 19:00:00","CTA|IE","4234.86","n/e"," ","2146.14"
"13/05/2026 19:00:00 - 13/05/2026 20:00:00","CTA|IE","4194.20","n/e"," ","2200.23"
"13/05/2026 20:00:00 - 13/05/2026 21:00:00","CTA|IE","4123.13","n/e"," ","2467.53"
"13/05/2026 21:00:00 - 13/05/2026 22:00:00","CTA|IE","3988.93","n/e"," ","2414.34"
"13/05/2026 22:00:00 - 13/05/2026 23:00:00","CTA|IE","3761.81","n/e"," ","2407.83"
"13/05/2026 23:00:00 - 14/05/2026 00:00:00","CTA|IE","3577.74","n/e"," ","2347.64"
"14/05/2026 00:00:00 - 14/05/2026 01:00:00","CTA|IE","3418.04","n/e"," ","2408.17"
"14/05/2026 01:00:00 - 14/05/2026 02:00:00","CTA|IE","3061.04","n/e"," ","2287.79"
"14/05/2026 02:00:00 - 14/05/2026 03:00:00","CTA|IE","2913.67","n/e"," ","2112.77"
"14/05/2026 03:00:00 - 14/05/2026 04:00:00","CTA|IE","2820.45","n/e"," ","2078.39"
"14/05/2026 04:00:00 - 14/05/2026 05:00:00","CTA|IE","2730.79","n/e"," ","2112.39"
"14/05/2026 05:00:00 - 14/05/2026 06:00:00","CTA|IE","2598.60","n/e"," ","2076.07"
"14/05/2026 06:00:00 - 14/05/2026 07:00:00","CTA|IE","2382.60","n/e"," ","2066.85"
"14/05/2026 07:00:00 - 14/05/2026 08:00:00","CTA|IE","2102.84","n/e"," ","1976.62"
"14/05/2026 08:00:00 - 14/05/2026 09:00:00","CTA|IE","1876.77","n/e"," ","1987.78"
"14/05/2026 09:00:00 - 14/05/2026 10:00:00","CTA|IE","1838.34","n/e"," ","1986.87"
"14/05/2026 10:00:00 - 14/05/2026 11:00:00","CTA|IE","1890.59","n/e"," ","1982.24"
"14/05/2026 11:00:00 - 14/05/2026 12:00:00","CTA|IE","1961.25","n/e"," ","2068.83"
"14/05/2026 12:00:00 - 14/05/2026 13:00:00","CTA|IE","2003.07","n/e"," ","2026.01"
"14/05/2026 13:00:00 - 14/05/2026 14:00:00","CTA|IE","2051.34","n/e"," ","2035.58"
"14/05/2026 14:00:00 - 14/05/2026 15:00:00","CTA|IE","2119.64","n/e"," ","2092.13"
"14/05/2026 15:00:00 - 14/05/2026 16:00:00","CTA|IE","2217.32","n/e"," ","2027.18"
"14/05/2026 16:00:00 - 14/05/2026 17:00:00","CTA|IE","2352.13","n/e"," ","2055.55"
"14/05/2026 17:00:00 - 14/05/2026 18:00:00","CTA|IE","2548.75","n/e"," ","2124.60"
"14/05/2026 18:00:00 - 14/05/2026 19:00:00","CTA|IE","2715.50","n/e"," ","2159.00"
"14/05/2026 19:00:00 - 14/05/2026 20:00:00","CTA|IE","2772.12","n/e"," ","2333.05"
"14/05/2026 20:00:00 - 14/05/2026 21:00:00","CTA|IE","2708.08","n/e"," ","2298.73"
"14/05/2026 21:00:00 - 14/05/2026 22:00:00","CTA|IE","2540.10","n/e"," ","2142.41"
"14/05/2026 22:00:00 - 14/05/2026 23:00:00","CTA|IE","2273.44","n/e"," ","1825.05"
"14/05/2026 23:00:00 - 15/05/2026 00:00:00","CTA|IE","2014.23","n/e"," ","1605.99"
"15/05/2026 00:00:00 - 15/05/2026 01:00:00","CTA|IE","1778.38","n/e"," ","1471.94"
"15/05/2026 01:00:00 - 15/05/2026 02:00:00","CTA|IE","1534.24","n/e"," ","1347.37"
"15/05/2026 02:00:00 - 15/05/2026 03:00:00","CTA|IE","1357.61","n/e"," ","1148.90"
"15/05/2026 03:00:00 - 15/05/2026 04:00:00","CTA|IE","1192.11","n/e"," ","971.95"
"15/05/2026 04:00:00 - 15/05/2026 05:00:00","CTA|IE","1038.55","n/e"," ","864.98"
"15/05/2026 05:00:00 - 15/05/2026 06:00:00","CTA|IE","911.24","n/e"," ","829.88"
"15/05/2026 06:00:00 - 15/05/2026 07:00:00","CTA|IE","812.65","n/e"," ","764.81"
"15/05/2026 07:00:00 - 15/05/2026 08:00:00","CTA|IE","724.62","n/e"," ","708.99"
"15/05/2026 08:00:00 - 15/05/2026 09:00:00","CTA|IE","620.52","n/e"," ","530.98"
"15/05/2026 09:00:00 - 15/05/2026 10:00:00","CTA|IE","544.89","n/e"," ","432.56"
"15/05/2026 10:00:00 - 15/05/2026 11:00:00","CTA|IE","532.33","n/e"," ","549.66"
"15/05/2026 11:00:00 - 15/05/2026 12:00:00","CTA|IE","517.06","n/e"," ","551.15"
"15/05/2026 12:00:00 - 15/05/2026 13:00:00","CTA|IE","489.43","n/e"," ","530.51"
"15/05/2026 13:00:00 - 15/05/2026 14:00:00","CTA|IE","494.79","n/e"," ","533.84"
"15/05/2026 14:00:00 - 15/05/2026 15:00:00","CTA|IE","528.75","n/e"," ","567.16"
"15/05/2026 15:00:00 - 15/05/2026 16:00:00","CTA|IE","580.95","n/e"," ","622.23"
"15/05/2026 16:00:00 - 15/05/2026 17:00:00","CTA|IE","635.75","n/e"," ","579.09"
"15/05/2026 17:00:00 - 15/05/2026 18:00:00","CTA|IE","687.74","n/e"," ","502.46"
"15/05/2026 18:00:00 - 15/05/2026 19:00:00","CTA|IE","692.50","n/e"," ","440.27"
"15/05/2026 19:00:00 - 15/05/2026 20:00:00","CTA|IE","624.02","n/e"," ","382.62"
"15/05/2026 20:00:00 - 15/05/2026 21:00:00","CTA|IE","513.11","n/e"," ","386.28"
"15/05/2026 21:00:00 - 15/05/2026 22:00:00","CTA|IE","413.39","n/e"," ","345.61"
"15/05/2026 22:00:00 - 15/05/2026 23:00:00","CTA|IE","326.27","n/e"," ","331.90"
"15/05/2026 23:00:00 - 16/05/2026 00:00:00","CTA|IE","277.00","n/e"," ","373.07"
"16/05/2026 00:00:00 - 16/05/2026 01:00:00","CTA|IE","266.23","n/e"," ","367.83"
"16/05/2026 01:00:00 - 16/05/2026 02:00:00","CTA|IE","400.94","n/e"," ","350.43"
"16/05/2026 02:00:00 - 16/05/2026 03:00:00","CTA|IE","363.71","n/e"," ","338.64"
"16/05/2026 03:00:00 - 16/05/2026 04:00:00","CTA|IE","343.75","n/e"," ","343.78"
"16/05/2026 04:00:00 - 16/05/2026 05:00:00","CTA|IE","357.49","n/e"," ","332.81"
"16/05/2026 05:00:00 - 16/05/2026 06:00:00","CTA|IE","392.38","n/e"," ","394.72"
"16/05/2026 06:00:00 - 16/05/2026 07:00:00","CTA|IE","447.26","n/e"," ","432.22"
"16/05/2026 07:00:00 - 16/05/2026 08:00:00","CTA|IE","530.30","n/e"," ","383.47"
"16/05/2026 08:00:00 - 16/05/2026 09:00:00","CTA|IE","620.24","n/e"," ","371.02"
"16/05/2026 09:00:00 - 16/05/2026 10:00:00","CTA|IE","692.53","n/e"," ","763.31"
"16/05/2026 10:00:00 - 16/05/2026 11:00:00","CTA|IE","790.10","n/e"," ","871.54"
"16/05/2026 11:00:00 - 16/05/2026 12:00:00","CTA|IE","933.12","n/e"," ","1069.89"
"16/05/2026 12:00:00 - 16/05/2026 13:00:00","CTA|IE","1085.30","n/e"," ","1428.54"
"16/05/2026 13:00:00 - 16/05/2026 14:00:00","CTA|IE","1241.96","n/e"," ","1606.43"
"16/05/2026 14:00:00 - 16/05/2026 15:00:00","CTA|IE","1398.14","n/e"," ","1837.56"
"16/05/2026 15:00:00 - 16/05/2026 16:00:00","CTA|IE","1605.82","n/e"," ","1690.60"
"16/05/2026 16:00:00 - 16/05/2026 17:00:00","CTA|IE","1825.14","n/e"," ","1774.85"
"16/05/2026 17:00:00 - 16/05/2026 18:00:00","CTA|IE","2009.51","n/e"," ","1986.12"
"16/05/2026 18:00:00 - 16/05/2026 19:00:00","CTA|IE","2102.59","n/e"," ","2006.56"
"16/05/2026 19:00:00 - 16/05/2026 20:00:00","CTA|IE","2128.34","n/e"," ","1985.65"
"16/05/2026 20:00:00 - 16/05/2026 21:00:00","CTA|IE","2073.65","n/e"," ","1956.60"
"16/05/2026 21:00:00 - 16/05/2026 22:00:00","CTA|IE","1916.23","n/e"," ","1741.48"
"16/05/2026 22:00:00 - 16/05/2026 23:00:00","CTA|IE","1677.48","n/e"," ","1476.75"
"16/05/2026 23:00:00 - 17/05/2026 00:00:00","CTA|IE","1464.55","n/e"," ","1388.14"
"17/05/2026 00:00:00 - 17/05/2026 01:00:00","CTA|IE","1323.75","n/e"," ","1383.50"
"17/05/2026 01:00:00 - 17/05/2026 02:00:00","CTA|IE","1871.43","n/e"," ","1359.11"
"17/05/2026 02:00:00 - 17/05/2026 03:00:00","CTA|IE","1823.14","n/e"," ","1282.80"
"17/05/2026 03:00:00 - 17/05/2026 04:00:00","CTA|IE","1796.48","n/e"," ","1235.19"
"17/05/2026 04:00:00 - 17/05/2026 05:00:00","CTA|IE","1760.06","n/e"," ","1177.01"
"17/05/2026 05:00:00 - 17/05/2026 06:00:00","CTA|IE","1721.51","n/e"," ","1313.35"
"17/05/2026 06:00:00 - 17/05/2026 07:00:00","CTA|IE","1693.07","n/e"," ","1284.80"
"17/05/2026 07:00:00 - 17/05/2026 08:00:00","CTA|IE","1723.44","n/e"," ","1301.06"
"17/05/2026 08:00:00 - 17/05/2026 09:00:00","CTA|IE","1791.72","n/e"," ","1218.57"
"17/05/2026 09:00:00 - 17/05/2026 10:00:00","CTA|IE","1851.26","n/e"," ","1138.00"
"17/05/2026 10:00:00 - 17/05/2026 11:00:00","CTA|IE","1944.61","n/e"," ","1206.09"
"17/05/2026 11:00:00 - 17/05/2026 12:00:00","CTA|IE","2079.21","n/e"," ","1345.14"
"17/05/2026 12:00:00 - 17/05/2026 13:00:00","CTA|IE","2180.73","n/e"," ","1453.22"
"17/05/2026 13:00:00 - 17/05/2026 14:00:00","CTA|IE","2270.00","n/e"," ","1482.43"
"17/05/2026 14:00:00 - 17/05/2026 15:00:00","CTA|IE","2343.18","n/e"," ","1761.92"
"17/05/2026 15:00:00 - 17/05/2026 16:00:00","CTA|IE","2415.17","n/e"," ","1775.18"
"17/05/2026 16:00:00 - 17/05/2026 17:00:00","CTA|IE","2416.98","n/e"," ","1431.89"
"17/05/2026 17:00:00 - 17/05/2026 18:00:00","CTA|IE","2328.32","n/e"," ","1459.66"
"17/05/2026 18:00:00 - 17/05/2026 19:00:00","CTA|IE","2129.45","n/e"," ","1508.07"
"17/05/2026 19:00:00 - 17/05/2026 20:00:00","CTA|IE","1885.76","n/e"," ","1434.50"
"17/05/2026 20:00:00 - 17/05/2026 21:00:00","CTA|IE","1608.25","n/e"," ","1288.27"
"17/05/2026 21:00:00 - 17/05/2026 22:00:00","CTA|IE","1323.00","n/e"," ","1271.36"
"17/05/2026 22:00:00 - 17/05/2026 23:00:00","CTA|IE","1052.73","n/e"," ","1084.83"
"17/05/2026 23:00:00 - 18/05/2026 00:00:00","CTA|IE","844.64","n/e"," ","901.68"
"18/05/2026 00:00:00 - 18/05/2026 01:00:00","CTA|IE","677.66","n/e"," ","606.70"
"18/05/2026 01:00:00 - 18/05/2026 02:00:00","CTA|IE","473.46","n/e"," ","503.76"
"18/05/2026 02:00:00 - 18/05/2026 03:00:00","CTA|IE","374.38","n/e"," ","363.32"
"18/05/2026 03:00:00 - 18/05/2026 04:00:00","CTA|IE","272.34","n/e"," ","269.35"
"18/05/2026 04:00:00 - 18/05/2026 05:00:00","CTA|IE","186.50","n/e"," ","221.03"
"18/05/2026 05:00:00 - 18/05/2026 06:00:00","CTA|IE","126.67","n/e"," ","131.92"
"18/05/2026 06:00:00 - 18/05/2026 07:00:00","CTA|IE","92.29","n/e"," ","94.24"
"18/05/2026 07:00:00 - 18/05/2026 08:00:00","CTA|IE","81.96","n/e"," ","73.58"
"18/05/2026 08:00:00 - 18/05/2026 09:00:00","CTA|IE","101.83","n/e"," ","49.21"
"18/05/2026 09:00:00 - 18/05/2026 10:00:00","CTA|IE","145.65","n/e"," ","48.77"
"18/05/2026 10:00:00 - 18/05/2026 11:00:00","CTA|IE","215.65","n/e"," ","98.54"
"18/05/2026 11:00:00 - 18/05/2026 12:00:00","CTA|IE","320.87","n/e"," ","231.49"
"18/05/2026 12:00:00 - 18/05/2026 13:00:00","CTA|IE","452.70","n/e"," ","404.17"
"18/05/2026 13:00:00 - 18/05/2026 14:00:00","CTA|IE","602.70","n/e"," ","763.16"
"18/05/2026 14:00:00 - 18/05/2026 15:00:00","CTA|IE","760.72","n/e"," ","1173.94"
"18/05/2026 15:00:00 - 18/05/2026 16:00:00","CTA|IE","935.58","n/e"," ","1520.39"
"18/05/2026 16:00:00 - 18/05/2026 17:00:00","CTA|IE","1124.20","n/e"," ","1894.32"
"18/05/2026 17:00:00 - 18/05/2026 18:00:00","CTA|IE","1297.77","n/e"," ","2293.82"
"18/05/2026 18:00:00 - 18/05/2026 19:00:00","CTA|IE","1451.27","n/e"," ","2565.72"
"18/05/2026 19:00:00 - 18/05/2026 20:00:00","CTA|IE","1613.08","n/e"," ","2595.92"
"18/05/2026 20:00:00 - 18/05/2026 21:00:00","CTA|IE","1775.82","n/e"," ","2369.82"
"18/05/2026 21:00:00 - 18/05/2026 22:00:00","CTA|IE","1946.64","n/e"," ","2141.09"
"18/05/2026 22:00:00 - 18/05/2026 23:00:00","CTA|IE","2079.56","n/e"," ","1920.20"
"18/05/2026 23:00:00 - 19/05/2026 00:00:00","CTA|IE","2191.18","n/e"," ","1851.03"
"19/05/2026 00:00:00 - 19/05/2026 01:00:00","CTA|IE","2222.28","n/e"," ","1841.64"
"19/05/2026 01:00:00 - 19/05/2026 02:00:00","CTA|IE","2521.26","n/e"," ","1650.60"
"19/05/2026 02:00:00 - 19/05/2026 03:00:00","CTA|IE","2381.56","n/e"," ","1686.73"
"19/05/2026 03:00:00 - 19/05/2026 04:00:00","CTA|IE","2209.61","n/e"," ","1640.42"
"19/05/2026 04:00:00 - 19/05/2026 05:00:00","CTA|IE","1985.25","n/e"," ","1600.82"
"19/05/2026 05:00:00 - 19/05/2026 06:00:00","CTA|IE","1746.62","n/e"," ","1540.32"
"19/05/2026 06:00:00 - 19/05/2026 07:00:00","CTA|IE","1588.72","n/e"," ","1759.16"
"19/05/2026 07:00:00 - 19/05/2026 08:00:00","CTA|IE","1571.05","n/e"," ","1698.52"
"19/05/2026 08:00:00 - 19/05/2026 09:00:00","CTA|IE","1653.13","n/e"," ","1793.42"
"19/05/2026 09:00:00 - 19/05/2026 10:00:00","CTA|IE","1753.74","n/e"," ","1624.32"
"19/05/2026 10:00:00 - 19/05/2026 11:00:00","CTA|IE","1874.48","n/e"," ","1606.06"
"19/05/2026 11:00:00 - 19/05/2026 12:00:00","CTA|IE","2043.17","n/e"," ","1652.93"
"19/05/2026 12:00:00 - 19/05/2026 13:00:00","CTA|IE","2245.64","n/e"," ","1867.24"
"19/05/2026 13:00:00 - 19/05/2026 14:00:00","CTA|IE","2479.96","n/e"," ","1904.28"
"19/05/2026 14:00:00 - 19/05/2026 15:00:00","CTA|IE","2650.75","n/e"," ","2013.60"
"19/05/2026 15:00:00 - 19/05/2026 16:00:00","CTA|IE","2773.91","n/e"," ","2104.45"
"19/05/2026 16:00:00 - 19/05/2026 17:00:00","CTA|IE","2817.55","n/e"," ","2129.49"
"19/05/2026 17:00:00 - 19/05/2026 18:00:00","CTA|IE","2811.89","n/e"," ","2023.63"
"19/05/2026 18:00:00 - 19/05/2026 19:00:00","CTA|IE","2759.59","n/e"," ","1971.02"
"19/05/2026 19:00:00 - 19/05/2026 20:00:00","CTA|IE","2695.73","n/e"," ","1920.67"
"19/05/2026 20:00:00 - 19/05/2026 21:00:00","CTA|IE","2606.63","n/e"," ","1733.75"
"19/05/2026 21:00:00 - 19/05/2026 22:00:00","CTA|IE","2546.02","n/e"," ","1782.35"
"19/05/2026 22:00:00 - 19/05/2026 23:00:00","CTA|IE","2507.79","n/e"," ","2034.17"
"19/05/2026 23:00:00 - 20/05/2026 00:00:00","CTA|IE","2481.08","n/e"," ","1980.86"
"20/05/2026 00:00:00 - 20/05/2026 01:00:00","CTA|IE","2442.60","n/e"," ","1862.85"
"20/05/2026 01:00:00 - 20/05/2026 02:00:00","CTA|IE","2363.12","n/e"," ","1964.48"
"20/05/2026 02:00:00 - 20/05/2026 03:00:00","CTA|IE","2311.47","n/e"," ","1959.13"
"20/05/2026 03:00:00 - 20/05/2026 04:00:00","CTA|IE","2328.35","n/e"," ","2018.31"
"20/05/2026 04:00:00 - 20/05/2026 05:00:00","CTA|IE","2343.42","n/e"," ","1911.21"
"20/05/2026 05:00:00 - 20/05/2026 06:00:00","CTA|IE","2325.32","n/e"," ","2018.88"
"20/05/2026 06:00:00 - 20/05/2026 07:00:00","CTA|IE","2291.25","n/e"," ","1993.75"
"20/05/2026 07:00:00 - 20/05/2026 08:00:00","CTA|IE","2290.46","n/e"," ","2023.07"
"20/05/2026 08:00:00 - 20/05/2026 09:00:00","CTA|IE","2347.87","n/e"," ","1907.83"
"20/05/2026 09:00:00 - 20/05/2026 10:00:00","CTA|IE","2459.91","n/e"," ","1708.27"
"20/05/2026 10:00:00 - 20/05/2026 11:00:00","CTA|IE","2571.72","n/e"," ","1698.87"
"20/05/2026 11:00:00 - 20/05/2026 12:00:00","CTA|IE","2713.43","n/e"," ","1568.79"
"20/05/2026 12:00:00 - 20/05/2026 13:00:00","CTA|IE","2785.55","n/e"," ","1441.93"
"20/05/2026 13:00:00 - 20/05/2026 14:00:00","CTA|IE","2758.97","n/e"," ","1406.57"
"20/05/2026 14:00:00 - 20/05/2026 15:00:00","CTA|IE","2680.15","n/e"," ","1479.40"
"20/05/2026 15:00:00 - 20/05/2026 16:00:00","CTA|IE","2587.46","n/e"," ","1530.83"
"20/05/2026 16:00:00 - 20/05/2026 17:00:00","CTA|IE","2478.46","n/e"," ","1467.69"
"20/05/2026 17:00:00 - 20/05/2026 18:00:00","CTA|IE","2362.70","n/e"," ","1475.54"
"20/05/2026 18:00:00 - 20/05/2026 19:00:00","CTA|IE","2246.64","n/e"," ","1519.58"
"20/05/2026 19:00:00 - 20/05/2026 20:00:00","CTA|IE","2122.96","n/e"," ","1447.69"
"20/05/2026 20:00:00 - 20/05/2026 21:00:00","CTA|IE","1939.77","n/e"," ","1271.82"
"20/05/2026 21:00:00 - 20/05/2026 22:00:00","CTA|IE","1792.48","n/e"," ","1194.77"
"20/05/2026 22:00:00 - 20/05/2026 23:00:00","CTA|IE","1802.47","n/e"," ","1278.72"
"20/05/2026 23:00:00 - 21/05/2026 00:00:00","CTA|IE","1968.53","n/e"," ","1513.30"
"21/05/2026 00:00:00 - 21/05/2026 01:00:00","CTA|IE","2167.41","n/e"," ","1706.59"
"21/05/2026 01:00:00 - 21/05/2026 02:00:00","CTA|IE","2167.86","n/e"," ","1932.15"
"21/05/2026 02:00:00 - 21/05/2026 03:00:00","CTA|IE","2359.47","n/e"," ","1944.55"
"21/05/2026 03:00:00 - 21/05/2026 04:00:00","CTA|IE","2512.98","n/e"," ","1971.70"
"21/05/2026 04:00:00 - 21/05/2026 05:00:00","CTA|IE","2603.98","n/e"," ","2075.25"
"21/05/2026 05:00:00 - 21/05/2026 06:00:00","CTA|IE","2647.35","n/e"," ","1894.29"
"21/05/2026 06:00:00 - 21/05/2026 07:00:00","CTA|IE","2654.52","n/e"," ","1948.24"
"21/05/2026 07:00:00 - 21/05/2026 08:00:00","CTA|IE","2649.54","n/e"," ","1956.45"
"21/05/2026 08:00:00 - 21/05/2026 09:00:00","CTA|IE","2611.35","n/e"," ","1797.88"
"21/05/2026 09:00:00 - 21/05/2026 10:00:00","CTA|IE","2517.20","n/e"," ","1731.36"
"21/05/2026 10:00:00 - 21/05/2026 11:00:00","CTA|IE","2364.00","n/e"," ","1656.55"
"21/05/2026 11:00:00 - 21/05/2026 12:00:00","CTA|IE","2257.72","n/e"," ","1770.76"
"21/05/2026 12:00:00 - 21/05/2026 13:00:00","CTA|IE","2163.55","n/e"," ","1826.85"
"21/05/2026 13:00:00 - 21/05/2026 14:00:00","CTA|IE","2088.67","n/e"," ","1624.20"
"21/05/2026 14:00:00 - 21/05/2026 15:00:00","CTA|IE","2035.68","n/e"," ","1613.67"
"21/05/2026 15:00:00 - 21/05/2026 16:00:00","CTA|IE","2003.32","n/e"," ","1406.43"
"21/05/2026 16:00:00 - 21/05/2026 17:00:00","CTA|IE","1964.28","n/e"," ","1424.48"
"21/05/2026 17:00:00 - 21/05/2026 18:00:00","CTA|IE","1913.57","n/e"," ","1573.34"
"21/05/2026 18:00:00 - 21/05/2026 19:00:00","CTA|IE","1875.28","n/e"," ","1643.10"
"21/05/2026 19:00:00 - 21/05/2026 20:00:00","CTA|IE","1869.90","n/e"," ","1702.92"
"21/05/2026 20:00:00 - 21/05/2026 21:00:00","CTA|IE","1879.92","n/e"," ","1818.66"
"21/05/2026 21:00:00 - 21/05/2026 22:00:00","CTA|IE","1928.11","n/e"," ","1967.54"
"21/05/2026 22:00:00 - 21/05/2026 23:00:00","CTA|IE","1971.62","n/e"," ","2139.03"
"21/05/2026 23:00:00 - 22/05/2026 00:00:00","CTA|IE","2021.21","n/e"," ","2115.60"
"22/05/2026 00:00:00 - 22/05/2026 01:00:00","CTA|IE","2027.84","n/e"," ","1971.78"
"22/05/2026 01:00:00 - 22/05/2026 02:00:00","CTA|IE","2263.37","n/e"," ","1923.09"
"22/05/2026 02:00:00 - 22/05/2026 03:00:00","CTA|IE","2074.36","n/e"," ","1658.26"
"22/05/2026 03:00:00 - 22/05/2026 04:00:00","CTA|IE","1872.01","n/e"," ","1628.47"
"22/05/2026 04:00:00 - 22/05/2026 05:00:00","CTA|IE","1647.69","n/e"," ","1563.61"
"22/05/2026 05:00:00 - 22/05/2026 06:00:00","CTA|IE","1422.45","n/e"," ","1549.63"
"22/05/2026 06:00:00 - 22/05/2026 07:00:00","CTA|IE","1258.66","n/e"," ","1430.52"
"22/05/2026 07:00:00 - 22/05/2026 08:00:00","CTA|IE","1174.61","n/e"," ","1412.38"
"22/05/2026 08:00:00 - 22/05/2026 09:00:00","CTA|IE","1137.55","n/e"," ","1276.71"
"22/05/2026 09:00:00 - 22/05/2026 10:00:00","CTA|IE","1123.26","n/e"," ","1158.74"
"22/05/2026 10:00:00 - 22/05/2026 11:00:00","CTA|IE","1183.05","n/e"," ","1110.17"
"22/05/2026 11:00:00 - 22/05/2026 12:00:00","CTA|IE","1341.50","n/e"," ","1110.51"
"22/05/2026 12:00:00 - 22/05/2026 13:00:00","CTA|IE","1517.15","n/e"," ","1059.93"
"22/05/2026 13:00:00 - 22/05/2026 14:00:00","CTA|IE","1672.03","n/e"," ","1111.86"
"22/05/2026 14:00:00 - 22/05/2026 15:00:00","CTA|IE","1750.09","n/e"," ","1173.40"
"22/05/2026 15:00:00 - 22/05/2026 16:00:00","CTA|IE","1760.92","n/e"," ","1281.10"
"22/05/2026 16:00:00 - 22/05/2026 17:00:00","CTA|IE","1718.32","n/e"," ","1665.86"
"22/05/2026 17:00:00 - 22/05/2026 18:00:00","CTA|IE","1658.50","n/e"," ","1902.35"
"22/05/2026 18:00:00 - 22/05/2026 19:00:00","CTA|IE","1598.25","n/e"," ","1724.90"
"22/05/2026 19:00:00 - 22/05/2026 20:00:00","CTA|IE","1523.58","n/e"," ","1742.01"
"22/05/2026 20:00:00 - 22/05/2026 21:00:00","CTA|IE","1393.06","n/e"," ","1614.24"
"22/05/2026 21:00:00 - 22/05/2026 22:00:00","CTA|IE","1227.85","n/e"," ","1451.65"
"22/05/2026 22:00:00 - 22/05/2026 23:00:00","CTA|IE","1073.80","n/e"," ","1308.07"
"22/05/2026 23:00:00 - 23/05/2026 00:00:00","CTA|IE","969.12","n/e"," ","1178.51"
"23/05/2026 00:00:00 - 23/05/2026 01:00:00","CTA|IE","900.30","n/e"," ","1063.34"
"23/05/2026 01:00:00 - 23/05/2026 02:00:00","CTA|IE","967.33","n/e"," ","992.97"
"23/05/2026 02:00:00 - 23/05/2026 03:00:00","CTA|IE","903.28","n/e"," ","1024.78"
"23/05/2026 03:00:00 - 23/05/2026 04:00:00","CTA|IE","840.71","n/e"," ","1023.43"
"23/05/2026 04:00:00 - 23/05/2026 05:00:00","CTA|IE","789.56","n/e"," ","986.37"
"23/05/2026 05:00:00 - 23/05/2026 06:00:00","CTA|IE","747.06","n/e"," ","996.27"
"23/05/2026 06:00:00 - 23/05/2026 07:00:00","CTA|IE","710.92","n/e"," ","962.72"
"23/05/2026 07:00:00 - 23/05/2026 08:00:00","CTA|IE","700.24","n/e"," ","1047.50"
"23/05/2026 08:00:00 - 23/05/2026 09:00:00","CTA|IE","707.82","n/e"," ","1009.91"
"23/05/2026 09:00:00 - 23/05/2026 10:00:00","CTA|IE","705.92","n/e"," ","956.90"
"23/05/2026 10:00:00 - 23/05/2026 11:00:00","CTA|IE","713.97","n/e"," ","1080.13"
"23/05/2026 11:00:00 - 23/05/2026 12:00:00","CTA|IE","742.57","n/e"," ","1110.35"
"23/05/2026 12:00:00 - 23/05/2026 13:00:00","CTA|IE","765.90","n/e"," ","1081.41"
"23/05/2026 13:00:00 - 23/05/2026 14:00:00","CTA|IE","785.06","n/e"," ","1028.54"
"23/05/2026 14:00:00 - 23/05/2026 15:00:00","CTA|IE","803.28","n/e"," ","1094.50"
"23/05/2026 15:00:00 - 23/05/2026 16:00:00","CTA|IE","794.29","n/e"," ","1095.65"
"23/05/2026 16:00:00 - 23/05/2026 17:00:00","CTA|IE","739.31","n/e"," ","1086.99"
"23/05/2026 17:00:00 - 23/05/2026 18:00:00","CTA|IE","644.59","n/e"," ","1230.34"
"23/05/2026 18:00:00 - 23/05/2026 19:00:00","CTA|IE","542.89","n/e"," ","1390.30"
"23/05/2026 19:00:00 - 23/05/2026 20:00:00","CTA|IE","457.50","n/e"," ","1329.48"
"23/05/2026 20:00:00 - 23/05/2026 21:00:00","CTA|IE","382.15","n/e"," ","1184.03"
"23/05/2026 21:00:00 - 23/05/2026 22:00:00","CTA|IE","316.72","n/e"," ","1062.81"
"23/05/2026 22:00:00 - 23/05/2026 23:00:00","CTA|IE","275.89","n/e"," ","1074.08"
"23/05/2026 23:00:00 - 24/05/2026 00:00:00","CTA|IE","270.00","n/e"," ","1084.12"
"24/05/2026 00:00:00 - 24/05/2026 01:00:00","CTA|IE","280.15","n/e"," ","1156.11"
"24/05/2026 01:00:00 - 24/05/2026 02:00:00","CTA|IE","696.49","n/e"," ","1026.12"
"24/05/2026 02:00:00 - 24/05/2026 03:00:00","CTA|IE","686.34","n/e"," ","896.70"
"24/05/2026 03:00:00 - 24/05/2026 04:00:00","CTA|IE","667.64","n/e"," ","834.55"
"24/05/2026 04:00:00 - 24/05/2026 05:00:00","CTA|IE","633.47","n/e"," ","727.02"
"24/05/2026 05:00:00 - 24/05/2026 06:00:00","CTA|IE","583.95","n/e"," ","658.91"
"24/05/2026 06:00:00 - 24/05/2026 07:00:00","CTA|IE","535.12","n/e"," ","582.36"
"24/05/2026 07:00:00 - 24/05/2026 08:00:00","CTA|IE","495.52","n/e"," ","563.16"
"24/05/2026 08:00:00 - 24/05/2026 09:00:00","CTA|IE","455.47","n/e"," ","503.05"
"24/05/2026 09:00:00 - 24/05/2026 10:00:00","CTA|IE","404.09","n/e"," ","479.42"
"24/05/2026 10:00:00 - 24/05/2026 11:00:00","CTA|IE","386.52","n/e"," ","476.97"
"24/05/2026 11:00:00 - 24/05/2026 12:00:00","CTA|IE","432.26","n/e"," ","547.77"
"24/05/2026 12:00:00 - 24/05/2026 13:00:00","CTA|IE","515.12","n/e"," ","632.22"
"24/05/2026 13:00:00 - 24/05/2026 14:00:00","CTA|IE","605.41","n/e"," ","623.39"
"24/05/2026 14:00:00 - 24/05/2026 15:00:00","CTA|IE","659.63","n/e"," ","659.26"
"24/05/2026 15:00:00 - 24/05/2026 16:00:00","CTA|IE","679.41","n/e"," ","601.73"
"24/05/2026 16:00:00 - 24/05/2026 17:00:00","CTA|IE","660.38","n/e"," ","533.52"
"24/05/2026 17:00:00 - 24/05/2026 18:00:00","CTA|IE","595.15","n/e"," ","531.31"
"24/05/2026 18:00:00 - 24/05/2026 19:00:00","CTA|IE","514.38","n/e"," ","485.05"
"24/05/2026 19:00:00 - 24/05/2026 20:00:00","CTA|IE","437.58","n/e"," ","373.78"
"24/05/2026 20:00:00 - 24/05/2026 21:00:00","CTA|IE","353.99","n/e"," ","280.60"
"24/05/2026 21:00:00 - 24/05/2026 22:00:00","CTA|IE","276.66","n/e"," ","231.94"
"24/05/2026 22:00:00 - 24/05/2026 23:00:00","CTA|IE","230.11","n/e"," ","274.05"
"24/05/2026 23:00:00 - 25/05/2026 00:00:00","CTA|IE","208.62","n/e"," ","294.89"
"25/05/2026 00:00:00 - 25/05/2026 01:00:00","CTA|IE","200.77","n/e"," ","238.56"
"25/05/2026 01:00:00 - 25/05/2026 02:00:00","CTA|IE","181.96","n/e"," ","270.41"
"25/05/2026 02:00:00 - 25/05/2026 03:00:00","CTA|IE","181.50","n/e"," ","246.88"
"25/05/2026 03:00:00 - 25/05/2026 04:00:00","CTA|IE","184.06","n/e"," ","168.92"
"25/05/2026 04:00:00 - 25/05/2026 05:00:00","CTA|IE","181.44","n/e"," ","140.10"
"25/05/2026 05:00:00 - 25/05/2026 06:00:00","CTA|IE","173.90","n/e"," ","137.10"
"25/05/2026 06:00:00 - 25/05/2026 07:00:00","CTA|IE","161.34","n/e"," ","123.22"
"25/05/2026 07:00:00 - 25/05/2026 08:00:00","CTA|IE","147.78","n/e"," ","72.68"
"25/05/2026 08:00:00 - 25/05/2026 09:00:00","CTA|IE","137.70","n/e"," ","70.88"
"25/05/2026 09:00:00 - 25/05/2026 10:00:00","CTA|IE","123.52","n/e"," ","69.08"
"25/05/2026 10:00:00 - 25/05/2026 11:00:00","CTA|IE","90.66","n/e"," ","96.69"
"25/05/2026 11:00:00 - 25/05/2026 12:00:00","CTA|IE","67.98","n/e"," ","130.85"
"25/05/2026 12:00:00 - 25/05/2026 13:00:00","CTA|IE","67.79","n/e"," ","130.74"
"25/05/2026 13:00:00 - 25/05/2026 14:00:00","CTA|IE","85.63","n/e"," ","126.06"
"25/05/2026 14:00:00 - 25/05/2026 15:00:00","CTA|IE","109.80","n/e"," ","120.38"
"25/05/2026 15:00:00 - 25/05/2026 16:00:00","CTA|IE","141.26","n/e"," ","91.36"
"25/05/2026 16:00:00 - 25/05/2026 17:00:00","CTA|IE","179.31","n/e"," ","117.91"
"25/05/2026 17:00:00 - 25/05/2026 18:00:00","CTA|IE","233.09","n/e"," ","113.53"
"25/05/2026 18:00:00 - 25/05/2026 19:00:00","CTA|IE","292.63","n/e"," ","127.36"
"25/05/2026 19:00:00 - 25/05/2026 20:00:00","CTA|IE","365.43","n/e"," ","114.67"
"25/05/2026 20:00:00 - 25/05/2026 21:00:00","CTA|IE","455.89","n/e"," ","96.99"
"25/05/2026 21:00:00 - 25/05/2026 22:00:00","CTA|IE","571.65","n/e"," ","96.94"
"25/05/2026 22:00:00 - 25/05/2026 23:00:00","CTA|IE","706.84","n/e"," ","119.56"
"25/05/2026 23:00:00 - 26/05/2026 00:00:00","CTA|IE","844.63","n/e"," ","179.35"
"26/05/2026 00:00:00 - 26/05/2026 01:00:00","CTA|IE","945.15","n/e"," ","237.26"
"26/05/2026 01:00:00 - 26/05/2026 02:00:00","CTA|IE","626.25","n/e"," ","243.10"
"26/05/2026 02:00:00 - 26/05/2026 03:00:00","CTA|IE","663.35","n/e"," ","218.38"
"26/05/2026 03:00:00 - 26/05/2026 04:00:00","CTA|IE","695.33","n/e"," ","213.53"
"26/05/2026 04:00:00 - 26/05/2026 05:00:00","CTA|IE","722.48","n/e"," ","185.32"
"26/05/2026 05:00:00 - 26/05/2026 06:00:00","CTA|IE","754.80","n/e"," ","151.38"
"26/05/2026 06:00:00 - 26/05/2026 07:00:00","CTA|IE","797.12","n/e"," ","120.86"
"26/05/2026 07:00:00 - 26/05/2026 08:00:00","CTA|IE","850.36","n/e"," ","123.31"
"26/05/2026 08:00:00 - 26/05/2026 09:00:00","CTA|IE","862.61","n/e"," ","130.70"
"26/05/2026 09:00:00 - 26/05/2026 10:00:00","CTA|IE","824.81","n/e"," ","96.12"
"26/05/2026 10:00:00 - 26/05/2026 11:00:00","CTA|IE","784.54","n/e"," ","85.49"
"26/05/2026 11:00:00 - 26/05/2026 12:00:00","CTA|IE","821.66","n/e"," ","102.59"
"26/05/2026 12:00:00 - 26/05/2026 13:00:00","CTA|IE","888.57","n/e"," ","124.51"
"26/05/2026 13:00:00 - 26/05/2026 14:00:00","CTA|IE","943.72","n/e"," ","154.81"
"26/05/2026 14:00:00 - 26/05/2026 15:00:00","CTA|IE","968.42","n/e"," ","197.67"
"26/05/2026 15:00:00 - 26/05/2026 16:00:00","CTA|IE","980.88","n/e"," ","210.77"
"26/05/2026 16:00:00 - 26/05/2026 17:00:00","CTA|IE","979.88","n/e"," ","189.06"
"26/05/2026 17:00:00 - 26/05/2026 18:00:00","CTA|IE","998.76","n/e"," ","189.94"
"26/05/2026 18:00:00 - 26/05/2026 19:00:00","CTA|IE","1017.55","n/e"," ","213.34"
"26/05/2026 19:00:00 - 26/05/2026 20:00:00","CTA|IE","1038.01","n/e"," ","246.28"
"26/05/2026 20:00:00 - 26/05/2026 21:00:00","CTA|IE","1067.30","n/e"," ","316.03"
"26/05/2026 21:00:00 - 26/05/2026 22:00:00","CTA|IE","1137.63","n/e"," ","404.41"
"26/05/2026 22:00:00 - 26/05/2026 23:00:00","CTA|IE","1229.23","n/e"," ","522.66"
"26/05/2026 23:00:00 - 27/05/2026 00:00:00","CTA|IE","1363.97","n/e"," ","692.65"
"27/05/2026 00:00:00 - 27/05/2026 01:00:00","CTA|IE","1484.26","n/e"," ","817.61"
"27/05/2026 01:00:00 - 27/05/2026 02:00:00","CTA|IE","1588.40","n/e"," ","873.23"
"27/05/2026 02:00:00 - 27/05/2026 03:00:00","CTA|IE","1624.07","n/e"," ","957.02"
"27/05/2026 03:00:00 - 27/05/2026 04:00:00","CTA|IE","1599.95","n/e"," ","1023.25"
"27/05/2026 04:00:00 - 27/05/2026 05:00:00","CTA|IE","1566.84","n/e"," ","1138.15"
"27/05/2026 05:00:00 - 27/05/2026 06:00:00","CTA|IE","1545.74","n/e"," ","1104.17"
"27/05/2026 06:00:00 - 27/05/2026 07:00:00","CTA|IE","1534.05","n/e"," ","1042.86"
"27/05/2026 07:00:00 - 27/05/2026 08:00:00","CTA|IE","1525.24","n/e"," ","999.83"
"27/05/2026 08:00:00 - 27/05/2026 09:00:00","CTA|IE","1435.96","n/e"," ","1020.68"
"27/05/2026 09:00:00 - 27/05/2026 10:00:00","CTA|IE","1330.02","n/e"," ","853.02"
"27/05/2026 10:00:00 - 27/05/2026 11:00:00","CTA|IE","1250.76","n/e"," ","799.92"
"27/05/2026 11:00:00 - 27/05/2026 12:00:00","CTA|IE","1270.23","n/e"," ","808.20"
"27/05/2026 12:00:00 - 27/05/2026 13:00:00","CTA|IE","1384.09","n/e"," ","865.42"
"27/05/2026 13:00:00 - 27/05/2026 14:00:00","CTA|IE","1582.52","n/e"," ","1022.00"
"27/05/2026 14:00:00 - 27/05/2026 15:00:00","CTA|IE","1733.15","n/e"," ","1129.32"
"27/05/2026 15:00:00 - 27/05/2026 16:00:00","CTA|IE","1823.26","n/e"," ","1175.04"
"27/05/2026 16:00:00 - 27/05/2026 17:00:00","CTA|IE","1853.37","n/e"," ","1229.36"
"27/05/2026 17:00:00 - 27/05/2026 18:00:00","CTA|IE","1866.87","n/e"," ","1414.78"
"27/05/2026 18:00:00 - 27/05/2026 19:00:00","CTA|IE","1849.37","n/e"," ","1639.23"
"27/05/2026 19:00:00 - 27/05/2026 20:00:00","CTA|IE","1793.74","n/e"," ","1616.60"
"27/05/2026 20:00:00 - 27/05/2026 21:00:00","CTA|IE","1659.66","n/e"," ","1595.02"
"27/05/2026 21:00:00 - 27/05/2026 22:00:00","CTA|IE","1502.16","n/e"," ","1526.58"
"27/05/2026 22:00:00 - 27/05/2026 23:00:00","CTA|IE","1357.37","n/e"," ","1564.84"
"27/05/2026 23:00:00 - 28/05/2026 00:00:00","CTA|IE","1304.78","n/e"," ","1846.15"
"28/05/2026 00:00:00 - 28/05/2026 01:00:00","CTA|IE","1261.44","n/e"," ","1662.06"
"28/05/2026 01:00:00 - 28/05/2026 02:00:00","CTA|IE","1106.13","n/e"," ","1492.96"
"28/05/2026 02:00:00 - 28/05/2026 03:00:00","CTA|IE","1100.33","n/e"," ","1448.40"
"28/05/2026 03:00:00 - 28/05/2026 04:00:00","CTA|IE","1118.71","n/e"," ","1242.00"
"28/05/2026 04:00:00 - 28/05/2026 05:00:00","CTA|IE","1099.06","n/e"," ","1373.20"
"28/05/2026 05:00:00 - 28/05/2026 06:00:00","CTA|IE","1031.53","n/e"," ","1256.80"
"28/05/2026 06:00:00 - 28/05/2026 07:00:00","CTA|IE","937.33","n/e"," ","1183.85"
"28/05/2026 07:00:00 - 28/05/2026 08:00:00","CTA|IE","859.47","n/e"," ","1061.31"
"28/05/2026 08:00:00 - 28/05/2026 09:00:00","CTA|IE","777.43","n/e"," ","1043.29"
"28/05/2026 09:00:00 - 28/05/2026 10:00:00","CTA|IE","697.96","n/e"," ","1016.42"
"28/05/2026 10:00:00 - 28/05/2026 11:00:00","CTA|IE","641.71","n/e"," ","1057.22"
"28/05/2026 11:00:00 - 28/05/2026 12:00:00","CTA|IE","647.88","n/e"," ","1339.38"
"28/05/2026 12:00:00 - 28/05/2026 13:00:00","CTA|IE","675.88","n/e"," ","1436.16"
"28/05/2026 13:00:00 - 28/05/2026 14:00:00","CTA|IE","732.99","n/e"," ","1378.37"
"28/05/2026 14:00:00 - 28/05/2026 15:00:00","CTA|IE","828.19","n/e"," ","1334.51"
"28/05/2026 15:00:00 - 28/05/2026 16:00:00","CTA|IE","969.17","n/e"," ","1522.38"
"28/05/2026 16:00:00 - 28/05/2026 17:00:00","CTA|IE","1154.79","n/e"," ","1581.77"
"28/05/2026 17:00:00 - 28/05/2026 18:00:00","CTA|IE","1374.62","n/e"," ","1872.57"
"28/05/2026 18:00:00 - 28/05/2026 19:00:00","CTA|IE","1562.79","n/e"," ","2018.89"
"28/05/2026 19:00:00 - 28/05/2026 20:00:00","CTA|IE","1695.48","n/e"," ","1864.07"
"28/05/2026 20:00:00 - 28/05/2026 21:00:00","CTA|IE","1740.38","n/e"," ","1885.29"
"28/05/2026 21:00:00 - 28/05/2026 22:00:00","CTA|IE","1727.07","n/e"," ","1826.48"
"28/05/2026 22:00:00 - 28/05/2026 23:00:00","CTA|IE","1659.74","n/e"," ","1706.51"
"28/05/2026 23:00:00 - 29/05/2026 00:00:00","CTA|IE","1563.76","n/e"," ","1813.14"
"29/05/2026 00:00:00 - 29/05/2026 01:00:00","CTA|IE","1445.70","n/e"," ","1941.74"
"29/05/2026 01:00:00 - 29/05/2026 02:00:00","CTA|IE","N/A","n/e"," ","1896.18"
"29/05/2026 02:00:00 - 29/05/2026 03:00:00","CTA|IE","N/A","n/e"," ","1880.91"
"29/05/2026 03:00:00 - 29/05/2026 04:00:00","CTA|IE","N/A","n/e"," ","1972.08"
"29/05/2026 04:00:00 - 29/05/2026 05:00:00","CTA|IE","N/A","n/e"," ","2036.36"
"29/05/2026 05:00:00 - 29/05/2026 06:00:00","CTA|IE","N/A","n/e"," ","2056.46"
"29/05/2026 06:00:00 - 29/05/2026 07:00:00","CTA|IE","N/A","n/e"," ","1984.42"
"29/05/2026 07:00:00 - 29/05/2026 08:00:00","CTA|IE","N/A","n/e"," ","1808.39"
"29/05/2026 08:00:00 - 29/05/2026 09:00:00","CTA|IE","N/A","n/e"," ","1680.69"
"29/05/2026 09:00:00 - 29/05/2026 10:00:00","CTA|IE","N/A","n/e"," ","1729.07"
"29/05/2026 10:00:00 - 29/05/2026 11:00:00","CTA|IE","N/A","n/e"," ","1765.70"
"29/05/2026 11:00:00 - 29/05/2026 12:00:00","CTA|IE","N/A","n/e"," ","1664.39"
"29/05/2026 12:00:00 - 29/05/2026 13:00:00","CTA|IE","N/A","n/e"," ","1452.95"
"29/05/2026 13:00:00 - 29/05/2026 14:00:00","CTA|IE","N/A","n/e"," ","1354.16"
"29/05/2026 14:00:00 - 29/05/2026 15:00:00","CTA|IE","N/A","n/e"," ","1215.50"
"29/05/2026 15:00:00 - 29/05/2026 16:00:00","CTA|IE","N/A","n/e"," ","1135.41"
"29/05/2026 16:00:00 - 29/05/2026 17:00:00","CTA|IE","N/A","n/e"," ","1113.75"
"29/05/2026 17:00:00 - 29/05/2026 18:00:00","CTA|IE","N/A","n/e"," ","1194.36"
"29/05/2026 18:00:00 - 29/05/2026 19:00:00","CTA|IE","N/A","n/e"," ","1310.43"
"29/05/2026 19:00:00 - 29/05/2026 20:00:00","CTA|IE","N/A","n/e"," ","1218.61"
"29/05/2026 20:00:00 - 29/05/2026 21:00:00","CTA|IE","N/A","n/e"," ","1023.34"
"29/05/2026 21:00:00 - 29/05/2026 22:00:00","CTA|IE","N/A","n/e"," ","731.18"
"29/05/2026 22:00:00 - 29/05/2026 23:00:00","CTA|IE","N/A","n/e"," ","585.43"
"29/05/2026 23:00:00 - 30/05/2026 00:00:00","CTA|IE","N/A","n/e"," ","594.46"
"30/05/2026 00:00:00 - 30/05/2026 01:00:00","CTA|IE","N/A","n/e"," ","776.73"
"30/05/2026 01:00:00 - 30/05/2026 02:00:00","CTA|IE","648.71","n/e"," ","859.47"
"30/05/2026 02:00:00 - 30/05/2026 03:00:00","CTA|IE","670.30","n/e"," ","916.07"
"30/05/2026 03:00:00 - 30/05/2026 04:00:00","CTA|IE","726.50","n/e"," ","820.11"
"30/05/2026 04:00:00 - 30/05/2026 05:00:00","CTA|IE","795.58","n/e"," ","984.44"
"30/05/2026 05:00:00 - 30/05/2026 06:00:00","CTA|IE","857.34","n/e"," ","1136.08"
"30/05/2026 06:00:00 - 30/05/2026 07:00:00","CTA|IE","912.63","n/e"," ","1277.73"
"30/05/2026 07:00:00 - 30/05/2026 08:00:00","CTA|IE","971.99","n/e"," ","1365.84"
"30/05/2026 08:00:00 - 30/05/2026 09:00:00","CTA|IE","1023.08","n/e"," ","1395.77"
"30/05/2026 09:00:00 - 30/05/2026 10:00:00","CTA|IE","1060.12","n/e"," ","1491.05"
"30/05/2026 10:00:00 - 30/05/2026 11:00:00","CTA|IE","1114.14","n/e"," ","1557.61"
"30/05/2026 11:00:00 - 30/05/2026 12:00:00","CTA|IE","1228.34","n/e"," ","1539.05"
"30/05/2026 12:00:00 - 30/05/2026 13:00:00","CTA|IE","1344.60","n/e"," ","1611.93"
"30/05/2026 13:00:00 - 30/05/2026 14:00:00","CTA|IE","1460.30","n/e"," ","1697.36"
"30/05/2026 14:00:00 - 30/05/2026 15:00:00","CTA|IE","1567.52","n/e"," ","1666.97"
"30/05/2026 15:00:00 - 30/05/2026 16:00:00","CTA|IE","1630.26","n/e"," ","1472.46"
"30/05/2026 16:00:00 - 30/05/2026 17:00:00","CTA|IE","1638.47","n/e"," ","1518.46"
"30/05/2026 17:00:00 - 30/05/2026 18:00:00","CTA|IE","1596.38","n/e"," ","1509.98"
"30/05/2026 18:00:00 - 30/05/2026 19:00:00","CTA|IE","1528.78","n/e"," ","1503.69"
"30/05/2026 19:00:00 - 30/05/2026 20:00:00","CTA|IE","1461.54","n/e"," ","1474.10"
"30/05/2026 20:00:00 - 30/05/2026 21:00:00","CTA|IE","1358.53","n/e"," ","1325.06"
"30/05/2026 21:00:00 - 30/05/2026 22:00:00","CTA|IE","1239.79","n/e"," ","1191.66"
"30/05/2026 22:00:00 - 30/05/2026 23:00:00","CTA|IE","1137.02","n/e"," ","1112.52"
"30/05/2026 23:00:00 - 31/05/2026 00:00:00","CTA|IE","1085.35","n/e"," ","1257.63"
"31/05/2026 00:00:00 - 31/05/2026 01:00:00","CTA|IE","1067.01","n/e"," ","1168.61"
"31/05/2026 01:00:00 - 31/05/2026 02:00:00","CTA|IE","1340.03","n/e"," ","1222.36"
"31/05/2026 02:00:00 - 31/05/2026 03:00:00","CTA|IE","1294.56","n/e"," ","1196.29"
"31/05/2026 03:00:00 - 31/05/2026 04:00:00","CTA|IE","1253.26","n/e"," ","1117.55"
"31/05/2026 04:00:00 - 31/05/2026 05:00:00","CTA|IE","1211.31","n/e"," ","1084.76"
"31/05/2026 05:00:00 - 31/05/2026 06:00:00","CTA|IE","1126.23","n/e"," ","1140.47"
"31/05/2026 06:00:00 - 31/05/2026 07:00:00","CTA|IE","1036.21","n/e"," ","934.21"
"31/05/2026 07:00:00 - 31/05/2026 08:00:00","CTA|IE","947.70","n/e"," ","820.77"
"31/05/2026 08:00:00 - 31/05/2026 09:00:00","CTA|IE","892.22","n/e"," ","690.26"
"31/05/2026 09:00:00 - 31/05/2026 10:00:00","CTA|IE","891.21","n/e"," ","745.88"
"31/05/2026 10:00:00 - 31/05/2026 11:00:00","CTA|IE","935.84","n/e"," ","830.76"
"31/05/2026 11:00:00 - 31/05/2026 12:00:00","CTA|IE","1001.01","n/e"," ","862.87"
"31/05/2026 12:00:00 - 31/05/2026 13:00:00","CTA|IE","1050.66","n/e"," ","872.92"
"31/05/2026 13:00:00 - 31/05/2026 14:00:00","CTA|IE","1096.91","n/e"," ","912.28"
"31/05/2026 14:00:00 - 31/05/2026 15:00:00","CTA|IE","1144.91","n/e"," ","1177.50"
"31/05/2026 15:00:00 - 31/05/2026 16:00:00","CTA|IE","1232.18","n/e"," ","1175.70"
"31/05/2026 16:00:00 - 31/05/2026 17:00:00","CTA|IE","1298.41","n/e"," ","1154.23"
"31/05/2026 17:00:00 - 31/05/2026 18:00:00","CTA|IE","1272.07","n/e"," ","1108.10"
"31/05/2026 18:00:00 - 31/05/2026 19:00:00","CTA|IE","1169.68","n/e"," ","1218.63"
"31/05/2026 19:00:00 - 31/05/2026 20:00:00","CTA|IE","1057.11","n/e"," ","1223.69"
"31/05/2026 20:00:00 - 31/05/2026 21:00:00","CTA|IE","933.67","n/e"," ","1111.62"
"31/05/2026 21:00:00 - 31/05/2026 22:00:00","CTA|IE","815.98","n/e"," ","1213.85"
"31/05/2026 22:00:00 - 31/05/2026 23:00:00","CTA|IE","721.72","n/e"," ","1455.28"
"31/05/2026 23:00:00 - 01/06/2026 00:00:00","CTA|IE","699.10","n/e"," ","1576.19"
"01/06/2026 00:00:00 - 01/06/2026 01:00:00","CTA|IE","735.15","n/e"," ","1733.24"
"01/06/2026 01:00:00 - 01/06/2026 02:00:00","CTA|IE","1017.23","n/e"," ","1756.08"
"01/06/2026 02:00:00 - 01/06/2026 03:00:00","CTA|IE","1039.51","n/e"," ","1770.71"
"01/06/2026 03:00:00 - 01/06/2026 04:00:00","CTA|IE","1029.61","n/e"," ","1556.67"
"01/06/2026 04:00:00 - 01/06/2026 05:00:00","CTA|IE","997.19","n/e"," ","1497.20"
"01/06/2026 05:00:00 - 01/06/2026 06:00:00","CTA|IE","946.80","n/e"," ","1560.81"
"01/06/2026 06:00:00 - 01/06/2026 07:00:00","CTA|IE","900.31","n/e"," ","1496.85"
"01/06/2026 07:00:00 - 01/06/2026 08:00:00","CTA|IE","898.64","n/e"," ","1298.14"
"01/06/2026 08:00:00 - 01/06/2026 09:00:00","CTA|IE","927.67","n/e"," ","1239.93"
"01/06/2026 09:00:00 - 01/06/2026 10:00:00","CTA|IE","961.93","n/e"," ","1220.20"
"01/06/2026 10:00:00 - 01/06/2026 11:00:00","CTA|IE","1025.16","n/e"," ","1305.81"
"01/06/2026 11:00:00 - 01/06/2026 12:00:00","CTA|IE","1114.09","n/e"," ","1102.70"
"01/06/2026 12:00:00 - 01/06/2026 13:00:00","CTA|IE","1163.42","n/e"," ","1383.70"
"01/06/2026 13:00:00 - 01/06/2026 14:00:00","CTA|IE","1176.85","n/e"," ","1424.13"
"01/06/2026 14:00:00 - 01/06/2026 15:00:00","CTA|IE","1174.70","n/e"," ","1488.72"
"01/06/2026 15:00:00 - 01/06/2026 16:00:00","CTA|IE","1190.86","n/e"," ","1500.91"
"01/06/2026 16:00:00 - 01/06/2026 17:00:00","CTA|IE","1191.00","n/e"," ","1557.29"
"01/06/2026 17:00:00 - 01/06/2026 18:00:00","CTA|IE","1150.53","n/e"," ","1392.77"
"01/06/2026 18:00:00 - 01/06/2026 19:00:00","CTA|IE","1128.86","n/e"," ","1312.32"
"01/06/2026 19:00:00 - 01/06/2026 20:00:00","CTA|IE","1126.51","n/e"," ","1084.70"
"01/06/2026 20:00:00 - 01/06/2026 21:00:00","CTA|IE","1093.26","n/e"," ","832.37"
"01/06/2026 21:00:00 - 01/06/2026 22:00:00","CTA|IE","1068.03","n/e"," ","647.29"
"01/06/2026 22:00:00 - 01/06/2026 23:00:00","CTA|IE","1042.00","n/e"," ","610.10"
"01/06/2026 23:00:00 - 02/06/2026 00:00:00","CTA|IE","1028.88","n/e"," ","621.95"
"02/06/2026 00:00:00 - 02/06/2026 01:00:00","CTA|IE","1021.82","n/e"," ","546.58"
"02/06/2026 01:00:00 - 02/06/2026 02:00:00","CTA|IE","872.93","n/e"," ","500.59"
"02/06/2026 02:00:00 - 02/06/2026 03:00:00","CTA|IE","820.96","n/e"," ","576.88"
"02/06/2026 03:00:00 - 02/06/2026 04:00:00","CTA|IE","801.13","n/e"," ","687.42"
"02/06/2026 04:00:00 - 02/06/2026 05:00:00","CTA|IE","809.45","n/e"," ","739.09"
"02/06/2026 05:00:00 - 02/06/2026 06:00:00","CTA|IE","838.20","n/e"," ","834.48"
"02/06/2026 06:00:00 - 02/06/2026 07:00:00","CTA|IE","864.15","n/e"," ","832.02"
"02/06/2026 07:00:00 - 02/06/2026 08:00:00","CTA|IE","889.13","n/e"," ","768.99"
"02/06/2026 08:00:00 - 02/06/2026 09:00:00","CTA|IE","960.15","n/e"," ","1019.44"
"02/06/2026 09:00:00 - 02/06/2026 10:00:00","CTA|IE","1023.94","n/e"," ","1375.13"
"02/06/2026 10:00:00 - 02/06/2026 11:00:00","CTA|IE","1209.71","n/e"," ","1281.42"
"02/06/2026 11:00:00 - 02/06/2026 12:00:00","CTA|IE","1446.83","n/e"," ","1230.41"
"02/06/2026 12:00:00 - 02/06/2026 13:00:00","CTA|IE","1684.00","n/e"," ","1380.88"
"02/06/2026 13:00:00 - 02/06/2026 14:00:00","CTA|IE","1919.38","n/e"," ","1544.23"
"02/06/2026 14:00:00 - 02/06/2026 15:00:00","CTA|IE","2140.66","n/e"," ","1711.57"
"02/06/2026 15:00:00 - 02/06/2026 16:00:00","CTA|IE","2343.85","n/e"," ","1957.60"
"02/06/2026 16:00:00 - 02/06/2026 17:00:00","CTA|IE","2479.97","n/e"," ","2017.50"
"02/06/2026 17:00:00 - 02/06/2026 18:00:00","CTA|IE","2532.71","n/e"," ","2003.62"
"02/06/2026 18:00:00 - 02/06/2026 19:00:00","CTA|IE","2499.02","n/e"," ","1949.11"
"02/06/2026 19:00:00 - 02/06/2026 20:00:00","CTA|IE","2412.08","n/e"," ","1792.76"
"02/06/2026 20:00:00 - 02/06/2026 21:00:00","CTA|IE","2246.94","n/e"," ","1474.21"
"02/06/2026 21:00:00 - 02/06/2026 22:00:00","CTA|IE","2002.21","n/e"," ","1114.17"
"02/06/2026 22:00:00 - 02/06/2026 23:00:00","CTA|IE","1703.16","n/e"," ","795.48"
"02/06/2026 23:00:00 - 03/06/2026 00:00:00","CTA|IE","1486.63","n/e"," ","692.57"
"03/06/2026 00:00:00 - 03/06/2026 01:00:00","CTA|IE","1360.08","n/e"," ","644.56"
"03/06/2026 01:00:00 - 03/06/2026 02:00:00","CTA|IE","1122.99","n/e"," ","724.70"
"03/06/2026 02:00:00 - 03/06/2026 03:00:00","CTA|IE","1178.70","n/e"," ","1066.36"
"03/06/2026 03:00:00 - 03/06/2026 04:00:00","CTA|IE","1288.85","n/e"," ","1398.55"
"03/06/2026 04:00:00 - 03/06/2026 05:00:00","CTA|IE","1484.37","n/e"," ","1726.93"
"03/06/2026 05:00:00 - 03/06/2026 06:00:00","CTA|IE","1766.44","n/e"," ","1985.25"
"03/06/2026 06:00:00 - 03/06/2026 07:00:00","CTA|IE","2066.71","n/e"," ","1960.36"
"03/06/2026 07:00:00 - 03/06/2026 08:00:00","CTA|IE","2353.02","n/e"," ","2169.87"
"03/06/2026 08:00:00 - 03/06/2026 09:00:00","CTA|IE","2570.40","n/e"," ","2200.55"
"03/06/2026 09:00:00 - 03/06/2026 10:00:00","CTA|IE","2662.04","n/e"," ","2159.63"
"03/06/2026 10:00:00 - 03/06/2026 11:00:00","CTA|IE","2704.79","n/e"," ","2201.82"
"03/06/2026 11:00:00 - 03/06/2026 12:00:00","CTA|IE","2768.32","n/e"," ","2160.50"
"03/06/2026 12:00:00 - 03/06/2026 13:00:00","CTA|IE","2880.87","n/e"," ","2185.94"
"03/06/2026 13:00:00 - 03/06/2026 14:00:00","CTA|IE","3018.52","n/e"," ","2200.54"
"03/06/2026 14:00:00 - 03/06/2026 15:00:00","CTA|IE","3143.97","n/e"," ","2247.91"
"03/06/2026 15:00:00 - 03/06/2026 16:00:00","CTA|IE","3241.20","n/e"," ","2290.27"
"03/06/2026 16:00:00 - 03/06/2026 17:00:00","CTA|IE","3256.02","n/e"," ","2224.72"
"03/06/2026 17:00:00 - 03/06/2026 18:00:00","CTA|IE","3228.42","n/e"," ","2250.34"
"03/06/2026 18:00:00 - 03/06/2026 19:00:00","CTA|IE","3155.76","n/e"," ","2287.06"
"03/06/2026 19:00:00 - 03/06/2026 20:00:00","CTA|IE","3101.41","n/e"," ","2256.20"
"03/06/2026 20:00:00 - 03/06/2026 21:00:00","CTA|IE","3040.44","n/e"," ","2593.30"
"03/06/2026 21:00:00 - 03/06/2026 22:00:00","CTA|IE","2974.90","n/e"," ","2530.69"
"03/06/2026 22:00:00 - 03/06/2026 23:00:00","CTA|IE","2927.62","n/e"," ","2471.87"
"03/06/2026 23:00:00 - 04/06/2026 00:00:00","CTA|IE","2907.74","n/e"," ","2351.39"
"04/06/2026 00:00:00 - 04/06/2026 01:00:00","CTA|IE","2905.09","n/e"," ","2137.86"
"04/06/2026 01:00:00 - 04/06/2026 02:00:00","CTA|IE","2503.04","n/e"," ","1951.71"
"04/06/2026 02:00:00 - 04/06/2026 03:00:00","CTA|IE","2552.30","n/e"," ","1876.30"
"04/06/2026 03:00:00 - 04/06/2026 04:00:00","CTA|IE","2690.69","n/e"," ","1816.74"
"04/06/2026 04:00:00 - 04/06/2026 05:00:00","CTA|IE","2826.37","n/e"," ","1825.89"
"04/06/2026 05:00:00 - 04/06/2026 06:00:00","CTA|IE","2898.83","n/e"," ","1690.47"
"04/06/2026 06:00:00 - 04/06/2026 07:00:00","CTA|IE","2900.05","n/e"," ","1682.76"
"04/06/2026 07:00:00 - 04/06/2026 08:00:00","CTA|IE","2881.92","n/e"," ","1640.85"
"04/06/2026 08:00:00 - 04/06/2026 09:00:00","CTA|IE","2881.35","n/e"," ","1635.96"
"04/06/2026 09:00:00 - 04/06/2026 10:00:00","CTA|IE","2906.49","n/e"," ","1788.57"
"04/06/2026 10:00:00 - 04/06/2026 11:00:00","CTA|IE","2933.99","n/e"," ","1812.45"
"04/06/2026 11:00:00 - 04/06/2026 12:00:00","CTA|IE","2962.38","n/e"," ","1773.95"
"04/06/2026 12:00:00 - 04/06/2026 13:00:00","CTA|IE","2989.57","n/e"," ","1704.87"
"04/06/2026 13:00:00 - 04/06/2026 14:00:00","CTA|IE","3040.02","n/e"," ","1634.56"
"04/06/2026 14:00:00 - 04/06/2026 15:00:00","CTA|IE","3093.27","n/e"," ","1613.92"
"04/06/2026 15:00:00 - 04/06/2026 16:00:00","CTA|IE","3175.30","n/e"," ","1600.19"
"04/06/2026 16:00:00 - 04/06/2026 17:00:00","CTA|IE","3281.80","n/e"," ","1771.78"
"04/06/2026 17:00:00 - 04/06/2026 18:00:00","CTA|IE","3386.01","n/e"," ","2111.75"
"04/06/2026 18:00:00 - 04/06/2026 19:00:00","CTA|IE","3411.56","n/e"," ","2252.99"
"04/06/2026 19:00:00 - 04/06/2026 20:00:00","CTA|IE","3395.67","n/e"," ","2363.94"
"04/06/2026 20:00:00 - 04/06/2026 21:00:00","CTA|IE","3171.02","n/e"," ","2471.45"
"04/06/2026 21:00:00 - 04/06/2026 22:00:00","CTA|IE","2849.25","n/e"," ","2315.02"
"04/06/2026 22:00:00 - 04/06/2026 23:00:00","CTA|IE","2503.48","n/e"," ","2045.66"
"04/06/2026 23:00:00 - 05/06/2026 00:00:00","CTA|IE","2216.63","n/e"," ","1705.91"
"05/06/2026 00:00:00 - 05/06/2026 01:00:00","CTA|IE","1995.50","n/e"," ","1567.19"
"05/06/2026 01:00:00 - 05/06/2026 02:00:00","CTA|IE","1888.47","n/e"," ","1445.71"
"05/06/2026 02:00:00 - 05/06/2026 03:00:00","CTA|IE","1734.51","n/e"," ","1269.20"
"05/06/2026 03:00:00 - 05/06/2026 04:00:00","CTA|IE","1619.85","n/e"," ","1201.42"
"05/06/2026 04:00:00 - 05/06/2026 05:00:00","CTA|IE","1507.99","n/e"," ","1095.97"
"05/06/2026 05:00:00 - 05/06/2026 06:00:00","CTA|IE","1387.71","n/e"," ","1020.11"
"05/06/2026 06:00:00 - 05/06/2026 07:00:00","CTA|IE","1271.98","n/e"," ","1021.46"
"05/06/2026 07:00:00 - 05/06/2026 08:00:00","CTA|IE","1211.05","n/e"," ","915.93"
"05/06/2026 08:00:00 - 05/06/2026 09:00:00","CTA|IE","1184.35","n/e"," ","670.92"
"05/06/2026 09:00:00 - 05/06/2026 10:00:00","CTA|IE","1185.31","n/e"," ","637.20"
"05/06/2026 10:00:00 - 05/06/2026 11:00:00","CTA|IE","1291.48","n/e"," ","791.28"
"05/06/2026 11:00:00 - 05/06/2026 12:00:00","CTA|IE","1466.21","n/e"," ","1024.04"
"05/06/2026 12:00:00 - 05/06/2026 13:00:00","CTA|IE","1653.93","n/e"," ","1157.97"
"05/06/2026 13:00:00 - 05/06/2026 14:00:00","CTA|IE","1900.93","n/e"," ","1296.21"
"05/06/2026 14:00:00 - 05/06/2026 15:00:00","CTA|IE","2186.57","n/e"," ","1318.55"
"05/06/2026 15:00:00 - 05/06/2026 16:00:00","CTA|IE","2478.52","n/e"," ","1421.55"
"05/06/2026 16:00:00 - 05/06/2026 17:00:00","CTA|IE","2729.06","n/e"," ","1640.75"
"05/06/2026 17:00:00 - 05/06/2026 18:00:00","CTA|IE","2962.07","n/e"," ","1760.80"
"05/06/2026 18:00:00 - 05/06/2026 19:00:00","CTA|IE","3213.31","n/e"," ","1910.99"
"05/06/2026 19:00:00 - 05/06/2026 20:00:00","CTA|IE","3570.68","n/e"," ","2104.49"
"05/06/2026 20:00:00 - 05/06/2026 21:00:00","CTA|IE","3751.09","n/e"," ","2239.59"
"05/06/2026 21:00:00 - 05/06/2026 22:00:00","CTA|IE","3833.46","n/e"," ","2251.97"
"05/06/2026 22:00:00 - 05/06/2026 23:00:00","CTA|IE","3840.44","n/e"," ","2322.71"
"05/06/2026 23:00:00 - 06/06/2026 00:00:00","CTA|IE","3793.85","n/e"," ","2407.91"
"06/06/2026 00:00:00 - 06/06/2026 01:00:00","CTA|IE","3641.65","n/e"," ","2503.38"
"06/06/2026 01:00:00 - 06/06/2026 02:00:00","CTA|IE","2832.30","n/e"," ","2374.24"
"06/06/2026 02:00:00 - 06/06/2026 03:00:00","CTA|IE","2493.84","n/e"," ","2120.69"
"06/06/2026 03:00:00 - 06/06/2026 04:00:00","CTA|IE","2283.84","n/e"," ","1786.40"
"06/06/2026 04:00:00 - 06/06/2026 05:00:00","CTA|IE","2192.72","n/e"," ","1836.76"
"06/06/2026 05:00:00 - 06/06/2026 06:00:00","CTA|IE","2211.70","n/e"," ","1644.58"
"06/06/2026 06:00:00 - 06/06/2026 07:00:00","CTA|IE","2325.38","n/e"," ","1484.77"
"06/06/2026 07:00:00 - 06/06/2026 08:00:00","CTA|IE","2515.88","n/e"," ","1453.77"
"06/06/2026 08:00:00 - 06/06/2026 09:00:00","CTA|IE","2723.70","n/e"," ","1306.62"
"06/06/2026 09:00:00 - 06/06/2026 10:00:00","CTA|IE","2923.43","n/e"," ","1243.61"
"06/06/2026 10:00:00 - 06/06/2026 11:00:00","CTA|IE","3088.39","n/e"," ","1310.19"
"06/06/2026 11:00:00 - 06/06/2026 12:00:00","CTA|IE","3189.80","n/e"," ","1187.65"
"06/06/2026 12:00:00 - 06/06/2026 13:00:00","CTA|IE","3222.04","n/e"," ","1167.42"
"06/06/2026 13:00:00 - 06/06/2026 14:00:00","CTA|IE","3191.53","n/e"," ","1324.89"
"06/06/2026 14:00:00 - 06/06/2026 15:00:00","CTA|IE","3085.50","n/e"," ","1448.28"
"06/06/2026 15:00:00 - 06/06/2026 16:00:00","CTA|IE","2914.24","n/e"," ","1553.20"
"06/06/2026 16:00:00 - 06/06/2026 17:00:00","CTA|IE","2671.84","n/e"," ","1818.11"
"06/06/2026 17:00:00 - 06/06/2026 18:00:00","CTA|IE","2393.78","n/e"," ","1799.73"
"06/06/2026 18:00:00 - 06/06/2026 19:00:00","CTA|IE","2123.68","n/e"," ","1683.64"
"06/06/2026 19:00:00 - 06/06/2026 20:00:00","CTA|IE","1959.83","n/e"," ","1512.52"
"06/06/2026 20:00:00 - 06/06/2026 21:00:00","CTA|IE","1893.95","n/e"," ","1366.52"
"06/06/2026 21:00:00 - 06/06/2026 22:00:00","CTA|IE","1931.50","n/e"," ","1371.92"
"06/06/2026 22:00:00 - 06/06/2026 23:00:00","CTA|IE","2063.39","n/e"," ","1591.68"
"06/06/2026 23:00:00 - 07/06/2026 00:00:00","CTA|IE","2279.15","n/e"," ","1775.03"
"07/06/2026 00:00:00 - 07/06/2026 01:00:00","CTA|IE","2486.02","n/e"," ","1666.56"
"07/06/2026 01:00:00 - 07/06/2026 02:00:00","CTA|IE","2553.39","n/e"," ","1670.83"
"07/06/2026 02:00:00 - 07/06/2026 03:00:00","CTA|IE","2551.39","n/e"," ","1820.20"
"07/06/2026 03:00:00 - 07/06/2026 04:00:00","CTA|IE","2545.11","n/e"," ","1897.34"
"07/06/2026 04:00:00 - 07/06/2026 05:00:00","CTA|IE","2535.50","n/e"," ","1861.52"
"07/06/2026 05:00:00 - 07/06/2026 06:00:00","CTA|IE","2499.88","n/e"," ","1866.58"
"07/06/2026 06:00:00 - 07/06/2026 07:00:00","CTA|IE","2453.41","n/e"," ","1919.85"
"07/06/2026 07:00:00 - 07/06/2026 08:00:00","CTA|IE","2465.26","n/e"," ","1764.68"
"07/06/2026 08:00:00 - 07/06/2026 09:00:00","CTA|IE","2539.50","n/e"," ","1655.62"
"07/06/2026 09:00:00 - 07/06/2026 10:00:00","CTA|IE","2665.39","n/e"," ","1594.49"
"07/06/2026 10:00:00 - 07/06/2026 11:00:00","CTA|IE","2808.77","n/e"," ","1584.08"
"07/06/2026 11:00:00 - 07/06/2026 12:00:00","CTA|IE","2977.08","n/e"," ","1755.51"
"07/06/2026 12:00:00 - 07/06/2026 13:00:00","CTA|IE","3115.20","n/e"," ","1543.91"
"07/06/2026 13:00:00 - 07/06/2026 14:00:00","CTA|IE","3178.72","n/e"," ","1354.08"
"07/06/2026 14:00:00 - 07/06/2026 15:00:00","CTA|IE","3175.18","n/e"," ","1268.45"
"07/06/2026 15:00:00 - 07/06/2026 16:00:00","CTA|IE","3100.00","n/e"," ","1161.21"
"07/06/2026 16:00:00 - 07/06/2026 17:00:00","CTA|IE","2946.75","n/e"," ","1108.85"
"07/06/2026 17:00:00 - 07/06/2026 18:00:00","CTA|IE","2698.17","n/e"," ","1204.21"
"07/06/2026 18:00:00 - 07/06/2026 19:00:00","CTA|IE","2392.22","n/e"," ","1307.03"
"07/06/2026 19:00:00 - 07/06/2026 20:00:00","CTA|IE","2075.89","n/e"," ","1465.53"
"07/06/2026 20:00:00 - 07/06/2026 21:00:00","CTA|IE","1773.22","n/e"," ","1294.76"
"07/06/2026 21:00:00 - 07/06/2026 22:00:00","CTA|IE","1515.69","n/e"," ","1328.39"
"07/06/2026 22:00:00 - 07/06/2026 23:00:00","CTA|IE","1313.87","n/e"," ","1189.96"
"07/06/2026 23:00:00 - 08/06/2026 00:00:00","CTA|IE","1160.37","n/e"," ","1114.58"
"08/06/2026 00:00:00 - 08/06/2026 01:00:00","CTA|IE","1028.53","n/e"," ","1027.65"
"08/06/2026 01:00:00 - 08/06/2026 02:00:00","CTA|IE","630.35","n/e"," ","952.29"
"08/06/2026 02:00:00 - 08/06/2026 03:00:00","CTA|IE","597.86","n/e"," ","1005.16"
"08/06/2026 03:00:00 - 08/06/2026 04:00:00","CTA|IE","613.58","n/e"," ","1059.30"
"08/06/2026 04:00:00 - 08/06/2026 05:00:00","CTA|IE","663.47","n/e"," ","1067.15"
"08/06/2026 05:00:00 - 08/06/2026 06:00:00","CTA|IE","705.10","n/e"," ","1038.81"
"08/06/2026 06:00:00 - 08/06/2026 07:00:00","CTA|IE","740.47","n/e"," ","1066.59"
"08/06/2026 07:00:00 - 08/06/2026 08:00:00","CTA|IE","765.29","n/e"," ","974.38"
"08/06/2026 08:00:00 - 08/06/2026 09:00:00","CTA|IE","786.14","n/e"," ","944.33"
"08/06/2026 09:00:00 - 08/06/2026 10:00:00","CTA|IE","836.00","n/e"," ","954.24"
"08/06/2026 10:00:00 - 08/06/2026 11:00:00","CTA|IE","980.92","n/e"," ","1283.04"
"08/06/2026 11:00:00 - 08/06/2026 12:00:00","CTA|IE","1168.59","n/e"," ","1537.58"
"08/06/2026 12:00:00 - 08/06/2026 13:00:00","CTA|IE","1390.36","n/e"," ","1535.75"
"08/06/2026 13:00:00 - 08/06/2026 14:00:00","CTA|IE","1638.07","n/e"," ","1603.16"
"08/06/2026 14:00:00 - 08/06/2026 15:00:00","CTA|IE","1900.60","n/e"," ","1828.91"
"08/06/2026 15:00:00 - 08/06/2026 16:00:00","CTA|IE","2169.78","n/e"," ","1860.66"
"08/06/2026 16:00:00 - 08/06/2026 17:00:00","CTA|IE","2399.55","n/e"," ","1971.13"
"08/06/2026 17:00:00 - 08/06/2026 18:00:00","CTA|IE","2559.66","n/e"," ","1834.20"
"08/06/2026 18:00:00 - 08/06/2026 19:00:00","CTA|IE","2618.39","n/e"," ","1843.02"
"08/06/2026 19:00:00 - 08/06/2026 20:00:00","CTA|IE","2601.72","n/e"," ","1978.70"
"08/06/2026 20:00:00 - 08/06/2026 21:00:00","CTA|IE","2511.13","n/e"," ","2001.80"
"08/06/2026 21:00:00 - 08/06/2026 22:00:00","CTA|IE","2365.87","n/e"," ","1846.40"
"08/06/2026 22:00:00 - 08/06/2026 23:00:00","CTA|IE","2191.78","n/e"," ","1757.85"
"08/06/2026 23:00:00 - 09/06/2026 00:00:00","CTA|IE","2072.27","n/e"," ","1626.20"
"09/06/2026 00:00:00 - 09/06/2026 01:00:00","CTA|IE","2003.23","n/e"," ","1704.05"
"09/06/2026 01:00:00 - 09/06/2026 02:00:00","CTA|IE","2123.86","n/e"," ","1758.63"
"09/06/2026 02:00:00 - 09/06/2026 03:00:00","CTA|IE","2244.99","n/e"," ","1747.95"
"09/06/2026 03:00:00 - 09/06/2026 04:00:00","CTA|IE","2376.48","n/e"," ","1779.19"
"09/06/2026 04:00:00 - 09/06/2026 05:00:00","CTA|IE","2445.33","n/e"," ","1923.91"
"09/06/2026 05:00:00 - 09/06/2026 06:00:00","CTA|IE","2445.99","n/e"," ","2069.70"
"09/06/2026 06:00:00 - 09/06/2026 07:00:00","CTA|IE","2401.06","n/e"," ","2000.27"
"09/06/2026 07:00:00 - 09/06/2026 08:00:00","CTA|IE","2348.15","n/e"," ","1986.77"
"09/06/2026 08:00:00 - 09/06/2026 09:00:00","CTA|IE","2305.29","n/e"," ","1955.15"
"09/06/2026 09:00:00 - 09/06/2026 10:00:00","CTA|IE","2286.04","n/e"," ","2200.88"
"09/06/2026 10:00:00 - 09/06/2026 11:00:00","CTA|IE","2267.34","n/e"," ","2269.99"
"09/06/2026 11:00:00 - 09/06/2026 12:00:00","CTA|IE","2247.39","n/e"," ","2189.94"
"09/06/2026 12:00:00 - 09/06/2026 13:00:00","CTA|IE","2217.60","n/e"," ","2221.72"
"09/06/2026 13:00:00 - 09/06/2026 14:00:00","CTA|IE","2150.76","n/e"," ","2066.18"
"09/06/2026 14:00:00 - 09/06/2026 15:00:00","CTA|IE","2050.32","n/e"," ","2002.95"
"09/06/2026 15:00:00 - 09/06/2026 16:00:00","CTA|IE","1969.74","n/e"," ","1899.18"
"09/06/2026 16:00:00 - 09/06/2026 17:00:00","CTA|IE","1860.55","n/e"," ","1815.39"
"09/06/2026 17:00:00 - 09/06/2026 18:00:00","CTA|IE","1714.30","n/e"," ","1938.26"
"09/06/2026 18:00:00 - 09/06/2026 19:00:00","CTA|IE","1556.86","n/e"," ","1735.47"
"09/06/2026 19:00:00 - 09/06/2026 20:00:00","CTA|IE","1422.45","n/e"," ","1520.86"
"09/06/2026 20:00:00 - 09/06/2026 21:00:00","CTA|IE","1301.80","n/e"," ","1270.84"
"09/06/2026 21:00:00 - 09/06/2026 22:00:00","CTA|IE","1215.59","n/e"," ","1054.47"
"09/06/2026 22:00:00 - 09/06/2026 23:00:00","CTA|IE","1177.12","n/e"," ","831.27"
"09/06/2026 23:00:00 - 10/06/2026 00:00:00","CTA|IE","1219.88","n/e"," ","751.24"
"10/06/2026 00:00:00 - 10/06/2026 01:00:00","CTA|IE","1308.07","n/e"," ","732.02"
"10/06/2026 01:00:00 - 10/06/2026 02:00:00","CTA|IE","836.00","n/e"," ","751.06"
"10/06/2026 02:00:00 - 10/06/2026 03:00:00","CTA|IE","865.57","n/e"," ","741.54"
"10/06/2026 03:00:00 - 10/06/2026 04:00:00","CTA|IE","904.11","n/e"," ","743.21"
"10/06/2026 04:00:00 - 10/06/2026 05:00:00","CTA|IE","915.21","n/e"," ","800.99"
"10/06/2026 05:00:00 - 10/06/2026 06:00:00","CTA|IE","897.09","n/e"," ","827.06"
"10/06/2026 06:00:00 - 10/06/2026 07:00:00","CTA|IE","892.40","n/e"," ","802.01"
"10/06/2026 07:00:00 - 10/06/2026 08:00:00","CTA|IE","907.28","n/e"," ","807.07"
"10/06/2026 08:00:00 - 10/06/2026 09:00:00","CTA|IE","924.29","n/e"," ","722.40"
"10/06/2026 09:00:00 - 10/06/2026 10:00:00","CTA|IE","988.15","n/e"," ","748.53"
"10/06/2026 10:00:00 - 10/06/2026 11:00:00","CTA|IE","1134.70","n/e"," ","967.27"
"10/06/2026 11:00:00 - 10/06/2026 12:00:00","CTA|IE","1319.50","n/e"," ","1072.85"
"10/06/2026 12:00:00 - 10/06/2026 13:00:00","CTA|IE","1508.34","n/e"," ","1217.05"
"10/06/2026 13:00:00 - 10/06/2026 14:00:00","CTA|IE","1668.16","n/e"," ","1091.87"
"10/06/2026 14:00:00 - 10/06/2026 15:00:00","CTA|IE","1783.86","n/e"," ","1137.11"
"10/06/2026 15:00:00 - 10/06/2026 16:00:00","CTA|IE","1863.59","n/e"," ","1103.43"
"10/06/2026 16:00:00 - 10/06/2026 17:00:00","CTA|IE","1892.50","n/e"," ","1134.63"
"10/06/2026 17:00:00 - 10/06/2026 18:00:00","CTA|IE","1867.19","n/e"," ","1533.99"
"10/06/2026 18:00:00 - 10/06/2026 19:00:00","CTA|IE","1774.25","n/e"," ","1565.24"
"10/06/2026 19:00:00 - 10/06/2026 20:00:00","CTA|IE","1632.30","n/e"," ","1473.85"
"10/06/2026 20:00:00 - 10/06/2026 21:00:00","CTA|IE","1445.49","n/e"," ","1232.23"
"10/06/2026 21:00:00 - 10/06/2026 22:00:00","CTA|IE","1254.24","n/e"," ","912.26"
"10/06/2026 22:00:00 - 10/06/2026 23:00:00","CTA|IE","1117.79","n/e"," ","757.66"
"10/06/2026 23:00:00 - 11/06/2026 00:00:00","CTA|IE","1101.96","n/e"," ","890.02"
"11/06/2026 00:00:00 - 11/06/2026 01:00:00","CTA|IE","1181.39","n/e"," ","1131.19"
"11/06/2026 01:00:00 - 11/06/2026 02:00:00","CTA|IE","1077.29","n/e"," ","1351.62"
"11/06/2026 02:00:00 - 11/06/2026 03:00:00","CTA|IE","1295.56","n/e"," ","1544.52"
"11/06/2026 03:00:00 - 11/06/2026 04:00:00","CTA|IE","1600.80","n/e"," ","1815.14"
"11/06/2026 04:00:00 - 11/06/2026 05:00:00","CTA|IE","1958.91","n/e"," ","2111.59"
"11/06/2026 05:00:00 - 11/06/2026 06:00:00","CTA|IE","2338.07","n/e"," ","2213.54"
"11/06/2026 06:00:00 - 11/06/2026 07:00:00","CTA|IE","2706.06","n/e"," ","2309.41"
"11/06/2026 07:00:00 - 11/06/2026 08:00:00","CTA|IE","3006.84","n/e"," ","2295.91"
"11/06/2026 08:00:00 - 11/06/2026 09:00:00","CTA|IE","3165.25","n/e"," ","2203.86"
"11/06/2026 09:00:00 - 11/06/2026 10:00:00","CTA|IE","3146.70","n/e"," ","2185.82"
"11/06/2026 10:00:00 - 11/06/2026 11:00:00","CTA|IE","3075.08","n/e"," ","2150.32"
"11/06/2026 11:00:00 - 11/06/2026 12:00:00","CTA|IE","3025.72","n/e"," ","2087.26"
"11/06/2026 12:00:00 - 11/06/2026 13:00:00","CTA|IE","2979.57","n/e"," ","2036.87"
"11/06/2026 13:00:00 - 11/06/2026 14:00:00","CTA|IE","2941.49","n/e"," ","2096.28"
"11/06/2026 14:00:00 - 11/06/2026 15:00:00","CTA|IE","2908.14","n/e"," ","2201.27"
"11/06/2026 15:00:00 - 11/06/2026 16:00:00","CTA|IE","2900.26","n/e"," ","2118.73"
"11/06/2026 16:00:00 - 11/06/2026 17:00:00","CTA|IE","2855.79","n/e"," ","2090.19"
"11/06/2026 17:00:00 - 11/06/2026 18:00:00","CTA|IE","2788.05","n/e"," ","2024.02"
"11/06/2026 18:00:00 - 11/06/2026 19:00:00","CTA|IE","2640.63","n/e"," ","2195.67"
"11/06/2026 19:00:00 - 11/06/2026 20:00:00","CTA|IE","2499.22","n/e"," ","2426.09"
"11/06/2026 20:00:00 - 11/06/2026 21:00:00","CTA|IE","2341.79","n/e"," ","2331.60"
"11/06/2026 21:00:00 - 11/06/2026 22:00:00","CTA|IE","2181.75","n/e"," ","2207.68"
"11/06/2026 22:00:00 - 11/06/2026 23:00:00","CTA|IE","2054.95","n/e"," ","2232.18"
"11/06/2026 23:00:00 - 12/06/2026 00:00:00","CTA|IE","2004.38","n/e"," ","2079.18"
"12/06/2026 00:00:00 - 12/06/2026 01:00:00","CTA|IE","1976.04","n/e"," ","2048.36"
"12/06/2026 01:00:00 - 12/06/2026 02:00:00","CTA|IE","2531.84","n/e"," ","2027.35"
"12/06/2026 02:00:00 - 12/06/2026 03:00:00","CTA|IE","2610.74","n/e"," ","1951.85"
"12/06/2026 03:00:00 - 12/06/2026 04:00:00","CTA|IE","2704.17","n/e"," ","2085.87"
"12/06/2026 04:00:00 - 12/06/2026 05:00:00","CTA|IE","2778.02","n/e"," ","2073.38"
"12/06/2026 05:00:00 - 12/06/2026 06:00:00","CTA|IE","2803.48","n/e"," ","2092.60"
"12/06/2026 06:00:00 - 12/06/2026 07:00:00","CTA|IE","2786.70","n/e"," ","1990.94"
"12/06/2026 07:00:00 - 12/06/2026 08:00:00","CTA|IE","2744.21","n/e"," ","2060.87"
"12/06/2026 08:00:00 - 12/06/2026 09:00:00","CTA|IE","2702.78","n/e"," ","2232.18"
"12/06/2026 09:00:00 - 12/06/2026 10:00:00","CTA|IE","2662.07","n/e"," ","2369.03"
"12/06/2026 10:00:00 - 12/06/2026 11:00:00","CTA|IE","2631.43","n/e"," ","2215.16"
"12/06/2026 11:00:00 - 12/06/2026 12:00:00","CTA|IE","2651.00","n/e"," ","2195.63"
"12/06/2026 12:00:00 - 12/06/2026 13:00:00","CTA|IE","2671.57","n/e"," ","2091.93"
"12/06/2026 13:00:00 - 12/06/2026 14:00:00","CTA|IE","2692.61","n/e"," ","2019.89"
"12/06/2026 14:00:00 - 12/06/2026 15:00:00","CTA|IE","2682.71","n/e"," ","1945.36"
"12/06/2026 15:00:00 - 12/06/2026 16:00:00","CTA|IE","2663.62","n/e"," ","1975.01"
"12/06/2026 16:00:00 - 12/06/2026 17:00:00","CTA|IE","2609.89","n/e"," ","1848.95"
"12/06/2026 17:00:00 - 12/06/2026 18:00:00","CTA|IE","2506.72","n/e"," ","1761.69"
"12/06/2026 18:00:00 - 12/06/2026 19:00:00","CTA|IE","2335.25","n/e"," ","1798.66"
"12/06/2026 19:00:00 - 12/06/2026 20:00:00","CTA|IE","2115.14","n/e"," ","2129.33"
"12/06/2026 20:00:00 - 12/06/2026 21:00:00","CTA|IE","1838.48","n/e"," ","2193.36"
"12/06/2026 21:00:00 - 12/06/2026 22:00:00","CTA|IE","1538.29","n/e"," ","2067.42"
"12/06/2026 22:00:00 - 12/06/2026 23:00:00","CTA|IE","1256.08","n/e"," ","1889.73"
"12/06/2026 23:00:00 - 13/06/2026 00:00:00","CTA|IE","1070.89","n/e"," ","1763.52"
"13/06/2026 00:00:00 - 13/06/2026 01:00:00","CTA|IE","970.65","n/e"," ","1730.62"
"13/06/2026 01:00:00 - 13/06/2026 02:00:00","CTA|IE","2145.98","n/e"," ","1689.03"
"13/06/2026 02:00:00 - 13/06/2026 03:00:00","CTA|IE","2066.83","n/e"," ","1608.80"
"13/06/2026 03:00:00 - 13/06/2026 04:00:00","CTA|IE","1999.81","n/e"," ","1573.17"
"13/06/2026 04:00:00 - 13/06/2026 05:00:00","CTA|IE","1890.71","n/e"," ","1504.23"
"13/06/2026 05:00:00 - 13/06/2026 06:00:00","CTA|IE","1726.27","n/e"," ","1460.44"
"13/06/2026 06:00:00 - 13/06/2026 07:00:00","CTA|IE","1536.29","n/e"," ","1369.59"
"13/06/2026 07:00:00 - 13/06/2026 08:00:00","CTA|IE","1382.21","n/e"," ","1237.15"
"13/06/2026 08:00:00 - 13/06/2026 09:00:00","CTA|IE","1277.97","n/e"," ","1019.84"
"13/06/2026 09:00:00 - 13/06/2026 10:00:00","CTA|IE","1209.04","n/e"," ","879.27"
"13/06/2026 10:00:00 - 13/06/2026 11:00:00","CTA|IE","1140.06","n/e"," ","900.87"
"13/06/2026 11:00:00 - 13/06/2026 12:00:00","CTA|IE","1058.15","n/e"," ","902.04"
"13/06/2026 12:00:00 - 13/06/2026 13:00:00","CTA|IE","1001.57","n/e"," ","788.01"
"13/06/2026 13:00:00 - 13/06/2026 14:00:00","CTA|IE","962.36","n/e"," ","699.48"
"13/06/2026 14:00:00 - 13/06/2026 15:00:00","CTA|IE","922.00","n/e"," ","625.49"
"13/06/2026 15:00:00 - 13/06/2026 16:00:00","CTA|IE","895.46","n/e"," ","567.96"
"13/06/2026 16:00:00 - 13/06/2026 17:00:00","CTA|IE","859.35","n/e"," ","544.06"
"13/06/2026 17:00:00 - 13/06/2026 18:00:00","CTA|IE","816.60","n/e"," ","483.46"
"13/06/2026 18:00:00 - 13/06/2026 19:00:00","CTA|IE","767.56","n/e"," ","490.28"
"13/06/2026 19:00:00 - 13/06/2026 20:00:00","CTA|IE","708.26","n/e"," ","419.70"
"13/06/2026 20:00:00 - 13/06/2026 21:00:00","CTA|IE","622.76","n/e"," ","311.71"
"13/06/2026 21:00:00 - 13/06/2026 22:00:00","CTA|IE","516.05","n/e"," ","215.16"
"13/06/2026 22:00:00 - 13/06/2026 23:00:00","CTA|IE","408.71","n/e"," ","176.17"
"13/06/2026 23:00:00 - 14/06/2026 00:00:00","CTA|IE","334.58","n/e"," ","193.98"
"14/06/2026 00:00:00 - 14/06/2026 01:00:00","CTA|IE","302.76","n/e"," ","256.77"
"14/06/2026 01:00:00 - 14/06/2026 02:00:00","CTA|IE","352.96","n/e"," ","285.37"
"14/06/2026 02:00:00 - 14/06/2026 03:00:00","CTA|IE","330.96","n/e"," ","327.44"
"14/06/2026 03:00:00 - 14/06/2026 04:00:00","CTA|IE","314.38","n/e"," ","422.78"
"14/06/2026 04:00:00 - 14/06/2026 05:00:00","CTA|IE","308.90","n/e"," ","499.83"
"14/06/2026 05:00:00 - 14/06/2026 06:00:00","CTA|IE","316.32","n/e"," ","585.31"
"14/06/2026 06:00:00 - 14/06/2026 07:00:00","CTA|IE","324.40","n/e"," ","691.75"
"14/06/2026 07:00:00 - 14/06/2026 08:00:00","CTA|IE","326.26","n/e"," ","773.36"
"14/06/2026 08:00:00 - 14/06/2026 09:00:00","CTA|IE","304.77","n/e"," ","656.70"
"14/06/2026 09:00:00 - 14/06/2026 10:00:00","CTA|IE","265.74","n/e"," ","649.14"
"14/06/2026 10:00:00 - 14/06/2026 11:00:00","CTA|IE","239.19","n/e"," ","609.83"
"14/06/2026 11:00:00 - 14/06/2026 12:00:00","CTA|IE","221.51","n/e"," ","664.14"
"14/06/2026 12:00:00 - 14/06/2026 13:00:00","CTA|IE","203.31","n/e"," ","686.24"
"14/06/2026 13:00:00 - 14/06/2026 14:00:00","CTA|IE","186.89","n/e"," ","686.94"
"14/06/2026 14:00:00 - 14/06/2026 15:00:00","CTA|IE","176.23","n/e"," ","708.29"
"14/06/2026 15:00:00 - 14/06/2026 16:00:00","CTA|IE","170.09","n/e"," ","660.65"
"14/06/2026 16:00:00 - 14/06/2026 17:00:00","CTA|IE","167.00","n/e"," ","719.39"
"14/06/2026 17:00:00 - 14/06/2026 18:00:00","CTA|IE","176.02","n/e"," ","753.87"
"14/06/2026 18:00:00 - 14/06/2026 19:00:00","CTA|IE","198.96","n/e"," ","744.59"
"14/06/2026 19:00:00 - 14/06/2026 20:00:00","CTA|IE","231.11","n/e"," ","745.98"
"14/06/2026 20:00:00 - 14/06/2026 21:00:00","CTA|IE","267.12","n/e"," ","921.70"
"14/06/2026 21:00:00 - 14/06/2026 22:00:00","CTA|IE","315.05","n/e"," ","1039.28"
"14/06/2026 22:00:00 - 14/06/2026 23:00:00","CTA|IE","371.73","n/e"," ","1065.04"
"14/06/2026 23:00:00 - 15/06/2026 00:00:00","CTA|IE","452.56","n/e"," ","1271.35"
"15/06/2026 00:00:00 - 15/06/2026 01:00:00","CTA|IE","553.71","n/e"," ","1406.13"
"15/06/2026 01:00:00 - 15/06/2026 02:00:00","CTA|IE","933.62","n/e"," ","1338.29"
"15/06/2026 02:00:00 - 15/06/2026 03:00:00","CTA|IE","968.43","n/e"," ","1187.60"
"15/06/2026 03:00:00 - 15/06/2026 04:00:00","CTA|IE","962.48","n/e"," ","987.19"
"15/06/2026 04:00:00 - 15/06/2026 05:00:00","CTA|IE","942.13","n/e"," ","918.08"
"15/06/2026 05:00:00 - 15/06/2026 06:00:00","CTA|IE","920.60","n/e"," ","923.68"
"15/06/2026 06:00:00 - 15/06/2026 07:00:00","CTA|IE","900.84","n/e"," ","864.46"
"15/06/2026 07:00:00 - 15/06/2026 08:00:00","CTA|IE","865.05","n/e"," ","653.10"
"15/06/2026 08:00:00 - 15/06/2026 09:00:00","CTA|IE","750.49","n/e"," ","442.30"
"15/06/2026 09:00:00 - 15/06/2026 10:00:00","CTA|IE","606.96","n/e"," ","281.96"
"15/06/2026 10:00:00 - 15/06/2026 11:00:00","CTA|IE","528.77","n/e"," ","236.86"
"15/06/2026 11:00:00 - 15/06/2026 12:00:00","CTA|IE","510.24","n/e"," ","225.54"
"15/06/2026 12:00:00 - 15/06/2026 13:00:00","CTA|IE","510.43","n/e"," ","226.71"
"15/06/2026 13:00:00 - 15/06/2026 14:00:00","CTA|IE","508.01","n/e"," ","222.53"
"15/06/2026 14:00:00 - 15/06/2026 15:00:00","CTA|IE","496.89","n/e"," ","292.51"
"15/06/2026 15:00:00 - 15/06/2026 16:00:00","CTA|IE","481.42","n/e"," ","230.70"
"15/06/2026 16:00:00 - 15/06/2026 17:00:00","CTA|IE","471.59","n/e"," ","239.98"
"15/06/2026 17:00:00 - 15/06/2026 18:00:00","CTA|IE","473.18","n/e"," ","254.10"
"15/06/2026 18:00:00 - 15/06/2026 19:00:00","CTA|IE","488.22","n/e"," ","238.49"
"15/06/2026 19:00:00 - 15/06/2026 20:00:00","CTA|IE","511.46","n/e"," ","249.98"
"15/06/2026 20:00:00 - 15/06/2026 21:00:00","CTA|IE","531.45","n/e"," ","226.14"
"15/06/2026 21:00:00 - 15/06/2026 22:00:00","CTA|IE","545.46","n/e"," ","203.28"
"15/06/2026 22:00:00 - 15/06/2026 23:00:00","CTA|IE","538.34","n/e"," ","242.55"
"15/06/2026 23:00:00 - 16/06/2026 00:00:00","CTA|IE","534.67","n/e"," ","281.61"
"16/06/2026 00:00:00 - 16/06/2026 01:00:00","CTA|IE","537.95","n/e"," ","324.67"
"16/06/2026 01:00:00 - 16/06/2026 02:00:00","CTA|IE","465.94","n/e"," ","394.09"
"16/06/2026 02:00:00 - 16/06/2026 03:00:00","CTA|IE","470.02","n/e"," ","390.32"
"16/06/2026 03:00:00 - 16/06/2026 04:00:00","CTA|IE","499.37","n/e"," ","362.07"
"16/06/2026 04:00:00 - 16/06/2026 05:00:00","CTA|IE","540.72","n/e"," ","401.91"
"16/06/2026 05:00:00 - 16/06/2026 06:00:00","CTA|IE","566.24","n/e"," ","321.80"
"16/06/2026 06:00:00 - 16/06/2026 07:00:00","CTA|IE","577.12","n/e"," ","362.05"
"16/06/2026 07:00:00 - 16/06/2026 08:00:00","CTA|IE","575.17","n/e"," ","454.05"
"16/06/2026 08:00:00 - 16/06/2026 09:00:00","CTA|IE","587.77","n/e"," ","431.86"
"16/06/2026 09:00:00 - 16/06/2026 10:00:00","CTA|IE","586.52","n/e"," ","332.95"
"16/06/2026 10:00:00 - 16/06/2026 11:00:00","CTA|IE","613.02","n/e"," ","315.12"
"16/06/2026 11:00:00 - 16/06/2026 12:00:00","CTA|IE","669.69","n/e"," ","342.17"
"16/06/2026 12:00:00 - 16/06/2026 13:00:00","CTA|IE","746.21","n/e"," ","415.12"
"16/06/2026 13:00:00 - 16/06/2026 14:00:00","CTA|IE","844.01","n/e"," ","568.20"
"16/06/2026 14:00:00 - 16/06/2026 15:00:00","CTA|IE","923.02","n/e"," ","720.57"
"16/06/2026 15:00:00 - 16/06/2026 16:00:00","CTA|IE","992.22","n/e"," ","804.45"
"16/06/2026 16:00:00 - 16/06/2026 17:00:00","CTA|IE","1016.00","n/e"," ","978.17"
"16/06/2026 17:00:00 - 16/06/2026 18:00:00","CTA|IE","979.48","n/e"," ","964.79"
"16/06/2026 18:00:00 - 16/06/2026 19:00:00","CTA|IE","927.39","n/e"," ","950.35"
"16/06/2026 19:00:00 - 16/06/2026 20:00:00","CTA|IE","871.75","n/e"," ","772.64"
"16/06/2026 20:00:00 - 16/06/2026 21:00:00","CTA|IE","819.36","n/e"," ","661.27"
"16/06/2026 21:00:00 - 16/06/2026 22:00:00","CTA|IE","786.36","n/e"," ","730.94"
"16/06/2026 22:00:00 - 16/06/2026 23:00:00","CTA|IE","766.38","n/e"," ","839.68"
"16/06/2026 23:00:00 - 17/06/2026 00:00:00","CTA|IE","772.24","n/e"," ","854.79"
"17/06/2026 00:00:00 - 17/06/2026 01:00:00","CTA|IE","796.33","n/e"," ","892.33"
"17/06/2026 01:00:00 - 17/06/2026 02:00:00","CTA|IE","899.77","n/e"," ","845.51"
"17/06/2026 02:00:00 - 17/06/2026 03:00:00","CTA|IE","911.61","n/e"," ","895.85"
"17/06/2026 03:00:00 - 17/06/2026 04:00:00","CTA|IE","920.58","n/e"," ","1029.14"
"17/06/2026 04:00:00 - 17/06/2026 05:00:00","CTA|IE","926.92","n/e"," ","1106.93"
"17/06/2026 05:00:00 - 17/06/2026 06:00:00","CTA|IE","924.98","n/e"," ","1051.07"
"17/06/2026 06:00:00 - 17/06/2026 07:00:00","CTA|IE","913.73","n/e"," ","1048.28"
"17/06/2026 07:00:00 - 17/06/2026 08:00:00","CTA|IE","917.48","n/e"," ","1008.99"
"17/06/2026 08:00:00 - 17/06/2026 09:00:00","CTA|IE","957.15","n/e"," ","947.20"
"17/06/2026 09:00:00 - 17/06/2026 10:00:00","CTA|IE","1021.35","n/e"," ","1027.91"
"17/06/2026 10:00:00 - 17/06/2026 11:00:00","CTA|IE","1147.55","n/e"," ","1242.49"
"17/06/2026 11:00:00 - 17/06/2026 12:00:00","CTA|IE","1334.42","n/e"," ","1250.08"
"17/06/2026 12:00:00 - 17/06/2026 13:00:00","CTA|IE","1550.26","n/e"," ","1294.01"
"17/06/2026 13:00:00 - 17/06/2026 14:00:00","CTA|IE","1775.30","n/e"," ","1329.12"
"17/06/2026 14:00:00 - 17/06/2026 15:00:00","CTA|IE","1980.21","n/e"," ","1333.29"
"17/06/2026 15:00:00 - 17/06/2026 16:00:00","CTA|IE","2134.90","n/e"," ","1357.28"
"17/06/2026 16:00:00 - 17/06/2026 17:00:00","CTA|IE","2215.19","n/e"," ","1548.21"
"17/06/2026 17:00:00 - 17/06/2026 18:00:00","CTA|IE","2275.54","n/e"," ","1793.48"
"17/06/2026 18:00:00 - 17/06/2026 19:00:00","CTA|IE","2245.39","n/e"," ","1831.57"
"17/06/2026 19:00:00 - 17/06/2026 20:00:00","CTA|IE","2174.87","n/e"," ","1696.77"
"17/06/2026 20:00:00 - 17/06/2026 21:00:00","CTA|IE","2015.87","n/e"," ","1609.47"
"17/06/2026 21:00:00 - 17/06/2026 22:00:00","CTA|IE","1804.36","n/e"," ","1304.82"
"17/06/2026 22:00:00 - 17/06/2026 23:00:00","CTA|IE","1575.85","n/e"," ","1236.60"
"17/06/2026 23:00:00 - 18/06/2026 00:00:00","CTA|IE","1420.31","n/e"," ","1073.46"
"18/06/2026 00:00:00 - 18/06/2026 01:00:00","CTA|IE","1326.18","n/e"," ","938.54"
"18/06/2026 01:00:00 - 18/06/2026 02:00:00","CTA|IE","1393.95","n/e"," ","951.21"
"18/06/2026 02:00:00 - 18/06/2026 03:00:00","CTA|IE","1384.06","n/e"," ","1053.94"
"18/06/2026 03:00:00 - 18/06/2026 04:00:00","CTA|IE","1357.71","n/e"," ","1149.86"
"18/06/2026 04:00:00 - 18/06/2026 05:00:00","CTA|IE","1329.25","n/e"," ","1349.74"
"18/06/2026 05:00:00 - 18/06/2026 06:00:00","CTA|IE","1302.59","n/e"," ","1441.93"
"18/06/2026 06:00:00 - 18/06/2026 07:00:00","CTA|IE","1290.15","n/e"," ","1462.73"
"18/06/2026 07:00:00 - 18/06/2026 08:00:00","CTA|IE","1288.23","n/e"," ","1497.80"
"18/06/2026 08:00:00 - 18/06/2026 09:00:00","CTA|IE","1286.58","n/e"," ","1419.86"
"18/06/2026 09:00:00 - 18/06/2026 10:00:00","CTA|IE","1267.85","n/e"," ","1293.03"
"18/06/2026 10:00:00 - 18/06/2026 11:00:00","CTA|IE","1239.20","n/e"," ","1252.14"
"18/06/2026 11:00:00 - 18/06/2026 12:00:00","CTA|IE","1211.89","n/e"," ","1186.02"
"18/06/2026 12:00:00 - 18/06/2026 13:00:00","CTA|IE","1167.69","n/e"," ","1153.45"
"18/06/2026 13:00:00 - 18/06/2026 14:00:00","CTA|IE","1126.00","n/e"," ","1188.48"
"18/06/2026 14:00:00 - 18/06/2026 15:00:00","CTA|IE","1105.66","n/e"," ","1146.67"
"18/06/2026 15:00:00 - 18/06/2026 16:00:00","CTA|IE","1111.09","n/e"," ","1132.12"
"18/06/2026 16:00:00 - 18/06/2026 17:00:00","CTA|IE","1133.24","n/e"," ","1071.11"
"18/06/2026 17:00:00 - 18/06/2026 18:00:00","CTA|IE","1164.53","n/e"," ","1045.64"
"18/06/2026 18:00:00 - 18/06/2026 19:00:00","CTA|IE","1195.11","n/e"," ","1122.15"
"18/06/2026 19:00:00 - 18/06/2026 20:00:00","CTA|IE","1219.78","n/e"," ","1111.72"
"18/06/2026 20:00:00 - 18/06/2026 21:00:00","CTA|IE","1249.10","n/e"," ","1112.84"
"18/06/2026 21:00:00 - 18/06/2026 22:00:00","CTA|IE","1333.49","n/e"," ","1191.89"
"18/06/2026 22:00:00 - 18/06/2026 23:00:00","CTA|IE","1472.13","n/e"," ","1255.65"
"18/06/2026 23:00:00 - 19/06/2026 00:00:00","CTA|IE","1691.87","n/e"," ","1319.66"
"19/06/2026 00:00:00 - 19/06/2026 01:00:00","CTA|IE","1948.69","n/e"," ","1312.75"
"19/06/2026 01:00:00 - 19/06/2026 02:00:00","CTA|IE","1194.37","n/e"," ","1522.96"
"19/06/2026 02:00:00 - 19/06/2026 03:00:00","CTA|IE","1332.26","n/e"," ","1655.17"
"19/06/2026 03:00:00 - 19/06/2026 04:00:00","CTA|IE","1458.54","n/e"," ","1722.88"
"19/06/2026 04:00:00 - 19/06/2026 05:00:00","CTA|IE","1508.87","n/e"," ","1574.17"
"19/06/2026 05:00:00 - 19/06/2026 06:00:00","CTA|IE","1472.26","n/e"," ","1390.77"
"19/06/2026 06:00:00 - 19/06/2026 07:00:00","CTA|IE","1353.18","n/e"," ","1108.34"
"19/06/2026 07:00:00 - 19/06/2026 08:00:00","CTA|IE","1190.04","n/e"," ","740.07"
"19/06/2026 08:00:00 - 19/06/2026 09:00:00","CTA|IE","1025.42","n/e"," ","514.68"
"19/06/2026 09:00:00 - 19/06/2026 10:00:00","CTA|IE","857.31","n/e"," ","488.27"
"19/06/2026 10:00:00 - 19/06/2026 11:00:00","CTA|IE","695.80","n/e"," ","461.32"
"19/06/2026 11:00:00 - 19/06/2026 12:00:00","CTA|IE","555.89","n/e"," ","493.54"
"19/06/2026 12:00:00 - 19/06/2026 13:00:00","CTA|IE","437.61","n/e"," ","508.15"
"19/06/2026 13:00:00 - 19/06/2026 14:00:00","CTA|IE","357.55","n/e"," ","530.97"
"19/06/2026 14:00:00 - 19/06/2026 15:00:00","CTA|IE","322.29","n/e"," ","602.85"
"19/06/2026 15:00:00 - 19/06/2026 16:00:00","CTA|IE","322.00","n/e"," ","665.34"
"19/06/2026 16:00:00 - 19/06/2026 17:00:00","CTA|IE","343.66","n/e"," ","582.87"
"19/06/2026 17:00:00 - 19/06/2026 18:00:00","CTA|IE","369.62","n/e"," ","507.01"
"19/06/2026 18:00:00 - 19/06/2026 19:00:00","CTA|IE","391.51","n/e"," ","482.59"
"19/06/2026 19:00:00 - 19/06/2026 20:00:00","CTA|IE","393.34","n/e"," ","463.31"
"19/06/2026 20:00:00 - 19/06/2026 21:00:00","CTA|IE","373.27","n/e"," ","515.93"
"19/06/2026 21:00:00 - 19/06/2026 22:00:00","CTA|IE","334.77","n/e"," ","506.93"
"19/06/2026 22:00:00 - 19/06/2026 23:00:00","CTA|IE","300.16","n/e"," ","419.71"
"19/06/2026 23:00:00 - 20/06/2026 00:00:00","CTA|IE","298.75","n/e"," ","398.92"
"20/06/2026 00:00:00 - 20/06/2026 01:00:00","CTA|IE","317.69","n/e"," ","418.41"
"20/06/2026 01:00:00 - 20/06/2026 02:00:00","CTA|IE","611.56","n/e"," ","368.01"
"20/06/2026 02:00:00 - 20/06/2026 03:00:00","CTA|IE","612.31","n/e"," ","340.39"
"20/06/2026 03:00:00 - 20/06/2026 04:00:00","CTA|IE","617.34","n/e"," ","312.44"
"20/06/2026 04:00:00 - 20/06/2026 05:00:00","CTA|IE","613.13","n/e"," ","336.30"
"20/06/2026 05:00:00 - 20/06/2026 06:00:00","CTA|IE","592.84","n/e"," ","392.08"
"20/06/2026 06:00:00 - 20/06/2026 07:00:00","CTA|IE","545.72","n/e"," ","321.80"
"20/06/2026 07:00:00 - 20/06/2026 08:00:00","CTA|IE","474.15","n/e"," ","211.52"
"20/06/2026 08:00:00 - 20/06/2026 09:00:00","CTA|IE","400.61","n/e"," ","178.73"
"20/06/2026 09:00:00 - 20/06/2026 10:00:00","CTA|IE","343.19","n/e"," ","208.52"
"20/06/2026 10:00:00 - 20/06/2026 11:00:00","CTA|IE","306.21","n/e"," ","251.44"
"20/06/2026 11:00:00 - 20/06/2026 12:00:00","CTA|IE","282.41","n/e"," ","241.04"
"20/06/2026 12:00:00 - 20/06/2026 13:00:00","CTA|IE","260.59","n/e"," ","236.28"
"20/06/2026 13:00:00 - 20/06/2026 14:00:00","CTA|IE","236.79","n/e"," ","236.09"
"20/06/2026 14:00:00 - 20/06/2026 15:00:00","CTA|IE","223.92","n/e"," ","240.65"
"20/06/2026 15:00:00 - 20/06/2026 16:00:00","CTA|IE","230.54","n/e"," ","204.65"
"20/06/2026 16:00:00 - 20/06/2026 17:00:00","CTA|IE","237.55","n/e"," ","213.62"
"20/06/2026 17:00:00 - 20/06/2026 18:00:00","CTA|IE","231.64","n/e"," ","211.95"
"20/06/2026 18:00:00 - 20/06/2026 19:00:00","CTA|IE","212.16","n/e"," ","182.87"
"20/06/2026 19:00:00 - 20/06/2026 20:00:00","CTA|IE","188.80","n/e"," ","169.18"
"20/06/2026 20:00:00 - 20/06/2026 21:00:00","CTA|IE","159.58","n/e"," ","175.24"
"20/06/2026 21:00:00 - 20/06/2026 22:00:00","CTA|IE","130.62","n/e"," ","123.13"
"20/06/2026 22:00:00 - 20/06/2026 23:00:00","CTA|IE","116.79","n/e"," ","105.46"
"20/06/2026 23:00:00 - 21/06/2026 00:00:00","CTA|IE","124.08","n/e"," ","116.66"
"21/06/2026 00:00:00 - 21/06/2026 01:00:00","CTA|IE","136.56","n/e"," ","104.97"
"21/06/2026 01:00:00 - 21/06/2026 02:00:00","CTA|IE","168.50","n/e"," ","96.57"
"21/06/2026 02:00:00 - 21/06/2026 03:00:00","CTA|IE","146.12","n/e"," ","97.94"
"21/06/2026 03:00:00 - 21/06/2026 04:00:00","CTA|IE","126.79","n/e"," ","104.19"
"21/06/2026 04:00:00 - 21/06/2026 05:00:00","CTA|IE","115.92","n/e"," ","121.05"
"21/06/2026 05:00:00 - 21/06/2026 06:00:00","CTA|IE","116.40","n/e"," ","129.28"
"21/06/2026 06:00:00 - 21/06/2026 07:00:00","CTA|IE","125.90","n/e"," ","158.09"
"21/06/2026 07:00:00 - 21/06/2026 08:00:00","CTA|IE","133.81","n/e"," ","152.12"
"21/06/2026 08:00:00 - 21/06/2026 09:00:00","CTA|IE","129.12","n/e"," ","127.95"
"21/06/2026 09:00:00 - 21/06/2026 10:00:00","CTA|IE","106.36","n/e"," ","90.41"
"21/06/2026 10:00:00 - 21/06/2026 11:00:00","CTA|IE","85.10","n/e"," ","93.76"
"21/06/2026 11:00:00 - 21/06/2026 12:00:00","CTA|IE","86.16","n/e"," ","180.77"
"21/06/2026 12:00:00 - 21/06/2026 13:00:00","CTA|IE","93.92","n/e"," ","249.89"
"21/06/2026 13:00:00 - 21/06/2026 14:00:00","CTA|IE","104.26","n/e"," ","251.59"
"21/06/2026 14:00:00 - 21/06/2026 15:00:00","CTA|IE","111.30","n/e"," ","238.99"
"21/06/2026 15:00:00 - 21/06/2026 16:00:00","CTA|IE","113.27","n/e"," ","227.57"
"21/06/2026 16:00:00 - 21/06/2026 17:00:00","CTA|IE","115.87","n/e"," ","257.33"
"21/06/2026 17:00:00 - 21/06/2026 18:00:00","CTA|IE","125.21","n/e"," ","280.65"
"21/06/2026 18:00:00 - 21/06/2026 19:00:00","CTA|IE","140.92","n/e"," ","260.81"
"21/06/2026 19:00:00 - 21/06/2026 20:00:00","CTA|IE","166.70","n/e"," ","257.88"
"21/06/2026 20:00:00 - 21/06/2026 21:00:00","CTA|IE","195.73","n/e"," ","217.68"
"21/06/2026 21:00:00 - 21/06/2026 22:00:00","CTA|IE","236.45","n/e"," ","201.49"
"21/06/2026 22:00:00 - 21/06/2026 23:00:00","CTA|IE","282.23","n/e"," ","230.05"
"21/06/2026 23:00:00 - 22/06/2026 00:00:00","CTA|IE","330.86","n/e"," ","317.72"
"22/06/2026 00:00:00 - 22/06/2026 01:00:00","CTA|IE","370.31","n/e"," ","384.81"
"22/06/2026 01:00:00 - 22/06/2026 02:00:00","CTA|IE","418.55","n/e"," ","370.27"
"22/06/2026 02:00:00 - 22/06/2026 03:00:00","CTA|IE","437.19","n/e"," ","428.49"
"22/06/2026 03:00:00 - 22/06/2026 04:00:00","CTA|IE","449.56","n/e"," ","416.23"
"22/06/2026 04:00:00 - 22/06/2026 05:00:00","CTA|IE","459.12","n/e"," ","365.57"
"22/06/2026 05:00:00 - 22/06/2026 06:00:00","CTA|IE","461.75","n/e"," ","306.21"
"22/06/2026 06:00:00 - 22/06/2026 07:00:00","CTA|IE","464.61","n/e"," ","243.85"
"22/06/2026 07:00:00 - 22/06/2026 08:00:00","CTA|IE","468.22","n/e"," ","224.82"
"22/06/2026 08:00:00 - 22/06/2026 09:00:00","CTA|IE","442.47","n/e"," ","195.93"
"22/06/2026 09:00:00 - 22/06/2026 10:00:00","CTA|IE","357.94","n/e"," ","187.86"
"22/06/2026 10:00:00 - 22/06/2026 11:00:00","CTA|IE","275.31","n/e"," ","178.44"
"22/06/2026 11:00:00 - 22/06/2026 12:00:00","CTA|IE","227.64","n/e"," ","165.16"
"22/06/2026 12:00:00 - 22/06/2026 13:00:00","CTA|IE","206.33","n/e"," ","107.34"
"22/06/2026 13:00:00 - 22/06/2026 14:00:00","CTA|IE","186.13","n/e"," ","137.99"
"22/06/2026 14:00:00 - 22/06/2026 15:00:00","CTA|IE","166.24","n/e"," ","134.57"
"22/06/2026 15:00:00 - 22/06/2026 16:00:00","CTA|IE","152.80","n/e"," ","98.06"
"22/06/2026 16:00:00 - 22/06/2026 17:00:00","CTA|IE","149.71","n/e"," ","84.66"
"22/06/2026 17:00:00 - 22/06/2026 18:00:00","CTA|IE","163.19","n/e"," ","143.11"
"22/06/2026 18:00:00 - 22/06/2026 19:00:00","CTA|IE","184.25","n/e"," ","171.19"
"22/06/2026 19:00:00 - 22/06/2026 20:00:00","CTA|IE","212.70","n/e"," ","117.07"
"22/06/2026 20:00:00 - 22/06/2026 21:00:00","CTA|IE","241.85","n/e"," ","92.49"
"22/06/2026 21:00:00 - 22/06/2026 22:00:00","CTA|IE","278.38","n/e"," ","76.74"
"22/06/2026 22:00:00 - 22/06/2026 23:00:00","CTA|IE","326.92","n/e"," ","105.58"
"22/06/2026 23:00:00 - 23/06/2026 00:00:00","CTA|IE","385.93","n/e"," ","124.99"
"23/06/2026 00:00:00 - 23/06/2026 01:00:00","CTA|IE","431.28","n/e"," ","138.67"
"23/06/2026 01:00:00 - 23/06/2026 02:00:00","CTA|IE","197.24","n/e"," ","164.01"
"23/06/2026 02:00:00 - 23/06/2026 03:00:00","CTA|IE","204.75","n/e"," ","124.19"
"23/06/2026 03:00:00 - 23/06/2026 04:00:00","CTA|IE","200.65","n/e"," ","92.22"
"23/06/2026 04:00:00 - 23/06/2026 05:00:00","CTA|IE","190.50","n/e"," ","67.37"
"23/06/2026 05:00:00 - 23/06/2026 06:00:00","CTA|IE","186.84","n/e"," ","56.89"
"23/06/2026 06:00:00 - 23/06/2026 07:00:00","CTA|IE","187.39","n/e"," ","85.84"
"23/06/2026 07:00:00 - 23/06/2026 08:00:00","CTA|IE","194.25","n/e"," ","85.72"
"23/06/2026 08:00:00 - 23/06/2026 09:00:00","CTA|IE","194.48","n/e"," ","84.08"
"23/06/2026 09:00:00 - 23/06/2026 10:00:00","CTA|IE","162.95","n/e"," ","82.41"
"23/06/2026 10:00:00 - 23/06/2026 11:00:00","CTA|IE","131.30","n/e"," ","94.40"
"23/06/2026 11:00:00 - 23/06/2026 12:00:00","CTA|IE","118.74","n/e"," ","120.67"
"23/06/2026 12:00:00 - 23/06/2026 13:00:00","CTA|IE","121.46","n/e"," ","164.59"
"23/06/2026 13:00:00 - 23/06/2026 14:00:00","CTA|IE","123.18","n/e"," ","197.03"
"23/06/2026 14:00:00 - 23/06/2026 15:00:00","CTA|IE","119.80","n/e"," ","299.60"
"23/06/2026 15:00:00 - 23/06/2026 16:00:00","CTA|IE","121.12","n/e"," ","392.03"
"23/06/2026 16:00:00 - 23/06/2026 17:00:00","CTA|IE","120.78","n/e"," ","404.89"
"23/06/2026 17:00:00 - 23/06/2026 18:00:00","CTA|IE","125.67","n/e"," ","364.67"
"23/06/2026 18:00:00 - 23/06/2026 19:00:00","CTA|IE","139.36","n/e"," ","364.01"
"23/06/2026 19:00:00 - 23/06/2026 20:00:00","CTA|IE","167.80","n/e"," ","325.13"
"23/06/2026 20:00:00 - 23/06/2026 21:00:00","CTA|IE","201.24","n/e"," ","236.54"
"23/06/2026 21:00:00 - 23/06/2026 22:00:00","CTA|IE","237.09","n/e"," ","190.90"
"23/06/2026 22:00:00 - 23/06/2026 23:00:00","CTA|IE","268.82","n/e"," ","225.14"
"23/06/2026 23:00:00 - 24/06/2026 00:00:00","CTA|IE","291.12","n/e"," ","233.38"
"24/06/2026 00:00:00 - 24/06/2026 01:00:00","CTA|IE","294.47","n/e"," ","233.30"
"24/06/2026 01:00:00 - 24/06/2026 02:00:00","CTA|IE","249.97","n/e"," ","220.34"
"24/06/2026 02:00:00 - 24/06/2026 03:00:00","CTA|IE","224.97","n/e"," ","153.18"
"24/06/2026 03:00:00 - 24/06/2026 04:00:00","CTA|IE","215.70","n/e"," ","95.40"
"24/06/2026 04:00:00 - 24/06/2026 05:00:00","CTA|IE","201.03","n/e"," ","64.39"
"24/06/2026 05:00:00 - 24/06/2026 06:00:00","CTA|IE","184.91","n/e"," ","44.31"
"24/06/2026 06:00:00 - 24/06/2026 07:00:00","CTA|IE","180.43","n/e"," ","37.93"
"24/06/2026 07:00:00 - 24/06/2026 08:00:00","CTA|IE","184.67","n/e"," ","42.25"
"24/06/2026 08:00:00 - 24/06/2026 09:00:00","CTA|IE","175.97","n/e"," ","32.67"
"24/06/2026 09:00:00 - 24/06/2026 10:00:00","CTA|IE","147.15","n/e"," ","34.22"
"24/06/2026 10:00:00 - 24/06/2026 11:00:00","CTA|IE","122.51","n/e"," ","48.23"
"24/06/2026 11:00:00 - 24/06/2026 12:00:00","CTA|IE","109.29","n/e"," ","26.92"
"24/06/2026 12:00:00 - 24/06/2026 13:00:00","CTA|IE","105.28","n/e"," ","23.98"
"24/06/2026 13:00:00 - 24/06/2026 14:00:00","CTA|IE","105.77","n/e"," ","22.22"
"24/06/2026 14:00:00 - 24/06/2026 15:00:00","CTA|IE","114.40","n/e"," ","58.44"
"24/06/2026 15:00:00 - 24/06/2026 16:00:00","CTA|IE","136.61","n/e"," ","46.96"
"24/06/2026 16:00:00 - 24/06/2026 17:00:00","CTA|IE","177.36","n/e"," ","44.51"
"24/06/2026 17:00:00 - 24/06/2026 18:00:00","CTA|IE","240.52","n/e"," ","99.61"
"24/06/2026 18:00:00 - 24/06/2026 19:00:00","CTA|IE","307.21","n/e"," ","167.95"
"24/06/2026 19:00:00 - 24/06/2026 20:00:00","CTA|IE","372.96","n/e"," ","266.37"
"24/06/2026 20:00:00 - 24/06/2026 21:00:00","CTA|IE","453.69","n/e"," ","212.62"
"24/06/2026 21:00:00 - 24/06/2026 22:00:00","CTA|IE","559.50","n/e"," ","167.07"
"24/06/2026 22:00:00 - 24/06/2026 23:00:00","CTA|IE","661.99","n/e"," ","209.39"
"24/06/2026 23:00:00 - 25/06/2026 00:00:00","CTA|IE","772.79","n/e"," ","359.85"
"25/06/2026 00:00:00 - 25/06/2026 01:00:00","CTA|IE","872.55","n/e"," ","523.29"
"25/06/2026 01:00:00 - 25/06/2026 02:00:00","CTA|IE","911.72","n/e"," ","679.09"
"25/06/2026 02:00:00 - 25/06/2026 03:00:00","CTA|IE","1009.38","n/e"," ","761.31"
"25/06/2026 03:00:00 - 25/06/2026 04:00:00","CTA|IE","1093.51","n/e"," ","894.50"
"25/06/2026 04:00:00 - 25/06/2026 05:00:00","CTA|IE","1181.30","n/e"," ","1194.86"
"25/06/2026 05:00:00 - 25/06/2026 06:00:00","CTA|IE","1261.11","n/e"," ","1456.31"
"25/06/2026 06:00:00 - 25/06/2026 07:00:00","CTA|IE","1312.61","n/e"," ","1608.96"
"25/06/2026 07:00:00 - 25/06/2026 08:00:00","CTA|IE","1330.61","n/e"," ","1505.96"
"25/06/2026 08:00:00 - 25/06/2026 09:00:00","CTA|IE","1279.73","n/e"," ","1496.42"
"25/06/2026 09:00:00 - 25/06/2026 10:00:00","CTA|IE","1236.50","n/e"," ","1285.10"
"25/06/2026 10:00:00 - 25/06/2026 11:00:00","CTA|IE","1206.00","n/e"," ","1243.72"
"25/06/2026 11:00:00 - 25/06/2026 12:00:00","CTA|IE","1249.82","n/e"," ","1391.12"
"25/06/2026 12:00:00 - 25/06/2026 13:00:00","CTA|IE","1304.00","n/e"," ","1455.85"
"25/06/2026 13:00:00 - 25/06/2026 14:00:00","CTA|IE","1309.99","n/e"," ","1514.98"
"25/06/2026 14:00:00 - 25/06/2026 15:00:00","CTA|IE","1271.91","n/e"," ","1425.78"
"25/06/2026 15:00:00 - 25/06/2026 16:00:00","CTA|IE","1193.28","n/e"," ","1320.57"
"25/06/2026 16:00:00 - 25/06/2026 17:00:00","CTA|IE","1067.68","n/e"," ","1136.11"
"25/06/2026 17:00:00 - 25/06/2026 18:00:00","CTA|IE","903.00","n/e"," ","883.36"
"25/06/2026 18:00:00 - 25/06/2026 19:00:00","CTA|IE","738.49","n/e"," ","569.14"
"25/06/2026 19:00:00 - 25/06/2026 20:00:00","CTA|IE","592.17","n/e"," ","472.38"
"25/06/2026 20:00:00 - 25/06/2026 21:00:00","CTA|IE","466.98","n/e"," ","478.60"
"25/06/2026 21:00:00 - 25/06/2026 22:00:00","CTA|IE","402.81","n/e"," ","367.65"
"25/06/2026 22:00:00 - 25/06/2026 23:00:00","CTA|IE","403.08","n/e"," ","347.75"
"25/06/2026 23:00:00 - 26/06/2026 00:00:00","CTA|IE","453.71","n/e"," ","471.29"
"26/06/2026 00:00:00 - 26/06/2026 01:00:00","CTA|IE","510.72","n/e"," ","382.99"
"26/06/2026 01:00:00 - 26/06/2026 02:00:00","CTA|IE","725.20","n/e"," ","676.80"
"26/06/2026 02:00:00 - 26/06/2026 03:00:00","CTA|IE","811.75","n/e"," ","702.27"
"26/06/2026 03:00:00 - 26/06/2026 04:00:00","CTA|IE","887.91","n/e"," ","648.29"
"26/06/2026 04:00:00 - 26/06/2026 05:00:00","CTA|IE","957.63","n/e"," ","777.03"
"26/06/2026 05:00:00 - 26/06/2026 06:00:00","CTA|IE","979.90","n/e"," ","734.22"
"26/06/2026 06:00:00 - 26/06/2026 07:00:00","CTA|IE","947.18","n/e"," ","709.26"
"26/06/2026 07:00:00 - 26/06/2026 08:00:00","CTA|IE","913.21","n/e"," ","661.01"
"26/06/2026 08:00:00 - 26/06/2026 09:00:00","CTA|IE","876.31","n/e"," ","603.02"
"26/06/2026 09:00:00 - 26/06/2026 10:00:00","CTA|IE","848.63","n/e"," ","640.11"
"26/06/2026 10:00:00 - 26/06/2026 11:00:00","CTA|IE","816.30","n/e"," ","617.63"
"26/06/2026 11:00:00 - 26/06/2026 12:00:00","CTA|IE","770.23","n/e"," ","675.13"
"26/06/2026 12:00:00 - 26/06/2026 13:00:00","CTA|IE","696.12","n/e"," ","661.52"
"26/06/2026 13:00:00 - 26/06/2026 14:00:00","CTA|IE","657.62","n/e"," ","740.60"
"26/06/2026 14:00:00 - 26/06/2026 15:00:00","CTA|IE","716.34","n/e"," ","613.11"
"26/06/2026 15:00:00 - 26/06/2026 16:00:00","CTA|IE","875.19","n/e"," ","879.82"
"26/06/2026 16:00:00 - 26/06/2026 17:00:00","CTA|IE","1068.98","n/e"," ","1095.17"
"26/06/2026 17:00:00 - 26/06/2026 18:00:00","CTA|IE","1267.46","n/e"," ","1345.62"
"26/06/2026 18:00:00 - 26/06/2026 19:00:00","CTA|IE","1456.28","n/e"," ","1548.55"
"26/06/2026 19:00:00 - 26/06/2026 20:00:00","CTA|IE","1630.71","n/e"," ","1775.84"
"26/06/2026 20:00:00 - 26/06/2026 21:00:00","CTA|IE","1734.73","n/e"," ","1573.52"
"26/06/2026 21:00:00 - 26/06/2026 22:00:00","CTA|IE","1810.75","n/e"," ","1785.89"
"26/06/2026 22:00:00 - 26/06/2026 23:00:00","CTA|IE","1862.09","n/e"," ","1768.51"
"26/06/2026 23:00:00 - 27/06/2026 00:00:00","CTA|IE","1931.76","n/e"," ","1737.49"
"27/06/2026 00:00:00 - 27/06/2026 01:00:00","CTA|IE","2022.63","n/e"," ","1840.06"
"27/06/2026 01:00:00 - 27/06/2026 02:00:00","CTA|IE","2094.45","n/e"," ","1820.65"
"27/06/2026 02:00:00 - 27/06/2026 03:00:00","CTA|IE","2167.59","n/e"," ","1824.45"
"27/06/2026 03:00:00 - 27/06/2026 04:00:00","CTA|IE","2298.98","n/e"," ","1858.16"
"27/06/2026 04:00:00 - 27/06/2026 05:00:00","CTA|IE","2443.36","n/e"," ","1896.77"
"27/06/2026 05:00:00 - 27/06/2026 06:00:00","CTA|IE","2560.05","n/e"," ","1848.98"
"27/06/2026 06:00:00 - 27/06/2026 07:00:00","CTA|IE","2654.12","n/e"," ","1858.15"
"27/06/2026 07:00:00 - 27/06/2026 08:00:00","CTA|IE","2764.26","n/e"," ","1990.93"
"27/06/2026 08:00:00 - 27/06/2026 09:00:00","CTA|IE","2901.76","n/e"," ","2047.98"
"27/06/2026 09:00:00 - 27/06/2026 10:00:00","CTA|IE","3044.33","n/e"," ","2103.85"
"27/06/2026 10:00:00 - 27/06/2026 11:00:00","CTA|IE","3096.67","n/e"," ","2172.27"
"27/06/2026 11:00:00 - 27/06/2026 12:00:00","CTA|IE","3078.66","n/e"," ","2204.22"
"27/06/2026 12:00:00 - 27/06/2026 13:00:00","CTA|IE","2974.89","n/e"," ","2111.69"
"27/06/2026 13:00:00 - 27/06/2026 14:00:00","CTA|IE","2805.92","n/e"," ","2145.62"
"27/06/2026 14:00:00 - 27/06/2026 15:00:00","CTA|IE","2592.40","n/e"," ","2083.12"
"27/06/2026 15:00:00 - 27/06/2026 16:00:00","CTA|IE","2397.66","n/e"," ","1944.02"
"27/06/2026 16:00:00 - 27/06/2026 17:00:00","CTA|IE","2209.08","n/e"," ","2043.84"
"27/06/2026 17:00:00 - 27/06/2026 18:00:00","CTA|IE","2036.33","n/e"," ","2053.91"
"27/06/2026 18:00:00 - 27/06/2026 19:00:00","CTA|IE","1898.03","n/e"," ","2171.56"
"27/06/2026 19:00:00 - 27/06/2026 20:00:00","CTA|IE","1814.29","n/e"," ","2253.37"
"27/06/2026 20:00:00 - 27/06/2026 21:00:00","CTA|IE","1711.85","n/e"," ","2088.24"
"27/06/2026 21:00:00 - 27/06/2026 22:00:00","CTA|IE","1607.36","n/e"," ","1828.65"
"27/06/2026 22:00:00 - 27/06/2026 23:00:00","CTA|IE","1514.49","n/e"," ","1640.32"
"27/06/2026 23:00:00 - 28/06/2026 00:00:00","CTA|IE","1453.00","n/e"," ","1572.87"
"28/06/2026 00:00:00 - 28/06/2026 01:00:00","CTA|IE","1368.30","n/e"," ","1528.29"
"28/06/2026 01:00:00 - 28/06/2026 02:00:00","CTA|IE","1490.79","n/e"," ","1485.44"
"28/06/2026 02:00:00 - 28/06/2026 03:00:00","CTA|IE","1355.10","n/e"," ","1562.48"
"28/06/2026 03:00:00 - 28/06/2026 04:00:00","CTA|IE","1232.76","n/e"," ","1397.17"
"28/06/2026 04:00:00 - 28/06/2026 05:00:00","CTA|IE","1148.01","n/e"," ","1338.79"
"28/06/2026 05:00:00 - 28/06/2026 06:00:00","CTA|IE","1072.43","n/e"," ","1434.51"
"28/06/2026 06:00:00 - 28/06/2026 07:00:00","CTA|IE","1061.06","n/e"," ","1510.38"
"28/06/2026 07:00:00 - 28/06/2026 08:00:00","CTA|IE","1137.39","n/e"," ","1475.98"
"28/06/2026 08:00:00 - 28/06/2026 09:00:00","CTA|IE","1251.64","n/e"," ","1466.03"
"28/06/2026 09:00:00 - 28/06/2026 10:00:00","CTA|IE","1379.38","n/e"," ","1460.39"
"28/06/2026 10:00:00 - 28/06/2026 11:00:00","CTA|IE","1505.20","n/e"," ","1550.54"
"28/06/2026 11:00:00 - 28/06/2026 12:00:00","CTA|IE","1633.42","n/e"," ","1525.70"
"28/06/2026 12:00:00 - 28/06/2026 13:00:00","CTA|IE","1755.31","n/e"," ","1527.06"
"28/06/2026 13:00:00 - 28/06/2026 14:00:00","CTA|IE","1874.24","n/e"," ","1492.53"
"28/06/2026 14:00:00 - 28/06/2026 15:00:00","CTA|IE","1978.92","n/e"," ","1486.34"
"28/06/2026 15:00:00 - 28/06/2026 16:00:00","CTA|IE","2062.47","n/e"," ","1490.15"
"28/06/2026 16:00:00 - 28/06/2026 17:00:00","CTA|IE","2114.87","n/e"," ","1408.68"
"28/06/2026 17:00:00 - 28/06/2026 18:00:00","CTA|IE","2107.82","n/e"," ","1515.35"
"28/06/2026 18:00:00 - 28/06/2026 19:00:00","CTA|IE","2051.73","n/e"," ","1701.11"
"28/06/2026 19:00:00 - 28/06/2026 20:00:00","CTA|IE","1975.82","n/e"," ","1955.36"
"28/06/2026 20:00:00 - 28/06/2026 21:00:00","CTA|IE","1850.80","n/e"," ","2005.28"
"28/06/2026 21:00:00 - 28/06/2026 22:00:00","CTA|IE","1666.50","n/e"," ","1830.40"
"28/06/2026 22:00:00 - 28/06/2026 23:00:00","CTA|IE","1422.89","n/e"," ","1710.02"
"28/06/2026 23:00:00 - 29/06/2026 00:00:00","CTA|IE","1178.35","n/e"," ","1573.56"
"29/06/2026 00:00:00 - 29/06/2026 01:00:00","CTA|IE","983.17","n/e"," ","1491.03"
"29/06/2026 01:00:00 - 29/06/2026 02:00:00","CTA|IE","1582.20","n/e"," ","1568.30"
"29/06/2026 02:00:00 - 29/06/2026 03:00:00","CTA|IE","1552.62","n/e"," ","1445.94"
"29/06/2026 03:00:00 - 29/06/2026 04:00:00","CTA|IE","1561.30","n/e"," ","1417.73"
"29/06/2026 04:00:00 - 29/06/2026 05:00:00","CTA|IE","1557.93","n/e"," ","1384.51"
"29/06/2026 05:00:00 - 29/06/2026 06:00:00","CTA|IE","1517.44","n/e"," ","1245.57"
"29/06/2026 06:00:00 - 29/06/2026 07:00:00","CTA|IE","1430.36","n/e"," ","1191.19"
"29/06/2026 07:00:00 - 29/06/2026 08:00:00","CTA|IE","1313.86","n/e"," ","1178.90"
"29/06/2026 08:00:00 - 29/06/2026 09:00:00","CTA|IE","1191.42","n/e"," ","1019.98"
"29/06/2026 09:00:00 - 29/06/2026 10:00:00","CTA|IE","1066.70","n/e"," ","1022.27"
"29/06/2026 10:00:00 - 29/06/2026 11:00:00","CTA|IE","1015.46","n/e"," ","1086.09"
"29/06/2026 11:00:00 - 29/06/2026 12:00:00","CTA|IE","992.69","n/e"," ","1152.85"
"29/06/2026 12:00:00 - 29/06/2026 13:00:00","CTA|IE","1011.79","n/e"," ","1265.22"
"29/06/2026 13:00:00 - 29/06/2026 14:00:00","CTA|IE","1061.08","n/e"," ","1304.62"
"29/06/2026 14:00:00 - 29/06/2026 15:00:00","CTA|IE","1108.21","n/e"," ","1370.53"
"29/06/2026 15:00:00 - 29/06/2026 16:00:00","CTA|IE","1183.28","n/e"," ","1292.65"
"29/06/2026 16:00:00 - 29/06/2026 17:00:00","CTA|IE","1268.65","n/e"," ","1232.31"
"29/06/2026 17:00:00 - 29/06/2026 18:00:00","CTA|IE","1334.50","n/e"," ","1324.98"
"29/06/2026 18:00:00 - 29/06/2026 19:00:00","CTA|IE","1371.54","n/e"," ","1368.06"
"29/06/2026 19:00:00 - 29/06/2026 20:00:00","CTA|IE","1370.79","n/e"," ","1248.93"
"29/06/2026 20:00:00 - 29/06/2026 21:00:00","CTA|IE","1325.35","n/e"," ","1440.19"
"29/06/2026 21:00:00 - 29/06/2026 22:00:00","CTA|IE","1290.05","n/e"," ","1462.36"
"29/06/2026 22:00:00 - 29/06/2026 23:00:00","CTA|IE","1301.47","n/e"," ","1536.51"
"29/06/2026 23:00:00 - 30/06/2026 00:00:00","CTA|IE","1402.07","n/e"," ","1660.88"
"30/06/2026 00:00:00 - 30/06/2026 01:00:00","CTA|IE","1568.70","n/e"," ","1732.25"
"30/06/2026 01:00:00 - 30/06/2026 02:00:00","CTA|IE","2084.44","n/e"," ","1861.47"
"30/06/2026 02:00:00 - 30/06/2026 03:00:00","CTA|IE","2181.44","n/e"," ","1911.73"
"30/06/2026 03:00:00 - 30/06/2026 04:00:00","CTA|IE","2188.47","n/e"," ","1894.49"
"30/06/2026 04:00:00 - 30/06/2026 05:00:00","CTA|IE","2086.59","n/e"," ","1930.89"
"30/06/2026 05:00:00 - 30/06/2026 06:00:00","CTA|IE","1874.70","n/e"," ","1687.54"
"30/06/2026 06:00:00 - 30/06/2026 07:00:00","CTA|IE","1600.87","n/e"," ","1468.32"
"30/06/2026 07:00:00 - 30/06/2026 08:00:00","CTA|IE","1328.80","n/e"," ","1126.21"
"30/06/2026 08:00:00 - 30/06/2026 09:00:00","CTA|IE","1074.94","n/e"," ","889.68"
"30/06/2026 09:00:00 - 30/06/2026 10:00:00","CTA|IE","849.39","n/e"," ","715.49"
"30/06/2026 10:00:00 - 30/06/2026 11:00:00","CTA|IE","688.14","n/e"," ","645.01"
"30/06/2026 11:00:00 - 30/06/2026 12:00:00","CTA|IE","614.06","n/e"," ","568.79"
"30/06/2026 12:00:00 - 30/06/2026 13:00:00","CTA|IE","591.80","n/e"," ","532.97"
"30/06/2026 13:00:00 - 30/06/2026 14:00:00","CTA|IE","604.08","n/e"," ","565.18"
"30/06/2026 14:00:00 - 30/06/2026 15:00:00","CTA|IE","643.06","n/e"," ","671.23"
"30/06/2026 15:00:00 - 30/06/2026 16:00:00","CTA|IE","718.60","n/e"," ","836.69"
"30/06/2026 16:00:00 - 30/06/2026 17:00:00","CTA|IE","821.96","n/e"," ","1094.93"
"30/06/2026 17:00:00 - 30/06/2026 18:00:00","CTA|IE","937.98","n/e"," ","1457.18"
"30/06/2026 18:00:00 - 30/06/2026 19:00:00","CTA|IE","1037.60","n/e"," ","1579.73"
"30/06/2026 19:00:00 - 30/06/2026 20:00:00","CTA|IE","1128.05","n/e"," ","1605.89"
"30/06/2026 20:00:00 - 30/06/2026 21:00:00","CTA|IE","1170.89","n/e"," ","1549.52"
"30/06/2026 21:00:00 - 30/06/2026 22:00:00","CTA|IE","1144.19","n/e"," ","1486.98"
"30/06/2026 22:00:00 - 30/06/2026 23:00:00","CTA|IE","1065.27","n/e"," ","1519.68"
"30/06/2026 23:00:00 - 01/07/2026 00:00:00","CTA|IE","975.54","n/e"," ","1388.62"
"01/07/2026 00:00:00 - 01/07/2026 01:00:00","CTA|IE","883.45","n/e"," ","1114.44"
"01/07/2026 01:00:00 - 01/07/2026 02:00:00","CTA|IE","1016.81","n/e"," ","1012.41"
"01/07/2026 02:00:00 - 01/07/2026 03:00:00","CTA|IE","852.52","n/e"," ","756.56"
"01/07/2026 03:00:00 - 01/07/2026 04:00:00","CTA|IE","715.76","n/e"," ","630.70"
"01/07/2026 04:00:00 - 01/07/2026 05:00:00","CTA|IE","614.09","n/e"," ","567.65"
"01/07/2026 05:00:00 - 01/07/2026 06:00:00","CTA|IE","516.70","n/e"," ","536.87"
"01/07/2026 06:00:00 - 01/07/2026 07:00:00","CTA|IE","412.98","n/e"," ","498.13"
"01/07/2026 07:00:00 - 01/07/2026 08:00:00","CTA|IE","327.27","n/e"," ","450.99"
"01/07/2026 08:00:00 - 01/07/2026 09:00:00","CTA|IE","282.46","n/e"," ","325.21"
"01/07/2026 09:00:00 - 01/07/2026 10:00:00","CTA|IE","274.52","n/e"," ","297.53"
"01/07/2026 10:00:00 - 01/07/2026 11:00:00","CTA|IE","315.77","n/e"," ","435.91"
"01/07/2026 11:00:00 - 01/07/2026 12:00:00","CTA|IE","454.93","n/e"," ","641.55"
"01/07/2026 12:00:00 - 01/07/2026 13:00:00","CTA|IE","727.04","n/e"," ","1190.33"
"01/07/2026 13:00:00 - 01/07/2026 14:00:00","CTA|IE","1113.91","n/e"," ","1549.71"
"01/07/2026 14:00:00 - 01/07/2026 15:00:00","CTA|IE","1530.18","n/e"," ","1897.21"
"01/07/2026 15:00:00 - 01/07/2026 16:00:00","CTA|IE","1923.34","n/e"," ","2094.26"
"01/07/2026 16:00:00 - 01/07/2026 17:00:00","CTA|IE","2243.58","n/e"," ","2091.25"
"01/07/2026 17:00:00 - 01/07/2026 18:00:00","CTA|IE","2456.19","n/e"," ","2183.39"
"01/07/2026 18:00:00 - 01/07/2026 19:00:00","CTA|IE","2557.03","n/e"," ","2328.00"
"01/07/2026 19:00:00 - 01/07/2026 20:00:00","CTA|IE","2629.19","n/e"," ","2603.59"
"01/07/2026 20:00:00 - 01/07/2026 21:00:00","CTA|IE","2670.97","n/e"," ","2538.63"
"01/07/2026 21:00:00 - 01/07/2026 22:00:00","CTA|IE","2727.29","n/e"," ","2509.80"
"01/07/2026 22:00:00 - 01/07/2026 23:00:00","CTA|IE","2806.07","n/e"," ","2557.99"
"01/07/2026 23:00:00 - 02/07/2026 00:00:00","CTA|IE","2914.16","n/e"," ","2510.72"
"02/07/2026 00:00:00 - 02/07/2026 01:00:00","CTA|IE","2972.34","n/e"," ","2390.24"
"02/07/2026 01:00:00 - 02/07/2026 02:00:00","CTA|IE","2867.83","n/e"," ","2292.50"
"02/07/2026 02:00:00 - 02/07/2026 03:00:00","CTA|IE","2693.18","n/e"," ","2186.31"
"02/07/2026 03:00:00 - 02/07/2026 04:00:00","CTA|IE","2515.70","n/e"," ","1946.21"
"02/07/2026 04:00:00 - 02/07/2026 05:00:00","CTA|IE","2272.79","n/e"," ","1808.75"
"02/07/2026 05:00:00 - 02/07/2026 06:00:00","CTA|IE","1961.39","n/e"," ","1529.98"
"02/07/2026 06:00:00 - 02/07/2026 07:00:00","CTA|IE","1622.79","n/e"," ","1368.30"
"02/07/2026 07:00:00 - 02/07/2026 08:00:00","CTA|IE","1335.67","n/e"," ","1241.23"
"02/07/2026 08:00:00 - 02/07/2026 09:00:00","CTA|IE","1107.66","n/e"," ","1155.64"
"02/07/2026 09:00:00 - 02/07/2026 10:00:00","CTA|IE","915.29","n/e"," ","1136.62"
"02/07/2026 10:00:00 - 02/07/2026 11:00:00","CTA|IE","725.95","n/e"," ","1107.96"
"02/07/2026 11:00:00 - 02/07/2026 12:00:00","CTA|IE","573.51","n/e"," ","969.46"
"02/07/2026 12:00:00 - 02/07/2026 13:00:00","CTA|IE","484.31","n/e"," ","936.08"
"02/07/2026 13:00:00 - 02/07/2026 14:00:00","CTA|IE","460.38","n/e"," ","918.71"
"02/07/2026 14:00:00 - 02/07/2026 15:00:00","CTA|IE","459.68","n/e"," ","808.32"
"02/07/2026 15:00:00 - 02/07/2026 16:00:00","CTA|IE","476.07","n/e"," ","698.99"
"02/07/2026 16:00:00 - 02/07/2026 17:00:00","CTA|IE","491.78","n/e"," ","640.46"
"02/07/2026 17:00:00 - 02/07/2026 18:00:00","CTA|IE","496.02","n/e"," ","609.65"
"02/07/2026 18:00:00 - 02/07/2026 19:00:00","CTA|IE","476.26","n/e"," ","585.94"
"02/07/2026 19:00:00 - 02/07/2026 20:00:00","CTA|IE","450.55","n/e"," ","532.12"
"02/07/2026 20:00:00 - 02/07/2026 21:00:00","CTA|IE","416.18","n/e"," ","489.50"
"02/07/2026 21:00:00 - 02/07/2026 22:00:00","CTA|IE","372.07","n/e"," ","495.59"
"02/07/2026 22:00:00 - 02/07/2026 23:00:00","CTA|IE","332.02","n/e"," ","473.42"
"02/07/2026 23:00:00 - 03/07/2026 00:00:00","CTA|IE","313.71","n/e"," ","424.44"
"03/07/2026 00:00:00 - 03/07/2026 01:00:00","CTA|IE","296.98","n/e"," ","378.99"
"03/07/2026 01:00:00 - 03/07/2026 02:00:00","CTA|IE","449.34","n/e"," ","419.94"
"03/07/2026 02:00:00 - 03/07/2026 03:00:00","CTA|IE","432.00","n/e"," ","485.73"
"03/07/2026 03:00:00 - 03/07/2026 04:00:00","CTA|IE","423.60","n/e"," ","550.84"
"03/07/2026 04:00:00 - 03/07/2026 05:00:00","CTA|IE","414.61","n/e"," ","518.17"
"03/07/2026 05:00:00 - 03/07/2026 06:00:00","CTA|IE","399.76","n/e"," ","435.87"
"03/07/2026 06:00:00 - 03/07/2026 07:00:00","CTA|IE","377.81","n/e"," ","331.84"
"03/07/2026 07:00:00 - 03/07/2026 08:00:00","CTA|IE","349.43","n/e"," ","314.41"
"03/07/2026 08:00:00 - 03/07/2026 09:00:00","CTA|IE","320.59","n/e"," ","305.86"
"03/07/2026 09:00:00 - 03/07/2026 10:00:00","CTA|IE","313.41","n/e"," ","389.99"
"03/07/2026 10:00:00 - 03/07/2026 11:00:00","CTA|IE","333.04","n/e"," ","478.65"
"03/07/2026 11:00:00 - 03/07/2026 12:00:00","CTA|IE","405.86","n/e"," ","561.01"
"03/07/2026 12:00:00 - 03/07/2026 13:00:00","CTA|IE","530.36","n/e"," ","680.87"
"03/07/2026 13:00:00 - 03/07/2026 14:00:00","CTA|IE","692.39","n/e"," ","907.90"
"03/07/2026 14:00:00 - 03/07/2026 15:00:00","CTA|IE","890.69","n/e"," ","1114.47"
"03/07/2026 15:00:00 - 03/07/2026 16:00:00","CTA|IE","1104.03","n/e"," ","1261.50"
"03/07/2026 16:00:00 - 03/07/2026 17:00:00","CTA|IE","1276.30","n/e"," ","1459.54"
"03/07/2026 17:00:00 - 03/07/2026 18:00:00","CTA|IE","1372.48","n/e"," ","1611.84"
"03/07/2026 18:00:00 - 03/07/2026 19:00:00","CTA|IE","1414.70","n/e"," ","1739.01"
"03/07/2026 19:00:00 - 03/07/2026 20:00:00","CTA|IE","1503.02","n/e"," ","1750.06"
"03/07/2026 20:00:00 - 03/07/2026 21:00:00","CTA|IE","1551.35","n/e"," ","1681.92"
"03/07/2026 21:00:00 - 03/07/2026 22:00:00","CTA|IE","1577.65","n/e"," ","1657.88"
"03/07/2026 22:00:00 - 03/07/2026 23:00:00","CTA|IE","1612.22","n/e"," ","1658.55"
"03/07/2026 23:00:00 - 04/07/2026 00:00:00","CTA|IE","1677.70","n/e"," ","1638.85"
"04/07/2026 00:00:00 - 04/07/2026 01:00:00","CTA|IE","1746.52","n/e"," ","1486.88"
"04/07/2026 01:00:00 - 04/07/2026 02:00:00","CTA|IE","1834.56","n/e"," ","1426.72"
"04/07/2026 02:00:00 - 04/07/2026 03:00:00","CTA|IE","1900.31","n/e"," ","1520.21"
"04/07/2026 03:00:00 - 04/07/2026 04:00:00","CTA|IE","1958.82","n/e"," ","1521.02"
"04/07/2026 04:00:00 - 04/07/2026 05:00:00","CTA|IE","1999.12","n/e"," ","1452.82"
"04/07/2026 05:00:00 - 04/07/2026 06:00:00","CTA|IE","2002.87","n/e"," ","1442.65"
"04/07/2026 06:00:00 - 04/07/2026 07:00:00","CTA|IE","1967.47","n/e"," ","1384.64"
"04/07/2026 07:00:00 - 04/07/2026 08:00:00","CTA|IE","1924.95","n/e"," ","1413.76"
"04/07/2026 08:00:00 - 04/07/2026 09:00:00","CTA|IE","1882.65","n/e"," ","1509.53"
"04/07/2026 09:00:00 - 04/07/2026 10:00:00","CTA|IE","1848.59","n/e"," ","1496.52"
"04/07/2026 10:00:00 - 04/07/2026 11:00:00","CTA|IE","1855.96","n/e"," ","1527.20"
"04/07/2026 11:00:00 - 04/07/2026 12:00:00","CTA|IE","1949.28","n/e"," ","1460.07"
"04/07/2026 12:00:00 - 04/07/2026 13:00:00","CTA|IE","2060.43","n/e"," ","1353.05"
"04/07/2026 13:00:00 - 04/07/2026 14:00:00","CTA|IE","2156.46","n/e"," ","1304.36"
"04/07/2026 14:00:00 - 04/07/2026 15:00:00","CTA|IE","2237.12","n/e"," ","1258.16"
"04/07/2026 15:00:00 - 04/07/2026 16:00:00","CTA|IE","2319.00","n/e"," ","1279.73"
"04/07/2026 16:00:00 - 04/07/2026 17:00:00","CTA|IE","2370.03","n/e"," ","1232.13"
"04/07/2026 17:00:00 - 04/07/2026 18:00:00","CTA|IE","2385.74","n/e"," ","1240.79"
"04/07/2026 18:00:00 - 04/07/2026 19:00:00","CTA|IE","2352.16","n/e"," ","1443.63"
"04/07/2026 19:00:00 - 04/07/2026 20:00:00","CTA|IE","2258.23","n/e"," ","1693.68"
"04/07/2026 20:00:00 - 04/07/2026 21:00:00","CTA|IE","2062.55","n/e"," ","1740.29"
"04/07/2026 21:00:00 - 04/07/2026 22:00:00","CTA|IE","1817.56","n/e"," ","1668.87"
"04/07/2026 22:00:00 - 04/07/2026 23:00:00","CTA|IE","1584.89","n/e"," ","1619.40"
"04/07/2026 23:00:00 - 05/07/2026 00:00:00","CTA|IE","1425.94","n/e"," ","1511.28"
"05/07/2026 00:00:00 - 05/07/2026 01:00:00","CTA|IE","1322.11","n/e"," ","1378.71"
"05/07/2026 01:00:00 - 05/07/2026 02:00:00","CTA|IE","1039.95","n/e"," ","1200.88"
"05/07/2026 02:00:00 - 05/07/2026 03:00:00","CTA|IE","991.18","n/e"," ","1109.66"
"05/07/2026 03:00:00 - 05/07/2026 04:00:00","CTA|IE","962.91","n/e"," ","937.57"
"05/07/2026 04:00:00 - 05/07/2026 05:00:00","CTA|IE","919.07","n/e"," ","906.45"
"05/07/2026 05:00:00 - 05/07/2026 06:00:00","CTA|IE","852.05","n/e"," ","854.90"
"05/07/2026 06:00:00 - 05/07/2026 07:00:00","CTA|IE","781.79","n/e"," ","822.63"
"05/07/2026 07:00:00 - 05/07/2026 08:00:00","CTA|IE","729.53","n/e"," ","796.14"
"05/07/2026 08:00:00 - 05/07/2026 09:00:00","CTA|IE","692.94","n/e"," ","746.14"
"05/07/2026 09:00:00 - 05/07/2026 10:00:00","CTA|IE","678.56","n/e"," ","719.55"
"05/07/2026 10:00:00 - 05/07/2026 11:00:00","CTA|IE","690.31","n/e"," ","704.78"
"05/07/2026 11:00:00 - 05/07/2026 12:00:00","CTA|IE","742.66","n/e"," ","745.00"
"05/07/2026 12:00:00 - 05/07/2026 13:00:00","CTA|IE","813.82","n/e"," ","806.30"
"05/07/2026 13:00:00 - 05/07/2026 14:00:00","CTA|IE","908.44","n/e"," ","724.15"
"05/07/2026 14:00:00 - 05/07/2026 15:00:00","CTA|IE","1015.76","n/e"," ","731.13"
"05/07/2026 15:00:00 - 05/07/2026 16:00:00","CTA|IE","1151.07","n/e"," ","838.87"
"05/07/2026 16:00:00 - 05/07/2026 17:00:00","CTA|IE","1290.67","n/e"," ","824.20"
"05/07/2026 17:00:00 - 05/07/2026 18:00:00","CTA|IE","1400.83","n/e"," ","908.08"
"05/07/2026 18:00:00 - 05/07/2026 19:00:00","CTA|IE","1460.09","n/e"," ","1099.13"
"05/07/2026 19:00:00 - 05/07/2026 20:00:00","CTA|IE","1470.84","n/e"," ","1121.74"
"05/07/2026 20:00:00 - 05/07/2026 21:00:00","CTA|IE","1422.42","n/e"," ","1061.52"
"05/07/2026 21:00:00 - 05/07/2026 22:00:00","CTA|IE","1333.35","n/e"," ","1012.26"
"05/07/2026 22:00:00 - 05/07/2026 23:00:00","CTA|IE","1215.85","n/e"," ","954.74"
"05/07/2026 23:00:00 - 06/07/2026 00:00:00","CTA|IE","1117.29","n/e"," ","983.24"
"06/07/2026 00:00:00 - 06/07/2026 01:00:00","CTA|IE","1050.63","n/e"," ","1051.98"
"06/07/2026 01:00:00 - 06/07/2026 02:00:00","CTA|IE","899.38","n/e"," ","1094.31"
"06/07/2026 02:00:00 - 06/07/2026 03:00:00","CTA|IE","887.50","n/e"," ","1156.65"
"06/07/2026 03:00:00 - 06/07/2026 04:00:00","CTA|IE","872.32","n/e"," ","1179.20"
"06/07/2026 04:00:00 - 06/07/2026 05:00:00","CTA|IE","833.27","n/e"," ","1188.13"
"06/07/2026 05:00:00 - 06/07/2026 06:00:00","CTA|IE","773.46","n/e"," ","1219.08"
"06/07/2026 06:00:00 - 06/07/2026 07:00:00","CTA|IE","714.82","n/e"," ","1209.83"
"06/07/2026 07:00:00 - 06/07/2026 08:00:00","CTA|IE","672.69","n/e"," ","1160.93"
"06/07/2026 08:00:00 - 06/07/2026 09:00:00","CTA|IE","640.40","n/e"," ","1097.57"
"06/07/2026 09:00:00 - 06/07/2026 10:00:00","CTA|IE","597.81","n/e"," ","1014.53"
"06/07/2026 10:00:00 - 06/07/2026 11:00:00","CTA|IE","589.73","n/e"," ","939.37"
"06/07/2026 11:00:00 - 06/07/2026 12:00:00","CTA|IE","617.00","n/e"," ","897.10"
"06/07/2026 12:00:00 - 06/07/2026 13:00:00","CTA|IE","660.70","n/e"," ","888.05"
"06/07/2026 13:00:00 - 06/07/2026 14:00:00","CTA|IE","706.80","n/e"," ","928.56"
"06/07/2026 14:00:00 - 06/07/2026 15:00:00","CTA|IE","769.86","n/e"," ","946.96"
"06/07/2026 15:00:00 - 06/07/2026 16:00:00","CTA|IE","861.18","n/e"," ","972.41"
"06/07/2026 16:00:00 - 06/07/2026 17:00:00","CTA|IE","954.85","n/e"," ","1069.27"
"06/07/2026 17:00:00 - 06/07/2026 18:00:00","CTA|IE","1008.24","n/e"," ","1114.84"
"06/07/2026 18:00:00 - 06/07/2026 19:00:00","CTA|IE","1016.81","n/e"," ","1080.30"
"06/07/2026 19:00:00 - 06/07/2026 20:00:00","CTA|IE","1007.60","n/e"," ","1109.76"
"06/07/2026 20:00:00 - 06/07/2026 21:00:00","CTA|IE","952.39","n/e"," ","1013.47"
"06/07/2026 21:00:00 - 06/07/2026 22:00:00","CTA|IE","853.52","n/e"," ","1004.25"
"06/07/2026 22:00:00 - 06/07/2026 23:00:00","CTA|IE","736.25","n/e"," ","930.53"
"06/07/2026 23:00:00 - 07/07/2026 00:00:00","CTA|IE","650.85","n/e"," ","984.88"
"07/07/2026 00:00:00 - 07/07/2026 01:00:00","CTA|IE","591.36","n/e"," ","1137.70"
"07/07/2026 01:00:00 - 07/07/2026 02:00:00","CTA|IE","596.57","n/e"," ","1100.53"
"07/07/2026 02:00:00 - 07/07/2026 03:00:00","CTA|IE","555.86","n/e"," ","1045.37"
"07/07/2026 03:00:00 - 07/07/2026 04:00:00","CTA|IE","524.04","n/e"," ","980.42"
"07/07/2026 04:00:00 - 07/07/2026 05:00:00","CTA|IE","499.13","n/e"," ","1006.39"
"07/07/2026 05:00:00 - 07/07/2026 06:00:00","CTA|IE","471.63","n/e"," ","982.48"
"07/07/2026 06:00:00 - 07/07/2026 07:00:00","CTA|IE","439.98","n/e"," ","930.40"
"07/07/2026 07:00:00 - 07/07/2026 08:00:00","CTA|IE","414.23","n/e"," ","880.86"
"07/07/2026 08:00:00 - 07/07/2026 09:00:00","CTA|IE","386.61","n/e"," ","817.06"
"07/07/2026 09:00:00 - 07/07/2026 10:00:00","CTA|IE","359.34","n/e"," ","737.38"
"07/07/2026 10:00:00 - 07/07/2026 11:00:00","CTA|IE","350.98","n/e"," ","570.45"
"07/07/2026 11:00:00 - 07/07/2026 12:00:00","CTA|IE","356.75","n/e"," ","500.99"
"07/07/2026 12:00:00 - 07/07/2026 13:00:00","CTA|IE","372.34","n/e"," ","485.92"
"07/07/2026 13:00:00 - 07/07/2026 14:00:00","CTA|IE","398.67","n/e"," ","445.81"
"07/07/2026 14:00:00 - 07/07/2026 15:00:00","CTA|IE","437.73","n/e"," ","501.52"
"07/07/2026 15:00:00 - 07/07/2026 16:00:00","CTA|IE","487.49","n/e"," ","483.64"
"07/07/2026 16:00:00 - 07/07/2026 17:00:00","CTA|IE","526.79","n/e"," ","454.66"
"07/07/2026 17:00:00 - 07/07/2026 18:00:00","CTA|IE","548.84","n/e"," ","411.87"
"07/07/2026 18:00:00 - 07/07/2026 19:00:00","CTA|IE","560.21","n/e"," ","380.85"
"07/07/2026 19:00:00 - 07/07/2026 20:00:00","CTA|IE","557.09","n/e"," ","354.04"
"07/07/2026 20:00:00 - 07/07/2026 21:00:00","CTA|IE","519.09","n/e"," ","373.22"
"07/07/2026 21:00:00 - 07/07/2026 22:00:00","CTA|IE","450.17","n/e"," ","291.32"
"07/07/2026 22:00:00 - 07/07/2026 23:00:00","CTA|IE","374.31","n/e"," ","250.70"
"07/07/2026 23:00:00 - 08/07/2026 00:00:00","CTA|IE","318.78","n/e"," ","205.98"
"08/07/2026 00:00:00 - 08/07/2026 01:00:00","CTA|IE","275.48","n/e"," ","163.34"
"08/07/2026 01:00:00 - 08/07/2026 02:00:00","CTA|IE","234.95","n/e"," ","125.29"
"08/07/2026 02:00:00 - 08/07/2026 03:00:00","CTA|IE","185.81","n/e"," ","107.40"
"08/07/2026 03:00:00 - 08/07/2026 04:00:00","CTA|IE","155.95","n/e"," ","70.69"
"08/07/2026 04:00:00 - 08/07/2026 05:00:00","CTA|IE","139.66","n/e"," ","58.21"
"08/07/2026 05:00:00 - 08/07/2026 06:00:00","CTA|IE","124.66","n/e"," ","57.49"
"08/07/2026 06:00:00 - 08/07/2026 07:00:00","CTA|IE","112.94","n/e"," ","50.15"
"08/07/2026 07:00:00 - 08/07/2026 08:00:00","CTA|IE","106.57","n/e"," ","54.81"
"08/07/2026 08:00:00 - 08/07/2026 09:00:00","CTA|IE","98.51","n/e"," ","32.35"
"08/07/2026 09:00:00 - 08/07/2026 10:00:00","CTA|IE","84.41","n/e"," ","4.84"
"08/07/2026 10:00:00 - 08/07/2026 11:00:00","CTA|IE","73.80","n/e"," ","N/A"
"08/07/2026 11:00:00 - 08/07/2026 12:00:00","CTA|IE","80.77","n/e"," ","7.75"
"08/07/2026 12:00:00 - 08/07/2026 13:00:00","CTA|IE","109.82","n/e"," ","51.66"
"08/07/2026 13:00:00 - 08/07/2026 14:00:00","CTA|IE","156.00","n/e"," ","152.98"
"08/07/2026 14:00:00 - 08/07/2026 15:00:00","CTA|IE","219.50","n/e"," ","201.19"
"08/07/2026 15:00:00 - 08/07/2026 16:00:00","CTA|IE","289.31","n/e"," ","172.65"
"08/07/2026 16:00:00 - 08/07/2026 17:00:00","CTA|IE","346.28","n/e"," ","176.30"
"08/07/2026 17:00:00 - 08/07/2026 18:00:00","CTA|IE","381.89","n/e"," ","217.60"
"08/07/2026 18:00:00 - 08/07/2026 19:00:00","CTA|IE","391.87","n/e"," ","341.58"
"08/07/2026 19:00:00 - 08/07/2026 20:00:00","CTA|IE","385.17","n/e"," ","496.24"
"08/07/2026 20:00:00 - 08/07/2026 21:00:00","CTA|IE","374.05","n/e"," ","598.28"
"08/07/2026 21:00:00 - 08/07/2026 22:00:00","CTA|IE","379.17","n/e"," ","522.33"
"08/07/2026 22:00:00 - 08/07/2026 23:00:00","CTA|IE","392.78","n/e"," ","484.51"
"08/07/2026 23:00:00 - 09/07/2026 00:00:00","CTA|IE","403.03","n/e"," ","473.83"
"09/07/2026 00:00:00 - 09/07/2026 01:00:00","CTA|IE","389.50","n/e"," ","446.84"
"09/07/2026 01:00:00 - 09/07/2026 02:00:00","CTA|IE","464.69","n/e"," ","432.49"
"09/07/2026 02:00:00 - 09/07/2026 03:00:00","CTA|IE","445.11","n/e"," ","367.83"
"09/07/2026 03:00:00 - 09/07/2026 04:00:00","CTA|IE","422.63","n/e"," ","343.46"
"09/07/2026 04:00:00 - 09/07/2026 05:00:00","CTA|IE","399.58","n/e"," ","344.66"
"09/07/2026 05:00:00 - 09/07/2026 06:00:00","CTA|IE","367.17","n/e"," ","285.44"
"09/07/2026 06:00:00 - 09/07/2026 07:00:00","CTA|IE","321.39","n/e"," ","229.63"
"09/07/2026 07:00:00 - 09/07/2026 08:00:00","CTA|IE","281.58","n/e"," ","182.82"
"09/07/2026 08:00:00 - 09/07/2026 09:00:00","CTA|IE","250.33","n/e"," ","138.96"
"09/07/2026 09:00:00 - 09/07/2026 10:00:00","CTA|IE","227.35","n/e"," ","170.37"
"09/07/2026 10:00:00 - 09/07/2026 11:00:00","CTA|IE","219.92","n/e"," ","176.58"
"09/07/2026 11:00:00 - 09/07/2026 12:00:00","CTA|IE","227.42","n/e"," ","127.43"
"09/07/2026 12:00:00 - 09/07/2026 13:00:00","CTA|IE","241.51","n/e"," ","97.23"
"09/07/2026 13:00:00 - 09/07/2026 14:00:00","CTA|IE","249.84","n/e"," ","82.78"
"09/07/2026 14:00:00 - 09/07/2026 15:00:00","CTA|IE","255.65","n/e"," ","105.95"
"09/07/2026 15:00:00 - 09/07/2026 16:00:00","CTA|IE","266.53","n/e"," ","106.31"
"09/07/2026 16:00:00 - 09/07/2026 17:00:00","CTA|IE","271.58","n/e"," ","117.86"
"09/07/2026 17:00:00 - 09/07/2026 18:00:00","CTA|IE","266.52","n/e"," ","114.32"
"09/07/2026 18:00:00 - 09/07/2026 19:00:00","CTA|IE","262.53","n/e"," ","88.48"
"09/07/2026 19:00:00 - 09/07/2026 20:00:00","CTA|IE","246.86","n/e"," ","68.60"
"09/07/2026 20:00:00 - 09/07/2026 21:00:00","CTA|IE","223.44","n/e"," ","53.35"
"09/07/2026 21:00:00 - 09/07/2026 22:00:00","CTA|IE","203.66","n/e"," ","66.22"
"09/07/2026 22:00:00 - 09/07/2026 23:00:00","CTA|IE","196.85","n/e"," ","81.47"
"09/07/2026 23:00:00 - 10/07/2026 00:00:00","CTA|IE","217.03","n/e"," ","111.39"
"10/07/2026 00:00:00 - 10/07/2026 01:00:00","CTA|IE","239.42","n/e"," ","124.82"
"10/07/2026 01:00:00 - 10/07/2026 02:00:00","CTA|IE","235.80","n/e"," ","130.51"
"10/07/2026 02:00:00 - 10/07/2026 03:00:00","CTA|IE","215.45","n/e"," ","133.05"
"10/07/2026 03:00:00 - 10/07/2026 04:00:00","CTA|IE","208.30","n/e"," ","169.21"
"10/07/2026 04:00:00 - 10/07/2026 05:00:00","CTA|IE","212.05","n/e"," ","203.10"
"10/07/2026 05:00:00 - 10/07/2026 06:00:00","CTA|IE","225.64","n/e"," ","228.10"
"10/07/2026 06:00:00 - 10/07/2026 07:00:00","CTA|IE","245.17","n/e"," ","255.78"
"10/07/2026 07:00:00 - 10/07/2026 08:00:00","CTA|IE","258.58","n/e"," ","247.04"
"10/07/2026 08:00:00 - 10/07/2026 09:00:00","CTA|IE","239.99","n/e"," ","208.12"
"10/07/2026 09:00:00 - 10/07/2026 10:00:00","CTA|IE","200.06","n/e"," ","127.36"
"10/07/2026 10:00:00 - 10/07/2026 11:00:00","CTA|IE","172.56","n/e"," ","103.31"
"10/07/2026 11:00:00 - 10/07/2026 12:00:00","CTA|IE","169.32","n/e"," ","130.92"
"10/07/2026 12:00:00 - 10/07/2026 13:00:00","CTA|IE","183.08","n/e"," ","150.80"
"10/07/2026 13:00:00 - 10/07/2026 14:00:00","CTA|IE","206.53","n/e"," ","137.03"
"10/07/2026 14:00:00 - 10/07/2026 15:00:00","CTA|IE","229.87","n/e"," ","155.27"
"10/07/2026 15:00:00 - 10/07/2026 16:00:00","CTA|IE","261.68","n/e"," ","185.76"
"10/07/2026 16:00:00 - 10/07/2026 17:00:00","CTA|IE","305.58","n/e"," ","222.76"
"10/07/2026 17:00:00 - 10/07/2026 18:00:00","CTA|IE","367.60","n/e"," ","314.27"
"10/07/2026 18:00:00 - 10/07/2026 19:00:00","CTA|IE","433.64","n/e"," ","396.46"
"10/07/2026 19:00:00 - 10/07/2026 20:00:00","CTA|IE","509.85","n/e"," ","436.22"
"10/07/2026 20:00:00 - 10/07/2026 21:00:00","CTA|IE","590.53","n/e"," ","506.31"
"10/07/2026 21:00:00 - 10/07/2026 22:00:00","CTA|IE","676.58","n/e"," ","583.10"
"10/07/2026 22:00:00 - 10/07/2026 23:00:00","CTA|IE","747.20","n/e"," ","748.17"
"10/07/2026 23:00:00 - 11/07/2026 00:00:00","CTA|IE","805.76","n/e"," ","975.07"
"11/07/2026 00:00:00 - 11/07/2026 01:00:00","CTA|IE","837.71","n/e"," ","1105.93"
"11/07/2026 01:00:00 - 11/07/2026 02:00:00","CTA|IE","1135.77","n/e"," ","1064.93"
"11/07/2026 02:00:00 - 11/07/2026 03:00:00","CTA|IE","1160.10","n/e"," ","1016.00"
"11/07/2026 03:00:00 - 11/07/2026 04:00:00","CTA|IE","1145.51","n/e"," ","1033.18"
"11/07/2026 04:00:00 - 11/07/2026 05:00:00","CTA|IE","1135.49","n/e"," ","990.60"
"11/07/2026 05:00:00 - 11/07/2026 06:00:00","CTA|IE","1149.89","n/e"," ","1026.50"
"11/07/2026 06:00:00 - 11/07/2026 07:00:00","CTA|IE","1148.89","n/e"," ","1044.99"
"11/07/2026 07:00:00 - 11/07/2026 08:00:00","CTA|IE","1109.13","n/e"," ","964.25"
"11/07/2026 08:00:00 - 11/07/2026 09:00:00","CTA|IE","998.29","n/e"," ","932.09"
"11/07/2026 09:00:00 - 11/07/2026 10:00:00","CTA|IE","896.16","n/e"," ","919.29"
"11/07/2026 10:00:00 - 11/07/2026 11:00:00","CTA|IE","831.77","n/e"," ","931.77"
"11/07/2026 11:00:00 - 11/07/2026 12:00:00","CTA|IE","802.26","n/e"," ","848.15"
"11/07/2026 12:00:00 - 11/07/2026 13:00:00","CTA|IE","796.71","n/e"," ","763.61"
"11/07/2026 13:00:00 - 11/07/2026 14:00:00","CTA|IE","792.76","n/e"," ","688.45"
"11/07/2026 14:00:00 - 11/07/2026 15:00:00","CTA|IE","764.20","n/e"," ","662.74"
"11/07/2026 15:00:00 - 11/07/2026 16:00:00","CTA|IE","708.59","n/e"," ","597.59"
"11/07/2026 16:00:00 - 11/07/2026 17:00:00","CTA|IE","650.78","n/e"," ","590.08"
"11/07/2026 17:00:00 - 11/07/2026 18:00:00","CTA|IE","622.28","n/e"," ","658.19"
"11/07/2026 18:00:00 - 11/07/2026 19:00:00","CTA|IE","602.20","n/e"," ","703.99"
"11/07/2026 19:00:00 - 11/07/2026 20:00:00","CTA|IE","609.29","n/e"," ","752.91"
"11/07/2026 20:00:00 - 11/07/2026 21:00:00","CTA|IE","634.99","n/e"," ","787.24"
"11/07/2026 21:00:00 - 11/07/2026 22:00:00","CTA|IE","672.96","n/e"," ","817.37"
"11/07/2026 22:00:00 - 11/07/2026 23:00:00","CTA|IE","702.63","n/e"," ","902.33"
"11/07/2026 23:00:00 - 12/07/2026 00:00:00","CTA|IE","750.32","n/e"," ","1087.33"
"12/07/2026 00:00:00 - 12/07/2026 01:00:00","CTA|IE","802.09","n/e"," ","1165.58"
"12/07/2026 01:00:00 - 12/07/2026 02:00:00","CTA|IE","1091.39","n/e"," ","1078.13"
"12/07/2026 02:00:00 - 12/07/2026 03:00:00","CTA|IE","1051.98","n/e"," ","992.68"
"12/07/2026 03:00:00 - 12/07/2026 04:00:00","CTA|IE","963.22","n/e"," ","910.46"
"12/07/2026 04:00:00 - 12/07/2026 05:00:00","CTA|IE","890.66","n/e"," ","902.24"
"12/07/2026 05:00:00 - 12/07/2026 06:00:00","CTA|IE","875.07","n/e"," ","916.05"
"12/07/2026 06:00:00 - 12/07/2026 07:00:00","CTA|IE","887.96","n/e"," ","947.17"
"12/07/2026 07:00:00 - 12/07/2026 08:00:00","CTA|IE","890.90","n/e"," ","972.89"
"12/07/2026 08:00:00 - 12/07/2026 09:00:00","CTA|IE","833.10","n/e"," ","872.27"
"12/07/2026 09:00:00 - 12/07/2026 10:00:00","CTA|IE","761.84","n/e"," ","786.42"
"12/07/2026 10:00:00 - 12/07/2026 11:00:00","CTA|IE","782.22","n/e"," ","802.89"
"12/07/2026 11:00:00 - 12/07/2026 12:00:00","CTA|IE","873.97","n/e"," ","687.55"
"12/07/2026 12:00:00 - 12/07/2026 13:00:00","CTA|IE","978.01","n/e"," ","661.30"
"12/07/2026 13:00:00 - 12/07/2026 14:00:00","CTA|IE","1115.06","n/e"," ","779.02"
"12/07/2026 14:00:00 - 12/07/2026 15:00:00","CTA|IE","1235.96","n/e"," ","843.87"
"12/07/2026 15:00:00 - 12/07/2026 16:00:00","CTA|IE","1328.85","n/e"," ","864.43"
"12/07/2026 16:00:00 - 12/07/2026 17:00:00","CTA|IE","1394.48","n/e"," ","849.60"
"12/07/2026 17:00:00 - 12/07/2026 18:00:00","CTA|IE","1453.78","n/e"," ","750.01"
"12/07/2026 18:00:00 - 12/07/2026 19:00:00","CTA|IE","1478.52","n/e"," ","1010.99"
"12/07/2026 19:00:00 - 12/07/2026 20:00:00","CTA|IE","1473.78","n/e"," ","1410.37"
"12/07/2026 20:00:00 - 12/07/2026 21:00:00","CTA|IE","1432.28","n/e"," ","1496.52"
"12/07/2026 21:00:00 - 12/07/2026 22:00:00","CTA|IE","1376.23","n/e"," ","1436.50"
"12/07/2026 22:00:00 - 12/07/2026 23:00:00","CTA|IE","1302.50","n/e"," ","1502.72"
"12/07/2026 23:00:00 - 13/07/2026 00:00:00","CTA|IE","1333.68","n/e"," ","1779.10"
"13/07/2026 00:00:00 - 13/07/2026 01:00:00","CTA|IE","1456.10","n/e"," ","1743.53"
"13/07/2026 01:00:00 - 13/07/2026 02:00:00","CTA|IE","1851.31","n/e"," ","1591.22"
"13/07/2026 02:00:00 - 13/07/2026 03:00:00","CTA|IE","1948.06","n/e"," ","1698.37"
"13/07/2026 03:00:00 - 13/07/2026 04:00:00","CTA|IE","1999.15","n/e"," ","1661.90"
"13/07/2026 04:00:00 - 13/07/2026 05:00:00","CTA|IE","2000.35","n/e"," ","1577.12"
"13/07/2026 05:00:00 - 13/07/2026 06:00:00","CTA|IE","1958.81","n/e"," ","1517.21"
"13/07/2026 06:00:00 - 13/07/2026 07:00:00","CTA|IE","1903.27","n/e"," ","1391.13"
"13/07/2026 07:00:00 - 13/07/2026 08:00:00","CTA|IE","1862.95","n/e"," ","1322.31"
"13/07/2026 08:00:00 - 13/07/2026 09:00:00","CTA|IE","1800.20","n/e"," ","1253.73"
"13/07/2026 09:00:00 - 13/07/2026 10:00:00","CTA|IE","1779.01","n/e"," ","1065.37"
"13/07/2026 10:00:00 - 13/07/2026 11:00:00","CTA|IE","1805.73","n/e"," ","1073.84"
"13/07/2026 11:00:00 - 13/07/2026 12:00:00","CTA|IE","1831.94","n/e"," ","1063.63"
"13/07/2026 12:00:00 - 13/07/2026 13:00:00","CTA|IE","1882.73","n/e"," ","1113.08"
"13/07/2026 13:00:00 - 13/07/2026 14:00:00","CTA|IE","1952.38","n/e"," ","1027.71"
"13/07/2026 14:00:00 - 13/07/2026 15:00:00","CTA|IE","1999.59","n/e"," ","1007.22"
"13/07/2026 15:00:00 - 13/07/2026 16:00:00","CTA|IE","2016.94","n/e"," ","981.53"
"13/07/2026 16:00:00 - 13/07/2026 17:00:00","CTA|IE","1987.41","n/e"," ","1000.74"
"13/07/2026 17:00:00 - 13/07/2026 18:00:00","CTA|IE","1924.37","n/e"," ","1133.52"
"13/07/2026 18:00:00 - 13/07/2026 19:00:00","CTA|IE","1806.97","n/e"," ","1274.42"
"13/07/2026 19:00:00 - 13/07/2026 20:00:00","CTA|IE","1673.11","n/e"," ","1304.39"
"13/07/2026 20:00:00 - 13/07/2026 21:00:00","CTA|IE","1549.70","n/e"," ","1320.25"
"13/07/2026 21:00:00 - 13/07/2026 22:00:00","CTA|IE","1465.06","n/e"," ","1101.16"
"13/07/2026 22:00:00 - 13/07/2026 23:00:00","CTA|IE","1374.27","n/e"," ","1160.69"
"13/07/2026 23:00:00 - 14/07/2026 00:00:00","CTA|IE","1357.73","n/e"," ","1321.51"
"14/07/2026 00:00:00 - 14/07/2026 01:00:00","CTA|IE","1399.87","n/e"," ","1316.55"
"14/07/2026 01:00:00 - 14/07/2026 02:00:00","CTA|IE","1468.21","n/e"," ","1301.07"
"14/07/2026 02:00:00 - 14/07/2026 03:00:00","CTA|IE","1496.21","n/e"," ","1213.54"
"14/07/2026 03:00:00 - 14/07/2026 04:00:00","CTA|IE","1500.14","n/e"," ","1186.34"
"14/07/2026 04:00:00 - 14/07/2026 05:00:00","CTA|IE","1482.20","n/e"," ","1168.51"
"14/07/2026 05:00:00 - 14/07/2026 06:00:00","CTA|IE","1462.32","n/e"," ","1092.60"
"14/07/2026 06:00:00 - 14/07/2026 07:00:00","CTA|IE","1434.81","n/e"," ","1062.60"
"14/07/2026 07:00:00 - 14/07/2026 08:00:00","CTA|IE","1385.02","n/e"," ","1013.00"
"14/07/2026 08:00:00 - 14/07/2026 09:00:00","CTA|IE","1239.24","n/e"," ","877.37"
"14/07/2026 09:00:00 - 14/07/2026 10:00:00","CTA|IE","1107.27","n/e"," ","765.00"
"14/07/2026 10:00:00 - 14/07/2026 11:00:00","CTA|IE","1136.79","n/e"," ","644.67"
"14/07/2026 11:00:00 - 14/07/2026 12:00:00","CTA|IE","1263.83","n/e"," ","648.27"
"14/07/2026 12:00:00 - 14/07/2026 13:00:00","CTA|IE","1372.66","n/e"," ","680.17"
"14/07/2026 13:00:00 - 14/07/2026 14:00:00","CTA|IE","1516.21","n/e"," ","816.41"
"14/07/2026 14:00:00 - 14/07/2026 15:00:00","CTA|IE","1635.12","n/e"," ","956.11"
"14/07/2026 15:00:00 - 14/07/2026 16:00:00","CTA|IE","1717.76","n/e"," ","1000.40"
"14/07/2026 16:00:00 - 14/07/2026 17:00:00","CTA|IE","1772.29","n/e"," ","1053.88"
"14/07/2026 17:00:00 - 14/07/2026 18:00:00","CTA|IE","1793.57","n/e"," ","1148.65"
"14/07/2026 18:00:00 - 14/07/2026 19:00:00","CTA|IE","1737.02","n/e"," ","1134.08"
"14/07/2026 19:00:00 - 14/07/2026 20:00:00","CTA|IE","1616.14","n/e"," ","1027.21"
"14/07/2026 20:00:00 - 14/07/2026 21:00:00","CTA|IE","1439.15","n/e"," ","877.30"
"14/07/2026 21:00:00 - 14/07/2026 22:00:00","CTA|IE","1255.54","n/e"," ","647.85"
"14/07/2026 22:00:00 - 14/07/2026 23:00:00","CTA|IE","1081.01","n/e"," ","662.80"
"14/07/2026 23:00:00 - 15/07/2026 00:00:00","CTA|IE","1035.65","n/e"," ","747.09"
"15/07/2026 00:00:00 - 15/07/2026 01:00:00","CTA|IE","1083.79","n/e"," ","799.30"
"15/07/2026 01:00:00 - 15/07/2026 02:00:00","CTA|IE","800.09","n/e"," ","752.56"
"15/07/2026 02:00:00 - 15/07/2026 03:00:00","CTA|IE","812.32","n/e"," ","762.93"
"15/07/2026 03:00:00 - 15/07/2026 04:00:00","CTA|IE","847.44","n/e"," ","770.33"
"15/07/2026 04:00:00 - 15/07/2026 05:00:00","CTA|IE","880.53","n/e"," ","746.14"
"15/07/2026 05:00:00 - 15/07/2026 06:00:00","CTA|IE","899.79","n/e"," ","717.89"
"15/07/2026 06:00:00 - 15/07/2026 07:00:00","CTA|IE","891.42","n/e"," ","738.43"
"15/07/2026 07:00:00 - 15/07/2026 08:00:00","CTA|IE","857.82","n/e"," ","733.61"
"15/07/2026 08:00:00 - 15/07/2026 09:00:00","CTA|IE","771.74","n/e"," ","674.86"
"15/07/2026 09:00:00 - 15/07/2026 10:00:00","CTA|IE","653.87","n/e"," ","545.78"
"15/07/2026 10:00:00 - 15/07/2026 11:00:00","CTA|IE","606.25","n/e"," ","374.21"
"15/07/2026 11:00:00 - 15/07/2026 12:00:00","CTA|IE","610.41","n/e"," ","322.16"
"15/07/2026 12:00:00 - 15/07/2026 13:00:00","CTA|IE","612.27","n/e"," ","337.98"
"15/07/2026 13:00:00 - 15/07/2026 14:00:00","CTA|IE","625.43","n/e"," ","357.41"
"15/07/2026 14:00:00 - 15/07/2026 15:00:00","CTA|IE","639.95","n/e"," ","311.93"
"15/07/2026 15:00:00 - 15/07/2026 16:00:00","CTA|IE","650.06","n/e"," ","336.15"
"15/07/2026 16:00:00 - 15/07/2026 17:00:00","CTA|IE","651.05","n/e"," ","347.42"
"15/07/2026 17:00:00 - 15/07/2026 18:00:00","CTA|IE","635.40","n/e"," ","413.16"
"15/07/2026 18:00:00 - 15/07/2026 19:00:00","CTA|IE","606.67","n/e"," ","449.08"
"15/07/2026 19:00:00 - 15/07/2026 20:00:00","CTA|IE","566.07","n/e"," ","421.91"
"15/07/2026 20:00:00 - 15/07/2026 21:00:00","CTA|IE","513.02","n/e"," ","448.61"
"15/07/2026 21:00:00 - 15/07/2026 22:00:00","CTA|IE","465.88","n/e"," ","419.16"
"15/07/2026 22:00:00 - 15/07/2026 23:00:00","CTA|IE","428.22","n/e"," ","409.23"
"15/07/2026 23:00:00 - 16/07/2026 00:00:00","CTA|IE","425.88","n/e"," ","443.95"
"16/07/2026 00:00:00 - 16/07/2026 01:00:00","CTA|IE","451.47","n/e"," ","479.72"
"16/07/2026 01:00:00 - 16/07/2026 02:00:00","CTA|IE","467.50","n/e"," ","420.82"
"16/07/2026 02:00:00 - 16/07/2026 03:00:00","CTA|IE","471.86","n/e"," ","344.96"
"16/07/2026 03:00:00 - 16/07/2026 04:00:00","CTA|IE","486.87","n/e"," ","289.07"
"16/07/2026 04:00:00 - 16/07/2026 05:00:00","CTA|IE","497.91","n/e"," ","281.95"
"16/07/2026 05:00:00 - 16/07/2026 06:00:00","CTA|IE","493.68","n/e"," ","251.07"
"16/07/2026 06:00:00 - 16/07/2026 07:00:00","CTA|IE","465.34","n/e"," ","225.18"
"16/07/2026 07:00:00 - 16/07/2026 08:00:00","CTA|IE","421.16","n/e"," ","220.74"
"16/07/2026 08:00:00 - 16/07/2026 09:00:00","CTA|IE","363.12","n/e"," ","166.04"
"16/07/2026 09:00:00 - 16/07/2026 10:00:00","CTA|IE","286.76","n/e"," ","104.67"
"16/07/2026 10:00:00 - 16/07/2026 11:00:00","CTA|IE","210.93","n/e"," ","57.79"
"16/07/2026 11:00:00 - 16/07/2026 12:00:00","CTA|IE","182.66","n/e"," ","57.77"
"16/07/2026 12:00:00 - 16/07/2026 13:00:00","CTA|IE","216.10","n/e"," ","105.44"
"16/07/2026 13:00:00 - 16/07/2026 14:00:00","CTA|IE","278.58","n/e"," ","152.30"
"16/07/2026 14:00:00 - 16/07/2026 15:00:00","CTA|IE","296.24","n/e"," ","171.97"
"16/07/2026 15:00:00 - 16/07/2026 16:00:00","CTA|IE","280.61","n/e"," ","198.49"
"16/07/2026 16:00:00 - 16/07/2026 17:00:00","CTA|IE","281.25","n/e"," ","223.48"
"16/07/2026 17:00:00 - 16/07/2026 18:00:00","CTA|IE","304.00","n/e"," ","281.32"
"16/07/2026 18:00:00 - 16/07/2026 19:00:00","CTA|IE","334.19","n/e"," ","297.95"
"16/07/2026 19:00:00 - 16/07/2026 20:00:00","CTA|IE","363.80","n/e"," ","350.84"
"16/07/2026 20:00:00 - 16/07/2026 21:00:00","CTA|IE","397.14","n/e"," ","316.40"
"16/07/2026 21:00:00 - 16/07/2026 22:00:00","CTA|IE","438.20","n/e"," ","344.81"
"16/07/2026 22:00:00 - 16/07/2026 23:00:00","CTA|IE","462.69","n/e"," ","425.61"
"16/07/2026 23:00:00 - 17/07/2026 00:00:00","CTA|IE","477.95","n/e"," ","437.84"
"17/07/2026 00:00:00 - 17/07/2026 01:00:00","CTA|IE","480.52","n/e"," ","397.02"
"17/07/2026 01:00:00 - 17/07/2026 02:00:00","CTA|IE","567.01","n/e"," ","362.78"
"17/07/2026 02:00:00 - 17/07/2026 03:00:00","CTA|IE","503.21","n/e"," ","376.64"
"17/07/2026 03:00:00 - 17/07/2026 04:00:00","CTA|IE","439.36","n/e"," ","379.63"
"17/07/2026 04:00:00 - 17/07/2026 05:00:00","CTA|IE","417.68","n/e"," ","423.80"
"17/07/2026 05:00:00 - 17/07/2026 06:00:00","CTA|IE","431.09","n/e"," ","470.56"
"17/07/2026 06:00:00 - 17/07/2026 07:00:00","CTA|IE","455.62","n/e"," ","510.05"
"17/07/2026 07:00:00 - 17/07/2026 08:00:00","CTA|IE","465.98","n/e"," ","483.30"
"17/07/2026 08:00:00 - 17/07/2026 09:00:00","CTA|IE","438.71","n/e"," ","474.52"
"17/07/2026 09:00:00 - 17/07/2026 10:00:00","CTA|IE","386.26","n/e"," ","373.58"
"17/07/2026 10:00:00 - 17/07/2026 11:00:00","CTA|IE","333.04","n/e"," ","342.97"
"17/07/2026 11:00:00 - 17/07/2026 12:00:00","CTA|IE","329.59","n/e"," ","383.05"
"17/07/2026 12:00:00 - 17/07/2026 13:00:00","CTA|IE","388.26","n/e"," ","398.83"
"17/07/2026 13:00:00 - 17/07/2026 14:00:00","CTA|IE","479.84","n/e"," ","485.10"
"17/07/2026 14:00:00 - 17/07/2026 15:00:00","CTA|IE","577.75","n/e"," ","555.59"
"17/07/2026 15:00:00 - 17/07/2026 16:00:00","CTA|IE","651.62","n/e"," ","587.73"
"17/07/2026 16:00:00 - 17/07/2026 17:00:00","CTA|IE","701.48","n/e"," ","668.83"
"17/07/2026 17:00:00 - 17/07/2026 18:00:00","CTA|IE","760.04","n/e"," ","779.42"
"17/07/2026 18:00:00 - 17/07/2026 19:00:00","CTA|IE","811.33","n/e"," ","862.62"
"17/07/2026 19:00:00 - 17/07/2026 20:00:00","CTA|IE","867.93","n/e"," ","838.54"
"17/07/2026 20:00:00 - 17/07/2026 21:00:00","CTA|IE","927.79","n/e"," ","915.01"
"17/07/2026 21:00:00 - 17/07/2026 22:00:00","CTA|IE","1009.02","n/e"," ","1002.78"
"17/07/2026 22:00:00 - 17/07/2026 23:00:00","CTA|IE","1098.91","n/e"," ","1014.12"
"17/07/2026 23:00:00 - 18/07/2026 00:00:00","CTA|IE","1181.94","n/e"," ","1181.30"
"18/07/2026 00:00:00 - 18/07/2026 01:00:00","CTA|IE","1204.88","n/e"," ","1109.23"
"18/07/2026 01:00:00 - 18/07/2026 02:00:00","CTA|IE","1548.57","n/e"," ","1120.43"
"18/07/2026 02:00:00 - 18/07/2026 03:00:00","CTA|IE","1477.33","n/e"," ","1069.96"
"18/07/2026 03:00:00 - 18/07/2026 04:00:00","CTA|IE","1414.40","n/e"," ","1052.14"
"18/07/2026 04:00:00 - 18/07/2026 05:00:00","CTA|IE","1380.57","n/e"," ","1121.20"
"18/07/2026 05:00:00 - 18/07/2026 06:00:00","CTA|IE","1351.20","n/e"," ","1153.44"
"18/07/2026 06:00:00 - 18/07/2026 07:00:00","CTA|IE","1309.69","n/e"," ","1166.28"
"18/07/2026 07:00:00 - 18/07/2026 08:00:00","CTA|IE","1252.57","n/e"," ","1066.72"
"18/07/2026 08:00:00 - 18/07/2026 09:00:00","CTA|IE","1174.04","n/e"," ","869.11"
"18/07/2026 09:00:00 - 18/07/2026 10:00:00","CTA|IE","1137.32","n/e"," ","786.62"
"18/07/2026 10:00:00 - 18/07/2026 11:00:00","CTA|IE","1110.97","n/e"," ","663.42"
"18/07/2026 11:00:00 - 18/07/2026 12:00:00","CTA|IE","1098.41","n/e"," ","601.84"
"18/07/2026 12:00:00 - 18/07/2026 13:00:00","CTA|IE","1118.65","n/e"," ","522.76"
"18/07/2026 13:00:00 - 18/07/2026 14:00:00","CTA|IE","1185.97","n/e"," ","503.94"
"18/07/2026 14:00:00 - 18/07/2026 15:00:00","CTA|IE","1256.89","n/e"," ","416.49"
"18/07/2026 15:00:00 - 18/07/2026 16:00:00","CTA|IE","1307.53","n/e"," ","377.84"
"18/07/2026 16:00:00 - 18/07/2026 17:00:00","CTA|IE","1316.53","n/e"," ","382.21"
"18/07/2026 17:00:00 - 18/07/2026 18:00:00","CTA|IE","1330.18","n/e"," ","486.79"
"18/07/2026 18:00:00 - 18/07/2026 19:00:00","CTA|IE","1337.61","n/e"," ","533.52"
"18/07/2026 19:00:00 - 18/07/2026 20:00:00","CTA|IE","1378.99","n/e"," ","649.56"
"18/07/2026 20:00:00 - 18/07/2026 21:00:00","CTA|IE","1429.20","n/e"," ","858.14"
"18/07/2026 21:00:00 - 18/07/2026 22:00:00","CTA|IE","1436.17","n/e"," ","833.47"
"18/07/2026 22:00:00 - 18/07/2026 23:00:00","CTA|IE","1345.95","n/e"," ","852.39"
"18/07/2026 23:00:00 - 19/07/2026 00:00:00","CTA|IE","1247.26","n/e"," ","919.88"
"19/07/2026 00:00:00 - 19/07/2026 01:00:00","CTA|IE","1213.65","n/e"," ","916.19"
"19/07/2026 01:00:00 - 19/07/2026 02:00:00","CTA|IE","1033.66","n/e"," ","993.94"
"19/07/2026 02:00:00 - 19/07/2026 03:00:00","CTA|IE","938.16","n/e"," ","961.18"
"19/07/2026 03:00:00 - 19/07/2026 04:00:00","CTA|IE","830.92","n/e"," ","845.66"
"19/07/2026 04:00:00 - 19/07/2026 05:00:00","CTA|IE","732.94","n/e"," ","747.27"
"19/07/2026 05:00:00 - 19/07/2026 06:00:00","CTA|IE","647.61","n/e"," ","703.23"
"19/07/2026 06:00:00 - 19/07/2026 07:00:00","CTA|IE","585.07","n/e"," ","724.90"
"19/07/2026 07:00:00 - 19/07/2026 08:00:00","CTA|IE","531.45","n/e"," ","708.65"
"19/07/2026 08:00:00 - 19/07/2026 09:00:00","CTA|IE","449.98","n/e"," ","621.81"
"19/07/2026 09:00:00 - 19/07/2026 10:00:00","CTA|IE","366.30","n/e"," ","529.81"
"19/07/2026 10:00:00 - 19/07/2026 11:00:00","CTA|IE","333.09","n/e"," ","395.95"
"19/07/2026 11:00:00 - 19/07/2026 12:00:00","CTA|IE","329.87","n/e"," ","322.81"
"19/07/2026 12:00:00 - 19/07/2026 13:00:00","CTA|IE","351.15","n/e"," ","350.36"
"19/07/2026 13:00:00 - 19/07/2026 14:00:00","CTA|IE","400.74","n/e"," ","372.09"
"19/07/2026 14:00:00 - 19/07/2026 15:00:00","CTA|IE","446.89","n/e"," ","328.93"
"19/07/2026 15:00:00 - 19/07/2026 16:00:00","CTA|IE","490.56","n/e"," ","334.30"
"19/07/2026 16:00:00 - 19/07/2026 17:00:00","CTA|IE","515.63","n/e"," ","334.85"
"19/07/2026 17:00:00 - 19/07/2026 18:00:00","CTA|IE","531.10","n/e"," ","252.38"
"19/07/2026 18:00:00 - 19/07/2026 19:00:00","CTA|IE","527.88","n/e"," ","362.56"
"19/07/2026 19:00:00 - 19/07/2026 20:00:00","CTA|IE","517.39","n/e"," ","437.20"
"19/07/2026 20:00:00 - 19/07/2026 21:00:00","CTA|IE","527.14","n/e"," ","436.81"
"19/07/2026 21:00:00 - 19/07/2026 22:00:00","CTA|IE","568.82","n/e"," ","460.54"
"19/07/2026 22:00:00 - 19/07/2026 23:00:00","CTA|IE","628.25","n/e"," ","541.93"
"19/07/2026 23:00:00 - 20/07/2026 00:00:00","CTA|IE","718.08","n/e"," ","607.46"
"20/07/2026 00:00:00 - 20/07/2026 01:00:00","CTA|IE","812.91","n/e"," ","746.04"
"20/07/2026 01:00:00 - 20/07/2026 02:00:00","CTA|IE","674.07","n/e"," ","766.07"
"20/07/2026 02:00:00 - 20/07/2026 03:00:00","CTA|IE","597.28","n/e"," ","660.23"
"20/07/2026 03:00:00 - 20/07/2026 04:00:00","CTA|IE","543.57","n/e"," ","539.96"
"20/07/2026 04:00:00 - 20/07/2026 05:00:00","CTA|IE","518.74","n/e"," ","478.13"
"20/07/2026 05:00:00 - 20/07/2026 06:00:00","CTA|IE","507.20","n/e"," ","430.39"
"20/07/2026 06:00:00 - 20/07/2026 07:00:00","CTA|IE","499.55","n/e"," ","409.72"
"20/07/2026 07:00:00 - 20/07/2026 08:00:00","CTA|IE","485.34","n/e"," ","364.61"
"20/07/2026 08:00:00 - 20/07/2026 09:00:00","CTA|IE","456.47","n/e"," ","368.20"
"20/07/2026 09:00:00 - 20/07/2026 10:00:00","CTA|IE","424.22","n/e"," ","280.41"
"20/07/2026 10:00:00 - 20/07/2026 11:00:00","CTA|IE","412.32","n/e"," ","232.27"
"20/07/2026 11:00:00 - 20/07/2026 12:00:00","CTA|IE","428.52","n/e"," ","246.00"
"20/07/2026 12:00:00 - 20/07/2026 13:00:00","CTA|IE","471.87","n/e"," ","263.89"
"20/07/2026 13:00:00 - 20/07/2026 14:00:00","CTA|IE","545.91","n/e"," ","331.00"
"20/07/2026 14:00:00 - 20/07/2026 15:00:00","CTA|IE","620.92","n/e"," ","394.73"
"20/07/2026 15:00:00 - 20/07/2026 16:00:00","CTA|IE","690.76","n/e"," ","411.39"
"20/07/2026 16:00:00 - 20/07/2026 17:00:00","CTA|IE","755.76","n/e"," ","467.84"
"20/07/2026 17:00:00 - 20/07/2026 18:00:00","CTA|IE","838.13","n/e"," ","523.32"
"20/07/2026 18:00:00 - 20/07/2026 19:00:00","CTA|IE","898.86","n/e"," ","608.97"
"20/07/2026 19:00:00 - 20/07/2026 20:00:00","CTA|IE","931.88","n/e"," ","643.81"
"20/07/2026 20:00:00 - 20/07/2026 21:00:00","CTA|IE","939.31","n/e"," ","693.58"
"20/07/2026 21:00:00 - 20/07/2026 22:00:00","CTA|IE","930.81","n/e"," ","664.13"
"20/07/2026 22:00:00 - 20/07/2026 23:00:00","CTA|IE","901.88","n/e"," ","680.39"
"20/07/2026 23:00:00 - 21/07/2026 00:00:00","CTA|IE","897.96","n/e"," ","692.95"
"21/07/2026 00:00:00 - 21/07/2026 01:00:00","CTA|IE","902.99","n/e"," ","612.04"
"21/07/2026 01:00:00 - 21/07/2026 02:00:00","CTA|IE","881.63","n/e"," ","594.75"
"21/07/2026 02:00:00 - 21/07/2026 03:00:00","CTA|IE","818.68","n/e"," ","602.03"
"21/07/2026 03:00:00 - 21/07/2026 04:00:00","CTA|IE","730.85","n/e"," ","529.61"
"21/07/2026 04:00:00 - 21/07/2026 05:00:00","CTA|IE","647.12","n/e"," ","573.85"
"21/07/2026 05:00:00 - 21/07/2026 06:00:00","CTA|IE","587.70","n/e"," ","489.14"
"21/07/2026 06:00:00 - 21/07/2026 07:00:00","CTA|IE","554.49","n/e"," ","426.81"
"21/07/2026 07:00:00 - 21/07/2026 08:00:00","CTA|IE","532.28","n/e"," ","343.48"
"21/07/2026 08:00:00 - 21/07/2026 09:00:00","CTA|IE","480.47","n/e"," ","345.12"
"21/07/2026 09:00:00 - 21/07/2026 10:00:00","CTA|IE","404.25","n/e"," ","404.75"
"21/07/2026 10:00:00 - 21/07/2026 11:00:00","CTA|IE","350.07","n/e"," ","471.49"
"21/07/2026 11:00:00 - 21/07/2026 12:00:00","CTA|IE","317.04","n/e"," ","469.11"
"21/07/2026 12:00:00 - 21/07/2026 13:00:00","CTA|IE","313.89","n/e"," ","501.55"
"21/07/2026 13:00:00 - 21/07/2026 14:00:00","CTA|IE","335.43","n/e"," ","523.82"
"21/07/2026 14:00:00 - 21/07/2026 15:00:00","CTA|IE","366.54","n/e"," ","561.51"
"21/07/2026 15:00:00 - 21/07/2026 16:00:00","CTA|IE","409.90","n/e"," ","579.50"
"21/07/2026 16:00:00 - 21/07/2026 17:00:00","CTA|IE","448.19","n/e"," ","596.69"
"21/07/2026 17:00:00 - 21/07/2026 18:00:00","CTA|IE","488.52","n/e"," ","687.81"
"21/07/2026 18:00:00 - 21/07/2026 19:00:00","CTA|IE","520.84","n/e"," ","710.07"
"21/07/2026 19:00:00 - 21/07/2026 20:00:00","CTA|IE","548.28","n/e"," ","708.63"
"21/07/2026 20:00:00 - 21/07/2026 21:00:00","CTA|IE","586.36","n/e"," ","804.48"
"21/07/2026 21:00:00 - 21/07/2026 22:00:00","CTA|IE","637.05","n/e"," ","832.39"
"21/07/2026 22:00:00 - 21/07/2026 23:00:00","CTA|IE","680.82","n/e"," ","862.92"
"21/07/2026 23:00:00 - 22/07/2026 00:00:00","CTA|IE","735.42","n/e"," ","858.19"
"22/07/2026 00:00:00 - 22/07/2026 01:00:00","CTA|IE","774.42","n/e"," ","913.95"
"22/07/2026 01:00:00 - 22/07/2026 02:00:00","CTA|IE","1078.03","n/e"," ","881.93"
"22/07/2026 02:00:00 - 22/07/2026 03:00:00","CTA|IE","968.92","n/e"," ","802.98"
"22/07/2026 03:00:00 - 22/07/2026 04:00:00","CTA|IE","865.92","n/e"," ","692.60"
"22/07/2026 04:00:00 - 22/07/2026 05:00:00","CTA|IE","782.51","n/e"," ","626.09"
"22/07/2026 05:00:00 - 22/07/2026 06:00:00","CTA|IE","734.86","n/e"," ","641.13"
"22/07/2026 06:00:00 - 22/07/2026 07:00:00","CTA|IE","693.53","n/e"," ","659.52"
"22/07/2026 07:00:00 - 22/07/2026 08:00:00","CTA|IE","646.24","n/e"," ","725.45"
"22/07/2026 08:00:00 - 22/07/2026 09:00:00","CTA|IE","596.19","n/e"," ","665.89"
"22/07/2026 09:00:00 - 22/07/2026 10:00:00","CTA|IE","578.63","n/e"," ","672.24"
"22/07/2026 10:00:00 - 22/07/2026 11:00:00","CTA|IE","556.10","n/e"," ","650.19"
"22/07/2026 11:00:00 - 22/07/2026 12:00:00","CTA|IE","519.60","n/e"," ","749.71"
"22/07/2026 12:00:00 - 22/07/2026 13:00:00","CTA|IE","486.50","n/e"," ","824.28"
"22/07/2026 13:00:00 - 22/07/2026 14:00:00","CTA|IE","471.78","n/e"," ","787.75"
"22/07/2026 14:00:00 - 22/07/2026 15:00:00","CTA|IE","453.75","n/e"," ","682.62"
"22/07/2026 15:00:00 - 22/07/2026 16:00:00","CTA|IE","431.74","n/e"," ","756.83"
"22/07/2026 16:00:00 - 22/07/2026 17:00:00","CTA|IE","425.34","n/e"," ","763.99"
"22/07/2026 17:00:00 - 22/07/2026 18:00:00","CTA|IE","448.72","n/e"," ","670.57"
"22/07/2026 18:00:00 - 22/07/2026 19:00:00","CTA|IE","474.21","n/e"," ","649.18"
"22/07/2026 19:00:00 - 22/07/2026 20:00:00","CTA|IE","491.26","n/e"," ","676.42"
"22/07/2026 20:00:00 - 22/07/2026 21:00:00","CTA|IE","506.73","n/e"," ","659.66"
"22/07/2026 21:00:00 - 22/07/2026 22:00:00","CTA|IE","531.16","n/e"," ","648.71"
"22/07/2026 22:00:00 - 22/07/2026 23:00:00","CTA|IE","546.88","n/e"," ","558.54"
"22/07/2026 23:00:00 - 23/07/2026 00:00:00","CTA|IE","563.15","n/e"," ","605.79"
"23/07/2026 00:00:00 - 23/07/2026 01:00:00","CTA|IE","569.63","n/e"," ","695.78"
"23/07/2026 01:00:00 - 23/07/2026 02:00:00","CTA|IE","613.32","n/e"," ","688.88"
"23/07/2026 02:00:00 - 23/07/2026 03:00:00","CTA|IE","553.20","n/e"," ","676.89"
"23/07/2026 03:00:00 - 23/07/2026 04:00:00","CTA|IE","470.82","n/e"," ","705.58"
"23/07/2026 04:00:00 - 23/07/2026 05:00:00","CTA|IE","399.45","n/e"," ","680.82"
"23/07/2026 05:00:00 - 23/07/2026 06:00:00","CTA|IE","337.57","n/e"," ","558.19"
"23/07/2026 06:00:00 - 23/07/2026 07:00:00","CTA|IE","282.26","n/e"," ","489.45"
"23/07/2026 07:00:00 - 23/07/2026 08:00:00","CTA|IE","234.93","n/e"," ","410.69"
"23/07/2026 08:00:00 - 23/07/2026 09:00:00","CTA|IE","190.58","n/e"," ","297.29"
"23/07/2026 09:00:00 - 23/07/2026 10:00:00","CTA|IE","144.77","n/e"," ","217.70"
"23/07/2026 10:00:00 - 23/07/2026 11:00:00","CTA|IE","109.64","n/e"," ","222.77"
"23/07/2026 11:00:00 - 23/07/2026 12:00:00","CTA|IE","85.11","n/e"," ","241.78"
"23/07/2026 12:00:00 - 23/07/2026 13:00:00","CTA|IE","69.46","n/e"," ","286.17"
"23/07/2026 13:00:00 - 23/07/2026 14:00:00","CTA|IE","65.19","n/e"," ","251.41"
"23/07/2026 14:00:00 - 23/07/2026 15:00:00","CTA|IE","68.68","n/e"," ","220.61"
"23/07/2026 15:00:00 - 23/07/2026 16:00:00","CTA|IE","78.69","n/e"," ","208.71"
"23/07/2026 16:00:00 - 23/07/2026 17:00:00","CTA|IE","96.11","n/e"," ","222.76"
"23/07/2026 17:00:00 - 23/07/2026 18:00:00","CTA|IE","132.10","n/e"," ","283.78"
"23/07/2026 18:00:00 - 23/07/2026 19:00:00","CTA|IE","183.64","n/e"," ","333.84"
"23/07/2026 19:00:00 - 23/07/2026 20:00:00","CTA|IE","234.94","n/e"," ","281.79"
"23/07/2026 20:00:00 - 23/07/2026 21:00:00","CTA|IE","267.63","n/e"," ","296.78"
"23/07/2026 21:00:00 - 23/07/2026 22:00:00","CTA|IE","282.15","n/e"," ","312.33"
"23/07/2026 22:00:00 - 23/07/2026 23:00:00","CTA|IE","285.88","n/e"," ","313.50"
"23/07/2026 23:00:00 - 24/07/2026 00:00:00","CTA|IE","286.22","n/e"," ","366.20"
"24/07/2026 00:00:00 - 24/07/2026 01:00:00","CTA|IE","278.49","n/e"," ","310.76"
"24/07/2026 01:00:00 - 24/07/2026 02:00:00","CTA|IE","433.96","n/e"," ","323.13"
"24/07/2026 02:00:00 - 24/07/2026 03:00:00","CTA|IE","371.05","n/e"," ","271.94"
"24/07/2026 03:00:00 - 24/07/2026 04:00:00","CTA|IE","325.04","n/e"," ","260.50"
"24/07/2026 04:00:00 - 24/07/2026 05:00:00","CTA|IE","301.12","n/e"," ","291.56"
"24/07/2026 05:00:00 - 24/07/2026 06:00:00","CTA|IE","295.84","n/e"," ","357.74"
"24/07/2026 06:00:00 - 24/07/2026 07:00:00","CTA|IE","304.61","n/e"," ","385.56"
"24/07/2026 07:00:00 - 24/07/2026 08:00:00","CTA|IE","319.07","n/e"," ","435.19"
"24/07/2026 08:00:00 - 24/07/2026 09:00:00","CTA|IE","313.13","n/e"," ","431.96"
"24/07/2026 09:00:00 - 24/07/2026 10:00:00","CTA|IE","303.75","n/e"," ","481.60"
"24/07/2026 10:00:00 - 24/07/2026 11:00:00","CTA|IE","327.54","n/e"," ","592.05"
"24/07/2026 11:00:00 - 24/07/2026 12:00:00","CTA|IE","370.09","n/e"," ","740.35"
"24/07/2026 12:00:00 - 24/07/2026 13:00:00","CTA|IE","420.28","n/e"," ","785.63"
"24/07/2026 13:00:00 - 24/07/2026 14:00:00","CTA|IE","468.91","n/e"," ","765.24"
"24/07/2026 14:00:00 - 24/07/2026 15:00:00","CTA|IE","512.95","n/e"," ","738.79"
"24/07/2026 15:00:00 - 24/07/2026 16:00:00","CTA|IE","580.93","n/e"," ","702.92"
"24/07/2026 16:00:00 - 24/07/2026 17:00:00","CTA|IE","649.86","n/e"," ","586.17"
"24/07/2026 17:00:00 - 24/07/2026 18:00:00","CTA|IE","700.95","n/e"," ","692.26"
"24/07/2026 18:00:00 - 24/07/2026 19:00:00","CTA|IE","743.37","n/e"," ","1031.61"
"24/07/2026 19:00:00 - 24/07/2026 20:00:00","CTA|IE","794.75","n/e"," ","1173.50"
"24/07/2026 20:00:00 - 24/07/2026 21:00:00","CTA|IE","814.33","n/e"," ","1187.26"
"24/07/2026 21:00:00 - 24/07/2026 22:00:00","CTA|IE","796.18","n/e"," ","1148.93"
"24/07/2026 22:00:00 - 24/07/2026 23:00:00","CTA|IE","764.66","n/e"," ","1097.53"
"24/07/2026 23:00:00 - 25/07/2026 00:00:00","CTA|IE","760.89","n/e"," ","1061.80"
"25/07/2026 00:00:00 - 25/07/2026 01:00:00","CTA|IE","778.49","n/e"," ","1000.79"
"25/07/2026 01:00:00 - 25/07/2026 02:00:00","CTA|IE","1012.56","n/e"," ","1199.79"
"25/07/2026 02:00:00 - 25/07/2026 03:00:00","CTA|IE","1099.87","n/e"," ","1290.14"
"25/07/2026 03:00:00 - 25/07/2026 04:00:00","CTA|IE","1211.01","n/e"," ","1359.58"
"25/07/2026 04:00:00 - 25/07/2026 05:00:00","CTA|IE","1332.32","n/e"," ","1355.47"
"25/07/2026 05:00:00 - 25/07/2026 06:00:00","CTA|IE","1439.23","n/e"," ","1328.49"
"25/07/2026 06:00:00 - 25/07/2026 07:00:00","CTA|IE","1540.43","n/e"," ","1365.46"
"25/07/2026 07:00:00 - 25/07/2026 08:00:00","CTA|IE","1667.12","n/e"," ","1578.14"
"25/07/2026 08:00:00 - 25/07/2026 09:00:00","CTA|IE","1819.82","n/e"," ","1431.14"
"25/07/2026 09:00:00 - 25/07/2026 10:00:00","CTA|IE","2010.45","n/e"," ","1252.42"
"25/07/2026 10:00:00 - 25/07/2026 11:00:00","CTA|IE","2106.88","n/e"," ","964.12"
"25/07/2026 11:00:00 - 25/07/2026 12:00:00","CTA|IE","2094.79","n/e"," ","1126.29"
"25/07/2026 12:00:00 - 25/07/2026 13:00:00","CTA|IE","2026.06","n/e"," ","1277.20"
"25/07/2026 13:00:00 - 25/07/2026 14:00:00","CTA|IE","1976.30","n/e"," ","1150.42"
"25/07/2026 14:00:00 - 25/07/2026 15:00:00","CTA|IE","1930.60","n/e"," ","1097.30"
"25/07/2026 15:00:00 - 25/07/2026 16:00:00","CTA|IE","1918.13","n/e"," ","981.00"
"25/07/2026 16:00:00 - 25/07/2026 17:00:00","CTA|IE","1919.05","n/e"," ","979.99"
"25/07/2026 17:00:00 - 25/07/2026 18:00:00","CTA|IE","1932.84","n/e"," ","1017.45"
"25/07/2026 18:00:00 - 25/07/2026 19:00:00","CTA|IE","1906.17","n/e"," ","1267.85"
"25/07/2026 19:00:00 - 25/07/2026 20:00:00","CTA|IE","1866.67","n/e"," ","1311.35"
"25/07/2026 20:00:00 - 25/07/2026 21:00:00","CTA|IE","1764.43","n/e"," ","1423.79"
"25/07/2026 21:00:00 - 25/07/2026 22:00:00","CTA|IE","1613.12","n/e"," ","1436.54"
"25/07/2026 22:00:00 - 25/07/2026 23:00:00","CTA|IE","1457.64","n/e"," ","1591.74"
"25/07/2026 23:00:00 - 26/07/2026 00:00:00","CTA|IE","1382.28","n/e"," ","1983.24"
"26/07/2026 00:00:00 - 26/07/2026 01:00:00","CTA|IE","1411.82","n/e"," ","2141.51"
"26/07/2026 01:00:00 - 26/07/2026 02:00:00","CTA|IE","1690.91","n/e"," ","2129.39"
"26/07/2026 02:00:00 - 26/07/2026 03:00:00","CTA|IE","1907.87","n/e"," ","2119.86"
"26/07/2026 03:00:00 - 26/07/2026 04:00:00","CTA|IE","2087.85","n/e"," ","2205.12"
"26/07/2026 04:00:00 - 26/07/2026 05:00:00","CTA|IE","2184.82","n/e"," ","2158.67"
"26/07/2026 05:00:00 - 26/07/2026 06:00:00","CTA|IE","2221.61","n/e"," ","2118.08"
"26/07/2026 06:00:00 - 26/07/2026 07:00:00","CTA|IE","2231.35","n/e"," ","2053.28"
"26/07/2026 07:00:00 - 26/07/2026 08:00:00","CTA|IE","2222.79","n/e"," ","1906.75"
"26/07/2026 08:00:00 - 26/07/2026 09:00:00","CTA|IE","2214.09","n/e"," ","1865.66"
"26/07/2026 09:00:00 - 26/07/2026 10:00:00","CTA|IE","2251.83","n/e"," ","1805.57"
"26/07/2026 10:00:00 - 26/07/2026 11:00:00","CTA|IE","2307.26","n/e"," ","1889.09"
"26/07/2026 11:00:00 - 26/07/2026 12:00:00","CTA|IE","2408.17","n/e"," ","1835.83"
"26/07/2026 12:00:00 - 26/07/2026 13:00:00","CTA|IE","2547.14","n/e"," ","1703.45"
"26/07/2026 13:00:00 - 26/07/2026 14:00:00","CTA|IE","2706.15","n/e"," ","1600.04"
"26/07/2026 14:00:00 - 26/07/2026 15:00:00","CTA|IE","2781.48","n/e"," ","1567.09"
"26/07/2026 15:00:00 - 26/07/2026 16:00:00","CTA|IE","2804.04","n/e"," ","1572.75"
"26/07/2026 16:00:00 - 26/07/2026 17:00:00","CTA|IE","2758.96","n/e"," ","1519.84"
"26/07/2026 17:00:00 - 26/07/2026 18:00:00","CTA|IE","2640.10","n/e"," ","1725.53"
"26/07/2026 18:00:00 - 26/07/2026 19:00:00","CTA|IE","2473.65","n/e"," ","1900.54"
"26/07/2026 19:00:00 - 26/07/2026 20:00:00","CTA|IE","2274.20","n/e"," ","1884.08"
"26/07/2026 20:00:00 - 26/07/2026 21:00:00","CTA|IE","2020.19","n/e"," ","1829.90"
"26/07/2026 21:00:00 - 26/07/2026 22:00:00","CTA|IE","1717.30","n/e"," ","1742.10"
"26/07/2026 22:00:00 - 26/07/2026 23:00:00","CTA|IE","1399.77","n/e"," ","1410.37"
"26/07/2026 23:00:00 - 27/07/2026 00:00:00","CTA|IE","1163.46","n/e"," ","1271.47"
"27/07/2026 00:00:00 - 27/07/2026 01:00:00","CTA|IE","1026.93","n/e"," ","1080.78"
"27/07/2026 01:00:00 - 27/07/2026 02:00:00","CTA|IE","1209.79","n/e"," ","1013.54"
"27/07/2026 02:00:00 - 27/07/2026 03:00:00","CTA|IE","1198.59","n/e"," ","896.17"
"27/07/2026 03:00:00 - 27/07/2026 04:00:00","CTA|IE","1202.92","n/e"," ","975.89"
"27/07/2026 04:00:00 - 27/07/2026 05:00:00","CTA|IE","1232.58","n/e"," ","920.86"
"27/07/2026 05:00:00 - 27/07/2026 06:00:00","CTA|IE","1230.05","n/e"," ","813.01"
"27/07/2026 06:00:00 - 27/07/2026 07:00:00","CTA|IE","1231.34","n/e"," ","785.97"
"27/07/2026 07:00:00 - 27/07/2026 08:00:00","CTA|IE","1266.55","n/e"," ","818.35"
"27/07/2026 08:00:00 - 27/07/2026 09:00:00","CTA|IE","1294.80","n/e"," ","908.58"
"27/07/2026 09:00:00 - 27/07/2026 10:00:00","CTA|IE","1274.98","n/e"," ","945.33"
"27/07/2026 10:00:00 - 27/07/2026 11:00:00","CTA|IE","1236.91","n/e"," ","1105.56"
"27/07/2026 11:00:00 - 27/07/2026 12:00:00","CTA|IE","1255.70","n/e"," ","1166.00"
"27/07/2026 12:00:00 - 27/07/2026 13:00:00","CTA|IE","1288.52","n/e"," ","1097.30"
"27/07/2026 13:00:00 - 27/07/2026 14:00:00","CTA|IE","1314.33","n/e"," ","1150.99"
"27/07/2026 14:00:00 - 27/07/2026 15:00:00","CTA|IE","1312.56","n/e"," ","1144.40"
"27/07/2026 15:00:00 - 27/07/2026 16:00:00","CTA|IE","1314.59","n/e"," ","1193.55"
"27/07/2026 16:00:00 - 27/07/2026 17:00:00","CTA|IE","1265.55","n/e"," ","1162.11"
"27/07/2026 17:00:00 - 27/07/2026 18:00:00","CTA|IE","1182.18","n/e"," ","1109.68"
"27/07/2026 18:00:00 - 27/07/2026 19:00:00","CTA|IE","1076.74","n/e"," ","1011.35"
"27/07/2026 19:00:00 - 27/07/2026 20:00:00","CTA|IE","983.70","n/e"," ","890.51"
"27/07/2026 20:00:00 - 27/07/2026 21:00:00","CTA|IE","898.09","n/e"," ","842.10"
"27/07/2026 21:00:00 - 27/07/2026 22:00:00","CTA|IE","843.93","n/e"," ","819.19"
"27/07/2026 22:00:00 - 27/07/2026 23:00:00","CTA|IE","837.95","n/e"," ","1064.79"
"27/07/2026 23:00:00 - 28/07/2026 00:00:00","CTA|IE","884.33","n/e"," ","1134.49"
"28/07/2026 00:00:00 - 28/07/2026 01:00:00","CTA|IE","937.60","n/e"," ","1286.37"
"28/07/2026 01:00:00 - 28/07/2026 02:00:00","CTA|IE","961.45","n/e"," ","1343.81"
"28/07/2026 02:00:00 - 28/07/2026 03:00:00","CTA|IE","1041.09","n/e"," ","1428.69"
"28/07/2026 03:00:00 - 28/07/2026 04:00:00","CTA|IE","1128.39","n/e"," ","1498.40"
"28/07/2026 04:00:00 - 28/07/2026 05:00:00","CTA|IE","1212.07","n/e"," ","1649.88"
"28/07/2026 05:00:00 - 28/07/2026 06:00:00","CTA|IE","1290.18","n/e"," ","1732.99"
"28/07/2026 06:00:00 - 28/07/2026 07:00:00","CTA|IE","1355.19","n/e"," ","1736.75"
"28/07/2026 07:00:00 - 28/07/2026 08:00:00","CTA|IE","1389.22","n/e"," ","1761.69"
"28/07/2026 08:00:00 - 28/07/2026 09:00:00","CTA|IE","1384.68","n/e"," ","1650.56"
"28/07/2026 09:00:00 - 28/07/2026 10:00:00","CTA|IE","1330.81","n/e"," ","1648.48"
"28/07/2026 10:00:00 - 28/07/2026 11:00:00","CTA|IE","1267.84","n/e"," ","1657.22"
"28/07/2026 11:00:00 - 28/07/2026 12:00:00","CTA|IE","1258.87","n/e"," ","1613.98"
"28/07/2026 12:00:00 - 28/07/2026 13:00:00","CTA|IE","1280.18","n/e"," ","1538.01"
"28/07/2026 13:00:00 - 28/07/2026 14:00:00","CTA|IE","1322.92","n/e"," ","1392.20"
"28/07/2026 14:00:00 - 28/07/2026 15:00:00","CTA|IE","1392.18","n/e"," ","1493.96"
"28/07/2026 15:00:00 - 28/07/2026 16:00:00","CTA|IE","1475.40","n/e"," ","1447.11"
"28/07/2026 16:00:00 - 28/07/2026 17:00:00","CTA|IE","1526.44","n/e"," ","1646.71"
"28/07/2026 17:00:00 - 28/07/2026 18:00:00","CTA|IE","1528.21","n/e"," ","1767.64"
"28/07/2026 18:00:00 - 28/07/2026 19:00:00","CTA|IE","1508.81","n/e"," ","1640.45"
"28/07/2026 19:00:00 - 28/07/2026 20:00:00","CTA|IE","1480.94","n/e"," ","1538.66"
"28/07/2026 20:00:00 - 28/07/2026 21:00:00","CTA|IE","1394.80","n/e"," ","1296.75"
"28/07/2026 21:00:00 - 28/07/2026 22:00:00","CTA|IE","1259.71","n/e"," ","1093.05"
"28/07/2026 22:00:00 - 28/07/2026 23:00:00","CTA|IE","1106.25","n/e"," ","940.24"
"28/07/2026 23:00:00 - 29/07/2026 00:00:00","CTA|IE","999.45","n/e"," ","796.54"
"29/07/2026 00:00:00 - 29/07/2026 01:00:00","CTA|IE","925.34","n/e"," ","821.62"
"29/07/2026 01:00:00 - 29/07/2026 02:00:00","CTA|IE","844.06","n/e"," ","828.53"
"29/07/2026 02:00:00 - 29/07/2026 03:00:00","CTA|IE","802.73","n/e"," ","710.25"
"29/07/2026 03:00:00 - 29/07/2026 04:00:00","CTA|IE","751.98","n/e"," ","662.91"
"29/07/2026 04:00:00 - 29/07/2026 05:00:00","CTA|IE","687.92","n/e"," ","594.50"
"29/07/2026 05:00:00 - 29/07/2026 06:00:00","CTA|IE","617.98","n/e"," ","515.18"
"29/07/2026 06:00:00 - 29/07/2026 07:00:00","CTA|IE","551.73","n/e"," ","497.58"
"29/07/2026 07:00:00 - 29/07/2026 08:00:00","CTA|IE","503.60","n/e"," ","407.49"
"29/07/2026 08:00:00 - 29/07/2026 09:00:00","CTA|IE","461.15","n/e"," ","388.74"
"29/07/2026 09:00:00 - 29/07/2026 10:00:00","CTA|IE","424.04","n/e"," ","510.35"
"29/07/2026 10:00:00 - 29/07/2026 11:00:00","CTA|IE","405.79","n/e"," ","624.70"
"29/07/2026 11:00:00 - 29/07/2026 12:00:00","CTA|IE","409.48","n/e"," ","612.82"
"29/07/2026 12:00:00 - 29/07/2026 13:00:00","CTA|IE","417.87","n/e"," ","705.54"
"29/07/2026 13:00:00 - 29/07/2026 14:00:00","CTA|IE","439.30","n/e"," ","700.80"
"29/07/2026 14:00:00 - 29/07/2026 15:00:00","CTA|IE","474.99","n/e"," ","673.10"
"29/07/2026 15:00:00 - 29/07/2026 16:00:00","CTA|IE","530.33","n/e"," ","646.70"
"29/07/2026 16:00:00 - 29/07/2026 17:00:00","CTA|IE","585.01","n/e"," ","680.82"
"29/07/2026 17:00:00 - 29/07/2026 18:00:00","CTA|IE","619.88","n/e"," ","636.43"
"29/07/2026 18:00:00 - 29/07/2026 19:00:00","CTA|IE","636.08","n/e"," ","571.40"
"29/07/2026 19:00:00 - 29/07/2026 20:00:00","CTA|IE","633.97","n/e"," ","472.34"
"29/07/2026 20:00:00 - 29/07/2026 21:00:00","CTA|IE","604.18","n/e"," ","436.08"
"29/07/2026 21:00:00 - 29/07/2026 22:00:00","CTA|IE","548.78","n/e"," ","407.72"
"29/07/2026 22:00:00 - 29/07/2026 23:00:00","CTA|IE","486.86","n/e"," ","410.42"
"29/07/2026 23:00:00 - 30/07/2026 00:00:00","CTA|IE","442.87","n/e"," ","444.10"
"30/07/2026 00:00:00 - 30/07/2026 01:00:00","CTA|IE","413.06","n/e"," ","481.58"
"30/07/2026 01:00:00 - 30/07/2026 02:00:00","CTA|IE","718.03","n/e"," ","489.12"
"30/07/2026 02:00:00 - 30/07/2026 03:00:00","CTA|IE","751.03","n/e"," ","511.38"
"30/07/2026 03:00:00 - 30/07/2026 04:00:00","CTA|IE","789.59","n/e"," ","535.24"
"30/07/2026 04:00:00 - 30/07/2026 05:00:00","CTA|IE","837.53","n/e"," ","529.92"
"30/07/2026 05:00:00 - 30/07/2026 06:00:00","CTA|IE","904.69","n/e"," ","467.15"
"30/07/2026 06:00:00 - 30/07/2026 07:00:00","CTA|IE","980.61","n/e"," ","486.73"
"30/07/2026 07:00:00 - 30/07/2026 08:00:00","CTA|IE","1044.99","n/e"," ","509.13"
"30/07/2026 08:00:00 - 30/07/2026 09:00:00","CTA|IE","1089.85","n/e"," ","483.58"
"30/07/2026 09:00:00 - 30/07/2026 10:00:00","CTA|IE","1133.34","n/e"," ","377.84"
"30/07/2026 10:00:00 - 30/07/2026 11:00:00","CTA|IE","1167.90","n/e"," ","568.73"
"30/07/2026 11:00:00 - 30/07/2026 12:00:00","CTA|IE","1133.68","n/e"," ","620.19"
"30/07/2026 12:00:00 - 30/07/2026 13:00:00","CTA|IE","1066.28","n/e"," ","847.05"
"30/07/2026 13:00:00 - 30/07/2026 14:00:00","CTA|IE","990.13","n/e"," ","772.69"
"30/07/2026 14:00:00 - 30/07/2026 15:00:00","CTA|IE","920.08","n/e"," ","758.56"
"30/07/2026 15:00:00 - 30/07/2026 16:00:00","CTA|IE","878.17","n/e"," ","818.81"
"30/07/2026 16:00:00 - 30/07/2026 17:00:00","CTA|IE","855.36","n/e"," ","979.09"
"30/07/2026 17:00:00 - 30/07/2026 18:00:00","CTA|IE","836.93","n/e"," ","1179.27"
"30/07/2026 18:00:00 - 30/07/2026 19:00:00","CTA|IE","815.03","n/e"," ","1216.85"
"30/07/2026 19:00:00 - 30/07/2026 20:00:00","CTA|IE","813.68","n/e"," ","1295.29"
"30/07/2026 20:00:00 - 30/07/2026 21:00:00","CTA|IE","820.51","n/e"," ","1134.16"
"30/07/2026 21:00:00 - 30/07/2026 22:00:00","CTA|IE","797.86","n/e"," ","923.63"
"30/07/2026 22:00:00 - 30/07/2026 23:00:00","CTA|IE","734.67","n/e"," ","720.03"
"30/07/2026 23:00:00 - 31/07/2026 00:00:00","CTA|IE","697.72","n/e"," ","627.04"
"31/07/2026 00:00:00 - 31/07/2026 01:00:00","CTA|IE","715.67","n/e"," ","618.67"
"31/07/2026 01:00:00 - 31/07/2026 02:00:00","CTA|IE","N/A","n/e"," ","654.13"
"31/07/2026 02:00:00 - 31/07/2026 03:00:00","CTA|IE","N/A","n/e"," ","622.48"
"31/07/2026 03:00:00 - 31/07/2026 04:00:00","CTA|IE","N/A","n/e"," ","641.55"
"31/07/2026 04:00:00 - 31/07/2026 05:00:00","CTA|IE","N/A","n/e"," ","640.99"
"31/07/2026 05:00:00 - 31/07/2026 06:00:00","CTA|IE","N/A","n/e"," ","760.08"
"31/07/2026 06:00:00 - 31/07/2026 07:00:00","CTA|IE","N/A","n/e"," ","700.78"
"31/07/2026 07:00:00 - 31/07/2026 08:00:00","CTA|IE","N/A","n/e"," ","700.37"
"31/07/2026 08:00:00 - 31/07/2026 09:00:00","CTA|IE","N/A","n/e"," ","652.33"
"31/07/2026 09:00:00 - 31/07/2026 10:00:00","CTA|IE","N/A","n/e"," ","492.10"
"31/07/2026 10:00:00 - 31/07/2026 11:00:00","CTA|IE","N/A","n/e"," ","633.94"
"31/07/2026 11:00:00 - 31/07/2026 12:00:00","CTA|IE","N/A","n/e"," ","769.42"
"31/07/2026 12:00:00 - 31/07/2026 13:00:00","CTA|IE","N/A","n/e"," ","789.12"
"31/07/2026 13:00:00 - 31/07/2026 14:00:00","CTA|IE","N/A","n/e"," ","982.41"
"31/07/2026 14:00:00 - 31/07/2026 15:00:00","CTA|IE","N/A","n/e"," ","1049.06"
"31/07/2026 15:00:00 - 31/07/2026 16:00:00","CTA|IE","N/A","n/e"," ","1197.13"
"31/07/2026 16:00:00 - 31/07/2026 17:00:00","CTA|IE","N/A","n/e"," ","1388.55"
"31/07/2026 17:00:00 - 31/07/2026 18:00:00","CTA|IE","N/A","n/e"," ","1417.51"
"31/07/2026 18:00:00 - 31/07/2026 19:00:00","CTA|IE","N/A","n/e"," ","1397.47"
"31/07/2026 19:00:00 - 31/07/2026 20:00:00","CTA|IE","N/A","n/e"," ","1340.00"
"31/07/2026 20:00:00 - 31/07/2026 21:00:00","CTA|IE","N/A","n/e"," ","1153.65"
"31/07/2026 21:00:00 - 31/07/2026 22:00:00","CTA|IE","N/A","n/e"," ","817.90"
"31/07/2026 22:00:00 - 31/07/2026 23:00:00","CTA|IE","N/A","n/e"," ","693.40"
"31/07/2026 23:00:00 - 01/08/2026 00:00:00","CTA|IE","N/A","n/e"," ","617.90"
"01/08/2026 00:00:00 - 01/08/2026 01:00:00","CTA|IE","N/A","n/e"," ","535.59"
"01/08/2026 01:00:00 - 01/08/2026 02:00:00","CTA|IE","493.30","n/e"," ","518.46"
"01/08/2026 02:00:00 - 01/08/2026 03:00:00","CTA|IE","476.53","n/e"," ","542.48"
"01/08/2026 03:00:00 - 01/08/2026 04:00:00","CTA|IE","461.22","n/e"," ","565.25"
"01/08/2026 04:00:00 - 01/08/2026 05:00:00","CTA|IE","438.06","n/e"," ","589.38"
"01/08/2026 05:00:00 - 01/08/2026 06:00:00","CTA|IE","401.36","n/e"," ","517.61"
"01/08/2026 06:00:00 - 01/08/2026 07:00:00","CTA|IE","357.69","n/e"," ","450.93"
"01/08/2026 07:00:00 - 01/08/2026 08:00:00","CTA|IE","324.92","n/e"," ","368.78"
"01/08/2026 08:00:00 - 01/08/2026 09:00:00","CTA|IE","308.19","n/e"," ","276.49"
"01/08/2026 09:00:00 - 01/08/2026 10:00:00","CTA|IE","289.13","n/e"," ","218.38"
"01/08/2026 10:00:00 - 01/08/2026 11:00:00","CTA|IE","277.49","n/e"," ","290.12"
"01/08/2026 11:00:00 - 01/08/2026 12:00:00","CTA|IE","266.65","n/e"," ","282.61"
"01/08/2026 12:00:00 - 01/08/2026 13:00:00","CTA|IE","249.49","n/e"," ","385.43"
"01/08/2026 13:00:00 - 01/08/2026 14:00:00","CTA|IE","236.92","n/e"," ","374.40"
"01/08/2026 14:00:00 - 01/08/2026 15:00:00","CTA|IE","239.53","n/e"," ","355.14"
"01/08/2026 15:00:00 - 01/08/2026 16:00:00","CTA|IE","260.66","n/e"," ","353.50"
"01/08/2026 16:00:00 - 01/08/2026 17:00:00","CTA|IE","290.08","n/e"," ","323.23"
"01/08/2026 17:00:00 - 01/08/2026 18:00:00","CTA|IE","317.28","n/e"," ","341.44"
"01/08/2026 18:00:00 - 01/08/2026 19:00:00","CTA|IE","324.69","n/e"," ","341.05"
"01/08/2026 19:00:00 - 01/08/2026 20:00:00","CTA|IE","323.75","n/e"," ","273.55"
"01/08/2026 20:00:00 - 01/08/2026 21:00:00","CTA|IE","313.63","n/e"," ","197.04"
"01/08/2026 21:00:00 - 01/08/2026 22:00:00","CTA|IE","295.11","n/e"," ","137.11"
"01/08/2026 22:00:00 - 01/08/2026 23:00:00","CTA|IE","287.39","n/e"," ","118.79"
"01/08/2026 23:00:00 - 02/08/2026 00:00:00","CTA|IE","307.20","n/e"," ","88.06"
"02/08/2026 00:00:00 - 02/08/2026 01:00:00","CTA|IE","314.98","n/e"," ","77.84"
"02/08/2026 01:00:00 - 02/08/2026 02:00:00","CTA|IE","141.50","n/e"," ","58.50"
"02/08/2026 02:00:00 - 02/08/2026 03:00:00","CTA|IE","112.95","n/e"," ","75.94"
"02/08/2026 03:00:00 - 02/08/2026 04:00:00","CTA|IE","95.40","n/e"," ","115.67"
"02/08/2026 04:00:00 - 02/08/2026 05:00:00","CTA|IE","88.34","n/e"," ","183.88"
"02/08/2026 05:00:00 - 02/08/2026 06:00:00","CTA|IE","88.78","n/e"," ","234.51"
"02/08/2026 06:00:00 - 02/08/2026 07:00:00","CTA|IE","94.56","n/e"," ","287.64"
"02/08/2026 07:00:00 - 02/08/2026 08:00:00","CTA|IE","100.49","n/e"," ","383.70"
"02/08/2026 08:00:00 - 02/08/2026 09:00:00","CTA|IE","103.46","n/e"," ","439.97"
"02/08/2026 09:00:00 - 02/08/2026 10:00:00","CTA|IE","101.11","n/e"," ","419.35"
"02/08/2026 10:00:00 - 02/08/2026 11:00:00","CTA|IE","93.34","n/e"," ","391.79"
"02/08/2026 11:00:00 - 02/08/2026 12:00:00","CTA|IE","85.49","n/e"," ","374.54"
"02/08/2026 12:00:00 - 02/08/2026 13:00:00","CTA|IE","80.68","n/e"," ","520.03"
"02/08/2026 13:00:00 - 02/08/2026 14:00:00","CTA|IE","82.43","n/e"," ","619.66"
"02/08/2026 14:00:00 - 02/08/2026 15:00:00","CTA|IE","90.88","n/e"," ","685.75"
"02/08/2026 15:00:00 - 02/08/2026 16:00:00","CTA|IE","99.69","n/e"," ","681.29"
"02/08/2026 16:00:00 - 02/08/2026 17:00:00","CTA|IE","105.81","n/e"," ","647.10"
"02/08/2026 17:00:00 - 02/08/2026 18:00:00","CTA|IE","108.55","n/e"," ","599.62"
"02/08/2026 18:00:00 - 02/08/2026 19:00:00","CTA|IE","111.54","n/e"," ","574.03"
"02/08/2026 19:00:00 - 02/08/2026 20:00:00","CTA|IE","116.53","n/e"," ","504.31"
"02/08/2026 20:00:00 - 02/08/2026 21:00:00","CTA|IE","126.67","n/e"," ","521.40"
"02/08/2026 21:00:00 - 02/08/2026 22:00:00","CTA|IE","150.23","n/e"," ","585.50"
"02/08/2026 22:00:00 - 02/08/2026 23:00:00","CTA|IE","177.74","n/e"," ","831.06"
"02/08/2026 23:00:00 - 03/08/2026 00:00:00","CTA|IE","205.03","n/e"," ","926.39"
"03/08/2026 00:00:00 - 03/08/2026 01:00:00","CTA|IE","226.13","n/e"," ","996.08"
"03/08/2026 01:00:00 - 03/08/2026 02:00:00","CTA|IE","462.90","n/e"," ","1092.08"
"03/08/2026 02:00:00 - 03/08/2026 03:00:00","CTA|IE","494.92","n/e"," ","1209.98"
"03/08/2026 03:00:00 - 03/08/2026 04:00:00","CTA|IE","517.47","n/e"," ","1214.49"
"03/08/2026 04:00:00 - 03/08/2026 05:00:00","CTA|IE","529.63","n/e"," ","1076.51"
"03/08/2026 05:00:00 - 03/08/2026 06:00:00","CTA|IE","541.22","n/e"," ","1041.23"
"03/08/2026 06:00:00 - 03/08/2026 07:00:00","CTA|IE","542.77","n/e"," ","1019.98"
"03/08/2026 07:00:00 - 03/08/2026 08:00:00","CTA|IE","534.13","n/e"," ","929.02"
"03/08/2026 08:00:00 - 03/08/2026 09:00:00","CTA|IE","511.28","n/e"," ","976.75"
"03/08/2026 09:00:00 - 03/08/2026 10:00:00","CTA|IE","481.12","n/e"," ","1004.19"
"03/08/2026 10:00:00 - 03/08/2026 11:00:00","CTA|IE","438.65","n/e"," ","937.41"
"03/08/2026 11:00:00 - 03/08/2026 12:00:00","CTA|IE","397.01","n/e"," ","884.98"
"03/08/2026 12:00:00 - 03/08/2026 13:00:00","CTA|IE","362.41","n/e"," ","952.59"
"03/08/2026 13:00:00 - 03/08/2026 14:00:00","CTA|IE","346.06","n/e"," ","1094.62"
"03/08/2026 14:00:00 - 03/08/2026 15:00:00","CTA|IE","333.23","n/e"," ","1231.77"
"03/08/2026 15:00:00 - 03/08/2026 16:00:00","CTA|IE","323.40","n/e"," ","1273.84"
"03/08/2026 16:00:00 - 03/08/2026 17:00:00","CTA|IE","320.96","n/e"," ","1359.91"
"03/08/2026 17:00:00 - 03/08/2026 18:00:00","CTA|IE","322.25","n/e"," ","1322.26"
"03/08/2026 18:00:00 - 03/08/2026 19:00:00","CTA|IE","328.34","n/e"," ","1328.12"
"03/08/2026 19:00:00 - 03/08/2026 20:00:00","CTA|IE","341.28","n/e"," ","1131.93"
"03/08/2026 20:00:00 - 03/08/2026 21:00:00","CTA|IE","356.22","n/e"," ","1004.64"
"03/08/2026 21:00:00 - 03/08/2026 22:00:00","CTA|IE","383.60","n/e"," ","858.78"
"03/08/2026 22:00:00 - 03/08/2026 23:00:00","CTA|IE","416.91","n/e"," ","761.42"
"03/08/2026 23:00:00 - 04/08/2026 00:00:00","CTA|IE","461.88","n/e"," ","678.97"
"04/08/2026 00:00:00 - 04/08/2026 01:00:00","CTA|IE","502.60","n/e"," ","663.52"
"04/08/2026 01:00:00 - 04/08/2026 02:00:00","CTA|IE","939.32","n/e"," ","579.24"
"04/08/2026 02:00:00 - 04/08/2026 03:00:00","CTA|IE","905.95","n/e"," ","533.53"
"04/08/2026 03:00:00 - 04/08/2026 04:00:00","CTA|IE","875.77","n/e"," ","503.86"
"04/08/2026 04:00:00 - 04/08/2026 05:00:00","CTA|IE","841.97","n/e"," ","492.61"
"04/08/2026 05:00:00 - 04/08/2026 06:00:00","CTA|IE","797.86","n/e"," ","564.80"
"04/08/2026 06:00:00 - 04/08/2026 07:00:00","CTA|IE","750.18","n/e"," ","573.50"
"04/08/2026 07:00:00 - 04/08/2026 08:00:00","CTA|IE","717.47","n/e"," ","536.27"
"04/08/2026 08:00:00 - 04/08/2026 09:00:00","CTA|IE","685.94","n/e"," ","465.04"
"04/08/2026 09:00:00 - 04/08/2026 10:00:00","CTA|IE","629.97","n/e"," ","417.70"
"04/08/2026 10:00:00 - 04/08/2026 11:00:00","CTA|IE","556.24","n/e"," ","431.73"
"04/08/2026 11:00:00 - 04/08/2026 12:00:00","CTA|IE","519.50","n/e"," ","392.16"
"04/08/2026 12:00:00 - 04/08/2026 13:00:00","CTA|IE","509.70","n/e"," ","420.38"
"04/08/2026 13:00:00 - 04/08/2026 14:00:00","CTA|IE","525.09","n/e"," ","488.11"
"04/08/2026 14:00:00 - 04/08/2026 15:00:00","CTA|IE","563.15","n/e"," ","518.25"
"04/08/2026 15:00:00 - 04/08/2026 16:00:00","CTA|IE","617.43","n/e"," ","660.96"
"04/08/2026 16:00:00 - 04/08/2026 17:00:00","CTA|IE","662.34","n/e"," ","812.21"
"04/08/2026 17:00:00 - 04/08/2026 18:00:00","CTA|IE","676.49","n/e"," ","1073.59"
"04/08/2026 18:00:00 - 04/08/2026 19:00:00","CTA|IE","676.23","n/e"," ","1286.50"
"04/08/2026 19:00:00 - 04/08/2026 20:00:00","CTA|IE","665.73","n/e"," ","1595.39"
"04/08/2026 20:00:00 - 04/08/2026 21:00:00","CTA|IE","631.15","n/e"," ","1623.40"
"04/08/2026 21:00:00 - 04/08/2026 22:00:00","CTA|IE","593.56","n/e"," ","1626.52"
"04/08/2026 22:00:00 - 04/08/2026 23:00:00","CTA|IE","557.29","n/e"," ","1788.77"
"04/08/2026 23:00:00 - 05/08/2026 00:00:00","CTA|IE","540.86","n/e"," ","1856.61"
"05/08/2026 00:00:00 - 05/08/2026 01:00:00","CTA|IE","539.40","n/e"," ","1745.62"
"05/08/2026 01:00:00 - 05/08/2026 02:00:00","CTA|IE","1554.25","n/e"," ","1870.66"
"05/08/2026 02:00:00 - 05/08/2026 03:00:00","CTA|IE","1634.64","n/e"," ","1894.92"
"05/08/2026 03:00:00 - 05/08/2026 04:00:00","CTA|IE","1772.02","n/e"," ","1866.28"
"05/08/2026 04:00:00 - 05/08/2026 05:00:00","CTA|IE","1936.50","n/e"," ","1945.97"
"05/08/2026 05:00:00 - 05/08/2026 06:00:00","CTA|IE","2114.60","n/e"," ","1974.72"
"05/08/2026 06:00:00 - 05/08/2026 07:00:00","CTA|IE","2269.41","n/e"," ","1980.05"
"05/08/2026 07:00:00 - 05/08/2026 08:00:00","CTA|IE","2406.81","n/e"," ","1982.63"
"05/08/2026 08:00:00 - 05/08/2026 09:00:00","CTA|IE","2569.19","n/e"," ","2056.28"
"05/08/2026 09:00:00 - 05/08/2026 10:00:00","CTA|IE","2754.35","n/e"," ","1969.12"
"05/08/2026 10:00:00 - 05/08/2026 11:00:00","CTA|IE","2937.11","n/e"," ","1897.32"
"05/08/2026 11:00:00 - 05/08/2026 12:00:00","CTA|IE","3112.56","n/e"," ","1670.19"
"05/08/2026 12:00:00 - 05/08/2026 13:00:00","CTA|IE","3234.47","n/e"," ","1393.76"
"05/08/2026 13:00:00 - 05/08/2026 14:00:00","CTA|IE","3307.56","n/e"," ","1092.11"
"05/08/2026 14:00:00 - 05/08/2026 15:00:00","CTA|IE","3340.76","n/e"," ","1067.60"
"05/08/2026 15:00:00 - 05/08/2026 16:00:00","CTA|IE","3370.63","n/e"," ","933.10"
"05/08/2026 16:00:00 - 05/08/2026 17:00:00","CTA|IE","3372.35","n/e"," ","874.56"
"05/08/2026 17:00:00 - 05/08/2026 18:00:00","CTA|IE","3330.98","n/e"," ","1252.40"
"05/08/2026 18:00:00 - 05/08/2026 19:00:00","CTA|IE","3196.53","n/e"," ","1803.07"
"05/08/2026 19:00:00 - 05/08/2026 20:00:00","CTA|IE","3031.93","n/e"," ","1781.81"
"05/08/2026 20:00:00 - 05/08/2026 21:00:00","CTA|IE","2859.26","n/e"," ","1690.63"
"05/08/2026 21:00:00 - 05/08/2026 22:00:00","CTA|IE","2634.40","n/e"," ","1446.50"
"05/08/2026 22:00:00 - 05/08/2026 23:00:00","CTA|IE","2360.02","n/e"," ","1174.85"
"05/08/2026 23:00:00 - 06/08/2026 00:00:00","CTA|IE","2126.60","n/e"," ","928.83"
"06/08/2026 00:00:00 - 06/08/2026 01:00:00","CTA|IE","1905.16","n/e"," ","902.22"
"06/08/2026 01:00:00 - 06/08/2026 02:00:00","CTA|IE","1034.97","n/e"," ","881.25"
"06/08/2026 02:00:00 - 06/08/2026 03:00:00","CTA|IE","953.75","n/e"," ","735.66"
"06/08/2026 03:00:00 - 06/08/2026 04:00:00","CTA|IE","889.17","n/e"," ","710.05"
"06/08/2026 04:00:00 - 06/08/2026 05:00:00","CTA|IE","806.23","n/e"," ","648.96"
"06/08/2026 05:00:00 - 06/08/2026 06:00:00","CTA|IE","720.44","n/e"," ","528.64"
"06/08/2026 06:00:00 - 06/08/2026 07:00:00","CTA|IE","660.74","n/e"," ","442.69"
"06/08/2026 07:00:00 - 06/08/2026 08:00:00","CTA|IE","607.74","n/e"," ","360.79"
"06/08/2026 08:00:00 - 06/08/2026 09:00:00","CTA|IE","540.63","n/e"," ","311.75"
"06/08/2026 09:00:00 - 06/08/2026 10:00:00","CTA|IE","465.32","n/e"," ","190.21"
"06/08/2026 10:00:00 - 06/08/2026 11:00:00","CTA|IE","430.95","n/e"," ","202.18"
"06/08/2026 11:00:00 - 06/08/2026 12:00:00","CTA|IE","429.01","n/e"," ","189.72"
"06/08/2026 12:00:00 - 06/08/2026 13:00:00","CTA|IE","433.66","n/e"," ","243.08"
"06/08/2026 13:00:00 - 06/08/2026 14:00:00","CTA|IE","458.52","n/e"," ","324.36"
"06/08/2026 14:00:00 - 06/08/2026 15:00:00","CTA|IE","502.07","n/e"," ","385.01"
"06/08/2026 15:00:00 - 06/08/2026 16:00:00","CTA|IE","576.89","n/e"," ","498.21"
"06/08/2026 16:00:00 - 06/08/2026 17:00:00","CTA|IE","648.12","n/e"," ","514.89"
"06/08/2026 17:00:00 - 06/08/2026 18:00:00","CTA|IE","690.41","n/e"," ","629.13"
"06/08/2026 18:00:00 - 06/08/2026 19:00:00","CTA|IE","694.73","n/e"," ","679.37"
"06/08/2026 19:00:00 - 06/08/2026 20:00:00","CTA|IE","677.52","n/e"," ","676.46"
"06/08/2026 20:00:00 - 06/08/2026 21:00:00","CTA|IE","624.82","n/e"," ","554.65"
"06/08/2026 21:00:00 - 06/08/2026 22:00:00","CTA|IE","526.44","n/e"," ","504.74"
"06/08/2026 22:00:00 - 06/08/2026 23:00:00","CTA|IE","423.50","n/e"," ","535.37"
"06/08/2026 23:00:00 - 07/08/2026 00:00:00","CTA|IE","372.13","n/e"," ","506.09"
"07/08/2026 00:00:00 - 07/08/2026 01:00:00","CTA|IE","366.06","n/e"," ","602.53"
"07/08/2026 01:00:00 - 07/08/2026 02:00:00","CTA|IE","443.60","n/e"," ","592.03"
"07/08/2026 02:00:00 - 07/08/2026 03:00:00","CTA|IE","469.49","n/e"," ","596.07"
"07/08/2026 03:00:00 - 07/08/2026 04:00:00","CTA|IE","505.97","n/e"," ","611.77"
"07/08/2026 04:00:00 - 07/08/2026 05:00:00","CTA|IE","538.47","n/e"," ","679.15"
"07/08/2026 05:00:00 - 07/08/2026 06:00:00","CTA|IE","549.97","n/e"," ","696.07"
"07/08/2026 06:00:00 - 07/08/2026 07:00:00","CTA|IE","551.97","n/e"," ","660.97"
"07/08/2026 07:00:00 - 07/08/2026 08:00:00","CTA|IE","563.36","n/e"," ","675.92"
"07/08/2026 08:00:00 - 07/08/2026 09:00:00","CTA|IE","579.69","n/e"," ","654.95"
"07/08/2026 09:00:00 - 07/08/2026 10:00:00","CTA|IE","583.61","n/e"," ","575.06"
"07/08/2026 10:00:00 - 07/08/2026 11:00:00","CTA|IE","614.62","n/e"," ","664.96"
"07/08/2026 11:00:00 - 07/08/2026 12:00:00","CTA|IE","718.81","n/e"," ","710.45"
"07/08/2026 12:00:00 - 07/08/2026 13:00:00","CTA|IE","828.39","n/e"," ","743.63"
"07/08/2026 13:00:00 - 07/08/2026 14:00:00","CTA|IE","932.85","n/e"," ","762.91"
"07/08/2026 14:00:00 - 07/08/2026 15:00:00","CTA|IE","1028.67","n/e"," ","704.30"
"07/08/2026 15:00:00 - 07/08/2026 16:00:00","CTA|IE","1134.22","n/e"," ","597.98"
"07/08/2026 16:00:00 - 07/08/2026 17:00:00","CTA|IE","1228.27","n/e"," ","613.50"
"07/08/2026 17:00:00 - 07/08/2026 18:00:00","CTA|IE","1302.18","n/e"," ","736.73"
"07/08/2026 18:00:00 - 07/08/2026 19:00:00","CTA|IE","1338.39","n/e"," ","991.21"
"07/08/2026 19:00:00 - 07/08/2026 20:00:00","CTA|IE","1370.31","n/e"," ","1041.38"
"07/08/2026 20:00:00 - 07/08/2026 21:00:00","CTA|IE","1377.14","n/e"," ","997.76"
"07/08/2026 21:00:00 - 07/08/2026 22:00:00","CTA|IE","1394.24","n/e"," ","817.26"
"07/08/2026 22:00:00 - 07/08/2026 23:00:00","CTA|IE","1468.82","n/e"," ","730.48"
"07/08/2026 23:00:00 - 08/08/2026 00:00:00","CTA|IE","1658.09","n/e"," ","709.91"
"08/08/2026 00:00:00 - 08/08/2026 01:00:00","CTA|IE","1912.73","n/e"," ","598.88"
"08/08/2026 01:00:00 - 08/08/2026 02:00:00","CTA|IE","701.23","n/e"," ","482.96"
"08/08/2026 02:00:00 - 08/08/2026 03:00:00","CTA|IE","759.17","n/e"," ","483.28"
"08/08/2026 03:00:00 - 08/08/2026 04:00:00","CTA|IE","843.99","n/e"," ","465.53"
"08/08/2026 04:00:00 - 08/08/2026 05:00:00","CTA|IE","967.26","n/e"," ","536.08"
"08/08/2026 05:00:00 - 08/08/2026 06:00:00","CTA|IE","1114.72","n/e"," ","660.11"
"08/08/2026 06:00:00 - 08/08/2026 07:00:00","CTA|IE","1278.63","n/e"," ","803.28"
"08/08/2026 07:00:00 - 08/08/2026 08:00:00","CTA|IE","1447.96","n/e"," ","912.77"
"08/08/2026 08:00:00 - 08/08/2026 09:00:00","CTA|IE","1586.39","n/e"," ","924.27"
"08/08/2026 09:00:00 - 08/08/2026 10:00:00","CTA|IE","1673.24","n/e"," ","917.02"
"08/08/2026 10:00:00 - 08/08/2026 11:00:00","CTA|IE","1759.37","n/e"," ","993.79"
"08/08/2026 11:00:00 - 08/08/2026 12:00:00","CTA|IE","1864.69","n/e"," ","940.90"
"08/08/2026 12:00:00 - 08/08/2026 13:00:00","CTA|IE","1883.18","n/e"," ","874.77"
"08/08/2026 13:00:00 - 08/08/2026 14:00:00","CTA|IE","1818.51","n/e"," ","883.31"
"08/08/2026 14:00:00 - 08/08/2026 15:00:00","CTA|IE","1735.41","n/e"," ","801.11"
"08/08/2026 15:00:00 - 08/08/2026 16:00:00","CTA|IE","1659.60","n/e"," ","604.45"
"08/08/2026 16:00:00 - 08/08/2026 17:00:00","CTA|IE","1545.86","n/e"," ","564.45"
"08/08/2026 17:00:00 - 08/08/2026 18:00:00","CTA|IE","1396.76","n/e"," ","669.92"
"08/08/2026 18:00:00 - 08/08/2026 19:00:00","CTA|IE","1236.03","n/e"," ","956.65"
"08/08/2026 19:00:00 - 08/08/2026 20:00:00","CTA|IE","1082.49","n/e"," ","867.45"
"08/08/2026 20:00:00 - 08/08/2026 21:00:00","CTA|IE","916.23","n/e"," ","723.44"
"08/08/2026 21:00:00 - 08/08/2026 22:00:00","CTA|IE","756.24","n/e"," ","699.29"
"08/08/2026 22:00:00 - 08/08/2026 23:00:00","CTA|IE","616.51","n/e"," ","665.36"
"08/08/2026 23:00:00 - 09/08/2026 00:00:00","CTA|IE","530.62","n/e"," ","672.67"
"09/08/2026 00:00:00 - 09/08/2026 01:00:00","CTA|IE","486.95","n/e"," ","588.18"
"09/08/2026 01:00:00 - 09/08/2026 02:00:00","CTA|IE","623.47","n/e"," ","611.58"
"09/08/2026 02:00:00 - 09/08/2026 03:00:00","CTA|IE","586.70","n/e"," ","595.08"
"09/08/2026 03:00:00 - 09/08/2026 04:00:00","CTA|IE","565.97","n/e"," ","575.07"
"09/08/2026 04:00:00 - 09/08/2026 05:00:00","CTA|IE","554.20","n/e"," ","624.09"
"09/08/2026 05:00:00 - 09/08/2026 06:00:00","CTA|IE","543.56","n/e"," ","674.96"
"09/08/2026 06:00:00 - 09/08/2026 07:00:00","CTA|IE","538.03","n/e"," ","670.02"
"09/08/2026 07:00:00 - 09/08/2026 08:00:00","CTA|IE","548.44","n/e"," ","628.64"
"09/08/2026 08:00:00 - 09/08/2026 09:00:00","CTA|IE","563.71","n/e"," ","594.36"
"09/08/2026 09:00:00 - 09/08/2026 10:00:00","CTA|IE","560.05","n/e"," ","606.96"
"09/08/2026 10:00:00 - 09/08/2026 11:00:00","CTA|IE","560.31","n/e"," ","678.91"
"09/08/2026 11:00:00 - 09/08/2026 12:00:00","CTA|IE","598.97","n/e"," ","673.81"
"09/08/2026 12:00:00 - 09/08/2026 13:00:00","CTA|IE","643.56","n/e"," ","768.16"
"09/08/2026 13:00:00 - 09/08/2026 14:00:00","CTA|IE","667.70","n/e"," ","828.40"
"09/08/2026 14:00:00 - 09/08/2026 15:00:00","CTA|IE","679.37","n/e"," ","828.59"
"09/08/2026 15:00:00 - 09/08/2026 16:00:00","CTA|IE","702.19","n/e"," ","874.08"
"09/08/2026 16:00:00 - 09/08/2026 17:00:00","CTA|IE","716.10","n/e"," ","887.97"
"09/08/2026 17:00:00 - 09/08/2026 18:00:00","CTA|IE","703.54","n/e"," ","972.88"
"09/08/2026 18:00:00 - 09/08/2026 19:00:00","CTA|IE","672.36","n/e"," ","1168.05"
"09/08/2026 19:00:00 - 09/08/2026 20:00:00","CTA|IE","637.87","n/e"," ","1282.56"
"09/08/2026 20:00:00 - 09/08/2026 21:00:00","CTA|IE","589.75","n/e"," ","1091.39"
"09/08/2026 21:00:00 - 09/08/2026 22:00:00","CTA|IE","518.09","n/e"," ","805.87"
"09/08/2026 22:00:00 - 09/08/2026 23:00:00","CTA|IE","438.70","n/e"," ","700.17"
"09/08/2026 23:00:00 - 10/08/2026 00:00:00","CTA|IE","380.43","n/e"," ","557.06"
"10/08/2026 00:00:00 - 10/08/2026 01:00:00","CTA|IE","339.38","n/e"," ","512.89"
"10/08/2026 01:00:00 - 10/08/2026 02:00:00","CTA|IE","291.38","n/e"," ","478.79"
"10/08/2026 02:00:00 - 10/08/2026 03:00:00","CTA|IE","251.85","n/e"," ","441.64"
"10/08/2026 03:00:00 - 10/08/2026 04:00:00","CTA|IE","214.63","n/e"," ","394.23"
"10/08/2026 04:00:00 - 10/08/2026 05:00:00","CTA|IE","181.46","n/e"," ","343.73"
"10/08/2026 05:00:00 - 10/08/2026 06:00:00","CTA|IE","154.13","n/e"," ","250.38"
"10/08/2026 06:00:00 - 10/08/2026 07:00:00","CTA|IE","127.86","n/e"," ","184.25"
"10/08/2026 07:00:00 - 10/08/2026 08:00:00","CTA|IE","103.87","n/e"," ","122.97"
"10/08/2026 08:00:00 - 10/08/2026 09:00:00","CTA|IE","82.55","n/e"," ","58.55"
"10/08/2026 09:00:00 - 10/08/2026 10:00:00","CTA|IE","63.36","n/e"," ","23.37"
"10/08/2026 10:00:00 - 10/08/2026 11:00:00","CTA|IE","53.08","n/e"," ","13.17"
"10/08/2026 11:00:00 - 10/08/2026 12:00:00","CTA|IE","44.42","n/e"," ","15.14"
"10/08/2026 12:00:00 - 10/08/2026 13:00:00","CTA|IE","39.30","n/e"," ","14.24"
"10/08/2026 13:00:00 - 10/08/2026 14:00:00","CTA|IE","37.53","n/e"," ","18.08"
"10/08/2026 14:00:00 - 10/08/2026 15:00:00","CTA|IE","36.71","n/e"," ","19.04"
"10/08/2026 15:00:00 - 10/08/2026 16:00:00","CTA|IE","36.10","n/e"," ","16.56"
"10/08/2026 16:00:00 - 10/08/2026 17:00:00","CTA|IE","36.11","n/e"," ","19.87"
"10/08/2026 17:00:00 - 10/08/2026 18:00:00","CTA|IE","40.64","n/e"," ","35.92"
"10/08/2026 18:00:00 - 10/08/2026 19:00:00","CTA|IE","51.34","n/e"," ","60.79"
"10/08/2026 19:00:00 - 10/08/2026 20:00:00","CTA|IE","69.49","n/e"," ","106.71"
"10/08/2026 20:00:00 - 10/08/2026 21:00:00","CTA|IE","91.10","n/e"," ","140.30"
"10/08/2026 21:00:00 - 10/08/2026 22:00:00","CTA|IE","116.59","n/e"," ","233.49"
"10/08/2026 22:00:00 - 10/08/2026 23:00:00","CTA|IE","152.39","n/e"," ","386.14"
"10/08/2026 23:00:00 - 11/08/2026 00:00:00","CTA|IE","204.06","n/e"," ","515.76"
"11/08/2026 00:00:00 - 11/08/2026 01:00:00","CTA|IE","257.36","n/e"," ","736.06"
"11/08/2026 01:00:00 - 11/08/2026 02:00:00","CTA|IE","490.65","n/e"," ","769.47"
"11/08/2026 02:00:00 - 11/08/2026 03:00:00","CTA|IE","581.10","n/e"," ","758.53"
"11/08/2026 03:00:00 - 11/08/2026 04:00:00","CTA|IE","663.20","n/e"," ","732.33"
"11/08/2026 04:00:00 - 11/08/2026 05:00:00","CTA|IE","703.12","n/e"," ","725.14"
"11/08/2026 05:00:00 - 11/08/2026 06:00:00","CTA|IE","696.33","n/e"," ","675.08"
"11/08/2026 06:00:00 - 11/08/2026 07:00:00","CTA|IE","671.79","n/e"," ","753.71"
"11/08/2026 07:00:00 - 11/08/2026 08:00:00","CTA|IE","658.26","n/e"," ","769.80"
"11/08/2026 08:00:00 - 11/08/2026 09:00:00","CTA|IE","641.79","n/e"," ","798.22"
"11/08/2026 09:00:00 - 11/08/2026 10:00:00","CTA|IE","592.82","n/e"," ","779.42"
"11/08/2026 10:00:00 - 11/08/2026 11:00:00","CTA|IE","571.00","n/e"," ","745.44"
"11/08/2026 11:00:00 - 11/08/2026 12:00:00","CTA|IE","607.32","n/e"," ","871.93"
"11/08/2026 12:00:00 - 11/08/2026 13:00:00","CTA|IE","639.32","n/e"," ","896.02"
"11/08/2026 13:00:00 - 11/08/2026 14:00:00","CTA|IE","678.88","n/e"," ","816.00"
"11/08/2026 14:00:00 - 11/08/2026 15:00:00","CTA|IE","734.49","n/e"," ","678.26"
"11/08/2026 15:00:00 - 11/08/2026 16:00:00","CTA|IE","784.99","n/e"," ","660.44"
"11/08/2026 16:00:00 - 11/08/2026 17:00:00","CTA|IE","819.50","n/e"," ","669.02"
"11/08/2026 17:00:00 - 11/08/2026 18:00:00","CTA|IE","839.95","n/e"," ","821.96"
"11/08/2026 18:00:00 - 11/08/2026 19:00:00","CTA|IE","856.74","n/e"," ","793.02"
"11/08/2026 19:00:00 - 11/08/2026 20:00:00","CTA|IE","868.53","n/e"," ","697.44"
"11/08/2026 20:00:00 - 11/08/2026 21:00:00","CTA|IE","838.22","n/e"," ","580.62"
"11/08/2026 21:00:00 - 11/08/2026 22:00:00","CTA|IE","776.93","n/e"," ","672.67"
"11/08/2026 22:00:00 - 11/08/2026 23:00:00","CTA|IE","714.83","n/e"," ","816.08"
"11/08/2026 23:00:00 - 12/08/2026 00:00:00","CTA|IE","704.57","n/e"," ","908.52"
"12/08/2026 00:00:00 - 12/08/2026 01:00:00","CTA|IE","726.03","n/e"," ","1124.62"
"12/08/2026 01:00:00 - 12/08/2026 02:00:00","CTA|IE","842.74","n/e"," ","1235.25"
"12/08/2026 02:00:00 - 12/08/2026 03:00:00","CTA|IE","847.41","n/e"," ","1241.11"
"12/08/2026 03:00:00 - 12/08/2026 04:00:00","CTA|IE","840.91","n/e"," ","1152.38"
"12/08/2026 04:00:00 - 12/08/2026 05:00:00","CTA|IE","833.69","n/e"," ","1139.51"
"12/08/2026 05:00:00 - 12/08/2026 06:00:00","CTA|IE","813.11","n/e"," ","1075.52"
"12/08/2026 06:00:00 - 12/08/2026 07:00:00","CTA|IE","791.09","n/e"," ","1086.25"
"12/08/2026 07:00:00 - 12/08/2026 08:00:00","CTA|IE","776.01","n/e"," ","1015.30"
"12/08/2026 08:00:00 - 12/08/2026 09:00:00","CTA|IE","744.22","n/e"," ","934.32"
"12/08/2026 09:00:00 - 12/08/2026 10:00:00","CTA|IE","687.97","n/e"," ","840.47"
"12/08/2026 10:00:00 - 12/08/2026 11:00:00","CTA|IE","624.83","n/e"," ","713.27"
"12/08/2026 11:00:00 - 12/08/2026 12:00:00","CTA|IE","606.54","n/e"," ","657.88"
"12/08/2026 12:00:00 - 12/08/2026 13:00:00","CTA|IE","602.24","n/e"," ","596.08"
"12/08/2026 13:00:00 - 12/08/2026 14:00:00","CTA|IE","593.28","n/e"," ","634.76"
"12/08/2026 14:00:00 - 12/08/2026 15:00:00","CTA|IE","579.27","n/e"," ","610.07"
"12/08/2026 15:00:00 - 12/08/2026 16:00:00","CTA|IE","559.99","n/e"," ","567.59"
"12/08/2026 16:00:00 - 12/08/2026 17:00:00","CTA|IE","526.85","n/e"," ","656.59"
"12/08/2026 17:00:00 - 12/08/2026 18:00:00","CTA|IE","473.43","n/e"," ","557.23"
"12/08/2026 18:00:00 - 12/08/2026 19:00:00","CTA|IE","426.88","n/e"," ","523.16"
"12/08/2026 19:00:00 - 12/08/2026 20:00:00","CTA|IE","387.28","n/e"," ","493.28"
"12/08/2026 20:00:00 - 12/08/2026 21:00:00","CTA|IE","337.13","n/e"," ","396.27"
"12/08/2026 21:00:00 - 12/08/2026 22:00:00","CTA|IE","290.00","n/e"," ","335.47"
"12/08/2026 22:00:00 - 12/08/2026 23:00:00","CTA|IE","258.70","n/e"," ","374.21"
"12/08/2026 23:00:00 - 13/08/2026 00:00:00","CTA|IE","242.17","n/e"," ","353.07"
"13/08/2026 00:00:00 - 13/08/2026 01:00:00","CTA|IE","226.97","n/e"," ","273.00"
"13/08/2026 01:00:00 - 13/08/2026 02:00:00","CTA|IE","148.21","n/e"," ","244.02"
"13/08/2026 02:00:00 - 13/08/2026 03:00:00","CTA|IE","145.35","n/e"," ","264.92"
"13/08/2026 03:00:00 - 13/08/2026 04:00:00","CTA|IE","145.37","n/e"," ","269.39"
"13/08/2026 04:00:00 - 13/08/2026 05:00:00","CTA|IE","141.34","n/e"," ","257.04"
"13/08/2026 05:00:00 - 13/08/2026 06:00:00","CTA|IE","133.23","n/e"," ","206.28"
"13/08/2026 06:00:00 - 13/08/2026 07:00:00","CTA|IE","126.04","n/e"," ","199.94"
"13/08/2026 07:00:00 - 13/08/2026 08:00:00","CTA|IE","121.91","n/e"," ","251.63"
"13/08/2026 08:00:00 - 13/08/2026 09:00:00","CTA|IE","123.83","n/e"," ","289.33"
"13/08/2026 09:00:00 - 13/08/2026 10:00:00","CTA|IE","130.77","n/e"," ","276.09"
"13/08/2026 10:00:00 - 13/08/2026 11:00:00","CTA|IE","139.86","n/e"," ","297.90"
"13/08/2026 11:00:00 - 13/08/2026 12:00:00","CTA|IE","155.63","n/e"," ","298.83"
"13/08/2026 12:00:00 - 13/08/2026 13:00:00","CTA|IE","178.68","n/e"," ","310.30"
"13/08/2026 13:00:00 - 13/08/2026 14:00:00","CTA|IE","212.54","n/e"," ","385.12"
"13/08/2026 14:00:00 - 13/08/2026 15:00:00","CTA|IE","258.06","n/e"," ","474.57"
"13/08/2026 15:00:00 - 13/08/2026 16:00:00","CTA|IE","314.62","n/e"," ","528.12"
"13/08/2026 16:00:00 - 13/08/2026 17:00:00","CTA|IE","368.74","n/e"," ","604.22"
"13/08/2026 17:00:00 - 13/08/2026 18:00:00","CTA|IE","442.27","n/e"," ","695.39"
"13/08/2026 18:00:00 - 13/08/2026 19:00:00","CTA|IE","465.61","n/e"," ","660.00"
"13/08/2026 19:00:00 - 13/08/2026 20:00:00","CTA|IE","487.40","n/e"," ","646.28"
"13/08/2026 20:00:00 - 13/08/2026 21:00:00","CTA|IE","483.69","n/e"," ","654.33"
"13/08/2026 21:00:00 - 13/08/2026 22:00:00","CTA|IE","450.33","n/e"," ","641.03"
"13/08/2026 22:00:00 - 13/08/2026 23:00:00","CTA|IE","412.58","n/e"," ","514.84"
"13/08/2026 23:00:00 - 14/08/2026 00:00:00","CTA|IE","393.95","n/e"," ","417.32"
"14/08/2026 00:00:00 - 14/08/2026 01:00:00","CTA|IE","387.31","n/e"," ","353.75"
"14/08/2026 01:00:00 - 14/08/2026 02:00:00","CTA|IE","532.15","n/e"," ","384.84"
"14/08/2026 02:00:00 - 14/08/2026 03:00:00","CTA|IE","551.05","n/e"," ","427.28"
"14/08/2026 03:00:00 - 14/08/2026 04:00:00","CTA|IE","542.27","n/e"," ","454.59"
"14/08/2026 04:00:00 - 14/08/2026 05:00:00","CTA|IE","523.73","n/e"," ","518.17"
"14/08/2026 05:00:00 - 14/08/2026 06:00:00","CTA|IE","494.23","n/e"," ","544.21"
"14/08/2026 06:00:00 - 14/08/2026 07:00:00","CTA|IE","452.87","n/e"," ","611.33"
"14/08/2026 07:00:00 - 14/08/2026 08:00:00","CTA|IE","412.96","n/e"," ","640.87"
"14/08/2026 08:00:00 - 14/08/2026 09:00:00","CTA|IE","393.52","n/e"," ","503.45"
"14/08/2026 09:00:00 - 14/08/2026 10:00:00","CTA|IE","397.94","n/e"," ","380.67"
"14/08/2026 10:00:00 - 14/08/2026 11:00:00","CTA|IE","412.13","n/e"," ","353.03"
"14/08/2026 11:00:00 - 14/08/2026 12:00:00","CTA|IE","439.50","n/e"," ","359.84"
"14/08/2026 12:00:00 - 14/08/2026 13:00:00","CTA|IE","468.31","n/e"," ","351.64"
"14/08/2026 13:00:00 - 14/08/2026 14:00:00","CTA|IE","509.35","n/e"," ","342.05"
"14/08/2026 14:00:00 - 14/08/2026 15:00:00","CTA|IE","546.25","n/e"," ","349.18"
"14/08/2026 15:00:00 - 14/08/2026 16:00:00","CTA|IE","594.19","n/e"," ","415.05"
"14/08/2026 16:00:00 - 14/08/2026 17:00:00","CTA|IE","644.08","n/e"," ","504.11"
"14/08/2026 17:00:00 - 14/08/2026 18:00:00","CTA|IE","685.76","n/e"," ","523.70"
"14/08/2026 18:00:00 - 14/08/2026 19:00:00","CTA|IE","693.67","n/e"," ","530.00"
"14/08/2026 19:00:00 - 14/08/2026 20:00:00","CTA|IE","701.92","n/e"," ","449.33"
"14/08/2026 20:00:00 - 14/08/2026 21:00:00","CTA|IE","722.21","n/e"," ","345.68"
"14/08/2026 21:00:00 - 14/08/2026 22:00:00","CTA|IE","726.48","n/e"," ","369.63"
"14/08/2026 22:00:00 - 14/08/2026 23:00:00","CTA|IE","697.29","n/e"," ","378.17"
"14/08/2026 23:00:00 - 15/08/2026 00:00:00","CTA|IE","663.10","n/e"," ","338.99"
"15/08/2026 00:00:00 - 15/08/2026 01:00:00","CTA|IE","628.97","n/e"," ","317.64"
"15/08/2026 01:00:00 - 15/08/2026 02:00:00","CTA|IE","666.29","n/e"," ","301.35"
"15/08/2026 02:00:00 - 15/08/2026 03:00:00","CTA|IE","608.59","n/e"," ","272.20"
"15/08/2026 03:00:00 - 15/08/2026 04:00:00","CTA|IE","539.55","n/e"," ","197.82"
"15/08/2026 04:00:00 - 15/08/2026 05:00:00","CTA|IE","489.34","n/e"," ","233.30"
"15/08/2026 05:00:00 - 15/08/2026 06:00:00","CTA|IE","469.76","n/e"," ","229.41"
"15/08/2026 06:00:00 - 15/08/2026 07:00:00","CTA|IE","474.11","n/e"," ","207.60"
"15/08/2026 07:00:00 - 15/08/2026 08:00:00","CTA|IE","479.74","n/e"," ","194.28"
"15/08/2026 08:00:00 - 15/08/2026 09:00:00","CTA|IE","465.01","n/e"," ","215.97"
"15/08/2026 09:00:00 - 15/08/2026 10:00:00","CTA|IE","438.86","n/e"," ","144.12"
"15/08/2026 10:00:00 - 15/08/2026 11:00:00","CTA|IE","406.42","n/e"," ","112.72"
"15/08/2026 11:00:00 - 15/08/2026 12:00:00","CTA|IE","362.64","n/e"," ","81.40"
"15/08/2026 12:00:00 - 15/08/2026 13:00:00","CTA|IE","329.17","n/e"," ","56.17"
"15/08/2026 13:00:00 - 15/08/2026 14:00:00","CTA|IE","319.20","n/e"," ","81.95"
"15/08/2026 14:00:00 - 15/08/2026 15:00:00","CTA|IE","331.77","n/e"," ","111.48"
"15/08/2026 15:00:00 - 15/08/2026 16:00:00","CTA|IE","379.61","n/e"," ","134.85"
"15/08/2026 16:00:00 - 15/08/2026 17:00:00","CTA|IE","445.02","n/e"," ","159.32"
"15/08/2026 17:00:00 - 15/08/2026 18:00:00","CTA|IE","504.36","n/e"," ","149.71"
"15/08/2026 18:00:00 - 15/08/2026 19:00:00","CTA|IE","539.87","n/e"," ","131.77"
"15/08/2026 19:00:00 - 15/08/2026 20:00:00","CTA|IE","567.16","n/e"," ","114.04"
"15/08/2026 20:00:00 - 15/08/2026 21:00:00","CTA|IE","570.48","n/e"," ","102.72"
"15/08/2026 21:00:00 - 15/08/2026 22:00:00","CTA|IE","529.22","n/e"," ","89.82"
"15/08/2026 22:00:00 - 15/08/2026 23:00:00","CTA|IE","447.69","n/e"," ","72.83"
"15/08/2026 23:00:00 - 16/08/2026 00:00:00","CTA|IE","369.21","n/e"," ","61.32"
"16/08/2026 00:00:00 - 16/08/2026 01:00:00","CTA|IE","295.33","n/e"," ","50.97"
"16/08/2026 01:00:00 - 16/08/2026 02:00:00","CTA|IE","176.17","n/e"," ","55.79"
"16/08/2026 02:00:00 - 16/08/2026 03:00:00","CTA|IE","127.65","n/e"," ","70.02"
"16/08/2026 03:00:00 - 16/08/2026 04:00:00","CTA|IE","104.93","n/e"," ","85.49"
"16/08/2026 04:00:00 - 16/08/2026 05:00:00","CTA|IE","107.82","n/e"," ","136.00"
"16/08/2026 05:00:00 - 16/08/2026 06:00:00","CTA|IE","130.69","n/e"," ","228.73"
"16/08/2026 06:00:00 - 16/08/2026 07:00:00","CTA|IE","172.74","n/e"," ","298.72"
"16/08/2026 07:00:00 - 16/08/2026 08:00:00","CTA|IE","234.28","n/e"," ","339.73"
"16/08/2026 08:00:00 - 16/08/2026 09:00:00","CTA|IE","318.17","n/e"," ","402.11"
"16/08/2026 09:00:00 - 16/08/2026 10:00:00","CTA|IE","416.00","n/e"," ","450.91"
"16/08/2026 10:00:00 - 16/08/2026 11:00:00","CTA|IE","524.08","n/e"," ","539.42"
"16/08/2026 11:00:00 - 16/08/2026 12:00:00","CTA|IE","671.34","n/e"," ","632.46"
"16/08/2026 12:00:00 - 16/08/2026 13:00:00","CTA|IE","824.77","n/e"," ","773.99"
"16/08/2026 13:00:00 - 16/08/2026 14:00:00","CTA|IE","930.01","n/e"," ","933.86"
"16/08/2026 14:00:00 - 16/08/2026 15:00:00","CTA|IE","986.93","n/e"," ","876.91"
"16/08/2026 15:00:00 - 16/08/2026 16:00:00","CTA|IE","1024.10","n/e"," ","762.95"
"16/08/2026 16:00:00 - 16/08/2026 17:00:00","CTA|IE","1027.61","n/e"," ","696.89"
"16/08/2026 17:00:00 - 16/08/2026 18:00:00","CTA|IE","992.27","n/e"," ","754.16"
"16/08/2026 18:00:00 - 16/08/2026 19:00:00","CTA|IE","946.23","n/e"," ","725.88"
"16/08/2026 19:00:00 - 16/08/2026 20:00:00","CTA|IE","916.01","n/e"," ","702.34"
"16/08/2026 20:00:00 - 16/08/2026 21:00:00","CTA|IE","871.79","n/e"," ","657.05"
"16/08/2026 21:00:00 - 16/08/2026 22:00:00","CTA|IE","809.74","n/e"," ","663.62"
"16/08/2026 22:00:00 - 16/08/2026 23:00:00","CTA|IE","759.25","n/e"," ","683.30"
"16/08/2026 23:00:00 - 17/08/2026 00:00:00","CTA|IE","730.02","n/e"," ","663.13"
"17/08/2026 00:00:00 - 17/08/2026 01:00:00","CTA|IE","693.42","n/e"," ","629.21"
"17/08/2026 01:00:00 - 17/08/2026 02:00:00","CTA|IE","700.08","n/e"," ","630.06"
"17/08/2026 02:00:00 - 17/08/2026 03:00:00","CTA|IE","635.19","n/e"," ","623.70"
"17/08/2026 03:00:00 - 17/08/2026 04:00:00","CTA|IE","597.68","n/e"," ","565.85"
"17/08/2026 04:00:00 - 17/08/2026 05:00:00","CTA|IE","581.56","n/e"," ","504.93"
"17/08/2026 05:00:00 - 17/08/2026 06:00:00","CTA|IE","560.00","n/e"," ","522.11"
"17/08/2026 06:00:00 - 17/08/2026 07:00:00","CTA|IE","536.78","n/e"," ","476.22"
"17/08/2026 07:00:00 - 17/08/2026 08:00:00","CTA|IE","517.31","n/e"," ","386.07"
"17/08/2026 08:00:00 - 17/08/2026 09:00:00","CTA|IE","486.45","n/e"," ","354.93"
"17/08/2026 09:00:00 - 17/08/2026 10:00:00","CTA|IE","442.93","n/e"," ","395.90"
"17/08/2026 10:00:00 - 17/08/2026 11:00:00","CTA|IE","417.61","n/e"," ","365.63"
"17/08/2026 11:00:00 - 17/08/2026 12:00:00","CTA|IE","419.47","n/e"," ","404.21"
"17/08/2026 12:00:00 - 17/08/2026 13:00:00","CTA|IE","426.49","n/e"," ","401.83"
"17/08/2026 13:00:00 - 17/08/2026 14:00:00","CTA|IE","440.48","n/e"," ","495.45"
"17/08/2026 14:00:00 - 17/08/2026 15:00:00","CTA|IE","461.27","n/e"," ","598.07"
"17/08/2026 15:00:00 - 17/08/2026 16:00:00","CTA|IE","512.56","n/e"," ","871.41"
"17/08/2026 16:00:00 - 17/08/2026 17:00:00","CTA|IE","590.90","n/e"," ","1109.06"
"17/08/2026 17:00:00 - 17/08/2026 18:00:00","CTA|IE","685.43","n/e"," ","1260.31"
"17/08/2026 18:00:00 - 17/08/2026 19:00:00","CTA|IE","788.41","n/e"," ","1442.81"
"17/08/2026 19:00:00 - 17/08/2026 20:00:00","CTA|IE","920.19","n/e"," ","1755.77"
"17/08/2026 20:00:00 - 17/08/2026 21:00:00","CTA|IE","1074.12","n/e"," ","1880.73"
"17/08/2026 21:00:00 - 17/08/2026 22:00:00","CTA|IE","1197.48","n/e"," ","1952.72"
"17/08/2026 22:00:00 - 17/08/2026 23:00:00","CTA|IE","1295.46","n/e"," ","1988.12"
"17/08/2026 23:00:00 - 18/08/2026 00:00:00","CTA|IE","1431.74","n/e"," ","1875.65"
"18/08/2026 00:00:00 - 18/08/2026 01:00:00","CTA|IE","1561.13","n/e"," ","1768.88"
"18/08/2026 01:00:00 - 18/08/2026 02:00:00","CTA|IE","1437.29","n/e"," ","1725.82"
"18/08/2026 02:00:00 - 18/08/2026 03:00:00","CTA|IE","1368.42","n/e"," ","1708.41"
"18/08/2026 03:00:00 - 18/08/2026 04:00:00","CTA|IE","1271.92","n/e"," ","1631.97"
"18/08/2026 04:00:00 - 18/08/2026 05:00:00","CTA|IE","1160.03","n/e"," ","1632.22"
"18/08/2026 05:00:00 - 18/08/2026 06:00:00","CTA|IE","1043.20","n/e"," ","1413.84"
"18/08/2026 06:00:00 - 18/08/2026 07:00:00","CTA|IE","932.83","n/e"," ","1446.34"
"18/08/2026 07:00:00 - 18/08/2026 08:00:00","CTA|IE","845.20","n/e"," ","1458.38"
"18/08/2026 08:00:00 - 18/08/2026 09:00:00","CTA|IE","771.44","n/e"," ","1386.22"
"18/08/2026 09:00:00 - 18/08/2026 10:00:00","CTA|IE","733.04","n/e"," ","1139.60"
"18/08/2026 10:00:00 - 18/08/2026 11:00:00","CTA|IE","727.65","n/e"," ","1064.51"
"18/08/2026 11:00:00 - 18/08/2026 12:00:00","CTA|IE","758.66","n/e"," ","1153.31"
"18/08/2026 12:00:00 - 18/08/2026 13:00:00","CTA|IE","813.34","n/e"," ","1323.58"
"18/08/2026 13:00:00 - 18/08/2026 14:00:00","CTA|IE","901.41","n/e"," ","1438.84"
"18/08/2026 14:00:00 - 18/08/2026 15:00:00","CTA|IE","1006.71","n/e"," ","1570.60"
"18/08/2026 15:00:00 - 18/08/2026 16:00:00","CTA|IE","1118.41","n/e"," ","1451.40"
"18/08/2026 16:00:00 - 18/08/2026 17:00:00","CTA|IE","1205.72","n/e"," ","1356.31"
"18/08/2026 17:00:00 - 18/08/2026 18:00:00","CTA|IE","1275.11","n/e"," ","1368.29"
"18/08/2026 18:00:00 - 18/08/2026 19:00:00","CTA|IE","1320.67","n/e"," ","1175.77"
"18/08/2026 19:00:00 - 18/08/2026 20:00:00","CTA|IE","1363.94","n/e"," ","924.98"
"18/08/2026 20:00:00 - 18/08/2026 21:00:00","CTA|IE","1388.27","n/e"," ","838.61"
"18/08/2026 21:00:00 - 18/08/2026 22:00:00","CTA|IE","1381.85","n/e"," ","664.35"
"18/08/2026 22:00:00 - 18/08/2026 23:00:00","CTA|IE","1360.32","n/e"," ","708.14"
"18/08/2026 23:00:00 - 19/08/2026 00:00:00","CTA|IE","1385.89","n/e"," ","913.01"
"19/08/2026 00:00:00 - 19/08/2026 01:00:00","CTA|IE","1444.14","n/e"," ","739.31"
"19/08/2026 01:00:00 - 19/08/2026 02:00:00","CTA|IE","1539.44","n/e"," ","833.60"
"19/08/2026 02:00:00 - 19/08/2026 03:00:00","CTA|IE","1588.30","n/e"," ","804.05"
"19/08/2026 03:00:00 - 19/08/2026 04:00:00","CTA|IE","1670.80","n/e"," ","902.55"
"19/08/2026 04:00:00 - 19/08/2026 05:00:00","CTA|IE","1757.80","n/e"," ","1000.66"
"19/08/2026 05:00:00 - 19/08/2026 06:00:00","CTA|IE","1837.92","n/e"," ","1077.92"
"19/08/2026 06:00:00 - 19/08/2026 07:00:00","CTA|IE","1880.18","n/e"," ","1232.46"
"19/08/2026 07:00:00 - 19/08/2026 08:00:00","CTA|IE","1922.90","n/e"," ","1210.88"
"19/08/2026 08:00:00 - 19/08/2026 09:00:00","CTA|IE","1967.43","n/e"," ","1154.38"
"19/08/2026 09:00:00 - 19/08/2026 10:00:00","CTA|IE","2035.46","n/e"," ","1115.94"
"19/08/2026 10:00:00 - 19/08/2026 11:00:00","CTA|IE","2108.68","n/e"," ","1195.74"
"19/08/2026 11:00:00 - 19/08/2026 12:00:00","CTA|IE","2192.93","n/e"," ","1273.76"
"19/08/2026 12:00:00 - 19/08/2026 13:00:00","CTA|IE","2265.08","n/e"," ","1335.00"
"19/08/2026 13:00:00 - 19/08/2026 14:00:00","CTA|IE","2288.90","n/e"," ","1362.80"
"19/08/2026 14:00:00 - 19/08/2026 15:00:00","CTA|IE","2267.71","n/e"," ","1497.44"
"19/08/2026 15:00:00 - 19/08/2026 16:00:00","CTA|IE","2226.25","n/e"," ","1509.57"
"19/08/2026 16:00:00 - 19/08/2026 17:00:00","CTA|IE","2154.81","n/e"," ","1469.23"
"19/08/2026 17:00:00 - 19/08/2026 18:00:00","CTA|IE","2055.30","n/e"," ","1628.09"
"19/08/2026 18:00:00 - 19/08/2026 19:00:00","CTA|IE","1929.00","n/e"," ","1577.50"
"19/08/2026 19:00:00 - 19/08/2026 20:00:00","CTA|IE","1787.14","n/e"," ","1644.82"
"19/08/2026 20:00:00 - 19/08/2026 21:00:00","CTA|IE","1599.01","n/e"," ","1541.62"
"19/08/2026 21:00:00 - 19/08/2026 22:00:00","CTA|IE","1392.41","n/e"," ","1317.58"
"19/08/2026 22:00:00 - 19/08/2026 23:00:00","CTA|IE","1206.46","n/e"," ","1223.08"
"19/08/2026 23:00:00 - 20/08/2026 00:00:00","CTA|IE","1105.39","n/e"," ","1162.94"
"20/08/2026 00:00:00 - 20/08/2026 01:00:00","CTA|IE","1041.85","n/e"," ","1131.25"
"20/08/2026 01:00:00 - 20/08/2026 02:00:00","CTA|IE","971.34","n/e"," ","1237.22"
"20/08/2026 02:00:00 - 20/08/2026 03:00:00","CTA|IE","979.87","n/e"," ","1340.17"
"20/08/2026 03:00:00 - 20/08/2026 04:00:00","CTA|IE","1015.66","n/e"," ","1317.56"
"20/08/2026 04:00:00 - 20/08/2026 05:00:00","CTA|IE","1084.38","n/e"," ","1378.82"
"20/08/2026 05:00:00 - 20/08/2026 06:00:00","CTA|IE","1162.91","n/e"," ","1450.59"
"20/08/2026 06:00:00 - 20/08/2026 07:00:00","CTA|IE","1234.70","n/e"," ","1463.14"
"20/08/2026 07:00:00 - 20/08/2026 08:00:00","CTA|IE","1316.73","n/e"," ","1586.55"
"20/08/2026 08:00:00 - 20/08/2026 09:00:00","CTA|IE","1414.19","n/e"," ","1531.39"
"20/08/2026 09:00:00 - 20/08/2026 10:00:00","CTA|IE","1515.71","n/e"," ","1592.57"
"20/08/2026 10:00:00 - 20/08/2026 11:00:00","CTA|IE","1563.53","n/e"," ","1567.17"
"20/08/2026 11:00:00 - 20/08/2026 12:00:00","CTA|IE","1577.64","n/e"," ","1520.17"
"20/08/2026 12:00:00 - 20/08/2026 13:00:00","CTA|IE","1566.93","n/e"," ","1465.61"
"20/08/2026 13:00:00 - 20/08/2026 14:00:00","CTA|IE","1547.63","n/e"," ","1472.60"
"20/08/2026 14:00:00 - 20/08/2026 15:00:00","CTA|IE","1506.45","n/e"," ","1413.05"
"20/08/2026 15:00:00 - 20/08/2026 16:00:00","CTA|IE","1490.34","n/e"," ","1363.40"
"20/08/2026 16:00:00 - 20/08/2026 17:00:00","CTA|IE","1500.21","n/e"," ","1338.45"
"20/08/2026 17:00:00 - 20/08/2026 18:00:00","CTA|IE","1525.16","n/e"," ","1454.79"
"20/08/2026 18:00:00 - 20/08/2026 19:00:00","CTA|IE","1501.97","n/e"," ","1461.70"
"20/08/2026 19:00:00 - 20/08/2026 20:00:00","CTA|IE","1438.80","n/e"," ","1376.03"
"20/08/2026 20:00:00 - 20/08/2026 21:00:00","CTA|IE","1351.79","n/e"," ","1230.80"
"20/08/2026 21:00:00 - 20/08/2026 22:00:00","CTA|IE","1232.88","n/e"," ","1078.46"
"20/08/2026 22:00:00 - 20/08/2026 23:00:00","CTA|IE","1096.84","n/e"," ","1096.86"
"20/08/2026 23:00:00 - 21/08/2026 00:00:00","CTA|IE","1030.01","n/e"," ","996.63"
"21/08/2026 00:00:00 - 21/08/2026 01:00:00","CTA|IE","997.70","n/e"," ","1008.51"
"21/08/2026 01:00:00 - 21/08/2026 02:00:00","CTA|IE","976.46","n/e"," ","905.52"
"21/08/2026 02:00:00 - 21/08/2026 03:00:00","CTA|IE","910.75","n/e"," ","783.97"
"21/08/2026 03:00:00 - 21/08/2026 04:00:00","CTA|IE","859.95","n/e"," ","771.76"
"21/08/2026 04:00:00 - 21/08/2026 05:00:00","CTA|IE","821.89","n/e"," ","750.59"
"21/08/2026 05:00:00 - 21/08/2026 06:00:00","CTA|IE","808.27","n/e"," ","745.73"
"21/08/2026 06:00:00 - 21/08/2026 07:00:00","CTA|IE","789.31","n/e"," ","703.09"
"21/08/2026 07:00:00 - 21/08/2026 08:00:00","CTA|IE","757.77","n/e"," ","712.85"
"21/08/2026 08:00:00 - 21/08/2026 09:00:00","CTA|IE","705.08","n/e"," ","658.13"
"21/08/2026 09:00:00 - 21/08/2026 10:00:00","CTA|IE","647.44","n/e"," ","533.98"
"21/08/2026 10:00:00 - 21/08/2026 11:00:00","CTA|IE","633.87","n/e"," ","581.19"
"21/08/2026 11:00:00 - 21/08/2026 12:00:00","CTA|IE","674.57","n/e"," ","779.37"
"21/08/2026 12:00:00 - 21/08/2026 13:00:00","CTA|IE","711.10","n/e"," ","803.47"
"21/08/2026 13:00:00 - 21/08/2026 14:00:00","CTA|IE","773.53","n/e"," ","846.80"
"21/08/2026 14:00:00 - 21/08/2026 15:00:00","CTA|IE","844.13","n/e"," ","853.51"
"21/08/2026 15:00:00 - 21/08/2026 16:00:00","CTA|IE","921.10","n/e"," ","894.91"
"21/08/2026 16:00:00 - 21/08/2026 17:00:00","CTA|IE","986.53","n/e"," ","904.14"
"21/08/2026 17:00:00 - 21/08/2026 18:00:00","CTA|IE","1043.25","n/e"," ","990.85"
"21/08/2026 18:00:00 - 21/08/2026 19:00:00","CTA|IE","1165.84","n/e"," ","1088.93"
"21/08/2026 19:00:00 - 21/08/2026 20:00:00","CTA|IE","1167.01","n/e"," ","1061.37"
"21/08/2026 20:00:00 - 21/08/2026 21:00:00","CTA|IE","1132.93","n/e"," ","1019.99"
"21/08/2026 21:00:00 - 21/08/2026 22:00:00","CTA|IE","1062.38","n/e"," ","904.06"
"21/08/2026 22:00:00 - 21/08/2026 23:00:00","CTA|IE","954.61","n/e"," ","792.92"
"21/08/2026 23:00:00 - 22/08/2026 00:00:00","CTA|IE","866.08","n/e"," ","673.33"
"22/08/2026 00:00:00 - 22/08/2026 01:00:00","CTA|IE","767.93","n/e"," ","737.58"
"22/08/2026 01:00:00 - 22/08/2026 02:00:00","CTA|IE","694.42","n/e"," ","680.79"
"22/08/2026 02:00:00 - 22/08/2026 03:00:00","CTA|IE","623.14","n/e"," ","661.57"
"22/08/2026 03:00:00 - 22/08/2026 04:00:00","CTA|IE","561.95","n/e"," ","583.98"
"22/08/2026 04:00:00 - 22/08/2026 05:00:00","CTA|IE","522.84","n/e"," ","565.63"
"22/08/2026 05:00:00 - 22/08/2026 06:00:00","CTA|IE","497.09","n/e"," ","535.44"
"22/08/2026 06:00:00 - 22/08/2026 07:00:00","CTA|IE","460.16","n/e"," ","410.86"
"22/08/2026 07:00:00 - 22/08/2026 08:00:00","CTA|IE","411.86","n/e"," ","359.47"
"22/08/2026 08:00:00 - 22/08/2026 09:00:00","CTA|IE","361.67","n/e"," ","306.39"
"22/08/2026 09:00:00 - 22/08/2026 10:00:00","CTA|IE","308.03","n/e"," ","199.94"
"22/08/2026 10:00:00 - 22/08/2026 11:00:00","CTA|IE","250.51","n/e"," ","169.50"
"22/08/2026 11:00:00 - 22/08/2026 12:00:00","CTA|IE","243.81","n/e"," ","223.46"
"22/08/2026 12:00:00 - 22/08/2026 13:00:00","CTA|IE","239.64","n/e"," ","204.11"
"22/08/2026 13:00:00 - 22/08/2026 14:00:00","CTA|IE","244.19","n/e"," ","203.70"
"22/08/2026 14:00:00 - 22/08/2026 15:00:00","CTA|IE","262.89","n/e"," ","217.31"
"22/08/2026 15:00:00 - 22/08/2026 16:00:00","CTA|IE","303.23","n/e"," ","207.16"
"22/08/2026 16:00:00 - 22/08/2026 17:00:00","CTA|IE","356.09","n/e"," ","183.09"
"22/08/2026 17:00:00 - 22/08/2026 18:00:00","CTA|IE","403.53","n/e"," ","195.87"
"22/08/2026 18:00:00 - 22/08/2026 19:00:00","CTA|IE","422.17","n/e"," ","195.20"
"22/08/2026 19:00:00 - 22/08/2026 20:00:00","CTA|IE","421.95","n/e"," ","169.73"
"22/08/2026 20:00:00 - 22/08/2026 21:00:00","CTA|IE","412.56","n/e"," ","147.44"
"22/08/2026 21:00:00 - 22/08/2026 22:00:00","CTA|IE","399.64","n/e"," ","149.47"
"22/08/2026 22:00:00 - 22/08/2026 23:00:00","CTA|IE","384.11","n/e"," ","172.19"
"22/08/2026 23:00:00 - 23/08/2026 00:00:00","CTA|IE","375.97","n/e"," ","159.09"
"23/08/2026 00:00:00 - 23/08/2026 01:00:00","CTA|IE","351.39","n/e"," ","151.03"
"23/08/2026 01:00:00 - 23/08/2026 02:00:00","CTA|IE","338.22","n/e"," ","151.70"
"23/08/2026 02:00:00 - 23/08/2026 03:00:00","CTA|IE","294.94","n/e"," ","133.81"
"23/08/2026 03:00:00 - 23/08/2026 04:00:00","CTA|IE","245.94","n/e"," ","94.29"
"23/08/2026 04:00:00 - 23/08/2026 05:00:00","CTA|IE","197.72","n/e"," ","77.67"
"23/08/2026 05:00:00 - 23/08/2026 06:00:00","CTA|IE","158.46","n/e"," ","51.46"
"23/08/2026 06:00:00 - 23/08/2026 07:00:00","CTA|IE","127.73","n/e"," ","44.49"
"23/08/2026 07:00:00 - 23/08/2026 08:00:00","CTA|IE","105.56","n/e"," ","20.32"
"23/08/2026 08:00:00 - 23/08/2026 09:00:00","CTA|IE","88.77","n/e"," ","9.82"
"23/08/2026 09:00:00 - 23/08/2026 10:00:00","CTA|IE","76.35","n/e"," ","6.90"
"23/08/2026 10:00:00 - 23/08/2026 11:00:00","CTA|IE","60.73","n/e"," ","7.68"
"23/08/2026 11:00:00 - 23/08/2026 12:00:00","CTA|IE","43.18","n/e"," ","33.86"
"23/08/2026 12:00:00 - 23/08/2026 13:00:00","CTA|IE","32.93","n/e"," ","50.82"
"23/08/2026 13:00:00 - 23/08/2026 14:00:00","CTA|IE","28.27","n/e"," ","54.66"
"23/08/2026 14:00:00 - 23/08/2026 15:00:00","CTA|IE","27.46","n/e"," ","36.89"
"23/08/2026 15:00:00 - 23/08/2026 16:00:00","CTA|IE","30.19","n/e"," ","31.57"
"23/08/2026 16:00:00 - 23/08/2026 17:00:00","CTA|IE","36.03","n/e"," ","36.39"
"23/08/2026 17:00:00 - 23/08/2026 18:00:00","CTA|IE","42.45","n/e"," ","56.64"
"23/08/2026 18:00:00 - 23/08/2026 19:00:00","CTA|IE","49.61","n/e"," ","67.27"
"23/08/2026 19:00:00 - 23/08/2026 20:00:00","CTA|IE","58.81","n/e"," ","105.56"
"23/08/2026 20:00:00 - 23/08/2026 21:00:00","CTA|IE","67.39","n/e"," ","159.98"
"23/08/2026 21:00:00 - 23/08/2026 22:00:00","CTA|IE","78.58","n/e"," ","247.57"
"23/08/2026 22:00:00 - 23/08/2026 23:00:00","CTA|IE","95.14","n/e"," ","400.05"
"23/08/2026 23:00:00 - 24/08/2026 00:00:00","CTA|IE","119.96","n/e"," ","407.46"
"24/08/2026 00:00:00 - 24/08/2026 01:00:00","CTA|IE","142.97","n/e"," ","416.35"
"24/08/2026 01:00:00 - 24/08/2026 02:00:00","CTA|IE","288.10","n/e"," ","363.26"
"24/08/2026 02:00:00 - 24/08/2026 03:00:00","CTA|IE","311.97","n/e"," ","378.16"
"24/08/2026 03:00:00 - 24/08/2026 04:00:00","CTA|IE","341.75","n/e"," ","381.38"
"24/08/2026 04:00:00 - 24/08/2026 05:00:00","CTA|IE","361.33","n/e"," ","362.12"
"24/08/2026 05:00:00 - 24/08/2026 06:00:00","CTA|IE","375.22","n/e"," ","391.23"
"24/08/2026 06:00:00 - 24/08/2026 07:00:00","CTA|IE","376.74","n/e"," ","406.91"
"24/08/2026 07:00:00 - 24/08/2026 08:00:00","CTA|IE","382.36","n/e"," ","374.76"
"24/08/2026 08:00:00 - 24/08/2026 09:00:00","CTA|IE","401.72","n/e"," ","416.96"
"24/08/2026 09:00:00 - 24/08/2026 10:00:00","CTA|IE","384.76","n/e"," ","392.05"
"24/08/2026 10:00:00 - 24/08/2026 11:00:00","CTA|IE","333.76","n/e"," ","317.63"
"24/08/2026 11:00:00 - 24/08/2026 12:00:00","CTA|IE","298.11","n/e"," ","277.56"
"24/08/2026 12:00:00 - 24/08/2026 13:00:00","CTA|IE","308.82","n/e"," ","302.68"
"24/08/2026 13:00:00 - 24/08/2026 14:00:00","CTA|IE","351.44","n/e"," ","466.18"
"24/08/2026 14:00:00 - 24/08/2026 15:00:00","CTA|IE","418.44","n/e"," ","620.58"
"24/08/2026 15:00:00 - 24/08/2026 16:00:00","CTA|IE","475.59","n/e"," ","681.68"
"24/08/2026 16:00:00 - 24/08/2026 17:00:00","CTA|IE","504.49","n/e"," ","647.01"
"24/08/2026 17:00:00 - 24/08/2026 18:00:00","CTA|IE","505.32","n/e"," ","644.08"
"24/08/2026 18:00:00 - 24/08/2026 19:00:00","CTA|IE","498.22","n/e"," ","628.55"
"24/08/2026 19:00:00 - 24/08/2026 20:00:00","CTA|IE","483.95","n/e"," ","476.92"
"24/08/2026 20:00:00 - 24/08/2026 21:00:00","CTA|IE","455.69","n/e"," ","417.56"
"24/08/2026 21:00:00 - 24/08/2026 22:00:00","CTA|IE","440.85","n/e"," ","475.01"
"24/08/2026 22:00:00 - 24/08/2026 23:00:00","CTA|IE","446.69","n/e"," ","528.43"
"24/08/2026 23:00:00 - 25/08/2026 00:00:00","CTA|IE","489.60","n/e"," ","626.21"
"25/08/2026 00:00:00 - 25/08/2026 01:00:00","CTA|IE","548.83","n/e"," ","714.74"
"25/08/2026 01:00:00 - 25/08/2026 02:00:00","CTA|IE","535.05","n/e"," ","727.07"
"25/08/2026 02:00:00 - 25/08/2026 03:00:00","CTA|IE","554.70","n/e"," ","740.02"
"25/08/2026 03:00:00 - 25/08/2026 04:00:00","CTA|IE","579.82","n/e"," ","706.50"
"25/08/2026 04:00:00 - 25/08/2026 05:00:00","CTA|IE","593.48","n/e"," ","629.35"
"25/08/2026 05:00:00 - 25/08/2026 06:00:00","CTA|IE","609.84","n/e"," ","558.38"
"25/08/2026 06:00:00 - 25/08/2026 07:00:00","CTA|IE","622.12","n/e"," ","603.58"
"25/08/2026 07:00:00 - 25/08/2026 08:00:00","CTA|IE","630.51","n/e"," ","624.97"
"25/08/2026 08:00:00 - 25/08/2026 09:00:00","CTA|IE","644.44","n/e"," ","665.94"
"25/08/2026 09:00:00 - 25/08/2026 10:00:00","CTA|IE","661.20","n/e"," ","615.95"
"25/08/2026 10:00:00 - 25/08/2026 11:00:00","CTA|IE","647.95","n/e"," ","542.64"
"25/08/2026 11:00:00 - 25/08/2026 12:00:00","CTA|IE","646.25","n/e"," ","514.77"
"25/08/2026 12:00:00 - 25/08/2026 13:00:00","CTA|IE","654.50","n/e"," ","521.69"
"25/08/2026 13:00:00 - 25/08/2026 14:00:00","CTA|IE","667.91","n/e"," ","647.03"
"25/08/2026 14:00:00 - 25/08/2026 15:00:00","CTA|IE","672.34","n/e"," ","597.32"
"25/08/2026 15:00:00 - 25/08/2026 16:00:00","CTA|IE","654.54","n/e"," ","525.31"
"25/08/2026 16:00:00 - 25/08/2026 17:00:00","CTA|IE","630.27","n/e"," ","544.83"
"25/08/2026 17:00:00 - 25/08/2026 18:00:00","CTA|IE","611.02","n/e"," ","458.64"
"25/08/2026 18:00:00 - 25/08/2026 19:00:00","CTA|IE","592.31","n/e"," ","381.72"
"25/08/2026 19:00:00 - 25/08/2026 20:00:00","CTA|IE","568.58","n/e"," ","344.00"
"25/08/2026 20:00:00 - 25/08/2026 21:00:00","CTA|IE","534.46","n/e"," ","316.40"
"25/08/2026 21:00:00 - 25/08/2026 22:00:00","CTA|IE","515.97","n/e"," ","380.39"
"25/08/2026 22:00:00 - 25/08/2026 23:00:00","CTA|IE","523.88","n/e"," ","446.25"
"25/08/2026 23:00:00 - 26/08/2026 00:00:00","CTA|IE","541.14","n/e"," ","430.46"
"26/08/2026 00:00:00 - 26/08/2026 01:00:00","CTA|IE","550.72","n/e"," ","418.95"
"26/08/2026 01:00:00 - 26/08/2026 02:00:00","CTA|IE","785.80","n/e"," ","480.35"
"26/08/2026 02:00:00 - 26/08/2026 03:00:00","CTA|IE","823.74","n/e"," ","563.16"
"26/08/2026 03:00:00 - 26/08/2026 04:00:00","CTA|IE","805.76","n/e"," ","566.21"
"26/08/2026 04:00:00 - 26/08/2026 05:00:00","CTA|IE","752.25","n/e"," ","585.02"
"26/08/2026 05:00:00 - 26/08/2026 06:00:00","CTA|IE","690.52","n/e"," ","565.19"
"26/08/2026 06:00:00 - 26/08/2026 07:00:00","CTA|IE","621.21","n/e"," ","465.53"
"26/08/2026 07:00:00 - 26/08/2026 08:00:00","CTA|IE","553.00","n/e"," ","449.79"
"26/08/2026 08:00:00 - 26/08/2026 09:00:00","CTA|IE","487.99","n/e"," ","443.59"
"26/08/2026 09:00:00 - 26/08/2026 10:00:00","CTA|IE","439.50","n/e"," ","426.36"
"26/08/2026 10:00:00 - 26/08/2026 11:00:00","CTA|IE","381.84","n/e"," ","362.92"
"26/08/2026 11:00:00 - 26/08/2026 12:00:00","CTA|IE","344.33","n/e"," ","359.06"
"26/08/2026 12:00:00 - 26/08/2026 13:00:00","CTA|IE","317.37","n/e"," ","370.50"
"26/08/2026 13:00:00 - 26/08/2026 14:00:00","CTA|IE","300.89","n/e"," ","340.38"
"26/08/2026 14:00:00 - 26/08/2026 15:00:00","CTA|IE","291.77","n/e"," ","394.28"
"26/08/2026 15:00:00 - 26/08/2026 16:00:00","CTA|IE","290.15","n/e"," ","475.80"
"26/08/2026 16:00:00 - 26/08/2026 17:00:00","CTA|IE","292.22","n/e"," ","561.71"
"26/08/2026 17:00:00 - 26/08/2026 18:00:00","CTA|IE","290.42","n/e"," ","587.64"
"26/08/2026 18:00:00 - 26/08/2026 19:00:00","CTA|IE","280.32","n/e"," ","550.70"
"26/08/2026 19:00:00 - 26/08/2026 20:00:00","CTA|IE","268.34","n/e"," ","530.91"
"26/08/2026 20:00:00 - 26/08/2026 21:00:00","CTA|IE","258.97","n/e"," ","540.82"
"26/08/2026 21:00:00 - 26/08/2026 22:00:00","CTA|IE","262.35","n/e"," ","519.71"
"26/08/2026 22:00:00 - 26/08/2026 23:00:00","CTA|IE","269.74","n/e"," ","662.61"
"26/08/2026 23:00:00 - 27/08/2026 00:00:00","CTA|IE","275.22","n/e"," ","676.44"
"27/08/2026 00:00:00 - 27/08/2026 01:00:00","CTA|IE","264.56","n/e"," ","668.50"
"27/08/2026 01:00:00 - 27/08/2026 02:00:00","CTA|IE","169.26","n/e"," ","641.37"
"27/08/2026 02:00:00 - 27/08/2026 03:00:00","CTA|IE","149.12","n/e"," ","758.49"
"27/08/2026 03:00:00 - 27/08/2026 04:00:00","CTA|IE","135.04","n/e"," ","903.12"
"27/08/2026 04:00:00 - 27/08/2026 05:00:00","CTA|IE","129.84","n/e"," ","1014.18"
"27/08/2026 05:00:00 - 27/08/2026 06:00:00","CTA|IE","136.25","n/e"," ","973.87"
"27/08/2026 06:00:00 - 27/08/2026 07:00:00","CTA|IE","154.05","n/e"," ","918.12"
"27/08/2026 07:00:00 - 27/08/2026 08:00:00","CTA|IE","183.04","n/e"," ","800.68"
"27/08/2026 08:00:00 - 27/08/2026 09:00:00","CTA|IE","228.46","n/e"," ","735.51"
"27/08/2026 09:00:00 - 27/08/2026 10:00:00","CTA|IE","281.39","n/e"," ","618.65"
"27/08/2026 10:00:00 - 27/08/2026 11:00:00","CTA|IE","295.01","n/e"," ","575.59"
"27/08/2026 11:00:00 - 27/08/2026 12:00:00","CTA|IE","301.45","n/e"," ","564.29"
"27/08/2026 12:00:00 - 27/08/2026 13:00:00","CTA|IE","333.78","n/e"," ","502.90"
"27/08/2026 13:00:00 - 27/08/2026 14:00:00","CTA|IE","374.09","n/e"," ","394.32"
"27/08/2026 14:00:00 - 27/08/2026 15:00:00","CTA|IE","414.13","n/e"," ","308.58"
"27/08/2026 15:00:00 - 27/08/2026 16:00:00","CTA|IE","452.49","n/e"," ","257.68"
"27/08/2026 16:00:00 - 27/08/2026 17:00:00","CTA|IE","493.36","n/e"," ","271.82"
"27/08/2026 17:00:00 - 27/08/2026 18:00:00","CTA|IE","557.91","n/e"," ","255.41"
"27/08/2026 18:00:00 - 27/08/2026 19:00:00","CTA|IE","610.78","n/e"," ","203.76"
"27/08/2026 19:00:00 - 27/08/2026 20:00:00","CTA|IE","662.74","n/e"," ","218.22"
"27/08/2026 20:00:00 - 27/08/2026 21:00:00","CTA|IE","709.30","n/e"," ","187.72"
"27/08/2026 21:00:00 - 27/08/2026 22:00:00","CTA|IE","753.53","n/e"," ","194.74"
"27/08/2026 22:00:00 - 27/08/2026 23:00:00","CTA|IE","785.20","n/e"," ","170.52"
"27/08/2026 23:00:00 - 28/08/2026 00:00:00","CTA|IE","807.82","n/e"," ","151.69"
"28/08/2026 00:00:00 - 28/08/2026 01:00:00","CTA|IE","813.13","n/e"," ","97.95"
"28/08/2026 01:00:00 - 28/08/2026 02:00:00","CTA|IE","248.33","n/e"," ","49.23"
"28/08/2026 02:00:00 - 28/08/2026 03:00:00","CTA|IE","256.95","n/e"," ","25.74"
"28/08/2026 03:00:00 - 28/08/2026 04:00:00","CTA|IE","275.90","n/e"," ","24.21"
"28/08/2026 04:00:00 - 28/08/2026 05:00:00","CTA|IE","304.51","n/e"," ","40.30"
"28/08/2026 05:00:00 - 28/08/2026 06:00:00","CTA|IE","336.39","n/e"," ","64.74"
"28/08/2026 06:00:00 - 28/08/2026 07:00:00","CTA|IE","367.12","n/e"," ","101.25"
"28/08/2026 07:00:00 - 28/08/2026 08:00:00","CTA|IE","393.26","n/e"," ","139.32"
"28/08/2026 08:00:00 - 28/08/2026 09:00:00","CTA|IE","415.63","n/e"," ","215.76"
"28/08/2026 09:00:00 - 28/08/2026 10:00:00","CTA|IE","427.89","n/e"," ","212.88"
"28/08/2026 10:00:00 - 28/08/2026 11:00:00","CTA|IE","411.92","n/e"," ","213.05"
"28/08/2026 11:00:00 - 28/08/2026 12:00:00","CTA|IE","410.07","n/e"," ","177.87"
"28/08/2026 12:00:00 - 28/08/2026 13:00:00","CTA|IE","419.83","n/e"," ","186.60"
"28/08/2026 13:00:00 - 28/08/2026 14:00:00","CTA|IE","440.19","n/e"," ","230.73"
"28/08/2026 14:00:00 - 28/08/2026 15:00:00","CTA|IE","465.94","n/e"," ","304.02"
"28/08/2026 15:00:00 - 28/08/2026 16:00:00","CTA|IE","506.95","n/e"," ","343.24"
"28/08/2026 16:00:00 - 28/08/2026 17:00:00","CTA|IE","565.23","n/e"," ","462.27"
"28/08/2026 17:00:00 - 28/08/2026 18:00:00","CTA|IE","623.48","n/e"," ","472.11"
"28/08/2026 18:00:00 - 28/08/2026 19:00:00","CTA|IE","624.67","n/e"," ","467.19"
"28/08/2026 19:00:00 - 28/08/2026 20:00:00","CTA|IE","593.46","n/e"," ","366.50"
"28/08/2026 20:00:00 - 28/08/2026 21:00:00","CTA|IE","530.46","n/e"," ","258.04"
"28/08/2026 21:00:00 - 28/08/2026 22:00:00","CTA|IE","452.15","n/e"," ","216.83"
"28/08/2026 22:00:00 - 28/08/2026 23:00:00","CTA|IE","387.47","n/e"," ","184.02"
"28/08/2026 23:00:00 - 29/08/2026 00:00:00","CTA|IE","342.32","n/e"," ","89.82"
"29/08/2026 00:00:00 - 29/08/2026 01:00:00","CTA|IE","303.49","n/e"," ","66.85"
"29/08/2026 01:00:00 - 29/08/2026 02:00:00","CTA|IE","214.26","n/e"," ","36.83"
"29/08/2026 02:00:00 - 29/08/2026 03:00:00","CTA|IE","208.67","n/e"," ","39.39"
"29/08/2026 03:00:00 - 29/08/2026 04:00:00","CTA|IE","219.86","n/e"," ","74.04"
"29/08/2026 04:00:00 - 29/08/2026 05:00:00","CTA|IE","224.95","n/e"," ","156.26"
"29/08/2026 05:00:00 - 29/08/2026 06:00:00","CTA|IE","222.74","n/e"," ","256.69"
"29/08/2026 06:00:00 - 29/08/2026 07:00:00","CTA|IE","224.18","n/e"," ","379.12"
"29/08/2026 07:00:00 - 29/08/2026 08:00:00","CTA|IE","248.26","n/e"," ","463.83"
"29/08/2026 08:00:00 - 29/08/2026 09:00:00","CTA|IE","293.78","n/e"," ","561.12"
"29/08/2026 09:00:00 - 29/08/2026 10:00:00","CTA|IE","331.26","n/e"," ","576.08"
"29/08/2026 10:00:00 - 29/08/2026 11:00:00","CTA|IE","337.17","n/e"," ","580.39"
"29/08/2026 11:00:00 - 29/08/2026 12:00:00","CTA|IE","321.48","n/e"," ","620.13"
"29/08/2026 12:00:00 - 29/08/2026 13:00:00","CTA|IE","338.60","n/e"," ","550.70"
"29/08/2026 13:00:00 - 29/08/2026 14:00:00","CTA|IE","386.20","n/e"," ","546.12"
"29/08/2026 14:00:00 - 29/08/2026 15:00:00","CTA|IE","458.77","n/e"," ","487.71"
"29/08/2026 15:00:00 - 29/08/2026 16:00:00","CTA|IE","559.62","n/e"," ","519.87"
"29/08/2026 16:00:00 - 29/08/2026 17:00:00","CTA|IE","654.82","n/e"," ","602.38"
"29/08/2026 17:00:00 - 29/08/2026 18:00:00","CTA|IE","711.25","n/e"," ","634.12"
"29/08/2026 18:00:00 - 29/08/2026 19:00:00","CTA|IE","701.68","n/e"," ","595.76"
"29/08/2026 19:00:00 - 29/08/2026 20:00:00","CTA|IE","642.13","n/e"," ","504.73"
"29/08/2026 20:00:00 - 29/08/2026 21:00:00","CTA|IE","548.36","n/e"," ","414.19"
"29/08/2026 21:00:00 - 29/08/2026 22:00:00","CTA|IE","456.25","n/e"," ","307.20"
"29/08/2026 22:00:00 - 29/08/2026 23:00:00","CTA|IE","397.80","n/e"," ","273.91"
"29/08/2026 23:00:00 - 30/08/2026 00:00:00","CTA|IE","377.50","n/e"," ","239.58"
"30/08/2026 00:00:00 - 30/08/2026 01:00:00","CTA|IE","373.97","n/e"," ","250.90"
"30/08/2026 01:00:00 - 30/08/2026 02:00:00","CTA|IE","277.14","n/e"," ","264.16"
"30/08/2026 02:00:00 - 30/08/2026 03:00:00","CTA|IE","347.77","n/e"," ","328.57"
"30/08/2026 03:00:00 - 30/08/2026 04:00:00","CTA|IE","435.45","n/e"," ","330.27"
"30/08/2026 04:00:00 - 30/08/2026 05:00:00","CTA|IE","512.05","n/e"," ","417.67"
"30/08/2026 05:00:00 - 30/08/2026 06:00:00","CTA|IE","603.01","n/e"," ","480.84"
"30/08/2026 06:00:00 - 30/08/2026 07:00:00","CTA|IE","718.02","n/e"," ","691.11"
"30/08/2026 07:00:00 - 30/08/2026 08:00:00","CTA|IE","833.25","n/e"," ","760.69"
"30/08/2026 08:00:00 - 30/08/2026 09:00:00","CTA|IE","894.58","n/e"," ","591.34"
"30/08/2026 09:00:00 - 30/08/2026 10:00:00","CTA|IE","944.77","n/e"," ","500.61"
"30/08/2026 10:00:00 - 30/08/2026 11:00:00","CTA|IE","971.43","n/e"," ","426.46"
"30/08/2026 11:00:00 - 30/08/2026 12:00:00","CTA|IE","1002.25","n/e"," ","434.09"
"30/08/2026 12:00:00 - 30/08/2026 13:00:00","CTA|IE","1004.65","n/e"," ","456.92"
"30/08/2026 13:00:00 - 30/08/2026 14:00:00","CTA|IE","993.36","n/e"," ","480.68"
"30/08/2026 14:00:00 - 30/08/2026 15:00:00","CTA|IE","968.61","n/e"," ","461.77"
"30/08/2026 15:00:00 - 30/08/2026 16:00:00","CTA|IE","907.36","n/e"," ","387.67"
"30/08/2026 16:00:00 - 30/08/2026 17:00:00","CTA|IE","830.19","n/e"," ","469.29"
"30/08/2026 17:00:00 - 30/08/2026 18:00:00","CTA|IE","771.01","n/e"," ","562.23"
"30/08/2026 18:00:00 - 30/08/2026 19:00:00","CTA|IE","753.41","n/e"," ","607.90"
"30/08/2026 19:00:00 - 30/08/2026 20:00:00","CTA|IE","775.97","n/e"," ","624.24"
"30/08/2026 20:00:00 - 30/08/2026 21:00:00","CTA|IE","804.44","n/e"," ","685.05"
"30/08/2026 21:00:00 - 30/08/2026 22:00:00","CTA|IE","820.47","n/e"," ","715.86"
"30/08/2026 22:00:00 - 30/08/2026 23:00:00","CTA|IE","862.43","n/e"," ","957.82"
"30/08/2026 23:00:00 - 31/08/2026 00:00:00","CTA|IE","965.71","n/e"," ","1219.38"
"31/08/2026 00:00:00 - 31/08/2026 01:00:00","CTA|IE","1130.39","n/e"," ","1316.45"
"31/08/2026 01:00:00 - 31/08/2026 02:00:00","CTA|IE","2014.87","n/e"," ","1725.71"
"31/08/2026 02:00:00 - 31/08/2026 03:00:00","CTA|IE","2100.84","n/e"," ","1918.25"
"31/08/2026 03:00:00 - 31/08/2026 04:00:00","CTA|IE","2155.19","n/e"," ","1968.92"
"31/08/2026 04:00:00 - 31/08/2026 05:00:00","CTA|IE","2158.11","n/e"," ","2039.30"
"31/08/2026 05:00:00 - 31/08/2026 06:00:00","CTA|IE","2110.37","n/e"," ","1946.00"
"31/08/2026 06:00:00 - 31/08/2026 07:00:00","CTA|IE","1965.33","n/e"," ","1783.55"
"31/08/2026 07:00:00 - 31/08/2026 08:00:00","CTA|IE","1789.91","n/e"," ","1687.20"
"31/08/2026 08:00:00 - 31/08/2026 09:00:00","CTA|IE","1614.07","n/e"," ","1521.13"
"31/08/2026 09:00:00 - 31/08/2026 10:00:00","CTA|IE","1434.61","n/e"," ","1313.96"
"31/08/2026 10:00:00 - 31/08/2026 11:00:00","CTA|IE","1277.81","n/e"," ","1150.01"
"31/08/2026 11:00:00 - 31/08/2026 12:00:00","CTA|IE","1185.89","n/e"," ","1012.76"
"31/08/2026 12:00:00 - 31/08/2026 13:00:00","CTA|IE","1075.52","n/e"," ","1031.80"
"31/08/2026 13:00:00 - 31/08/2026 14:00:00","CTA|IE","977.95","n/e"," ","949.37"
"31/08/2026 14:00:00 - 31/08/2026 15:00:00","CTA|IE","929.05","n/e"," ","948.46"
"31/08/2026 15:00:00 - 31/08/2026 16:00:00","CTA|IE","950.94","n/e"," ","908.58"
"31/08/2026 16:00:00 - 31/08/2026 17:00:00","CTA|IE","988.96","n/e"," ","823.02"
"31/08/2026 17:00:00 - 31/08/2026 18:00:00","CTA|IE","1002.70","n/e"," ","942.15"
"31/08/2026 18:00:00 - 31/08/2026 19:00:00","CTA|IE","983.82","n/e"," ","1067.72"
"31/08/2026 19:00:00 - 31/08/2026 20:00:00","CTA|IE","976.70","n/e"," ","1006.14"
"31/08/2026 20:00:00 - 31/08/2026 21:00:00","CTA|IE","985.07","n/e"," ","930.24"
"31/08/2026 21:00:00 - 31/08/2026 22:00:00","CTA|IE","1000.19","n/e"," ","861.97"
"31/08/2026 22:00:00 - 31/08/2026 23:00:00","CTA|IE","1044.12","n/e"," ","905.95"
"31/08/2026 23:00:00 - 01/09/2026 00:00:00","CTA|IE","1161.26","n/e"," ","954.95"
"01/09/2026 00:00:00 - 01/09/2026 01:00:00","CTA|IE","1302.34","n/e"," ","1126.29"
"01/09/2026 01:00:00 - 01/09/2026 02:00:00","CTA|IE","1255.80","n/e"," ","1208.24"
"01/09/2026 02:00:00 - 01/09/2026 03:00:00","CTA|IE","1284.43","n/e"," ","1204.27"
"01/09/2026 03:00:00 - 01/09/2026 04:00:00","CTA|IE","1299.14","n/e"," ","1228.47"
"01/09/2026 04:00:00 - 01/09/2026 05:00:00","CTA|IE","1291.83","n/e"," ","1220.33"
"01/09/2026 05:00:00 - 01/09/2026 06:00:00","CTA|IE","1245.43","n/e"," ","1222.44"
"01/09/2026 06:00:00 - 01/09/2026 07:00:00","CTA|IE","1177.68","n/e"," ","1181.74"
"01/09/2026 07:00:00 - 01/09/2026 08:00:00","CTA|IE","1134.77","n/e"," ","1240.44"
"01/09/2026 08:00:00 - 01/09/2026 09:00:00","CTA|IE","1124.08","n/e"," ","1231.72"
"01/09/2026 09:00:00 - 01/09/2026 10:00:00","CTA|IE","1111.36","n/e"," ","1135.71"
"01/09/2026 10:00:00 - 01/09/2026 11:00:00","CTA|IE","1091.83","n/e"," ","1120.15"
"01/09/2026 11:00:00 - 01/09/2026 12:00:00","CTA|IE","1127.55","n/e"," ","1222.95"
"01/09/2026 12:00:00 - 01/09/2026 13:00:00","CTA|IE","1204.57","n/e"," ","1276.45"
"01/09/2026 13:00:00 - 01/09/2026 14:00:00","CTA|IE","1273.17","n/e"," ","1227.49"
"01/09/2026 14:00:00 - 01/09/2026 15:00:00","CTA|IE","1337.20","n/e"," ","1237.03"
"01/09/2026 15:00:00 - 01/09/2026 16:00:00","CTA|IE","1426.62","n/e"," ","1131.05"
"01/09/2026 16:00:00 - 01/09/2026 17:00:00","CTA|IE","1486.43","n/e"," ","1033.64"
"01/09/2026 17:00:00 - 01/09/2026 18:00:00","CTA|IE","1510.29","n/e"," ","1084.66"
"01/09/2026 18:00:00 - 01/09/2026 19:00:00","CTA|IE","1534.88","n/e"," ","1066.68"
"01/09/2026 19:00:00 - 01/09/2026 20:00:00","CTA|IE","1614.19","n/e"," ","884.85"
"01/09/2026 20:00:00 - 01/09/2026 21:00:00","CTA|IE","1769.41","n/e"," ","703.31"
"01/09/2026 21:00:00 - 01/09/2026 22:00:00","CTA|IE","1988.66","n/e"," ","627.97"
"01/09/2026 22:00:00 - 01/09/2026 23:00:00","CTA|IE","2237.77","n/e"," ","623.79"
"01/09/2026 23:00:00 - 02/09/2026 00:00:00","CTA|IE","2497.34","n/e"," ","692.73"
"02/09/2026 00:00:00 - 02/09/2026 01:00:00","CTA|IE","2710.11","n/e"," ","811.82"
"02/09/2026 01:00:00 - 02/09/2026 02:00:00","CTA|IE","N/A","n/e"," ","935.59"
"02/09/2026 02:00:00 - 02/09/2026 03:00:00","CTA|IE","N/A","n/e"," ","999.32"
"02/09/2026 03:00:00 - 02/09/2026 04:00:00","CTA|IE","N/A","n/e"," ","1105.41"
"02/09/2026 04:00:00 - 02/09/2026 05:00:00","CTA|IE","N/A","n/e"," ","1191.44"
"02/09/2026 05:00:00 - 02/09/2026 06:00:00","CTA|IE","N/A","n/e"," ","1152.95"
"02/09/2026 06:00:00 - 02/09/2026 07:00:00","CTA|IE","N/A","n/e"," ","1070.70"
"02/09/2026 07:00:00 - 02/09/2026 08:00:00","CTA|IE","N/A","n/e"," ","1056.98"
"02/09/2026 08:00:00 - 02/09/2026 09:00:00","CTA|IE","N/A","n/e"," ","1066.49"
"02/09/2026 09:00:00 - 02/09/2026 10:00:00","CTA|IE","N/A","n/e"," ","1200.93"
"02/09/2026 10:00:00 - 02/09/2026 11:00:00","CTA|IE","N/A","n/e"," ","1202.34"
"02/09/2026 11:00:00 - 02/09/2026 12:00:00","CTA|IE","N/A","n/e"," ","1312.77"
"02/09/2026 12:00:00 - 02/09/2026 13:00:00","CTA|IE","N/A","n/e"," ","1278.00"
"02/09/2026 13:00:00 - 02/09/2026 14:00:00","CTA|IE","N/A","n/e"," ","1281.57"
"02/09/2026 14:00:00 - 02/09/2026 15:00:00","CTA|IE","N/A","n/e"," ","1337.87"
"02/09/2026 15:00:00 - 02/09/2026 16:00:00","CTA|IE","N/A","n/e"," ","1524.64"
"02/09/2026 16:00:00 - 02/09/2026 17:00:00","CTA|IE","N/A","n/e"," ","1674.77"
"02/09/2026 17:00:00 - 02/09/2026 18:00:00","CTA|IE","N/A","n/e"," ","1681.26"
"02/09/2026 18:00:00 - 02/09/2026 19:00:00","CTA|IE","N/A","n/e"," ","1651.17"
"02/09/2026 19:00:00 - 02/09/2026 20:00:00","CTA|IE","N/A","n/e"," ","1707.89"
"02/09/2026 20:00:00 - 02/09/2026 21:00:00","CTA|IE","N/A","n/e"," ","1770.02"
"02/09/2026 21:00:00 - 02/09/2026 22:00:00","CTA|IE","N/A","n/e"," ","1749.75"
"02/09/2026 22:00:00 - 02/09/2026 23:00:00","CTA|IE","N/A","n/e"," ","1803.09"
"02/09/2026 23:00:00 - 03/09/2026 00:00:00","CTA|IE","N/A","n/e"," ","1890.48"
"03/09/2026 00:00:00 - 03/09/2026 01:00:00","CTA|IE","N/A","n/e"," ","1977.84"
"03/09/2026 01:00:00 - 03/09/2026 02:00:00","CTA|IE","N/A","n/e"," ","2037.63"
"03/09/2026 02:00:00 - 03/09/2026 03:00:00","CTA|IE","N/A","n/e"," ","1959.09"
"03/09/2026 03:00:00 - 03/09/2026 04:00:00","CTA|IE","N/A","n/e"," ","1736.12"
"03/09/2026 04:00:00 - 03/09/2026 05:00:00","CTA|IE","N/A","n/e"," ","1580.74"
"03/09/2026 05:00:00 - 03/09/2026 06:00:00","CTA|IE","N/A","n/e"," ","1412.55"
"03/09/2026 06:00:00 - 03/09/2026 07:00:00","CTA|IE","N/A","n/e"," ","1249.34"
"03/09/2026 07:00:00 - 03/09/2026 08:00:00","CTA|IE","N/A","n/e"," ","1108.18"
"03/09/2026 08:00:00 - 03/09/2026 09:00:00","CTA|IE","N/A","n/e"," ","1098.94"
"03/09/2026 09:00:00 - 03/09/2026 10:00:00","CTA|IE","N/A","n/e"," ","1100.80"
"03/09/2026 10:00:00 - 03/09/2026 11:00:00","CTA|IE","N/A","n/e"," ","1486.39"
"03/09/2026 11:00:00 - 03/09/2026 12:00:00","CTA|IE","N/A","n/e"," ","1436.63"
"03/09/2026 12:00:00 - 03/09/2026 13:00:00","CTA|IE","N/A","n/e"," ","1334.68"
"03/09/2026 13:00:00 - 03/09/2026 14:00:00","CTA|IE","N/A","n/e"," ","1399.47"
"03/09/2026 14:00:00 - 03/09/2026 15:00:00","CTA|IE","N/A","n/e"," ","1583.56"
"03/09/2026 15:00:00 - 03/09/2026 16:00:00","CTA|IE","N/A","n/e"," ","1726.14"
"03/09/2026 16:00:00 - 03/09/2026 17:00:00","CTA|IE","N/A","n/e"," ","1670.06"
"03/09/2026 17:00:00 - 03/09/2026 18:00:00","CTA|IE","N/A","n/e"," ","1678.29"
"03/09/2026 18:00:00 - 03/09/2026 19:00:00","CTA|IE","N/A","n/e"," ","1486.28"
"03/09/2026 19:00:00 - 03/09/2026 20:00:00","CTA|IE","N/A","n/e"," ","1506.86"
"03/09/2026 20:00:00 - 03/09/2026 21:00:00","CTA|IE","N/A","n/e"," ","1462.97"
"03/09/2026 21:00:00 - 03/09/2026 22:00:00","CTA|IE","N/A","n/e"," ","1243.80"
"03/09/2026 22:00:00 - 03/09/2026 23:00:00","CTA|IE","N/A","n/e"," ","1249.21"
"03/09/2026 23:00:00 - 04/09/2026 00:00:00","CTA|IE","N/A","n/e"," ","1116.28"
"04/09/2026 00:00:00 - 04/09/2026 01:00:00","CTA|IE","N/A","n/e"," ","1217.01"
"04/09/2026 01:00:00 - 04/09/2026 02:00:00","CTA|IE","N/A","n/e"," ","1221.60"
"04/09/2026 02:00:00 - 04/09/2026 03:00:00","CTA|IE","N/A","n/e"," ","1407.94"
"04/09/2026 03:00:00 - 04/09/2026 04:00:00","CTA|IE","N/A","n/e"," ","1852.78"
"04/09/2026 04:00:00 - 04/09/2026 05:00:00","CTA|IE","N/A","n/e"," ","2074.18"
"04/09/2026 05:00:00 - 04/09/2026 06:00:00","CTA|IE","N/A","n/e"," ","2180.98"
"04/09/2026 06:00:00 - 04/09/2026 07:00:00","CTA|IE","N/A","n/e"," ","2296.98"
"04/09/2026 07:00:00 - 04/09/2026 08:00:00","CTA|IE","N/A","n/e"," ","2348.56"
"04/09/2026 08:00:00 - 04/09/2026 09:00:00","CTA|IE","N/A","n/e"," ","2508.89"
"04/09/2026 09:00:00 - 04/09/2026 10:00:00","CTA|IE","N/A","n/e"," ","2490.26"
"04/09/2026 10:00:00 - 04/09/2026 11:00:00","CTA|IE","N/A","n/e"," ","2482.14"
"04/09/2026 11:00:00 - 04/09/2026 12:00:00","CTA|IE","N/A","n/e"," ","2464.08"
"04/09/2026 12:00:00 - 04/09/2026 13:00:00","CTA|IE","N/A","n/e"," ","2150.79"
"04/09/2026 13:00:00 - 04/09/2026 14:00:00","CTA|IE","N/A","n/e"," ","2058.29"
"04/09/2026 14:00:00 - 04/09/2026 15:00:00","CTA|IE","N/A","n/e"," ","2006.91"
"04/09/2026 15:00:00 - 04/09/2026 16:00:00","CTA|IE","N/A","n/e"," ","2048.83"
"04/09/2026 16:00:00 - 04/09/2026 17:00:00","CTA|IE","N/A","n/e"," ","2049.03"
"04/09/2026 17:00:00 - 04/09/2026 18:00:00","CTA|IE","N/A","n/e"," ","2222.74"
"04/09/2026 18:00:00 - 04/09/2026 19:00:00","CTA|IE","N/A","n/e"," ","2203.90"
"04/09/2026 19:00:00 - 04/09/2026 20:00:00","CTA|IE","N/A","n/e"," ","2142.47"
"04/09/2026 20:00:00 - 04/09/2026 21:00:00","CTA|IE","N/A","n/e"," ","1825.00"
"04/09/2026 21:00:00 - 04/09/2026 22:00:00","CTA|IE","N/A","n/e"," ","1604.36"
"04/09/2026 22:00:00 - 04/09/2026 23:00:00","CTA|IE","N/A","n/e"," ","1453.95"
"04/09/2026 23:00:00 - 05/09/2026 00:00:00","CTA|IE","N/A","n/e"," ","1363.02"
"05/09/2026 00:00:00 - 05/09/2026 01:00:00","CTA|IE","N/A","n/e"," ","1237.16"
"05/09/2026 01:00:00 - 05/09/2026 02:00:00","CTA|IE","N/A","n/e"," ","1172.07"
"05/09/2026 02:00:00 - 05/09/2026 03:00:00","CTA|IE","N/A","n/e"," ","1002.51"
"05/09/2026 03:00:00 - 05/09/2026 04:00:00","CTA|IE","N/A","n/e"," ","976.92"
"05/09/2026 04:00:00 - 05/09/2026 05:00:00","CTA|IE","N/A","n/e"," ","925.26"
"05/09/2026 05:00:00 - 05/09/2026 06:00:00","CTA|IE","N/A","n/e"," ","855.16"
"05/09/2026 06:00:00 - 05/09/2026 07:00:00","CTA|IE","N/A","n/e"," ","670.95"
"05/09/2026 07:00:00 - 05/09/2026 08:00:00","CTA|IE","N/A","n/e"," ","478.81"
"05/09/2026 08:00:00 - 05/09/2026 09:00:00","CTA|IE","N/A","n/e"," ","336.55"
"05/09/2026 09:00:00 - 05/09/2026 10:00:00","CTA|IE","N/A","n/e"," ","265.43"
"05/09/2026 10:00:00 - 05/09/2026 11:00:00","CTA|IE","N/A","n/e"," ","179.72"
"05/09/2026 11:00:00 - 05/09/2026 12:00:00","CTA|IE","N/A","n/e"," ","212.23"
"05/09/2026 12:00:00 - 05/09/2026 13:00:00","CTA|IE","N/A","n/e"," ","317.25"
"05/09/2026 13:00:00 - 05/09/2026 14:00:00","CTA|IE","N/A","n/e"," ","457.89"
"05/09/2026 14:00:00 - 05/09/2026 15:00:00","CTA|IE","N/A","n/e"," ","620.90"
"05/09/2026 15:00:00 - 05/09/2026 16:00:00","CTA|IE","N/A","n/e"," ","664.73"
"05/09/2026 16:00:00 - 05/09/2026 17:00:00","CTA|IE","N/A","n/e"," ","710.42"
"05/09/2026 17:00:00 - 05/09/2026 18:00:00","CTA|IE","N/A","n/e"," ","802.65"
"05/09/2026 18:00:00 - 05/09/2026 19:00:00","CTA|IE","N/A","n/e"," ","1057.10"
"05/09/2026 19:00:00 - 05/09/2026 20:00:00","CTA|IE","N/A","n/e"," ","1066.98"
"05/09/2026 20:00:00 - 05/09/2026 21:00:00","CTA|IE","N/A","n/e"," ","1225.51"
"05/09/2026 21:00:00 - 05/09/2026 22:00:00","CTA|IE","N/A","n/e"," ","1389.05"
"05/09/2026 22:00:00 - 05/09/2026 23:00:00","CTA|IE","N/A","n/e"," ","1385.63"
"05/09/2026 23:00:00 - 06/09/2026 00:00:00","CTA|IE","N/A","n/e"," ","1655.06"
"06/09/2026 00:00:00 - 06/09/2026 01:00:00","CTA|IE","N/A","n/e"," ","1950.68"
"06/09/2026 01:00:00 - 06/09/2026 02:00:00","CTA|IE","N/A","n/e"," ","2212.24"
"06/09/2026 02:00:00 - 06/09/2026 03:00:00","CTA|IE","N/A","n/e"," ","2260.27"
"06/09/2026 03:00:00 - 06/09/2026 04:00:00","CTA|IE","N/A","n/e"," ","2195.15"
"06/09/2026 04:00:00 - 06/09/2026 05:00:00","CTA|IE","N/A","n/e"," ","2234.60"
"06/09/2026 05:00:00 - 06/09/2026 06:00:00","CTA|IE","N/A","n/e"," ","2249.26"
"06/09/2026 06:00:00 - 06/09/2026 07:00:00","CTA|IE","N/A","n/e"," ","2231.07"
"06/09/2026 07:00:00 - 06/09/2026 08:00:00","CTA|IE","N/A","n/e"," ","2228.58"
"06/09/2026 08:00:00 - 06/09/2026 09:00:00","CTA|IE","N/A","n/e"," ","2230.51"
"06/09/2026 09:00:00 - 06/09/2026 10:00:00","CTA|IE","N/A","n/e"," ","2332.69"
"06/09/2026 10:00:00 - 06/09/2026 11:00:00","CTA|IE","N/A","n/e"," ","2389.75"
"06/09/2026 11:00:00 - 06/09/2026 12:00:00","CTA|IE","N/A","n/e"," ","2412.48"
"06/09/2026 12:00:00 - 06/09/2026 13:00:00","CTA|IE","N/A","n/e"," ","2045.17"
"06/09/2026 13:00:00 - 06/09/2026 14:00:00","CTA|IE","N/A","n/e"," ","1785.65"
"06/09/2026 14:00:00 - 06/09/2026 15:00:00","CTA|IE","N/A","n/e"," ","1795.50"
"06/09/2026 15:00:00 - 06/09/2026 16:00:00","CTA|IE","N/A","n/e"," ","1656.79"
"06/09/2026 16:00:00 - 06/09/2026 17:00:00","CTA|IE","N/A","n/e"," ","1981.67"
"06/09/2026 17:00:00 - 06/09/2026 18:00:00","CTA|IE","N/A","n/e"," ","1978.99"
"06/09/2026 18:00:00 - 06/09/2026 19:00:00","CTA|IE","N/A","n/e"," ","1953.94"
"06/09/2026 19:00:00 - 06/09/2026 20:00:00","CTA|IE","N/A","n/e"," ","1722.88"
"06/09/2026 20:00:00 - 06/09/2026 21:00:00","CTA|IE","N/A","n/e"," ","1332.07"
"06/09/2026 21:00:00 - 06/09/2026 22:00:00","CTA|IE","N/A","n/e"," ","1159.95"
"06/09/2026 22:00:00 - 06/09/2026 23:00:00","CTA|IE","N/A","n/e"," ","1134.03"
"06/09/2026 23:00:00 - 07/09/2026 00:00:00","CTA|IE","N/A","n/e"," ","1085.63"
"07/09/2026 00:00:00 - 07/09/2026 01:00:00","CTA|IE","N/A","n/e"," ","1164.64"
"07/09/2026 01:00:00 - 07/09/2026 02:00:00","CTA|IE","N/A","n/e"," ","1137.63"
"07/09/2026 02:00:00 - 07/09/2026 03:00:00","CTA|IE","N/A","n/e"," ","1455.83"
"07/09/2026 03:00:00 - 07/09/2026 04:00:00","CTA|IE","N/A","n/e"," ","1474.16"
"07/09/2026 04:00:00 - 07/09/2026 05:00:00","CTA|IE","N/A","n/e"," ","1527.20"
"07/09/2026 05:00:00 - 07/09/2026 06:00:00","CTA|IE","N/A","n/e"," ","1551.60"
"07/09/2026 06:00:00 - 07/09/2026 07:00:00","CTA|IE","N/A","n/e"," ","1583.43"
"07/09/2026 07:00:00 - 07/09/2026 08:00:00","CTA|IE","N/A","n/e"," ","1606.09"
"07/09/2026 08:00:00 - 07/09/2026 09:00:00","CTA|IE","N/A","n/e"," ","1715.55"
"07/09/2026 09:00:00 - 07/09/2026 10:00:00","CTA|IE","N/A","n/e"," ","1810.21"
"07/09/2026 10:00:00 - 07/09/2026 11:00:00","CTA|IE","N/A","n/e"," ","1722.96"
"07/09/2026 11:00:00 - 07/09/2026 12:00:00","CTA|IE","N/A","n/e"," ","1644.30"
"07/09/2026 12:00:00 - 07/09/2026 13:00:00","CTA|IE","N/A","n/e"," ","1664.66"
"07/09/2026 13:00:00 - 07/09/2026 14:00:00","CTA|IE","N/A","n/e"," ","1810.45"
"07/09/2026 14:00:00 - 07/09/2026 15:00:00","CTA|IE","N/A","n/e"," ","2037.58"
"07/09/2026 15:00:00 - 07/09/2026 16:00:00","CTA|IE","N/A","n/e"," ","2124.20"
"07/09/2026 16:00:00 - 07/09/2026 17:00:00","CTA|IE","N/A","n/e"," ","2206.12"
"07/09/2026 17:00:00 - 07/09/2026 18:00:00","CTA|IE","N/A","n/e"," ","2182.86"
"07/09/2026 18:00:00 - 07/09/2026 19:00:00","CTA|IE","N/A","n/e"," ","2151.00"
"07/09/2026 19:00:00 - 07/09/2026 20:00:00","CTA|IE","N/A","n/e"," ","1988.47"
"07/09/2026 20:00:00 - 07/09/2026 21:00:00","CTA|IE","N/A","n/e"," ","1811.77"
"07/09/2026 21:00:00 - 07/09/2026 22:00:00","CTA|IE","N/A","n/e"," ","1501.28"
"07/09/2026 22:00:00 - 07/09/2026 23:00:00","CTA|IE","N/A","n/e"," ","1490.30"
"07/09/2026 23:00:00 - 08/09/2026 00:00:00","CTA|IE","N/A","n/e"," ","1523.05"
"08/09/2026 00:00:00 - 08/09/2026 01:00:00","CTA|IE","N/A","n/e"," ","1490.62"
"08/09/2026 01:00:00 - 08/09/2026 02:00:00","CTA|IE","N/A","n/e"," ","1501.72"
"08/09/2026 02:00:00 - 08/09/2026 03:00:00","CTA|IE","N/A","n/e"," ","1518.49"
"08/09/2026 03:00:00 - 08/09/2026 04:00:00","CTA|IE","N/A","n/e"," ","1580.98"
"08/09/2026 04:00:00 - 08/09/2026 05:00:00","CTA|IE","N/A","n/e"," ","1644.53"
"08/09/2026 05:00:00 - 08/09/2026 06:00:00","CTA|IE","N/A","n/e"," ","1706.91"
"08/09/2026 06:00:00 - 08/09/2026 07:00:00","CTA|IE","N/A","n/e"," ","1771.95"
"08/09/2026 07:00:00 - 08/09/2026 08:00:00","CTA|IE","N/A","n/e"," ","1748.00"
"08/09/2026 08:00:00 - 08/09/2026 09:00:00","CTA|IE","N/A","n/e"," ","1656.36"
"08/09/2026 09:00:00 - 08/09/2026 10:00:00","CTA|IE","N/A","n/e"," ","1767.80"
"08/09/2026 10:00:00 - 08/09/2026 11:00:00","CTA|IE","N/A","n/e"," ","1716.20"
"08/09/2026 11:00:00 - 08/09/2026 12:00:00","CTA|IE","N/A","n/e"," ","1807.00"
"08/09/2026 12:00:00 - 08/09/2026 13:00:00","CTA|IE","N/A","n/e"," ","1915.48"
"08/09/2026 13:00:00 - 08/09/2026 14:00:00","CTA|IE","N/A","n/e"," ","1931.77"
"08/09/2026 14:00:00 - 08/09/2026 15:00:00","CTA|IE","N/A","n/e"," ","1970.81"
"08/09/2026 15:00:00 - 08/09/2026 16:00:00","CTA|IE","N/A","n/e"," ","1924.16"
"08/09/2026 16:00:00 - 08/09/2026 17:00:00","CTA|IE","N/A","n/e"," ","1876.14"
"08/09/2026 17:00:00 - 08/09/2026 18:00:00","CTA|IE","N/A","n/e"," ","1977.42"
"08/09/2026 18:00:00 - 08/09/2026 19:00:00","CTA|IE","N/A","n/e"," ","2097.17"
"08/09/2026 19:00:00 - 08/09/2026 20:00:00","CTA|IE","N/A","n/e"," ","2265.60"
"08/09/2026 20:00:00 - 08/09/2026 21:00:00","CTA|IE","N/A","n/e"," ","1999.78"
"08/09/2026 21:00:00 - 08/09/2026 22:00:00","CTA|IE","N/A","n/e"," ","1715.99"
"08/09/2026 22:00:00 - 08/09/2026 23:00:00","CTA|IE","N/A","n/e"," ","1544.31"
"08/09/2026 23:00:00 - 09/09/2026 00:00:00","CTA|IE","N/A","n/e"," ","1246.50"
"09/09/2026 00:00:00 - 09/09/2026 01:00:00","CTA|IE","N/A","n/e"," ","1177.27"
"09/09/2026 01:00:00 - 09/09/2026 02:00:00","CTA|IE","N/A","n/e"," ","1072.04"
"09/09/2026 02:00:00 - 09/09/2026 03:00:00","CTA|IE","N/A","n/e"," ","926.85"
"09/09/2026 03:00:00 - 09/09/2026 04:00:00","CTA|IE","N/A","n/e"," ","846.67"
"09/09/2026 04:00:00 - 09/09/2026 05:00:00","CTA|IE","N/A","n/e"," ","732.03"
"09/09/2026 05:00:00 - 09/09/2026 06:00:00","CTA|IE","N/A","n/e"," ","678.94"
"09/09/2026 06:00:00 - 09/09/2026 07:00:00","CTA|IE","N/A","n/e"," ","559.01"
"09/09/2026 07:00:00 - 09/09/2026 08:00:00","CTA|IE","N/A","n/e"," ","400.52"
"09/09/2026 08:00:00 - 09/09/2026 09:00:00","CTA|IE","N/A","n/e"," ","309.95"
"09/09/2026 09:00:00 - 09/09/2026 10:00:00","CTA|IE","N/A","n/e"," ","226.91"
"09/09/2026 10:00:00 - 09/09/2026 11:00:00","CTA|IE","N/A","n/e"," ","123.24"
"09/09/2026 11:00:00 - 09/09/2026 12:00:00","CTA|IE","N/A","n/e"," ","119.91"
"09/09/2026 12:00:00 - 09/09/2026 13:00:00","CTA|IE","N/A","n/e"," ","121.35"
"09/09/2026 13:00:00 - 09/09/2026 14:00:00","CTA|IE","N/A","n/e"," ","180.43"
"09/09/2026 14:00:00 - 09/09/2026 15:00:00","CTA|IE","N/A","n/e"," ","316.93"
"09/09/2026 15:00:00 - 09/09/2026 16:00:00","CTA|IE","N/A","n/e"," ","345.83"
"09/09/2026 16:00:00 - 09/09/2026 17:00:00","CTA|IE","N/A","n/e"," ","514.30"
"09/09/2026 17:00:00 - 09/09/2026 18:00:00","CTA|IE","N/A","n/e"," ","569.75"
"09/09/2026 18:00:00 - 09/09/2026 19:00:00","CTA|IE","N/A","n/e"," ","605.56"
"09/09/2026 19:00:00 - 09/09/2026 20:00:00","CTA|IE","N/A","n/e"," ","596.74"
"09/09/2026 20:00:00 - 09/09/2026 21:00:00","CTA|IE","N/A","n/e"," ","664.08"
"09/09/2026 21:00:00 - 09/09/2026 22:00:00","CTA|IE","N/A","n/e"," ","823.92"
"09/09/2026 22:00:00 - 09/09/2026 23:00:00","CTA|IE","N/A","n/e"," ","1051.54"
"09/09/2026 23:00:00 - 10/09/2026 00:00:00","CTA|IE","N/A","n/e"," ","1219.13"
"10/09/2026 00:00:00 - 10/09/2026 01:00:00","CTA|IE","N/A","n/e"," ","1311.57"
"10/09/2026 01:00:00 - 10/09/2026 02:00:00","CTA|IE","N/A","n/e"," ","1579.35"
"10/09/2026 02:00:00 - 10/09/2026 03:00:00","CTA|IE","N/A","n/e"," ","1881.24"
"10/09/2026 03:00:00 - 10/09/2026 04:00:00","CTA|IE","N/A","n/e"," ","2050.04"
"10/09/2026 04:00:00 - 10/09/2026 05:00:00","CTA|IE","N/A","n/e"," ","2189.41"
"10/09/2026 05:00:00 - 10/09/2026 06:00:00","CTA|IE","N/A","n/e"," ","2160.98"
"10/09/2026 06:00:00 - 10/09/2026 07:00:00","CTA|IE","N/A","n/e"," ","2157.33"
"10/09/2026 07:00:00 - 10/09/2026 08:00:00","CTA|IE","N/A","n/e"," ","2217.10"
"10/09/2026 08:00:00 - 10/09/2026 09:00:00","CTA|IE","N/A","n/e"," ","2191.03"
"10/09/2026 09:00:00 - 10/09/2026 10:00:00","CTA|IE","N/A","n/e"," ","2012.98"
"10/09/2026 10:00:00 - 10/09/2026 11:00:00","CTA|IE","N/A","n/e"," ","1974.90"
"10/09/2026 11:00:00 - 10/09/2026 12:00:00","CTA|IE","N/A","n/e"," ","1743.16"
"10/09/2026 12:00:00 - 10/09/2026 13:00:00","CTA|IE","N/A","n/e"," ","1565.45"
"10/09/2026 13:00:00 - 10/09/2026 14:00:00","CTA|IE","N/A","n/e"," ","1628.93"
"10/09/2026 14:00:00 - 10/09/2026 15:00:00","CTA|IE","N/A","n/e"," ","1637.38"
"10/09/2026 15:00:00 - 10/09/2026 16:00:00","CTA|IE","N/A","n/e"," ","1654.21"
"10/09/2026 16:00:00 - 10/09/2026 17:00:00","CTA|IE","N/A","n/e"," ","1623.16"
"10/09/2026 17:00:00 - 10/09/2026 18:00:00","CTA|IE","N/A","n/e"," ","1754.79"
"10/09/2026 18:00:00 - 10/09/2026 19:00:00","CTA|IE","N/A","n/e"," ","1859.49"
"10/09/2026 19:00:00 - 10/09/2026 20:00:00","CTA|IE","N/A","n/e"," ","1774.44"
"10/09/2026 20:00:00 - 10/09/2026 21:00:00","CTA|IE","N/A","n/e"," ","1456.07"
"10/09/2026 21:00:00 - 10/09/2026 22:00:00","CTA|IE","N/A","n/e"," ","1258.09"
"10/09/2026 22:00:00 - 10/09/2026 23:00:00","CTA|IE","N/A","n/e"," ","1154.56"
"10/09/2026 23:00:00 - 11/09/2026 00:00:00","CTA|IE","N/A","n/e"," ","1216.26"
"11/09/2026 00:00:00 - 11/09/2026 01:00:00","CTA|IE","N/A","n/e"," ","1235.28"
"11/09/2026 01:00:00 - 11/09/2026 02:00:00","CTA|IE","N/A","n/e"," ","1112.81"
"11/09/2026 02:00:00 - 11/09/2026 03:00:00","CTA|IE","N/A","n/e"," ","1192.26"
"11/09/2026 03:00:00 - 11/09/2026 04:00:00","CTA|IE","N/A","n/e"," ","1070.34"
"11/09/2026 04:00:00 - 11/09/2026 05:00:00","CTA|IE","N/A","n/e"," ","1014.79"
"11/09/2026 05:00:00 - 11/09/2026 06:00:00","CTA|IE","N/A","n/e"," ","970.83"
"11/09/2026 06:00:00 - 11/09/2026 07:00:00","CTA|IE","N/A","n/e"," ","823.29"
"11/09/2026 07:00:00 - 11/09/2026 08:00:00","CTA|IE","N/A","n/e"," ","654.31"
"11/09/2026 08:00:00 - 11/09/2026 09:00:00","CTA|IE","N/A","n/e"," ","584.39"
"11/09/2026 09:00:00 - 11/09/2026 10:00:00","CTA|IE","N/A","n/e"," ","364.01"
"11/09/2026 10:00:00 - 11/09/2026 11:00:00","CTA|IE","N/A","n/e"," ","264.59"
"11/09/2026 11:00:00 - 11/09/2026 12:00:00","CTA|IE","N/A","n/e"," ","235.87"
"11/09/2026 12:00:00 - 11/09/2026 13:00:00","CTA|IE","N/A","n/e"," ","279.28"
"11/09/2026 13:00:00 - 11/09/2026 14:00:00","CTA|IE","N/A","n/e"," ","317.37"
"11/09/2026 14:00:00 - 11/09/2026 15:00:00","CTA|IE","N/A","n/e"," ","325.47"
"11/09/2026 15:00:00 - 11/09/2026 16:00:00","CTA|IE","N/A","n/e"," ","303.67"
"11/09/2026 16:00:00 - 11/09/2026 17:00:00","CTA|IE","N/A","n/e"," ","404.68"
"11/09/2026 17:00:00 - 11/09/2026 18:00:00","CTA|IE","N/A","n/e"," ","532.75"
"11/09/2026 18:00:00 - 11/09/2026 19:00:00","CTA|IE","N/A","n/e"," ","743.89"
"11/09/2026 19:00:00 - 11/09/2026 20:00:00","CTA|IE","N/A","n/e"," ","972.89"
"11/09/2026 20:00:00 - 11/09/2026 21:00:00","CTA|IE","N/A","n/e"," ","1051.54"
"11/09/2026 21:00:00 - 11/09/2026 22:00:00","CTA|IE","N/A","n/e"," ","1468.59"
"11/09/2026 22:00:00 - 11/09/2026 23:00:00","CTA|IE","N/A","n/e"," ","2045.61"
"11/09/2026 23:00:00 - 12/09/2026 00:00:00","CTA|IE","N/A","n/e"," ","2290.32"
"12/09/2026 00:00:00 - 12/09/2026 01:00:00","CTA|IE","N/A","n/e"," ","2499.22"
"12/09/2026 01:00:00 - 12/09/2026 02:00:00","CTA|IE","N/A","n/e"," ","2559.16"
"12/09/2026 02:00:00 - 12/09/2026 03:00:00","CTA|IE","N/A","n/e"," ","2477.10"
"12/09/2026 03:00:00 - 12/09/2026 04:00:00","CTA|IE","N/A","n/e"," ","2502.99"
"12/09/2026 04:00:00 - 12/09/2026 05:00:00","CTA|IE","N/A","n/e"," ","2459.69"
"12/09/2026 05:00:00 - 12/09/2026 06:00:00","CTA|IE","N/A","n/e"," ","2397.83"
"12/09/2026 06:00:00 - 12/09/2026 07:00:00","CTA|IE","N/A","n/e"," ","2353.30"
"12/09/2026 07:00:00 - 12/09/2026 08:00:00","CTA|IE","N/A","n/e"," ","2348.05"
"12/09/2026 08:00:00 - 12/09/2026 09:00:00","CTA|IE","N/A","n/e"," ","2422.24"
"12/09/2026 09:00:00 - 12/09/2026 10:00:00","CTA|IE","N/A","n/e"," ","2453.06"
"12/09/2026 10:00:00 - 12/09/2026 11:00:00","CTA|IE","N/A","n/e"," ","1814.25"
"12/09/2026 11:00:00 - 12/09/2026 12:00:00","CTA|IE","N/A","n/e"," ","1374.06"
"12/09/2026 12:00:00 - 12/09/2026 13:00:00","CTA|IE","N/A","n/e"," ","1390.04"
"12/09/2026 13:00:00 - 12/09/2026 14:00:00","CTA|IE","N/A","n/e"," ","1295.45"
"12/09/2026 14:00:00 - 12/09/2026 15:00:00","CTA|IE","N/A","n/e"," ","1187.33"
"12/09/2026 15:00:00 - 12/09/2026 16:00:00","CTA|IE","N/A","n/e"," ","1073.62"
"12/09/2026 16:00:00 - 12/09/2026 17:00:00","CTA|IE","N/A","n/e"," ","987.85"
"12/09/2026 17:00:00 - 12/09/2026 18:00:00","CTA|IE","N/A","n/e"," ","937.63"
"12/09/2026 18:00:00 - 12/09/2026 19:00:00","CTA|IE","N/A","n/e"," ","866.41"
"12/09/2026 19:00:00 - 12/09/2026 20:00:00","CTA|IE","N/A","n/e"," ","656.45"
"12/09/2026 20:00:00 - 12/09/2026 21:00:00","CTA|IE","N/A","n/e"," ","527.08"
"12/09/2026 21:00:00 - 12/09/2026 22:00:00","CTA|IE","N/A","n/e"," ","416.90"
"12/09/2026 22:00:00 - 12/09/2026 23:00:00","CTA|IE","N/A","n/e"," ","358.47"
"12/09/2026 23:00:00 - 13/09/2026 00:00:00","CTA|IE","N/A","n/e"," ","347.18"
"13/09/2026 00:00:00 - 13/09/2026 01:00:00","CTA|IE","N/A","n/e"," ","318.08"
"13/09/2026 01:00:00 - 13/09/2026 02:00:00","CTA|IE","N/A","n/e"," ","250.74"
"13/09/2026 02:00:00 - 13/09/2026 03:00:00","CTA|IE","N/A","n/e"," ","226.81"
"13/09/2026 03:00:00 - 13/09/2026 04:00:00","CTA|IE","N/A","n/e"," ","217.03"
"13/09/2026 04:00:00 - 13/09/2026 05:00:00","CTA|IE","N/A","n/e"," ","157.91"
"13/09/2026 05:00:00 - 13/09/2026 06:00:00","CTA|IE","N/A","n/e"," ","108.94"
"13/09/2026 06:00:00 - 13/09/2026 07:00:00","CTA|IE","N/A","n/e"," ","70.81"
"13/09/2026 07:00:00 - 13/09/2026 08:00:00","CTA|IE","N/A","n/e"," ","51.66"
"13/09/2026 08:00:00 - 13/09/2026 09:00:00","CTA|IE","N/A","n/e"," ","35.53"
"13/09/2026 09:00:00 - 13/09/2026 10:00:00","CTA|IE","N/A","n/e"," ","24.21"
"13/09/2026 10:00:00 - 13/09/2026 11:00:00","CTA|IE","N/A","n/e"," ","26.34"
"13/09/2026 11:00:00 - 13/09/2026 12:00:00","CTA|IE","N/A","n/e"," ","35.40"
"13/09/2026 12:00:00 - 13/09/2026 13:00:00","CTA|IE","N/A","n/e"," ","75.55"
"13/09/2026 13:00:00 - 13/09/2026 14:00:00","CTA|IE","N/A","n/e"," ","100.18"
"13/09/2026 14:00:00 - 13/09/2026 15:00:00","CTA|IE","N/A","n/e"," ","155.10"
"13/09/2026 15:00:00 - 13/09/2026 16:00:00","CTA|IE","N/A","n/e"," ","245.88"
"13/09/2026 16:00:00 - 13/09/2026 17:00:00","CTA|IE","N/A","n/e"," ","357.93"
"13/09/2026 17:00:00 - 13/09/2026 18:00:00","CTA|IE","N/A","n/e"," ","467.93"
"13/09/2026 18:00:00 - 13/09/2026 19:00:00","CTA|IE","N/A","n/e"," ","434.31"
"13/09/2026 19:00:00 - 13/09/2026 20:00:00","CTA|IE","N/A","n/e"," ","375.59"
"13/09/2026 20:00:00 - 13/09/2026 21:00:00","CTA|IE","N/A","n/e"," ","320.45"
"13/09/2026 21:00:00 - 13/09/2026 22:00:00","CTA|IE","N/A","n/e"," ","333.40"
"13/09/2026 22:00:00 - 13/09/2026 23:00:00","CTA|IE","N/A","n/e"," ","307.30"
"13/09/2026 23:00:00 - 14/09/2026 00:00:00","CTA|IE","N/A","n/e"," ","403.02"
"14/09/2026 00:00:00 - 14/09/2026 01:00:00","CTA|IE","N/A","n/e"," ","430.72"
"14/09/2026 01:00:00 - 14/09/2026 02:00:00","CTA|IE","N/A","n/e"," ","499.63"
"14/09/2026 02:00:00 - 14/09/2026 03:00:00","CTA|IE","N/A","n/e"," ","533.80"
"14/09/2026 03:00:00 - 14/09/2026 04:00:00","CTA|IE","N/A","n/e"," ","537.01"
"14/09/2026 04:00:00 - 14/09/2026 05:00:00","CTA|IE","N/A","n/e"," ","566.34"
"14/09/2026 05:00:00 - 14/09/2026 06:00:00","CTA|IE","N/A","n/e"," ","632.03"
"14/09/2026 06:00:00 - 14/09/2026 07:00:00","CTA|IE","N/A","n/e"," ","761.52"
"14/09/2026 07:00:00 - 14/09/2026 08:00:00","CTA|IE","N/A","n/e"," ","892.12"
"14/09/2026 08:00:00 - 14/09/2026 09:00:00","CTA|IE","N/A","n/e"," ","936.59"
"14/09/2026 09:00:00 - 14/09/2026 10:00:00","CTA|IE","N/A","n/e"," ","898.07"
"14/09/2026 10:00:00 - 14/09/2026 11:00:00","CTA|IE","N/A","n/e"," ","786.71"
"14/09/2026 11:00:00 - 14/09/2026 12:00:00","CTA|IE","N/A","n/e"," ","953.75"
"14/09/2026 12:00:00 - 14/09/2026 13:00:00","CTA|IE","N/A","n/e"," ","1123.66"
"14/09/2026 13:00:00 - 14/09/2026 14:00:00","CTA|IE","N/A","n/e"," ","1438.25"
"14/09/2026 14:00:00 - 14/09/2026 15:00:00","CTA|IE","N/A","n/e"," ","1670.01"
"14/09/2026 15:00:00 - 14/09/2026 16:00:00","CTA|IE","N/A","n/e"," ","1829.00"
"14/09/2026 16:00:00 - 14/09/2026 17:00:00","CTA|IE","N/A","n/e"," ","1896.17"
"14/09/2026 17:00:00 - 14/09/2026 18:00:00","CTA|IE","N/A","n/e"," ","1842.90"
"14/09/2026 18:00:00 - 14/09/2026 19:00:00","CTA|IE","N/A","n/e"," ","1872.83"
"14/09/2026 19:00:00 - 14/09/2026 20:00:00","CTA|IE","N/A","n/e"," ","2100.05"
"14/09/2026 20:00:00 - 14/09/2026 21:00:00","CTA|IE","N/A","n/e"," ","2133.33"
"14/09/2026 21:00:00 - 14/09/2026 22:00:00","CTA|IE","N/A","n/e"," ","2081.90"
"14/09/2026 22:00:00 - 14/09/2026 23:00:00","CTA|IE","N/A","n/e"," ","2214.34"
"14/09/2026 23:00:00 - 15/09/2026 00:00:00","CTA|IE","N/A","n/e"," ","2004.27"
"15/09/2026 00:00:00 - 15/09/2026 01:00:00","CTA|IE","N/A","n/e"," ","1858.94"
"15/09/2026 01:00:00 - 15/09/2026 02:00:00","CTA|IE","N/A","n/e"," ","1773.47"
"15/09/2026 02:00:00 - 15/09/2026 03:00:00","CTA|IE","N/A","n/e"," ","1596.60"
"15/09/2026 03:00:00 - 15/09/2026 04:00:00","CTA|IE","N/A","n/e"," ","1696.06"
"15/09/2026 04:00:00 - 15/09/2026 05:00:00","CTA|IE","N/A","n/e"," ","1717.78"
"15/09/2026 05:00:00 - 15/09/2026 06:00:00","CTA|IE","N/A","n/e"," ","1712.78"
"15/09/2026 06:00:00 - 15/09/2026 07:00:00","CTA|IE","N/A","n/e"," ","1842.01"
"15/09/2026 07:00:00 - 15/09/2026 08:00:00","CTA|IE","N/A","n/e"," ","1855.56"
"15/09/2026 08:00:00 - 15/09/2026 09:00:00","CTA|IE","N/A","n/e"," ","1763.30"
"15/09/2026 09:00:00 - 15/09/2026 10:00:00","CTA|IE","N/A","n/e"," ","1658.14"
"15/09/2026 10:00:00 - 15/09/2026 11:00:00","CTA|IE","N/A","n/e"," ","1521.87"
"15/09/2026 11:00:00 - 15/09/2026 12:00:00","CTA|IE","N/A","n/e"," ","1570.81"
"15/09/2026 12:00:00 - 15/09/2026 13:00:00","CTA|IE","N/A","n/e"," ","1439.99"
"15/09/2026 13:00:00 - 15/09/2026 14:00:00","CTA|IE","N/A","n/e"," ","1314.85"
"15/09/2026 14:00:00 - 15/09/2026 15:00:00","CTA|IE","N/A","n/e"," ","1193.64"
"15/09/2026 15:00:00 - 15/09/2026 16:00:00","CTA|IE","N/A","n/e"," ","1178.28"
"15/09/2026 16:00:00 - 15/09/2026 17:00:00","CTA|IE","N/A","n/e"," ","1246.04"
"15/09/2026 17:00:00 - 15/09/2026 18:00:00","CTA|IE","N/A","n/e"," ","1736.23"
"15/09/2026 18:00:00 - 15/09/2026 19:00:00","CTA|IE","N/A","n/e"," ","2036.45"
"15/09/2026 19:00:00 - 15/09/2026 20:00:00","CTA|IE","N/A","n/e"," ","2023.41"
"15/09/2026 20:00:00 - 15/09/2026 21:00:00","CTA|IE","N/A","n/e"," ","1670.89"
"15/09/2026 21:00:00 - 15/09/2026 22:00:00","CTA|IE","N/A","n/e"," ","1698.24"
"15/09/2026 22:00:00 - 15/09/2026 23:00:00","CTA|IE","N/A","n/e"," ","1572.00"
"15/09/2026 23:00:00 - 16/09/2026 00:00:00","CTA|IE","N/A","n/e"," ","1583.90"
"16/09/2026 00:00:00 - 16/09/2026 01:00:00","CTA|IE","N/A","n/e"," ","1561.43"
"16/09/2026 01:00:00 - 16/09/2026 02:00:00","CTA|IE","N/A","n/e"," ","1440.66"
"16/09/2026 02:00:00 - 16/09/2026 03:00:00","CTA|IE","N/A","n/e"," ","1470.01"
"16/09/2026 03:00:00 - 16/09/2026 04:00:00","CTA|IE","N/A","n/e"," ","1473.08"
"16/09/2026 04:00:00 - 16/09/2026 05:00:00","CTA|IE","N/A","n/e"," ","1267.99"
"16/09/2026 05:00:00 - 16/09/2026 06:00:00","CTA|IE","N/A","n/e"," ","1272.69"
"16/09/2026 06:00:00 - 16/09/2026 07:00:00","CTA|IE","N/A","n/e"," ","1204.68"
"16/09/2026 07:00:00 - 16/09/2026 08:00:00","CTA|IE","N/A","n/e"," ","1012.29"
"16/09/2026 08:00:00 - 16/09/2026 09:00:00","CTA|IE","N/A","n/e"," ","1078.50"
"16/09/2026 09:00:00 - 16/09/2026 10:00:00","CTA|IE","N/A","n/e"," ","843.88"
"16/09/2026 10:00:00 - 16/09/2026 11:00:00","CTA|IE","N/A","n/e"," ","765.74"
"16/09/2026 11:00:00 - 16/09/2026 12:00:00","CTA|IE","N/A","n/e"," ","764.26"
"16/09/2026 12:00:00 - 16/09/2026 13:00:00","CTA|IE","N/A","n/e"," ","834.10"
"16/09/2026 13:00:00 - 16/09/2026 14:00:00","CTA|IE","N/A","n/e"," ","952.55"
"16/09/2026 14:00:00 - 16/09/2026 15:00:00","CTA|IE","N/A","n/e"," ","1351.71"
"16/09/2026 15:00:00 - 16/09/2026 16:00:00","CTA|IE","N/A","n/e"," ","1631.41"
"16/09/2026 16:00:00 - 16/09/2026 17:00:00","CTA|IE","N/A","n/e"," ","1735.50"
"16/09/2026 17:00:00 - 16/09/2026 18:00:00","CTA|IE","N/A","n/e"," ","1916.48"
"16/09/2026 18:00:00 - 16/09/2026 19:00:00","CTA|IE","N/A","n/e"," ","2251.31"
"16/09/2026 19:00:00 - 16/09/2026 20:00:00","CTA|IE","N/A","n/e"," ","2323.85"
"16/09/2026 20:00:00 - 16/09/2026 21:00:00","CTA|IE","N/A","n/e"," ","2251.11"
"16/09/2026 21:00:00 - 16/09/2026 22:00:00","CTA|IE","N/A","n/e"," ","2390.60"
"16/09/2026 22:00:00 - 16/09/2026 23:00:00","CTA|IE","N/A","n/e"," ","2493.74"
"16/09/2026 23:00:00 - 17/09/2026 00:00:00","CTA|IE","N/A","n/e"," ","2591.84"
"17/09/2026 00:00:00 - 17/09/2026 01:00:00","CTA|IE","N/A","n/e"," ","2176.16"
"17/09/2026 01:00:00 - 17/09/2026 02:00:00","CTA|IE","2551.19","n/e"," ","1866.62"
"17/09/2026 02:00:00 - 17/09/2026 03:00:00","CTA|IE","2401.45","n/e"," ","1776.80"
"17/09/2026 03:00:00 - 17/09/2026 04:00:00","CTA|IE","2302.95","n/e"," ","1801.30"
"17/09/2026 04:00:00 - 17/09/2026 05:00:00","CTA|IE","2265.03","n/e"," ","1796.17"
"17/09/2026 05:00:00 - 17/09/2026 06:00:00","CTA|IE","2253.96","n/e"," ","1704.50"
"17/09/2026 06:00:00 - 17/09/2026 07:00:00","CTA|IE","2258.69","n/e"," ","1702.86"
"17/09/2026 07:00:00 - 17/09/2026 08:00:00","CTA|IE","2302.55","n/e"," ","1981.25"
"17/09/2026 08:00:00 - 17/09/2026 09:00:00","CTA|IE","2380.11","n/e"," ","2145.84"
"17/09/2026 09:00:00 - 17/09/2026 10:00:00","CTA|IE","2451.72","n/e"," ","2242.55"
"17/09/2026 10:00:00 - 17/09/2026 11:00:00","CTA|IE","2548.62","n/e"," ","2167.16"
"17/09/2026 11:00:00 - 17/09/2026 12:00:00","CTA|IE","2698.35","n/e"," ","2122.82"
"17/09/2026 12:00:00 - 17/09/2026 13:00:00","CTA|IE","2849.79","n/e"," ","1936.18"
"17/09/2026 13:00:00 - 17/09/2026 14:00:00","CTA|IE","2956.26","n/e"," ","1902.46"
"17/09/2026 14:00:00 - 17/09/2026 15:00:00","CTA|IE","3023.48","n/e"," ","1811.42"
"17/09/2026 15:00:00 - 17/09/2026 16:00:00","CTA|IE","3112.87","n/e"," ","1733.39"
"17/09/2026 16:00:00 - 17/09/2026 17:00:00","CTA|IE","3167.06","n/e"," ","2081.64"
"17/09/2026 17:00:00 - 17/09/2026 18:00:00","CTA|IE","3221.11","n/e"," ","2274.47"
"17/09/2026 18:00:00 - 17/09/2026 19:00:00","CTA|IE","3173.24","n/e"," ","2211.35"
"17/09/2026 19:00:00 - 17/09/2026 20:00:00","CTA|IE","3000.93","n/e"," ","2247.10"
"17/09/2026 20:00:00 - 17/09/2026 21:00:00","CTA|IE","2728.28","n/e"," ","2194.16"
"17/09/2026 21:00:00 - 17/09/2026 22:00:00","CTA|IE","2407.97","n/e"," ","1929.02"
"17/09/2026 22:00:00 - 17/09/2026 23:00:00","CTA|IE","2124.65","n/e"," ","1673.78"
"17/09/2026 23:00:00 - 18/09/2026 00:00:00","CTA|IE","1959.34","n/e"," ","1584.05"
"18/09/2026 00:00:00 - 18/09/2026 01:00:00","CTA|IE","1894.33","n/e"," ","1324.43"
"18/09/2026 01:00:00 - 18/09/2026 02:00:00","CTA|IE","1732.91","n/e"," ","1236.54"
"18/09/2026 02:00:00 - 18/09/2026 03:00:00","CTA|IE","1746.90","n/e"," ","1332.31"
"18/09/2026 03:00:00 - 18/09/2026 04:00:00","CTA|IE","1769.96","n/e"," ","1711.15"
"18/09/2026 04:00:00 - 18/09/2026 05:00:00","CTA|IE","1783.57","n/e"," ","1674.35"
"18/09/2026 05:00:00 - 18/09/2026 06:00:00","CTA|IE","1806.07","n/e"," ","1606.55"
"18/09/2026 06:00:00 - 18/09/2026 07:00:00","CTA|IE","1840.76","n/e"," ","1680.67"
"18/09/2026 07:00:00 - 18/09/2026 08:00:00","CTA|IE","1923.24","n/e"," ","1654.74"
"18/09/2026 08:00:00 - 18/09/2026 09:00:00","CTA|IE","2072.10","n/e"," ","1700.70"
"18/09/2026 09:00:00 - 18/09/2026 10:00:00","CTA|IE","2335.33","n/e"," ","1913.22"
"18/09/2026 10:00:00 - 18/09/2026 11:00:00","CTA|IE","2707.07","n/e"," ","2004.25"
"18/09/2026 11:00:00 - 18/09/2026 12:00:00","CTA|IE","3127.43","n/e"," ","2000.74"
"18/09/2026 12:00:00 - 18/09/2026 13:00:00","CTA|IE","3433.05","n/e"," ","2180.55"
"18/09/2026 13:00:00 - 18/09/2026 14:00:00","CTA|IE","3571.71","n/e"," ","2760.59"
"18/09/2026 14:00:00 - 18/09/2026 15:00:00","CTA|IE","3571.08","n/e"," ","2823.72"
"18/09/2026 15:00:00 - 18/09/2026 16:00:00","CTA|IE","3516.65","n/e"," ","2808.41"
"18/09/2026 16:00:00 - 18/09/2026 17:00:00","CTA|IE","3417.52","n/e"," ","2709.09"
"18/09/2026 17:00:00 - 18/09/2026 18:00:00","CTA|IE","3286.71","n/e"," ","2590.90"
"18/09/2026 18:00:00 - 18/09/2026 19:00:00","CTA|IE","3152.87","n/e"," ","2697.66"
"18/09/2026 19:00:00 - 18/09/2026 20:00:00","CTA|IE","3041.50","n/e"," ","2651.71"
"18/09/2026 20:00:00 - 18/09/2026 21:00:00","CTA|IE","2964.07","n/e"," ","2617.24"
"18/09/2026 21:00:00 - 18/09/2026 22:00:00","CTA|IE","2920.77","n/e"," ","2626.97"
"18/09/2026 22:00:00 - 18/09/2026 23:00:00","CTA|IE","2908.26","n/e"," ","2525.17"
"18/09/2026 23:00:00 - 19/09/2026 00:00:00","CTA|IE","2957.66","n/e"," ","2480.91"
"19/09/2026 00:00:00 - 19/09/2026 01:00:00","CTA|IE","2965.18","n/e"," ","2204.54"
"19/09/2026 01:00:00 - 19/09/2026 02:00:00","CTA|IE","3177.35","n/e"," ","2082.99"
"19/09/2026 02:00:00 - 19/09/2026 03:00:00","CTA|IE","3178.83","n/e"," ","2266.53"
"19/09/2026 03:00:00 - 19/09/2026 04:00:00","CTA|IE","3189.55","n/e"," ","2099.13"
"19/09/2026 04:00:00 - 19/09/2026 05:00:00","CTA|IE","3175.74","n/e"," ","1898.59"
"19/09/2026 05:00:00 - 19/09/2026 06:00:00","CTA|IE","3143.37","n/e"," ","1773.73"
"19/09/2026 06:00:00 - 19/09/2026 07:00:00","CTA|IE","3102.03","n/e"," ","1714.57"
"19/09/2026 07:00:00 - 19/09/2026 08:00:00","CTA|IE","3055.80","n/e"," ","1787.42"
"19/09/2026 08:00:00 - 19/09/2026 09:00:00","CTA|IE","2962.13","n/e"," ","1908.98"
"19/09/2026 09:00:00 - 19/09/2026 10:00:00","CTA|IE","2836.76","n/e"," ","1843.68"
"19/09/2026 10:00:00 - 19/09/2026 11:00:00","CTA|IE","2729.97","n/e"," ","1840.43"
"19/09/2026 11:00:00 - 19/09/2026 12:00:00","CTA|IE","2716.74","n/e"," ","1828.67"
"19/09/2026 12:00:00 - 19/09/2026 13:00:00","CTA|IE","2707.56","n/e"," ","1874.69"
"19/09/2026 13:00:00 - 19/09/2026 14:00:00","CTA|IE","2685.13","n/e"," ","1825.77"
"19/09/2026 14:00:00 - 19/09/2026 15:00:00","CTA|IE","2675.44","n/e"," ","1921.00"
"19/09/2026 15:00:00 - 19/09/2026 16:00:00","CTA|IE","2688.38","n/e"," ","1730.41"
"19/09/2026 16:00:00 - 19/09/2026 17:00:00","CTA|IE","2652.86","n/e"," ","1794.32"
"19/09/2026 17:00:00 - 19/09/2026 18:00:00","CTA|IE","2536.02","n/e"," ","1710.68"
"19/09/2026 18:00:00 - 19/09/2026 19:00:00","CTA|IE","2304.05","n/e"," ","1766.45"
"19/09/2026 19:00:00 - 19/09/2026 20:00:00","CTA|IE","2053.86","n/e"," ","1734.16"
"19/09/2026 20:00:00 - 19/09/2026 21:00:00","CTA|IE","1811.55","n/e"," ","1525.67"
"19/09/2026 21:00:00 - 19/09/2026 22:00:00","CTA|IE","1588.61","n/e"," ","1425.90"
"19/09/2026 22:00:00 - 19/09/2026 23:00:00","CTA|IE","1418.19","n/e"," ","1403.88"
"19/09/2026 23:00:00 - 20/09/2026 00:00:00","CTA|IE","1339.72","n/e"," ","1370.40"
"20/09/2026 00:00:00 - 20/09/2026 01:00:00","CTA|IE","1305.08","n/e"," ","1282.45"
"20/09/2026 01:00:00 - 20/09/2026 02:00:00","CTA|IE","1494.78","n/e"," ","1255.53"
"20/09/2026 02:00:00 - 20/09/2026 03:00:00","CTA|IE","1436.32","n/e"," ","1220.70"
"20/09/2026 03:00:00 - 20/09/2026 04:00:00","CTA|IE","1391.39","n/e"," ","1078.61"
"20/09/2026 04:00:00 - 20/09/2026 05:00:00","CTA|IE","1326.67","n/e"," ","1050.83"
"20/09/2026 05:00:00 - 20/09/2026 06:00:00","CTA|IE","1216.19","n/e"," ","973.86"
"20/09/2026 06:00:00 - 20/09/2026 07:00:00","CTA|IE","1075.80","n/e"," ","899.38"
"20/09/2026 07:00:00 - 20/09/2026 08:00:00","CTA|IE","919.15","n/e"," ","789.07"
"20/09/2026 08:00:00 - 20/09/2026 09:00:00","CTA|IE","768.38","n/e"," ","627.35"
"20/09/2026 09:00:00 - 20/09/2026 10:00:00","CTA|IE","619.64","n/e"," ","398.29"
"20/09/2026 10:00:00 - 20/09/2026 11:00:00","CTA|IE","473.55","n/e"," ","201.05"
"20/09/2026 11:00:00 - 20/09/2026 12:00:00","CTA|IE","384.23","n/e"," ","176.07"
"20/09/2026 12:00:00 - 20/09/2026 13:00:00","CTA|IE","351.39","n/e"," ","147.69"
"20/09/2026 13:00:00 - 20/09/2026 14:00:00","CTA|IE","320.18","n/e"," ","164.64"
"20/09/2026 14:00:00 - 20/09/2026 15:00:00","CTA|IE","285.48","n/e"," ","150.96"
"20/09/2026 15:00:00 - 20/09/2026 16:00:00","CTA|IE","273.80","n/e"," ","135.44"
"20/09/2026 16:00:00 - 20/09/2026 17:00:00","CTA|IE","271.20","n/e"," ","245.08"
"20/09/2026 17:00:00 - 20/09/2026 18:00:00","CTA|IE","264.48","n/e"," ","336.50"
"20/09/2026 18:00:00 - 20/09/2026 19:00:00","CTA|IE","262.49","n/e"," ","359.98"
"20/09/2026 19:00:00 - 20/09/2026 20:00:00","CTA|IE","266.42","n/e"," ","358.17"
"20/09/2026 20:00:00 - 20/09/2026 21:00:00","CTA|IE","284.38","n/e"," ","469.38"
"20/09/2026 21:00:00 - 20/09/2026 22:00:00","CTA|IE","341.33","n/e"," ","572.19"
"20/09/2026 22:00:00 - 20/09/2026 23:00:00","CTA|IE","472.88","n/e"," ","657.33"
"20/09/2026 23:00:00 - 21/09/2026 00:00:00","CTA|IE","674.95","n/e"," ","788.39"
"21/09/2026 00:00:00 - 21/09/2026 01:00:00","CTA|IE","881.78","n/e"," ","817.45"
"21/09/2026 01:00:00 - 21/09/2026 02:00:00","CTA|IE","1142.99","n/e"," ","925.26"
"21/09/2026 02:00:00 - 21/09/2026 03:00:00","CTA|IE","1206.28","n/e"," ","893.09"
"21/09/2026 03:00:00 - 21/09/2026 04:00:00","CTA|IE","1239.47","n/e"," ","881.90"
"21/09/2026 04:00:00 - 21/09/2026 05:00:00","CTA|IE","1212.24","n/e"," ","808.82"
"21/09/2026 05:00:00 - 21/09/2026 06:00:00","CTA|IE","1141.37","n/e"," ","743.54"
"21/09/2026 06:00:00 - 21/09/2026 07:00:00","CTA|IE","1070.82","n/e"," ","798.84"
"21/09/2026 07:00:00 - 21/09/2026 08:00:00","CTA|IE","1034.92","n/e"," ","768.05"
"21/09/2026 08:00:00 - 21/09/2026 09:00:00","CTA|IE","1005.20","n/e"," ","770.23"
"21/09/2026 09:00:00 - 21/09/2026 10:00:00","CTA|IE","947.48","n/e"," ","647.12"
"21/09/2026 10:00:00 - 21/09/2026 11:00:00","CTA|IE","868.75","n/e"," ","594.71"
"21/09/2026 11:00:00 - 21/09/2026 12:00:00","CTA|IE","793.32","n/e"," ","523.05"
"21/09/2026 12:00:00 - 21/09/2026 13:00:00","CTA|IE","726.50","n/e"," ","541.65"
"21/09/2026 13:00:00 - 21/09/2026 14:00:00","CTA|IE","690.14","n/e"," ","560.22"
"21/09/2026 14:00:00 - 21/09/2026 15:00:00","CTA|IE","677.32","n/e"," ","638.80"
"21/09/2026 15:00:00 - 21/09/2026 16:00:00","CTA|IE","682.09","n/e"," ","667.03"
"21/09/2026 16:00:00 - 21/09/2026 17:00:00","CTA|IE","695.11","n/e"," ","681.73"
"21/09/2026 17:00:00 - 21/09/2026 18:00:00","CTA|IE","708.87","n/e"," ","687.67"
"21/09/2026 18:00:00 - 21/09/2026 19:00:00","CTA|IE","717.44","n/e"," ","767.98"
"21/09/2026 19:00:00 - 21/09/2026 20:00:00","CTA|IE","720.09","n/e"," ","749.96"
"21/09/2026 20:00:00 - 21/09/2026 21:00:00","CTA|IE","708.44","n/e"," ","684.00"
"21/09/2026 21:00:00 - 21/09/2026 22:00:00","CTA|IE","699.27","n/e"," ","757.23"
"21/09/2026 22:00:00 - 21/09/2026 23:00:00","CTA|IE","719.26","n/e"," ","735.28"
"21/09/2026 23:00:00 - 22/09/2026 00:00:00","CTA|IE","765.83","n/e"," ","747.37"
"22/09/2026 00:00:00 - 22/09/2026 01:00:00","CTA|IE","803.90","n/e"," ","726.67"
"22/09/2026 01:00:00 - 22/09/2026 02:00:00","CTA|IE","918.90","n/e"," ","816.23"
"22/09/2026 02:00:00 - 22/09/2026 03:00:00","CTA|IE","893.72","n/e"," ","841.11"
"22/09/2026 03:00:00 - 22/09/2026 04:00:00","CTA|IE","869.33","n/e"," ","789.90"
"22/09/2026 04:00:00 - 22/09/2026 05:00:00","CTA|IE","837.92","n/e"," ","766.28"
"22/09/2026 05:00:00 - 22/09/2026 06:00:00","CTA|IE","783.18","n/e"," ","714.79"
"22/09/2026 06:00:00 - 22/09/2026 07:00:00","CTA|IE","720.17","n/e"," ","623.75"
"22/09/2026 07:00:00 - 22/09/2026 08:00:00","CTA|IE","651.15","n/e"," ","537.81"
"22/09/2026 08:00:00 - 22/09/2026 09:00:00","CTA|IE","567.98","n/e"," ","511.82"
"22/09/2026 09:00:00 - 22/09/2026 10:00:00","CTA|IE","472.24","n/e"," ","428.77"
"22/09/2026 10:00:00 - 22/09/2026 11:00:00","CTA|IE","376.98","n/e"," ","330.40"
"22/09/2026 11:00:00 - 22/09/2026 12:00:00","CTA|IE","296.12","n/e"," ","254.62"
"22/09/2026 12:00:00 - 22/09/2026 13:00:00","CTA|IE","237.81","n/e"," ","230.60"
"22/09/2026 13:00:00 - 22/09/2026 14:00:00","CTA|IE","199.52","n/e"," ","285.54"
"22/09/2026 14:00:00 - 22/09/2026 15:00:00","CTA|IE","179.67","n/e"," ","283.81"
"22/09/2026 15:00:00 - 22/09/2026 16:00:00","CTA|IE","176.59","n/e"," ","261.87"
"22/09/2026 16:00:00 - 22/09/2026 17:00:00","CTA|IE","175.04","n/e"," ","282.58"
"22/09/2026 17:00:00 - 22/09/2026 18:00:00","CTA|IE","163.58","n/e"," ","251.43"
"22/09/2026 18:00:00 - 22/09/2026 19:00:00","CTA|IE","145.27","n/e"," ","193.40"
"22/09/2026 19:00:00 - 22/09/2026 20:00:00","CTA|IE","126.35","n/e"," ","217.48"
"22/09/2026 20:00:00 - 22/09/2026 21:00:00","CTA|IE","109.28","n/e"," ","N/A"
"22/09/2026 21:00:00 - 22/09/2026 22:00:00","CTA|IE","99.06","n/e"," ","270.01"
"22/09/2026 22:00:00 - 22/09/2026 23:00:00","CTA|IE","103.32","n/e"," ","235.03"
"22/09/2026 23:00:00 - 23/09/2026 00:00:00","CTA|IE","111.16","n/e"," ","252.91"
"23/09/2026 00:00:00 - 23/09/2026 01:00:00","CTA|IE","118.85","n/e"," ","282.86"
"23/09/2026 01:00:00 - 23/09/2026 02:00:00","CTA|IE","242.63","n/e"," ","232.91"
"23/09/2026 02:00:00 - 23/09/2026 03:00:00","CTA|IE","290.85","n/e"," ","333.55"
"23/09/2026 03:00:00 - 23/09/2026 04:00:00","CTA|IE","387.13","n/e"," ","502.92"
"23/09/2026 04:00:00 - 23/09/2026 05:00:00","CTA|IE","515.62","n/e"," ","643.87"
"23/09/2026 05:00:00 - 23/09/2026 06:00:00","CTA|IE","664.03","n/e"," ","744.51"
"23/09/2026 06:00:00 - 23/09/2026 07:00:00","CTA|IE","806.52","n/e"," ","800.60"
"23/09/2026 07:00:00 - 23/09/2026 08:00:00","CTA|IE","900.48","n/e"," ","880.62"
"23/09/2026 08:00:00 - 23/09/2026 09:00:00","CTA|IE","934.39","n/e"," ","697.13"
"23/09/2026 09:00:00 - 23/09/2026 10:00:00","CTA|IE","926.35","n/e"," ","624.47"
"23/09/2026 10:00:00 - 23/09/2026 11:00:00","CTA|IE","903.87","n/e"," ","458.82"
"23/09/2026 11:00:00 - 23/09/2026 12:00:00","CTA|IE","883.21","n/e"," ","381.84"
"23/09/2026 12:00:00 - 23/09/2026 13:00:00","CTA|IE","871.56","n/e"," ","380.73"
"23/09/2026 13:00:00 - 23/09/2026 14:00:00","CTA|IE","845.67","n/e"," ","281.05"
"23/09/2026 14:00:00 - 23/09/2026 15:00:00","CTA|IE","786.84","n/e"," ","189.31"
"23/09/2026 15:00:00 - 23/09/2026 16:00:00","CTA|IE","716.58","n/e"," ","113.02"
"23/09/2026 16:00:00 - 23/09/2026 17:00:00","CTA|IE","636.45","n/e"," ","67.60"
"23/09/2026 17:00:00 - 23/09/2026 18:00:00","CTA|IE","546.60","n/e"," ","61.08"
"23/09/2026 18:00:00 - 23/09/2026 19:00:00","CTA|IE","431.68","n/e"," ","42.88"
"23/09/2026 19:00:00 - 23/09/2026 20:00:00","CTA|IE","305.23","n/e"," ","46.82"
"23/09/2026 20:00:00 - 23/09/2026 21:00:00","CTA|IE","195.52","n/e"," ","87.59"
"23/09/2026 21:00:00 - 23/09/2026 22:00:00","CTA|IE","129.83","n/e"," ","150.49"
"23/09/2026 22:00:00 - 23/09/2026 23:00:00","CTA|IE","106.91","n/e"," ","276.85"
"23/09/2026 23:00:00 - 24/09/2026 00:00:00","CTA|IE","117.67","n/e"," ","698.55"
"24/09/2026 00:00:00 - 24/09/2026 01:00:00","CTA|IE","171.80","n/e"," ","1198.51"
"24/09/2026 01:00:00 - 24/09/2026 02:00:00","CTA|IE","891.81","n/e"," ","1666.88"
"24/09/2026 02:00:00 - 24/09/2026 03:00:00","CTA|IE","1138.00","n/e"," ","1721.48"
"24/09/2026 03:00:00 - 24/09/2026 04:00:00","CTA|IE","1334.50","n/e"," ","1875.55"
"24/09/2026 04:00:00 - 24/09/2026 05:00:00","CTA|IE","1481.66","n/e"," ","1874.71"
"24/09/2026 05:00:00 - 24/09/2026 06:00:00","CTA|IE","1628.25","n/e"," ","1785.42"
"24/09/2026 06:00:00 - 24/09/2026 07:00:00","CTA|IE","1772.45","n/e"," ","1933.25"
"24/09/2026 07:00:00 - 24/09/2026 08:00:00","CTA|IE","1909.14","n/e"," ","2069.83"
"24/09/2026 08:00:00 - 24/09/2026 09:00:00","CTA|IE","2032.96","n/e"," ","2086.40"
"24/09/2026 09:00:00 - 24/09/2026 10:00:00","CTA|IE","2173.13","n/e"," ","-"
"24/09/2026 10:00:00 - 24/09/2026 11:00:00","CTA|IE","2305.34","n/e"," ","-"
"24/09/2026 11:00:00 - 24/09/2026 12:00:00","CTA|IE","2484.97","n/e"," ","-"
"24/09/2026 12:00:00 - 24/09/2026 13:00:00","CTA|IE","2672.37","n/e"," ","-"
"24/09/2026 13:00:00 - 24/09/2026 14:00:00","CTA|IE","2815.37","n/e"," ","-"
"24/09/2026 14:00:00 - 24/09/2026 15:00:00","CTA|IE","2879.95","n/e"," ","-"
"24/09/2026 15:00:00 - 24/09/2026 16:00:00","CTA|IE","2891.15","n/e"," ","-"
"24/09/2026 16:00:00 - 24/09/2026 17:00:00","CTA|IE","2822.57","n/e"," ","-"
"24/09/2026 17:00:00 - 24/09/2026 18:00:00","CTA|IE","2711.53","n/e"," ","-"
"24/09/2026 18:00:00 - 24/09/2026 19:00:00","CTA|IE","2538.80","n/e"," ","-"
"24/09/2026 19:00:00 - 24/09/2026 20:00:00","CTA|IE","2301.72","n/e"," ","-"
"24/09/2026 20:00:00 - 24/09/2026 21:00:00","CTA|IE","1980.71","n/e"," ","-"
"24/09/2026 21:00:00 - 24/09/2026 22:00:00","CTA|IE","1657.89","n/e"," ","-"
"24/09/2026 22:00:00 - 24/09/2026 23:00:00","CTA|IE","1404.78","n/e"," ","-"
"24/09/2026 23:00:00 - 25/09/2026 00:00:00","CTA|IE","1206.49","n/e"," ","-"
"25/09/2026 00:00:00 - 25/09/2026 01:00:00","CTA|IE","1012.18","n/e"," ","-"
"25/09/2026 01:00:00 - 25/09/2026 02:00:00","CTA|IE","910.82","n/e"," ","-"
"25/09/2026 02:00:00 - 25/09/2026 03:00:00","CTA|IE","833.43","n/e"," ","-"
"25/09/2026 03:00:00 - 25/09/2026 04:00:00","CTA|IE","794.77","n/e"," ","-"
"25/09/2026 04:00:00 - 25/09/2026 05:00:00","CTA|IE","744.88","n/e"," ","-"
"25/09/2026 05:00:00 - 25/09/2026 06:00:00","CTA|IE","677.85","n/e"," ","-"
"25/09/2026 06:00:00 - 25/09/2026 07:00:00","CTA|IE","599.32","n/e"," ","-"
"25/09/2026 07:00:00 - 25/09/2026 08:00:00","CTA|IE","526.33","n/e"," ","-"
"25/09/2026 08:00:00 - 25/09/2026 09:00:00","CTA|IE","464.39","n/e"," ","-"
"25/09/2026 09:00:00 - 25/09/2026 10:00:00","CTA|IE","428.00","n/e"," ","-"
"25/09/2026 10:00:00 - 25/09/2026 11:00:00","CTA|IE","411.99","n/e"," ","-"
"25/09/2026 11:00:00 - 25/09/2026 12:00:00","CTA|IE","421.92","n/e"," ","-"
"25/09/2026 12:00:00 - 25/09/2026 13:00:00","CTA|IE","464.81","n/e"," ","-"
"25/09/2026 13:00:00 - 25/09/2026 14:00:00","CTA|IE","542.98","n/e"," ","-"
"25/09/2026 14:00:00 - 25/09/2026 15:00:00","CTA|IE","646.80","n/e"," ","-"
"25/09/2026 15:00:00 - 25/09/2026 16:00:00","CTA|IE","781.33","n/e"," ","-"
"25/09/2026 16:00:00 - 25/09/2026 17:00:00","CTA|IE","926.07","n/e"," ","-"
"25/09/2026 17:00:00 - 25/09/2026 18:00:00","CTA|IE","1053.48","n/e"," ","-"
"25/09/2026 18:00:00 - 25/09/2026 19:00:00","CTA|IE","1162.84","n/e"," ","-"
"25/09/2026 19:00:00 - 25/09/2026 20:00:00","CTA|IE","1259.28","n/e"," ","-"
"25/09/2026 20:00:00 - 25/09/2026 21:00:00","CTA|IE","1332.81","n/e"," ","-"
"25/09/2026 21:00:00 - 25/09/2026 22:00:00","CTA|IE","1420.10","n/e"," ","-"
"25/09/2026 22:00:00 - 25/09/2026 23:00:00","CTA|IE","1548.06","n/e"," ","-"
"25/09/2026 23:00:00 - 26/09/2026 00:00:00","CTA|IE","1724.69","n/e"," ","-"
"26/09/2026 00:00:00 - 26/09/2026 01:00:00","CTA|IE","1863.54","n/e"," ","-"
"26/09/2026 01:00:00 - 26/09/2026 02:00:00","CTA|IE","-","n/e"," ","-"
"26/09/2026 02:00:00 - 26/09/2026 03:00:00","CTA|IE","-","n/e"," ","-"
"26/09/2026 03:00:00 - 26/09/2026 04:00:00","CTA|IE","-","n/e"," ","-"
"26/09/2026 04:00:00 - 26/09/2026 05:00:00","CTA|IE","-","n/e"," ","-"
"26/09/2026 05:00:00 - 26/09/2026 06:00:00","CTA|IE","-","n/e"," ","-"
"26/09/2026 06:00:00 - 26/09/2026 07:00:00","CTA|IE","-","n/e"," ","-"
"26/09/2026 07:00:00 - 26/09/2026 08:00:00","CTA|IE","-","n/e"," ","-"
"26/09/2026 08:00:00 - 26/09/2026 09:00:00","CTA|IE","-","n/e"," ","-"
"26/09/2026 09:00:00 - 26/09/2026 10:00:00","CTA|IE","-","n/e"," ","-"
"26/09/2026 10:00:00 - 26/09/2026 11:00:00","CTA|IE","-","n/e"," ","-"
"26/09/2026 11:00:00 - 26/09/2026 12:00:00","CTA|IE","-","n/e"," ","-"
"26/09/2026 12:00:00 - 26/09/2026 13:00:00","CTA|IE","-","n/e"," ","-"
"26/09/2026 13:00:00 - 26/09/2026 14:00:00","CTA|IE","-","n/e"," ","-"
"26/09/2026 14:00:00 - 26/09/2026 15:00:00","CTA|IE","-","n/e"," ","-"
"26/09/2026 15:00:00 - 26/09/2026 16:00:00","CTA|IE","-","n/e"," ","-"
"26/09/2026 16:00:00 - 26/09/2026 17:00:00","CTA|IE","-","n/e"," ","-"
"26/09/2026 17:00:00 - 26/09/2026 18:00:00","CTA|IE","-","n/e"," ","-"
"26/09/2026 18:00:00 - 26/09/2026 19:00:00","CTA|IE","-","n/e"," ","-"
"26/09/2026 19:00:00 - 26/09/2026 20:00:00","CTA|IE","-","n/e"," ","-"
"26/09/2026 20:00:00 - 26/09/2026 21:00:00","CTA|IE","-","n/e"," ","-"
"26/09/2026 21:00:00 - 26/09/2026 22:00:00","CTA|IE","-","n/e"," ","-"
"26/09/2026 22:00:00 - 26/09/2026 23:00:00","CTA|IE","-","n/e"," ","-"
"26/09/2026 23:00:00 - 27/09/2026 00:00:00","CTA|IE","-","n/e"," ","-"
"27/09/2026 00:00:00 - 27/09/2026 01:00:00","CTA|IE","-","n/e"," ","-"
"27/09/2026 01:00:00 - 27/09/2026 02:00:00","CTA|IE","-","n/e"," ","-"
"27/09/2026 02:00:00 - 27/09/2026 03:00:00","CTA|IE","-","n/e"," ","-"
"27/09/2026 03:00:00 - 27/09/2026 04:00:00","CTA|IE","-","n/e"," ","-"
"27/09/2026 04:00:00 - 27/09/2026 05:00:00","CTA|IE","-","n/e"," ","-"
"27/09/2026 05:00:00 - 27/09/2026 06:00:00","CTA|IE","-","n/e"," ","-"
"27/09/2026 06:00:00 - 27/09/2026 07:00:00","CTA|IE","-","n/e"," ","-"
"27/09/2026 07:00:00 - 27/09/2026 08:00:00","CTA|IE","-","n/e"," ","-"
"27/09/2026 08:00:00 - 27/09/2026 09:00:00","CTA|IE","-","n/e"," ","-"
"27/09/2026 09:00:00 - 27/09/2026 10:00:00","CTA|IE","-","n/e"," ","-"
"27/09/2026 10:00:00 - 27/09/2026 11:00:00","CTA|IE","-","n/e"," ","-"
"27/09/2026 11:00:00 - 27/09/2026 12:00:00","CTA|IE","-","n/e"," ","-"
"27/09/2026 12:00:00 - 27/09/2026 13:00:00","CTA|IE","-","n/e"," ","-"
"27/09/2026 13:00:00 - 27/09/2026 14:00:00","CTA|IE","-","n/e"," ","-"
"27/09/2026 14:00:00 - 27/09/2026 15:00:00","CTA|IE","-","n/e"," ","-"
"27/09/2026 15:00:00 - 27/09/2026 16:00:00","CTA|IE","-","n/e"," ","-"
"27/09/2026 16:00:00 - 27/09/2026 17:00:00","CTA|IE","-","n/e"," ","-"
"27/09/2026 17:00:00 - 27/09/2026 18:00:00","CTA|IE","-","n/e"," ","-"
"27/09/2026 18:00:00 - 27/09/2026 19:00:00","CTA|IE","-","n/e"," ","-"
"27/09/2026 19:00:00 - 27/09/2026 20:00:00","CTA|IE","-","n/e"," ","-"
"27/09/2026 20:00:00 - 27/09/2026 21:00:00","CTA|IE","-","n/e"," ","-"
"27/09/2026 21:00:00 - 27/09/2026 22:00:00","CTA|IE","-","n/e"," ","-"
"27/09/2026 22:00:00 - 27/09/2026 23:00:00","CTA|IE","-","n/e"," ","-"
"27/09/2026 23:00:00 - 28/09/2026 00:00:00","CTA|IE","-","n/e"," ","-"
"28/09/2026 00:00:00 - 28/09/2026 01:00:00","CTA|IE","-","n/e"," ","-"
"28/09/2026 01:00:00 - 28/09/2026 02:00:00","CTA|IE","-","n/e"," ","-"
"28/09/2026 02:00:00 - 28/09/2026 03:00:00","CTA|IE","-","n/e"," ","-"
"28/09/2026 03:00:00 - 28/09/2026 04:00:00","CTA|IE","-","n/e"," ","-"
"28/09/2026 04:00:00 - 28/09/2026 05:00:00","CTA|IE","-","n/e"," ","-"
"28/09/2026 05:00:00 - 28/09/2026 06:00:00","CTA|IE","-","n/e"," ","-"
"28/09/2026 06:00:00 - 28/09/2026 07:00:00","CTA|IE","-","n/e"," ","-"
"28/09/2026 07:00:00 - 28/09/2026 08:00:00","CTA|IE","-","n/e"," ","-"
"28/09/2026 08:00:00 - 28/09/2026 09:00:00","CTA|IE","-","n/e"," ","-"
"28/09/2026 09:00:00 - 28/09/2026 10:00:00","CTA|IE","-","n/e"," ","-"
"28/09/2026 10:00:00 - 28/09/2026 11:00:00","CTA|IE","-","n/e"," ","-"
"28/09/2026 11:00:00 - 28/09/2026 12:00:00","CTA|IE","-","n/e"," ","-"
"28/09/2026 12:00:00 - 28/09/2026 13:00:00","CTA|IE","-","n/e"," ","-"
"28/09/2026 13:00:00 - 28/09/2026 14:00:00","CTA|IE","-","n/e"," ","-"
"28/09/2026 14:00:00 - 28/09/2026 15:00:00","CTA|IE","-","n/e"," ","-"
"28/09/2026 15:00:00 - 28/09/2026 16:00:00","CTA|IE","-","n/e"," ","-"
"28/09/2026 16:00:00 - 28/09/2026 17:00:00","CTA|IE","-","n/e"," ","-"
"28/09/2026 17:00:00 - 28/09/2026 18:00:00","CTA|IE","-","n/e"," ","-"
"28/09/2026 18:00:00 - 28/09/2026 19:00:00","CTA|IE","-","n/e"," ","-"
"28/09/2026 19:00:00 - 28/09/2026 20:00:00","CTA|IE","-","n/e"," ","-"
"28/09/2026 20:00:00 - 28/09/2026 21:00:00","CTA|IE","-","n/e"," ","-"
"28/09/2026 21:00:00 - 28/09/2026 22:00:00","CTA|IE","-","n/e"," ","-"
"28/09/2026 22:00:00 - 28/09/2026 23:00:00","CTA|IE","-","n/e"," ","-"
"28/09/2026 23:00:00 - 29/09/2026 00:00:00","CTA|IE","-","n/e"," ","-"
"29/09/2026 00:00:00 - 29/09/2026 01:00:00","CTA|IE","-","n/e"," ","-"
"29/09/2026 01:00:00 - 29/09/2026 02:00:00","CTA|IE","-","n/e"," ","-"
"29/09/2026 02:00:00 - 29/09/2026 03:00:00","CTA|IE","-","n/e"," ","-"
"29/09/2026 03:00:00 - 29/09/2026 04:00:00","CTA|IE","-","n/e"," ","-"
"29/09/2026 04:00:00 - 29/09/2026 05:00:00","CTA|IE","-","n/e"," ","-"
"29/09/2026 05:00:00 - 29/09/2026 06:00:00","CTA|IE","-","n/e"," ","-"
"29/09/2026 06:00:00 - 29/09/2026 07:00:00","CTA|IE","-","n/e"," ","-"
"29/09/2026 07:00:00 - 29/09/2026 08:00:00","CTA|IE","-","n/e"," ","-"
"29/09/2026 08:00:00 - 29/09/2026 09:00:00","CTA|IE","-","n/e"," ","-"
"29/09/2026 09:00:00 - 29/09/2026 10:00:00","CTA|IE","-","n/e"," ","-"
"29/09/2026 10:00:00 - 29/09/2026 11:00:00","CTA|IE","-","n/e"," ","-"
"29/09/2026 11:00:00 - 29/09/2026 12:00:00","CTA|IE","-","n/e"," ","-"
"29/09/2026 12:00:00 - 29/09/2026 13:00:00","CTA|IE","-","n/e"," ","-"
"29/09/2026 13:00:00 - 29/09/2026 14:00:00","CTA|IE","-","n/e"," ","-"
"29/09/2026 14:00:00 - 29/09/2026 15:00:00","CTA|IE","-","n/e"," ","-"
"29/09/2026 15:00:00 - 29/09/2026 16:00:00","CTA|IE","-","n/e"," ","-"
"29/09/2026 16:00:00 - 29/09/2026 17:00:00","CTA|IE","-","n/e"," ","-"
"29/09/2026 17:00:00 - 29/09/2026 18:00:00","CTA|IE","-","n/e"," ","-"
"29/09/2026 18:00:00 - 29/09/2026 19:00:00","CTA|IE","-","n/e"," ","-"
"29/09/2026 19:00:00 - 29/09/2026 20:00:00","CTA|IE","-","n/e"," ","-"
"29/09/2026 20:00:00 - 29/09/2026 21:00:00","CTA|IE","-","n/e"," ","-"
"29/09/2026 21:00:00 - 29/09/2026 22:00:00","CTA|IE","-","n/e"," ","-"
"29/09/2026 22:00:00 - 29/09/2026 23:00:00","CTA|IE","-","n/e"," ","-"
"29/09/2026 23:00:00 - 30/09/2026 00:00:00","CTA|IE","-","n/e"," ","-"
"30/09/2026 00:00:00 - 30/09/2026 01:00:00","CTA|IE","-","n/e"," ","-"
"30/09/2026 01:00:00 - 30/09/2026 02:00:00","CTA|IE","-","n/e"," ","-"
"30/09/2026 02:00:00 - 30/09/2026 03:00:00","CTA|IE","-","n/e"," ","-"
"30/09/2026 03:00:00 - 30/09/2026 04:00:00","CTA|IE","-","n/e"," ","-"
"30/09/2026 04:00:00 - 30/09/2026 05:00:00","CTA|IE","-","n/e"," ","-"
"30/09/2026 05:00:00 - 30/09/2026 06:00:00","CTA|IE","-","n/e"," ","-"
"30/09/2026 06:00:00 - 30/09/2026 07:00:00","CTA|IE","-","n/e"," ","-"
"30/09/2026 07:00:00 - 30/09/2026 08:00:00","CTA|IE","-","n/e"," ","-"
"30/09/2026 08:00:00 - 30/09/2026 09:00:00","CTA|IE","-","n/e"," ","-"
"30/09/2026 09:00:00 - 30/09/2026 10:00:00","CTA|IE","-","n/e"," ","-"
"30/09/2026 10:00:00 - 30/09/2026 11:00:00","CTA|IE","-","n/e"," ","-"
"30/09/2026 11:00:00 - 30/09/2026 12:00:00","CTA|IE","-","n/e"," ","-"
"30/09/2026 12:00:00 - 30/09/2026 13:00:00","CTA|IE","-","n/e"," ","-"
"30/09/2026 13:00:00 - 30/09/2026 14:00:00","CTA|IE","-","n/e"," ","-"
"30/09/2026 14:00:00 - 30/09/2026 15:00:00","CTA|IE","-","n/e"," ","-"
"30/09/2026 15:00:00 - 30/09/2026 16:00:00","CTA|IE","-","n/e"," ","-"
"30/09/2026 16:00:00 - 30/09/2026 17:00:00","CTA|IE","-","n/e"," ","-"
"30/09/2026 17:00:00 - 30/09/2026 18:00:00","CTA|IE","-","n/e"," ","-"
"30/09/2026 18:00:00 - 30/09/2026 19:00:00","CTA|IE","-","n/e"," ","-"
"30/09/2026 19:00:00 - 30/09/2026 20:00:00","CTA|IE","-","n/e"," ","-"
"30/09/2026 20:00:00 - 30/09/2026 21:00:00","CTA|IE","-","n/e"," ","-"
"30/09/2026 21:00:00 - 30/09/2026 22:00:00","CTA|IE","-","n/e"," ","-"
"30/09/2026 22:00:00 - 30/09/2026 23:00:00","CTA|IE","-","n/e"," ","-"
"30/09/2026 23:00:00 - 01/10/2026 00:00:00","CTA|IE","-","n/e"," ","-"
"01/10/2026 00:00:00 - 01/10/2026 01:00:00","CTA|IE","-","n/e"," ","-"
"01/10/2026 01:00:00 - 01/10/2026 02:00:00","CTA|IE","-","n/e"," ","-"
"01/10/2026 02:00:00 - 01/10/2026 03:00:00","CTA|IE","-","n/e"," ","-"
"01/10/2026 03:00:00 - 01/10/2026 04:00:00","CTA|IE","-","n/e"," ","-"
"01/10/2026 04:00:00 - 01/10/2026 05:00:00","CTA|IE","-","n/e"," ","-"
"01/10/2026 05:00:00 - 01/10/2026 06:00:00","CTA|IE","-","n/e"," ","-"
"01/10/2026 06:00:00 - 01/10/2026 07:00:00","CTA|IE","-","n/e"," ","-"
"01/10/2026 07:00:00 - 01/10/2026 08:00:00","CTA|IE","-","n/e"," ","-"
"01/10/2026 08:00:00 - 01/10/2026 09:00:00","CTA|IE","-","n/e"," ","-"
"01/10/2026 09:00:00 - 01/10/2026 10:00:00","CTA|IE","-","n/e"," ","-"
"01/10/2026 10:00:00 - 01/10/2026 11:00:00","CTA|IE","-","n/e"," ","-"
"01/10/2026 11:00:00 - 01/10/2026 12:00:00","CTA|IE","-","n/e"," ","-"
"01/10/2026 12:00:00 - 01/10/2026 13:00:00","CTA|IE","-","n/e"," ","-"
"01/10/2026 13:00:00 - 01/10/2026 14:00:00","CTA|IE","-","n/e"," ","-"
"01/10/2026 14:00:00 - 01/10/2026 15:00:00","CTA|IE","-","n/e"," ","-"
"01/10/2026 15:00:00 - 01/10/2026 16:00:00","CTA|IE","-","n/e"," ","-"
"01/10/2026 16:00:00 - 01/10/2026 17:00:00","CTA|IE","-","n/e"," ","-"
"01/10/2026 17:00:00 - 01/10/2026 18:00:00","CTA|IE","-","n/e"," ","-"
"01/10/2026 18:00:00 - 01/10/2026 19:00:00","CTA|IE","-","n/e"," ","-"
"01/10/2026 19:00:00 - 01/10/2026 20:00:00","CTA|IE","-","n/e"," ","-"
"01/10/2026 20:00:00 - 01/10/2026 21:00:00","CTA|IE","-","n/e"," ","-"
"01/10/2026 21:00:00 - 01/10/2026 22:00:00","CTA|IE","-","n/e"," ","-"
"01/10/2026 22:00:00 - 01/10/2026 23:00:00","CTA|IE","-","n/e"," ","-"
"01/10/2026 23:00:00 - 02/10/2026 00:00:00","CTA|IE","-","n/e"," ","-"
"02/10/2026 00:00:00 - 02/10/2026 01:00:00","CTA|IE","-","n/e"," ","-"
"02/10/2026 01:00:00 - 02/10/2026 02:00:00","CTA|IE","-","n/e"," ","-"
"02/10/2026 02:00:00 - 02/10/2026 03:00:00","CTA|IE","-","n/e"," ","-"
"02/10/2026 03:00:00 - 02/10/2026 04:00:00","CTA|IE","-","n/e"," ","-"
"02/10/2026 04:00:00 - 02/10/2026 05:00:00","CTA|IE","-","n/e"," ","-"
"02/10/2026 05:00:00 - 02/10/2026 06:00:00","CTA|IE","-","n/e"," ","-"
"02/10/2026 06:00:00 - 02/10/2026 07:00:00","CTA|IE","-","n/e"," ","-"
"02/10/2026 07:00:00 - 02/10/2026 08:00:00","CTA|IE","-","n/e"," ","-"
"02/10/2026 08:00:00 - 02/10/2026 09:00:00","CTA|IE","-","n/e"," ","-"
"02/10/2026 09:00:00 - 02/10/2026 10:00:00","CTA|IE","-","n/e"," ","-"
"02/10/2026 10:00:00 - 02/10/2026 11:00:00","CTA|IE","-","n/e"," ","-"
"02/10/2026 11:00:00 - 02/10/2026 12:00:00","CTA|IE","-","n/e"," ","-"
"02/10/2026 12:00:00 - 02/10/2026 13:00:00","CTA|IE","-","n/e"," ","-"
"02/10/2026 13:00:00 - 02/10/2026 14:00:00","CTA|IE","-","n/e"," ","-"
"02/10/2026 14:00:00 - 02/10/2026 15:00:00","CTA|IE","-","n/e"," ","-"
"02/10/2026 15:00:00 - 02/10/2026 16:00:00","CTA|IE","-","n/e"," ","-"
"02/10/2026 16:00:00 - 02/10/2026 17:00:00","CTA|IE","-","n/e"," ","-"
"02/10/2026 17:00:00 - 02/10/2026 18:00:00","CTA|IE","-","n/e"," ","-"
"02/10/2026 18:00:00 - 02/10/2026 19:00:00","CTA|IE","-","n/e"," ","-"
"02/10/2026 19:00:00 - 02/10/2026 20:00:00","CTA|IE","-","n/e"," ","-"
"02/10/2026 20:00:00 - 02/10/2026 21:00:00","CTA|IE","-","n/e"," ","-"
"02/10/2026 21:00:00 - 02/10/2026 22:00:00","CTA|IE","-","n/e"," ","-"
"02/10/2026 22:00:00 - 02/10/2026 23:00:00","CTA|IE","-","n/e"," ","-"
"02/10/2026 23:00:00 - 03/10/2026 00:00:00","CTA|IE","-","n/e"," ","-"
"03/10/2026 00:00:00 - 03/10/2026 01:00:00","CTA|IE","-","n/e"," ","-"
"03/10/2026 01:00:00 - 03/10/2026 02:00:00","CTA|IE","-","n/e"," ","-"
"03/10/2026 02:00:00 - 03/10/2026 03:00:00","CTA|IE","-","n/e"," ","-"
"03/10/2026 03:00:00 - 03/10/2026 04:00:00","CTA|IE","-","n/e"," ","-"
"03/10/2026 04:00:00 - 03/10/2026 05:00:00","CTA|IE","-","n/e"," ","-"
"03/10/2026 05:00:00 - 03/10/2026 06:00:00","CTA|IE","-","n/e"," ","-"
"03/10/2026 06:00:00 - 03/10/2026 07:00:00","CTA|IE","-","n/e"," ","-"
"03/10/2026 07:00:00 - 03/10/2026 08:00:00","CTA|IE","-","n/e"," ","-"
"03/10/2026 08:00:00 - 03/10/2026 09:00:00","CTA|IE","-","n/e"," ","-"
"03/10/2026 09:00:00 - 03/10/2026 10:00:00","CTA|IE","-","n/e"," ","-"
"03/10/2026 10:00:00 - 03/10/2026 11:00:00","CTA|IE","-","n/e"," ","-"
"03/10/2026 11:00:00 - 03/10/2026 12:00:00","CTA|IE","-","n/e"," ","-"
"03/10/2026 12:00:00 - 03/10/2026 13:00:00","CTA|IE","-","n/e"," ","-"
"03/10/2026 13:00:00 - 03/10/2026 14:00:00","CTA|IE","-","n/e"," ","-"
"03/10/2026 14:00:00 - 03/10/2026 15:00:00","CTA|IE","-","n/e"," ","-"
"03/10/2026 15:00:00 - 03/10/2026 16:00:00","CTA|IE","-","n/e"," ","-"
"03/10/2026 16:00:00 - 03/10/2026 17:00:00","CTA|IE","-","n/e"," ","-"
"03/10/2026 17:00:00 - 03/10/2026 18:00:00","CTA|IE","-","n/e"," ","-"
"03/10/2026 18:00:00 - 03/10/2026 19:00:00","CTA|IE","-","n/e"," ","-"
"03/10/2026 19:00:00 - 03/10/2026 20:00:00","CTA|IE","-","n/e"," ","-"
"03/10/2026 20:00:00 - 03/10/2026 21:00:00","CTA|IE","-","n/e"," ","-"
"03/10/2026 21:00:00 - 03/10/2026 22:00:00","CTA|IE","-","n/e"," ","-"
"03/10/2026 22:00:00 - 03/10/2026 23:00:00","CTA|IE","-","n/e"," ","-"
"03/10/2026 23:00:00 - 04/10/2026 00:00:00","CTA|IE","-","n/e"," ","-"
"04/10/2026 00:00:00 - 04/10/2026 01:00:00","CTA|IE","-","n/e"," ","-"
"04/10/2026 01:00:00 - 04/10/2026 02:00:00","CTA|IE","-","n/e"," ","-"
"04/10/2026 02:00:00 - 04/10/2026 03:00:00","CTA|IE","-","n/e"," ","-"
"04/10/2026 03:00:00 - 04/10/2026 04:00:00","CTA|IE","-","n/e"," ","-"
"04/10/2026 04:00:00 - 04/10/2026 05:00:00","CTA|IE","-","n/e"," ","-"
"04/10/2026 05:00:00 - 04/10/2026 06:00:00","CTA|IE","-","n/e"," ","-"
"04/10/2026 06:00:00 - 04/10/2026 07:00:00","CTA|IE","-","n/e"," ","-"
"04/10/2026 07:00:00 - 04/10/2026 08:00:00","CTA|IE","-","n/e"," ","-"
"04/10/2026 08:00:00 - 04/10/2026 09:00:00","CTA|IE","-","n/e"," ","-"
"04/10/2026 09:00:00 - 04/10/2026 10:00:00","CTA|IE","-","n/e"," ","-"
"04/10/2026 10:00:00 - 04/10/2026 11:00:00","CTA|IE","-","n/e"," ","-"
"04/10/2026 11:00:00 - 04/10/2026 12:00:00","CTA|IE","-","n/e"," ","-"
"04/10/2026 12:00:00 - 04/10/2026 13:00:00","CTA|IE","-","n/e"," ","-"
"04/10/2026 13:00:00 - 04/10/2026 14:00:00","CTA|IE","-","n/e"," ","-"
"04/10/2026 14:00:00 - 04/10/2026 15:00:00","CTA|IE","-","n/e"," ","-"
"04/10/2026 15:00:00 - 04/10/2026 16:00:00","CTA|IE","-","n/e"," ","-"
"04/10/2026 16:00:00 - 04/10/2026 17:00:00","CTA|IE","-","n/e"," ","-"
"04/10/2026 17:00:00 - 04/10/2026 18:00:00","CTA|IE","-","n/e"," ","-"
"04/10/2026 18:00:00 - 04/10/2026 19:00:00","CTA|IE","-","n/e"," ","-"
"04/10/2026 19:00:00 - 04/10/2026 20:00:00","CTA|IE","-","n/e"," ","-"
"04/10/2026 20:00:00 - 04/10/2026 21:00:00","CTA|IE","-","n/e"," ","-"
"04/10/2026 21:00:00 - 04/10/2026 22:00:00","CTA|IE","-","n/e"," ","-"
"04/10/2026 22:00:00 - 04/10/2026 23:00:00","CTA|IE","-","n/e"," ","-"
"04/10/2026 23:00:00 - 05/10/2026 00:00:00","CTA|IE","-","n/e"," ","-"
"05/10/2026 00:00:00 - 05/10/2026 01:00:00","CTA|IE","-","n/e"," ","-"
"05/10/2026 01:00:00 - 05/10/2026 02:00:00","CTA|IE","-","n/e"," ","-"
"05/10/2026 02:00:00 - 05/10/2026 03:00:00","CTA|IE","-","n/e"," ","-"
"05/10/2026 03:00:00 - 05/10/2026 04:00:00","CTA|IE","-","n/e"," ","-"
"05/10/2026 04:00:00 - 05/10/2026 05:00:00","CTA|IE","-","n/e"," ","-"
"05/10/2026 05:00:00 - 05/10/2026 06:00:00","CTA|IE","-","n/e"," ","-"
"05/10/2026 06:00:00 - 05/10/2026 07:00:00","CTA|IE","-","n/e"," ","-"
"05/10/2026 07:00:00 - 05/10/2026 08:00:00","CTA|IE","-","n/e"," ","-"
"05/10/2026 08:00:00 - 05/10/2026 09:00:00","CTA|IE","-","n/e"," ","-"
"05/10/2026 09:00:00 - 05/10/2026 10:00:00","CTA|IE","-","n/e"," ","-"
"05/10/2026 10:00:00 - 05/10/2026 11:00:00","CTA|IE","-","n/e"," ","-"
"05/10/2026 11:00:00 - 05/10/2026 12:00:00","CTA|IE","-","n/e"," ","-"
"05/10/2026 12:00:00 - 05/10/2026 13:00:00","CTA|IE","-","n/e"," ","-"
"05/10/2026 13:00:00 - 05/10/2026 14:00:00","CTA|IE","-","n/e"," ","-"
"05/10/2026 14:00:00 - 05/10/2026 15:00:00","CTA|IE","-","n/e"," ","-"
"05/10/2026 15:00:00 - 05/10/2026 16:00:00","CTA|IE","-","n/e"," ","-"
"05/10/2026 16:00:00 - 05/10/2026 17:00:00","CTA|IE","-","n/e"," ","-"
"05/10/2026 17:00:00 - 05/10/2026 18:00:00","CTA|IE","-","n/e"," ","-"
"05/10/2026 18:00:00 - 05/10/2026 19:00:00","CTA|IE","-","n/e"," ","-"
"05/10/2026 19:00:00 - 05/10/2026 20:00:00","CTA|IE","-","n/e"," ","-"
"05/10/2026 20:00:00 - 05/10/2026 21:00:00","CTA|IE","-","n/e"," ","-"
"05/10/2026 21:00:00 - 05/10/2026 22:00:00","CTA|IE","-","n/e"," ","-"
"05/10/2026 22:00:00 - 05/10/2026 23:00:00","CTA|IE","-","n/e"," ","-"
"05/10/2026 23:00:00 - 06/10/2026 00:00:00","CTA|IE","-","n/e"," ","-"
"06/10/2026 00:00:00 - 06/10/2026 01:00:00","CTA|IE","-","n/e"," ","-"
"06/10/2026 01:00:00 - 06/10/2026 02:00:00","CTA|IE","-","n/e"," ","-"
"06/10/2026 02:00:00 - 06/10/2026 03:00:00","CTA|IE","-","n/e"," ","-"
"06/10/2026 03:00:00 - 06/10/2026 04:00:00","CTA|IE","-","n/e"," ","-"
"06/10/2026 04:00:00 - 06/10/2026 05:00:00","CTA|IE","-","n/e"," ","-"
"06/10/2026 05:00:00 - 06/10/2026 06:00:00","CTA|IE","-","n/e"," ","-"
"06/10/2026 06:00:00 - 06/10/2026 07:00:00","CTA|IE","-","n/e"," ","-"
"06/10/2026 07:00:00 - 06/10/2026 08:00:00","CTA|IE","-","n/e"," ","-"
"06/10/2026 08:00:00 - 06/10/2026 09:00:00","CTA|IE","-","n/e"," ","-"
"06/10/2026 09:00:00 - 06/10/2026 10:00:00","CTA|IE","-","n/e"," ","-"
"06/10/2026 10:00:00 - 06/10/2026 11:00:00","CTA|IE","-","n/e"," ","-"
"06/10/2026 11:00:00 - 06/10/2026 12:00:00","CTA|IE","-","n/e"," ","-"
"06/10/2026 12:00:00 - 06/10/2026 13:00:00","CTA|IE","-","n/e"," ","-"
"06/10/2026 13:00:00 - 06/10/2026 14:00:00","CTA|IE","-","n/e"," ","-"
"06/10/2026 14:00:00 - 06/10/2026 15:00:00","CTA|IE","-","n/e"," ","-"
"06/10/2026 15:00:00 - 06/10/2026 16:00:00","CTA|IE","-","n/e"," ","-"
"06/10/2026 16:00:00 - 06/10/2026 17:00:00","CTA|IE","-","n/e"," ","-"
"06/10/2026 17:00:00 - 06/10/2026 18:00:00","CTA|IE","-","n/e"," ","-"
"06/10/2026 18:00:00 - 06/10/2026 19:00:00","CTA|IE","-","n/e"," ","-"
"06/10/2026 19:00:00 - 06/10/2026 20:00:00","CTA|IE","-","n/e"," ","-"
"06/10/2026 20:00:00 - 06/10/2026 21:00:00","CTA|IE","-","n/e"," ","-"
"06/10/2026 21:00:00 - 06/10/2026 22:00:00","CTA|IE","-","n/e"," ","-"
"06/10/2026 22:00:00 - 06/10/2026 23:00:00","CTA|IE","-","n/e"," ","-"
"06/10/2026 23:00:00 - 07/10/2026 00:00:00","CTA|IE","-","n/e"," ","-"
"07/10/2026 00:00:00 - 07/10/2026 01:00:00","CTA|IE","-","n/e"," ","-"
"07/10/2026 01:00:00 - 07/10/2026 02:00:00","CTA|IE","-","n/e"," ","-"
"07/10/2026 02:00:00 - 07/10/2026 03:00:00","CTA|IE","-","n/e"," ","-"
"07/10/2026 03:00:00 - 07/10/2026 04:00:00","CTA|IE","-","n/e"," ","-"
"07/10/2026 04:00:00 - 07/10/2026 05:00:00","CTA|IE","-","n/e"," ","-"
"07/10/2026 05:00:00 - 07/10/2026 06:00:00","CTA|IE","-","n/e"," ","-"
"07/10/2026 06:00:00 - 07/10/2026 07:00:00","CTA|IE","-","n/e"," ","-"
"07/10/2026 07:00:00 - 07/10/2026 08:00:00","CTA|IE","-","n/e"," ","-"
"07/10/2026 08:00:00 - 07/10/2026 09:00:00","CTA|IE","-","n/e"," ","-"
"07/10/2026 09:00:00 - 07/10/2026 10:00:00","CTA|IE","-","n/e"," ","-"
"07/10/2026 10:00:00 - 07/10/2026 11:00:00","CTA|IE","-","n/e"," ","-"
"07/10/2026 11:00:00 - 07/10/2026 12:00:00","CTA|IE","-","n/e"," ","-"
"07/10/2026 12:00:00 - 07/10/2026 13:00:00","CTA|IE","-","n/e"," ","-"
"07/10/2026 13:00:00 - 07/10/2026 14:00:00","CTA|IE","-","n/e"," ","-"
"07/10/2026 14:00:00 - 07/10/2026 15:00:00","CTA|IE","-","n/e"," ","-"
"07/10/2026 15:00:00 - 07/10/2026 16:00:00","CTA|IE","-","n/e"," ","-"
"07/10/2026 16:00:00 - 07/10/2026 17:00:00","CTA|IE","-","n/e"," ","-"
"07/10/2026 17:00:00 - 07/10/2026 18:00:00","CTA|IE","-","n/e"," ","-"
"07/10/2026 18:00:00 - 07/10/2026 19:00:00","CTA|IE","-","n/e"," ","-"
"07/10/2026 19:00:00 - 07/10/2026 20:00:00","CTA|IE","-","n/e"," ","-"
"07/10/2026 20:00:00 - 07/10/2026 21:00:00","CTA|IE","-","n/e"," ","-"
"07/10/2026 21:00:00 - 07/10/2026 22:00:00","CTA|IE","-","n/e"," ","-"
"07/10/2026 22:00:00 - 07/10/2026 23:00:00","CTA|IE","-","n/e"," ","-"
"07/10/2026 23:00:00 - 08/10/2026 00:00:00","CTA|IE","-","n/e"," ","-"
"08/10/2026 00:00:00 - 08/10/2026 01:00:00","CTA|IE","-","n/e"," ","-"
"08/10/2026 01:00:00 - 08/10/2026 02:00:00","CTA|IE","-","n/e"," ","-"
"08/10/2026 02:00:00 - 08/10/2026 03:00:00","CTA|IE","-","n/e"," ","-"
"08/10/2026 03:00:00 - 08/10/2026 04:00:00","CTA|IE","-","n/e"," ","-"
"08/10/2026 04:00:00 - 08/10/2026 05:00:00","CTA|IE","-","n/e"," ","-"
"08/10/2026 05:00:00 - 08/10/2026 06:00:00","CTA|IE","-","n/e"," ","-"
"08/10/2026 06:00:00 - 08/10/2026 07:00:00","CTA|IE","-","n/e"," ","-"
"08/10/2026 07:00:00 - 08/10/2026 08:00:00","CTA|IE","-","n/e"," ","-"
"08/10/2026 08:00:00 - 08/10/2026 09:00:00","CTA|IE","-","n/e"," ","-"
"08/10/2026 09:00:00 - 08/10/2026 10:00:00","CTA|IE","-","n/e"," ","-"
"08/10/2026 10:00:00 - 08/10/2026 11:00:00","CTA|IE","-","n/e"," ","-"
"08/10/2026 11:00:00 - 08/10/2026 12:00:00","CTA|IE","-","n/e"," ","-"
"08/10/2026 12:00:00 - 08/10/2026 13:00:00","CTA|IE","-","n/e"," ","-"
"08/10/2026 13:00:00 - 08/10/2026 14:00:00","CTA|IE","-","n/e"," ","-"
"08/10/2026 14:00:00 - 08/10/2026 15:00:00","CTA|IE","-","n/e"," ","-"
"08/10/2026 15:00:00 - 08/10/2026 16:00:00","CTA|IE","-","n/e"," ","-"
"08/10/2026 16:00:00 - 08/10/2026 17:00:00","CTA|IE","-","n/e"," ","-"
"08/10/2026 17:00:00 - 08/10/2026 18:00:00","CTA|IE","-","n/e"," ","-"
"08/10/2026 18:00:00 - 08/10/2026 19:00:00","CTA|IE","-","n/e"," ","-"
"08/10/2026 19:00:00 - 08/10/2026 20:00:00","CTA|IE","-","n/e"," ","-"
"08/10/2026 20:00:00 - 08/10/2026 21:00:00","CTA|IE","-","n/e"," ","-"
"08/10/2026 21:00:00 - 08/10/2026 22:00:00","CTA|IE","-","n/e"," ","-"
"08/10/2026 22:00:00 - 08/10/2026 23:00:00","CTA|IE","-","n/e"," ","-"
"08/10/2026 23:00:00 - 09/10/2026 00:00:00","CTA|IE","-","n/e"," ","-"
"09/10/2026 00:00:00 - 09/10/2026 01:00:00","CTA|IE","-","n/e"," ","-"
"09/10/2026 01:00:00 - 09/10/2026 02:00:00","CTA|IE","-","n/e"," ","-"
"09/10/2026 02:00:00 - 09/10/2026 03:00:00","CTA|IE","-","n/e"," ","-"
"09/10/2026 03:00:00 - 09/10/2026 04:00:00","CTA|IE","-","n/e"," ","-"
"09/10/2026 04:00:00 - 09/10/2026 05:00:00","CTA|IE","-","n/e"," ","-"
"09/10/2026 05:00:00 - 09/10/2026 06:00:00","CTA|IE","-","n/e"," ","-"
"09/10/2026 06:00:00 - 09/10/2026 07:00:00","CTA|IE","-","n/e"," ","-"
"09/10/2026 07:00:00 - 09/10/2026 08:00:00","CTA|IE","-","n/e"," ","-"
"09/10/2026 08:00:00 - 09/10/2026 09:00:00","CTA|IE","-","n/e"," ","-"
"09/10/2026 09:00:00 - 09/10/2026 10:00:00","CTA|IE","-","n/e"," ","-"
"09/10/2026 10:00:00 - 09/10/2026 11:00:00","CTA|IE","-","n/e"," ","-"
"09/10/2026 11:00:00 - 09/10/2026 12:00:00","CTA|IE","-","n/e"," ","-"
"09/10/2026 12:00:00 - 09/10/2026 13:00:00","CTA|IE","-","n/e"," ","-"
"09/10/2026 13:00:00 - 09/10/2026 14:00:00","CTA|IE","-","n/e"," ","-"
"09/10/2026 14:00:00 - 09/10/2026 15:00:00","CTA|IE","-","n/e"," ","-"
"09/10/2026 15:00:00 - 09/10/2026 16:00:00","CTA|IE","-","n/e"," ","-"
"09/10/2026 16:00:00 - 09/10/2026 17:00:00","CTA|IE","-","n/e"," ","-"
"09/10/2026 17:00:00 - 09/10/2026 18:00:00","CTA|IE","-","n/e"," ","-"
"09/10/2026 18:00:00 - 09/10/2026 19:00:00","CTA|IE","-","n/e"," ","-"
"09/10/2026 19:00:00 - 09/10/2026 20:00:00","CTA|IE","-","n/e"," ","-"
"09/10/2026 20:00:00 - 09/10/2026 21:00:00","CTA|IE","-","n/e"," ","-"
"09/10/2026 21:00:00 - 09/10/2026 22:00:00","CTA|IE","-","n/e"," ","-"
"09/10/2026 22:00:00 - 09/10/2026 23:00:00","CTA|IE","-","n/e"," ","-"
"09/10/2026 23:00:00 - 10/10/2026 00:00:00","CTA|IE","-","n/e"," ","-"
"10/10/2026 00:00:00 - 10/10/2026 01:00:00","CTA|IE","-","n/e"," ","-"
"10/10/2026 01:00:00 - 10/10/2026 02:00:00","CTA|IE","-","n/e"," ","-"
"10/10/2026 02:00:00 - 10/10/2026 03:00:00","CTA|IE","-","n/e"," ","-"
"10/10/2026 03:00:00 - 10/10/2026 04:00:00","CTA|IE","-","n/e"," ","-"
"10/10/2026 04:00:00 - 10/10/2026 05:00:00","CTA|IE","-","n/e"," ","-"
"10/10/2026 05:00:00 - 10/10/2026 06:00:00","CTA|IE","-","n/e"," ","-"
"10/10/2026 06:00:00 - 10/10/2026 07:00:00","CTA|IE","-","n/e"," ","-"
"10/10/2026 07:00:00 - 10/10/2026 08:00:00","CTA|IE","-","n/e"," ","-"
"10/10/2026 08:00:00 - 10/10/2026 09:00:00","CTA|IE","-","n/e"," ","-"
"10/10/2026 09:00:00 - 10/10/2026 10:00:00","CTA|IE","-","n/e"," ","-"
"10/10/2026 10:00:00 - 10/10/2026 11:00:00","CTA|IE","-","n/e"," ","-"
"10/10/2026 11:00:00 - 10/10/2026 12:00:00","CTA|IE","-","n/e"," ","-"
"10/10/2026 12:00:00 - 10/10/2026 13:00:00","CTA|IE","-","n/e"," ","-"
"10/10/2026 13:00:00 - 10/10/2026 14:00:00","CTA|IE","-","n/e"," ","-"
"10/10/2026 14:00:00 - 10/10/2026 15:00:00","CTA|IE","-","n/e"," ","-"
"10/10/2026 15:00:00 - 10/10/2026 16:00:00","CTA|IE","-","n/e"," ","-"
"10/10/2026 16:00:00 - 10/10/2026 17:00:00","CTA|IE","-","n/e"," ","-"
"10/10/2026 17:00:00 - 10/10/2026 18:00:00","CTA|IE","-","n/e"," ","-"
"10/10/2026 18:00:00 - 10/10/2026 19:00:00","CTA|IE","-","n/e"," ","-"
"10/10/2026 19:00:00 - 10/10/2026 20:00:00","CTA|IE","-","n/e"," ","-"
"10/10/2026 20:00:00 - 10/10/2026 21:00:00","CTA|IE","-","n/e"," ","-"
"10/10/2026 21:00:00 - 10/10/2026 22:00:00","CTA|IE","-","n/e"," ","-"
"10/10/2026 22:00:00 - 10/10/2026 23:00:00","CTA|IE","-","n/e"," ","-"
"10/10/2026 23:00:00 - 11/10/2026 00:00:00","CTA|IE","-","n/e"," ","-"
"11/10/2026 00:00:00 - 11/10/2026 01:00:00","CTA|IE","-","n/e"," ","-"
"11/10/2026 01:00:00 - 11/10/2026 02:00:00","CTA|IE","-","n/e"," ","-"
"11/10/2026 02:00:00 - 11/10/2026 03:00:00","CTA|IE","-","n/e"," ","-"
"11/10/2026 03:00:00 - 11/10/2026 04:00:00","CTA|IE","-","n/e"," ","-"
"11/10/2026 04:00:00 - 11/10/2026 05:00:00","CTA|IE","-","n/e"," ","-"
"11/10/2026 05:00:00 - 11/10/2026 06:00:00","CTA|IE","-","n/e"," ","-"
"11/10/2026 06:00:00 - 11/10/2026 07:00:00","CTA|IE","-","n/e"," ","-"
"11/10/2026 07:00:00 - 11/10/2026 08:00:00","CTA|IE","-","n/e"," ","-"
"11/10/2026 08:00:00 - 11/10/2026 09:00:00","CTA|IE","-","n/e"," ","-"
"11/10/2026 09:00:00 - 11/10/2026 10:00:00","CTA|IE","-","n/e"," ","-"
"11/10/2026 10:00:00 - 11/10/2026 11:00:00","CTA|IE","-","n/e"," ","-"
"11/10/2026 11:00:00 - 11/10/2026 12:00:00","CTA|IE","-","n/e"," ","-"
"11/10/2026 12:00:00 - 11/10/2026 13:00:00","CTA|IE","-","n/e"," ","-"
"11/10/2026 13:00:00 - 11/10/2026 14:00:00","CTA|IE","-","n/e"," ","-"
"11/10/2026 14:00:00 - 11/10/2026 15:00:00","CTA|IE","-","n/e"," ","-"
"11/10/2026 15:00:00 - 11/10/2026 16:00:00","CTA|IE","-","n/e"," ","-"
"11/10/2026 16:00:00 - 11/10/2026 17:00:00","CTA|IE","-","n/e"," ","-"
"11/10/2026 17:00:00 - 11/10/2026 18:00:00","CTA|IE","-","n/e"," ","-"
"11/10/2026 18:00:00 - 11/10/2026 19:00:00","CTA|IE","-","n/e"," ","-"
"11/10/2026 19:00:00 - 11/10/2026 20:00:00","CTA|IE","-","n/e"," ","-"
"11/10/2026 20:00:00 - 11/10/2026 21:00:00","CTA|IE","-","n/e"," ","-"
"11/10/2026 21:00:00 - 11/10/2026 22:00:00","CTA|IE","-","n/e"," ","-"
"11/10/2026 22:00:00 - 11/10/2026 23:00:00","CTA|IE","-","n/e"," ","-"
"11/10/2026 23:00:00 - 12/10/2026 00:00:00","CTA|IE","-","n/e"," ","-"
"12/10/2026 00:00:00 - 12/10/2026 01:00:00","CTA|IE","-","n/e"," ","-"
"12/10/2026 01:00:00 - 12/10/2026 02:00:00","CTA|IE","-","n/e"," ","-"
"12/10/2026 02:00:00 - 12/10/2026 03:00:00","CTA|IE","-","n/e"," ","-"
"12/10/2026 03:00:00 - 12/10/2026 04:00:00","CTA|IE","-","n/e"," ","-"
"12/10/2026 04:00:00 - 12/10/2026 05:00:00","CTA|IE","-","n/e"," ","-"
"12/10/2026 05:00:00 - 12/10/2026 06:00:00","CTA|IE","-","n/e"," ","-"
"12/10/2026 06:00:00 - 12/10/2026 07:00:00","CTA|IE","-","n/e"," ","-"
"12/10/2026 07:00:00 - 12/10/2026 08:00:00","CTA|IE","-","n/e"," ","-"
"12/10/2026 08:00:00 - 12/10/2026 09:00:00","CTA|IE","-","n/e"," ","-"
"12/10/2026 09:00:00 - 12/10/2026 10:00:00","CTA|IE","-","n/e"," ","-"
"12/10/2026 10:00:00 - 12/10/2026 11:00:00","CTA|IE","-","n/e"," ","-"
"12/10/2026 11:00:00 - 12/10/2026 12:00:00","CTA|IE","-","n/e"," ","-"
"12/10/2026 12:00:00 - 12/10/2026 13:00:00","CTA|IE","-","n/e"," ","-"
"12/10/2026 13:00:00 - 12/10/2026 14:00:00","CTA|IE","-","n/e"," ","-"
"12/10/2026 14:00:00 - 12/10/2026 15:00:00","CTA|IE","-","n/e"," ","-"
"12/10/2026 15:00:00 - 12/10/2026 16:00:00","CTA|IE","-","n/e"," ","-"
"12/10/2026 16:00:00 - 12/10/2026 17:00:00","CTA|IE","-","n/e"," ","-"
"12/10/2026 17:00:00 - 12/10/2026 18:00:00","CTA|IE","-","n/e"," ","-"
"12/10/2026 18:00:00 - 12/10/2026 19:00:00","CTA|IE","-","n/e"," ","-"
"12/10/2026 19:00:00 - 12/10/2026 20:00:00","CTA|IE","-","n/e"," ","-"
"12/10/2026 20:00:00 - 12/10/2026 21:00:00","CTA|IE","-","n/e"," ","-"
"12/10/2026 21:00:00 - 12/10/2026 22:00:00","CTA|IE","-","n/e"," ","-"
"12/10/2026 22:00:00 - 12/10/2026 23:00:00","CTA|IE","-","n/e"," ","-"
"12/10/2026 23:00:00 - 13/10/2026 00:00:00","CTA|IE","-","n/e"," ","-"
"13/10/2026 00:00:00 - 13/10/2026 01:00:00","CTA|IE","-","n/e"," ","-"
"13/10/2026 01:00:00 - 13/10/2026 02:00:00","CTA|IE","-","n/e"," ","-"
"13/10/2026 02:00:00 - 13/10/2026 03:00:00","CTA|IE","-","n/e"," ","-"
"13/10/2026 03:00:00 - 13/10/2026 04:00:00","CTA|IE","-","n/e"," ","-"
"13/10/2026 04:00:00 - 13/10/2026 05:00:00","CTA|IE","-","n/e"," ","-"
"13/10/2026 05:00:00 - 13/10/2026 06:00:00","CTA|IE","-","n/e"," ","-"
"13/10/2026 06:00:00 - 13/10/2026 07:00:00","CTA|IE","-","n/e"," ","-"
"13/10/2026 07:00:00 - 13/10/2026 08:00:00","CTA|IE","-","n/e"," ","-"
"13/10/2026 08:00:00 - 13/10/2026 09:00:00","CTA|IE","-","n/e"," ","-"
"13/10/2026 09:00:00 - 13/10/2026 10:00:00","CTA|IE","-","n/e"," ","-"
"13/10/2026 10:00:00 - 13/10/2026 11:00:00","CTA|IE","-","n/e"," ","-"
"13/10/2026 11:00:00 - 13/10/2026 12:00:00","CTA|IE","-","n/e"," ","-"
"13/10/2026 12:00:00 - 13/10/2026 13:00:00","CTA|IE","-","n/e"," ","-"
"13/10/2026 13:00:00 - 13/10/2026 14:00:00","CTA|IE","-","n/e"," ","-"
"13/10/2026 14:00:00 - 13/10/2026 15:00:00","CTA|IE","-","n/e"," ","-"
"13/10/2026 15:00:00 - 13/10/2026 16:00:00","CTA|IE","-","n/e"," ","-"
"13/10/2026 16:00:00 - 13/10/2026 17:00:00","CTA|IE","-","n/e"," ","-"
"13/10/2026 17:00:00 - 13/10/2026 18:00:00","CTA|IE","-","n/e"," ","-"
"13/10/2026 18:00:00 - 13/10/2026 19:00:00","CTA|IE","-","n/e"," ","-"
"13/10/2026 19:00:00 - 13/10/2026 20:00:00","CTA|IE","-","n/e"," ","-"
"13/10/2026 20:00:00 - 13/10/2026 21:00:00","CTA|IE","-","n/e"," ","-"
"13/10/2026 21:00:00 - 13/10/2026 22:00:00","CTA|IE","-","n/e"," ","-"
"13/10/2026 22:00:00 - 13/10/2026 23:00:00","CTA|IE","-","n/e"," ","-"
"13/10/2026 23:00:00 - 14/10/2026 00:00:00","CTA|IE","-","n/e"," ","-"
"14/10/2026 00:00:00 - 14/10/2026 01:00:00","CTA|IE","-","n/e"," ","-"
"14/10/2026 01:00:00 - 14/10/2026 02:00:00","CTA|IE","-","n/e"," ","-"
"14/10/2026 02:00:00 - 14/10/2026 03:00:00","CTA|IE","-","n/e"," ","-"
"14/10/2026 03:00:00 - 14/10/2026 04:00:00","CTA|IE","-","n/e"," ","-"
"14/10/2026 04:00:00 - 14/10/2026 05:00:00","CTA|IE","-","n/e"," ","-"
"14/10/2026 05:00:00 - 14/10/2026 06:00:00","CTA|IE","-","n/e"," ","-"
"14/10/2026 06:00:00 - 14/10/2026 07:00:00","CTA|IE","-","n/e"," ","-"
"14/10/2026 07:00:00 - 14/10/2026 08:00:00","CTA|IE","-","n/e"," ","-"
"14/10/2026 08:00:00 - 14/10/2026 09:00:00","CTA|IE","-","n/e"," ","-"
"14/10/2026 09:00:00 - 14/10/2026 10:00:00","CTA|IE","-","n/e"," ","-"
"14/10/2026 10:00:00 - 14/10/2026 11:00:00","CTA|IE","-","n/e"," ","-"
"14/10/2026 11:00:00 - 14/10/2026 12:00:00","CTA|IE","-","n/e"," ","-"
"14/10/2026 12:00:00 - 14/10/2026 13:00:00","CTA|IE","-","n/e"," ","-"
"14/10/2026 13:00:00 - 14/10/2026 14:00:00","CTA|IE","-","n/e"," ","-"
"14/10/2026 14:00:00 - 14/10/2026 15:00:00","CTA|IE","-","n/e"," ","-"
"14/10/2026 15:00:00 - 14/10/2026 16:00:00","CTA|IE","-","n/e"," ","-"
"14/10/2026 16:00:00 - 14/10/2026 17:00:00","CTA|IE","-","n/e"," ","-"
"14/10/2026 17:00:00 - 14/10/2026 18:00:00","CTA|IE","-","n/e"," ","-"
"14/10/2026 18:00:00 - 14/10/2026 19:00:00","CTA|IE","-","n/e"," ","-"
"14/10/2026 19:00:00 - 14/10/2026 20:00:00","CTA|IE","-","n/e"," ","-"
"14/10/2026 20:00:00 - 14/10/2026 21:00:00","CTA|IE","-","n/e"," ","-"
"14/10/2026 21:00:00 - 14/10/2026 22:00:00","CTA|IE","-","n/e"," ","-"
"14/10/2026 22:00:00 - 14/10/2026 23:00:00","CTA|IE","-","n/e"," ","-"
"14/10/2026 23:00:00 - 15/10/2026 00:00:00","CTA|IE","-","n/e"," ","-"
"15/10/2026 00:00:00 - 15/10/2026 01:00:00","CTA|IE","-","n/e"," ","-"
"15/10/2026 01:00:00 - 15/10/2026 02:00:00","CTA|IE","-","n/e"," ","-"
"15/10/2026 02:00:00 - 15/10/2026 03:00:00","CTA|IE","-","n/e"," ","-"
"15/10/2026 03:00:00 - 15/10/2026 04:00:00","CTA|IE","-","n/e"," ","-"
"15/10/2026 04:00:00 - 15/10/2026 05:00:00","CTA|IE","-","n/e"," ","-"
"15/10/2026 05:00:00 - 15/10/2026 06:00:00","CTA|IE","-","n/e"," ","-"
"15/10/2026 06:00:00 - 15/10/2026 07:00:00","CTA|IE","-","n/e"," ","-"
"15/10/2026 07:00:00 - 15/10/2026 08:00:00","CTA|IE","-","n/e"," ","-"
"15/10/2026 08:00:00 - 15/10/2026 09:00:00","CTA|IE","-","n/e"," ","-"
"15/10/2026 09:00:00 - 15/10/2026 10:00:00","CTA|IE","-","n/e"," ","-"
"15/10/2026 10:00:00 - 15/10/2026 11:00:00","CTA|IE","-","n/e"," ","-"
"15/10/2026 11:00:00 - 15/10/2026 12:00:00","CTA|IE","-","n/e"," ","-"
"15/10/2026 12:00:00 - 15/10/2026 13:00:00","CTA|IE","-","n/e"," ","-"
"15/10/2026 13:00:00 - 15/10/2026 14:00:00","CTA|IE","-","n/e"," ","-"
"15/10/2026 14:00:00 - 15/10/2026 15:00:00","CTA|IE","-","n/e"," ","-"
"15/10/2026 15:00:00 - 15/10/2026 16:00:00","CTA|IE","-","n/e"," ","-"
"15/10/2026 16:00:00 - 15/10/2026 17:00:00","CTA|IE","-","n/e"," ","-"
"15/10/2026 17:00:00 - 15/10/2026 18:00:00","CTA|IE","-","n/e"," ","-"
"15/10/2026 18:00:00 - 15/10/2026 19:00:00","CTA|IE","-","n/e"," ","-"
"15/10/2026 19:00:00 - 15/10/2026 20:00:00","CTA|IE","-","n/e"," ","-"
"15/10/2026 20:00:00 - 15/10/2026 21:00:00","CTA|IE","-","n/e"," ","-"
"15/10/2026 21:00:00 - 15/10/2026 22:00:00","CTA|IE","-","n/e"," ","-"
"15/10/2026 22:00:00 - 15/10/2026 23:00:00","CTA|IE","-","n/e"," ","-"
"15/10/2026 23:00:00 - 16/10/2026 00:00:00","CTA|IE","-","n/e"," ","-"
"16/10/2026 00:00:00 - 16/10/2026 01:00:00","CTA|IE","-","n/e"," ","-"
"16/10/2026 01:00:00 - 16/10/2026 02:00:00","CTA|IE","-","n/e"," ","-"
"16/10/2026 02:00:00 - 16/10/2026 03:00:00","CTA|IE","-","n/e"," ","-"
"16/10/2026 03:00:00 - 16/10/2026 04:00:00","CTA|IE","-","n/e"," ","-"
"16/10/2026 04:00:00 - 16/10/2026 05:00:00","CTA|IE","-","n/e"," ","-"
"16/10/2026 05:00:00 - 16/10/2026 06:00:00","CTA|IE","-","n/e"," ","-"
"16/10/2026 06:00:00 - 16/10/2026 07:00:00","CTA|IE","-","n/e"," ","-"
"16/10/2026 07:00:00 - 16/10/2026 08:00:00","CTA|IE","-","n/e"," ","-"
"16/10/2026 08:00:00 - 16/10/2026 09:00:00","CTA|IE","-","n/e"," ","-"
"16/10/2026 09:00:00 - 16/10/2026 10:00:00","CTA|IE","-","n/e"," ","-"
"16/10/2026 10:00:00 - 16/10/2026 11:00:00","CTA|IE","-","n/e"," ","-"
"16/10/2026 11:00:00 - 16/10/2026 12:00:00","CTA|IE","-","n/e"," ","-"
"16/10/2026 12:00:00 - 16/10/2026 13:00:00","CTA|IE","-","n/e"," ","-"
"16/10/2026 13:00:00 - 16/10/2026 14:00:00","CTA|IE","-","n/e"," ","-"
"16/10/2026 14:00:00 - 16/10/2026 15:00:00","CTA|IE","-","n/e"," ","-"
"16/10/2026 15:00:00 - 16/10/2026 16:00:00","CTA|IE","-","n/e"," ","-"
"16/10/2026 16:00:00 - 16/10/2026 17:00:00","CTA|IE","-","n/e"," ","-"
"16/10/2026 17:00:00 - 16/10/2026 18:00:00","CTA|IE","-","n/e"," ","-"
"16/10/2026 18:00:00 - 16/10/2026 19:00:00","CTA|IE","-","n/e"," ","-"
"16/10/2026 19:00:00 - 16/10/2026 20:00:00","CTA|IE","-","n/e"," ","-"
"16/10/2026 20:00:00 - 16/10/2026 21:00:00","CTA|IE","-","n/e"," ","-"
"16/10/2026 21:00:00 - 16/10/2026 22:00:00","CTA|IE","-","n/e"," ","-"
"16/10/2026 22:00:00 - 16/10/2026 23:00:00","CTA|IE","-","n/e"," ","-"
"16/10/2026 23:00:00 - 17/10/2026 00:00:00","CTA|IE","-","n/e"," ","-"
"17/10/2026 00:00:00 - 17/10/2026 01:00:00","CTA|IE","-","n/e"," ","-"
"17/10/2026 01:00:00 - 17/10/2026 02:00:00","CTA|IE","-","n/e"," ","-"
"17/10/2026 02:00:00 - 17/10/2026 03:00:00","CTA|IE","-","n/e"," ","-"
"17/10/2026 03:00:00 - 17/10/2026 04:00:00","CTA|IE","-","n/e"," ","-"
"17/10/2026 04:00:00 - 17/10/2026 05:00:00","CTA|IE","-","n/e"," ","-"
"17/10/2026 05:00:00 - 17/10/2026 06:00:00","CTA|IE","-","n/e"," ","-"
"17/10/2026 06:00:00 - 17/10/2026 07:00:00","CTA|IE","-","n/e"," ","-"
"17/10/2026 07:00:00 - 17/10/2026 08:00:00","CTA|IE","-","n/e"," ","-"
"17/10/2026 08:00:00 - 17/10/2026 09:00:00","CTA|IE","-","n/e"," ","-"
"17/10/2026 09:00:00 - 17/10/2026 10:00:00","CTA|IE","-","n/e"," ","-"
"17/10/2026 10:00:00 - 17/10/2026 11:00:00","CTA|IE","-","n/e"," ","-"
"17/10/2026 11:00:00 - 17/10/2026 12:00:00","CTA|IE","-","n/e"," ","-"
"17/10/2026 12:00:00 - 17/10/2026 13:00:00","CTA|IE","-","n/e"," ","-"
"17/10/2026 13:00:00 - 17/10/2026 14:00:00","CTA|IE","-","n/e"," ","-"
"17/10/2026 14:00:00 - 17/10/2026 15:00:00","CTA|IE","-","n/e"," ","-"
"17/10/2026 15:00:00 - 17/10/2026 16:00:00","CTA|IE","-","n/e"," ","-"
"17/10/2026 16:00:00 - 17/10/2026 17:00:00","CTA|IE","-","n/e"," ","-"
"17/10/2026 17:00:00 - 17/10/2026 18:00:00","CTA|IE","-","n/e"," ","-"
"17/10/2026 18:00:00 - 17/10/2026 19:00:00","CTA|IE","-","n/e"," ","-"
"17/10/2026 19:00:00 - 17/10/2026 20:00:00","CTA|IE","-","n/e"," ","-"
"17/10/2026 20:00:00 - 17/10/2026 21:00:00","CTA|IE","-","n/e"," ","-"
"17/10/2026 21:00:00 - 17/10/2026 22:00:00","CTA|IE","-","n/e"," ","-"
"17/10/2026 22:00:00 - 17/10/2026 23:00:00","CTA|IE","-","n/e"," ","-"
"17/10/2026 23:00:00 - 18/10/2026 00:00:00","CTA|IE","-","n/e"," ","-"
"18/10/2026 00:00:00 - 18/10/2026 01:00:00","CTA|IE","-","n/e"," ","-"
"18/10/2026 01:00:00 - 18/10/2026 02:00:00","CTA|IE","-","n/e"," ","-"
"18/10/2026 02:00:00 - 18/10/2026 03:00:00","CTA|IE","-","n/e"," ","-"
"18/10/2026 03:00:00 - 18/10/2026 04:00:00","CTA|IE","-","n/e"," ","-"
"18/10/2026 04:00:00 - 18/10/2026 05:00:00","CTA|IE","-","n/e"," ","-"
"18/10/2026 05:00:00 - 18/10/2026 06:00:00","CTA|IE","-","n/e"," ","-"
"18/10/2026 06:00:00 - 18/10/2026 07:00:00","CTA|IE","-","n/e"," ","-"
"18/10/2026 07:00:00 - 18/10/2026 08:00:00","CTA|IE","-","n/e"," ","-"
"18/10/2026 08:00:00 - 18/10/2026 09:00:00","CTA|IE","-","n/e"," ","-"
"18/10/2026 09:00:00 - 18/10/2026 10:00:00","CTA|IE","-","n/e"," ","-"
"18/10/2026 10:00:00 - 18/10/2026 11:00:00","CTA|IE","-","n/e"," ","-"
"18/10/2026 11:00:00 - 18/10/2026 12:00:00","CTA|IE","-","n/e"," ","-"
"18/10/2026 12:00:00 - 18/10/2026 13:00:00","CTA|IE","-","n/e"," ","-"
"18/10/2026 13:00:00 - 18/10/2026 14:00:00","CTA|IE","-","n/e"," ","-"
"18/10/2026 14:00:00 - 18/10/2026 15:00:00","CTA|IE","-","n/e"," ","-"
"18/10/2026 15:00:00 - 18/10/2026 16:00:00","CTA|IE","-","n/e"," ","-"
"18/10/2026 16:00:00 - 18/10/2026 17:00:00","CTA|IE","-","n/e"," ","-"
"18/10/2026 17:00:00 - 18/10/2026 18:00:00","CTA|IE","-","n/e"," ","-"
"18/10/2026 18:00:00 - 18/10/2026 19:00:00","CTA|IE","-","n/e"," ","-"
"18/10/2026 19:00:00 - 18/10/2026 20:00:00","CTA|IE","-","n/e"," ","-"
"18/10/2026 20:00:00 - 18/10/2026 21:00:00","CTA|IE","-","n/e"," ","-"
"18/10/2026 21:00:00 - 18/10/2026 22:00:00","CTA|IE","-","n/e"," ","-"
"18/10/2026 22:00:00 - 18/10/2026 23:00:00","CTA|IE","-","n/e"," ","-"
"18/10/2026 23:00:00 - 19/10/2026 00:00:00","CTA|IE","-","n/e"," ","-"
"19/10/2026 00:00:00 - 19/10/2026 01:00:00","CTA|IE","-","n/e"," ","-"
"19/10/2026 01:00:00 - 19/10/2026 02:00:00","CTA|IE","-","n/e"," ","-"
"19/10/2026 02:00:00 - 19/10/2026 03:00:00","CTA|IE","-","n/e"," ","-"
"19/10/2026 03:00:00 - 19/10/2026 04:00:00","CTA|IE","-","n/e"," ","-"
"19/10/2026 04:00:00 - 19/10/2026 05:00:00","CTA|IE","-","n/e"," ","-"
"19/10/2026 05:00:00 - 19/10/2026 06:00:00","CTA|IE","-","n/e"," ","-"
"19/10/2026 06:00:00 - 19/10/2026 07:00:00","CTA|IE","-","n/e"," ","-"
"19/10/2026 07:00:00 - 19/10/2026 08:00:00","CTA|IE","-","n/e"," ","-"
"19/10/2026 08:00:00 - 19/10/2026 09:00:00","CTA|IE","-","n/e"," ","-"
"19/10/2026 09:00:00 - 19/10/2026 10:00:00","CTA|IE","-","n/e"," ","-"
"19/10/2026 10:00:00 - 19/10/2026 11:00:00","CTA|IE","-","n/e"," ","-"
"19/10/2026 11:00:00 - 19/10/2026 12:00:00","CTA|IE","-","n/e"," ","-"
"19/10/2026 12:00:00 - 19/10/2026 13:00:00","CTA|IE","-","n/e"," ","-"
"19/10/2026 13:00:00 - 19/10/2026 14:00:00","CTA|IE","-","n/e"," ","-"
"19/10/2026 14:00:00 - 19/10/2026 15:00:00","CTA|IE","-","n/e"," ","-"
"19/10/2026 15:00:00 - 19/10/2026 16:00:00","CTA|IE","-","n/e"," ","-"
"19/10/2026 16:00:00 - 19/10/2026 17:00:00","CTA|IE","-","n/e"," ","-"
"19/10/2026 17:00:00 - 19/10/2026 18:00:00","CTA|IE","-","n/e"," ","-"
"19/10/2026 18:00:00 - 19/10/2026 19:00:00","CTA|IE","-","n/e"," ","-"
"19/10/2026 19:00:00 - 19/10/2026 20:00:00","CTA|IE","-","n/e"," ","-"
"19/10/2026 20:00:00 - 19/10/2026 21:00:00","CTA|IE","-","n/e"," ","-"
"19/10/2026 21:00:00 - 19/10/2026 22:00:00","CTA|IE","-","n/e"," ","-"
"19/10/2026 22:00:00 - 19/10/2026 23:00:00","CTA|IE","-","n/e"," ","-"
"19/10/2026 23:00:00 - 20/10/2026 00:00:00","CTA|IE","-","n/e"," ","-"
"20/10/2026 00:00:00 - 20/10/2026 01:00:00","CTA|IE","-","n/e"," ","-"
"20/10/2026 01:00:00 - 20/10/2026 02:00:00","CTA|IE","-","n/e"," ","-"
"20/10/2026 02:00:00 - 20/10/2026 03:00:00","CTA|IE","-","n/e"," ","-"
"20/10/2026 03:00:00 - 20/10/2026 04:00:00","CTA|IE","-","n/e"," ","-"
"20/10/2026 04:00:00 - 20/10/2026 05:00:00","CTA|IE","-","n/e"," ","-"
"20/10/2026 05:00:00 - 20/10/2026 06:00:00","CTA|IE","-","n/e"," ","-"
"20/10/2026 06:00:00 - 20/10/2026 07:00:00","CTA|IE","-","n/e"," ","-"
"20/10/2026 07:00:00 - 20/10/2026 08:00:00","CTA|IE","-","n/e"," ","-"
"20/10/2026 08:00:00 - 20/10/2026 09:00:00","CTA|IE","-","n/e"," ","-"
"20/10/2026 09:00:00 - 20/10/2026 10:00:00","CTA|IE","-","n/e"," ","-"
"20/10/2026 10:00:00 - 20/10/2026 11:00:00","CTA|IE","-","n/e"," ","-"
"20/10/2026 11:00:00 - 20/10/2026 12:00:00","CTA|IE","-","n/e"," ","-"
"20/10/2026 12:00:00 - 20/10/2026 13:00:00","CTA|IE","-","n/e"," ","-"
"20/10/2026 13:00:00 - 20/10/2026 14:00:00","CTA|IE","-","n/e"," ","-"
"20/10/2026 14:00:00 - 20/10/2026 15:00:00","CTA|IE","-","n/e"," ","-"
"20/10/2026 15:00:00 - 20/10/2026 16:00:00","CTA|IE","-","n/e"," ","-"
"20/10/2026 16:00:00 - 20/10/2026 17:00:00","CTA|IE","-","n/e"," ","-"
"20/10/2026 17:00:00 - 20/10/2026 18:00:00","CTA|IE","-","n/e"," ","-"
"20/10/2026 18:00:00 - 20/10/2026 19:00:00","CTA|IE","-","n/e"," ","-"
"20/10/2026 19:00:00 - 20/10/2026 20:00:00","CTA|IE","-","n/e"," ","-"
"20/10/2026 20:00:00 - 20/10/2026 21:00:00","CTA|IE","-","n/e"," ","-"
"20/10/2026 21:00:00 - 20/10/2026 22:00:00","CTA|IE","-","n/e"," ","-"
"20/10/2026 22:00:00 - 20/10/2026 23:00:00","CTA|IE","-","n/e"," ","-"
"20/10/2026 23:00:00 - 21/10/2026 00:00:00","CTA|IE","-","n/e"," ","-"
"21/10/2026 00:00:00 - 21/10/2026 01:00:00","CTA|IE","-","n/e"," ","-"
"21/10/2026 01:00:00 - 21/10/2026 02:00:00","CTA|IE","-","n/e"," ","-"
"21/10/2026 02:00:00 - 21/10/2026 03:00:00","CTA|IE","-","n/e"," ","-"
"21/10/2026 03:00:00 - 21/10/2026 04:00:00","CTA|IE","-","n/e"," ","-"
"21/10/2026 04:00:00 - 21/10/2026 05:00:00","CTA|IE","-","n/e"," ","-"
"21/10/2026 05:00:00 - 21/10/2026 06:00:00","CTA|IE","-","n/e"," ","-"
"21/10/2026 06:00:00 - 21/10/2026 07:00:00","CTA|IE","-","n/e"," ","-"
"21/10/2026 07:00:00 - 21/10/2026 08:00:00","CTA|IE","-","n/e"," ","-"
"21/10/2026 08:00:00 - 21/10/2026 09:00:00","CTA|IE","-","n/e"," ","-"
"21/10/2026 09:00:00 - 21/10/2026 10:00:00","CTA|IE","-","n/e"," ","-"
"21/10/2026 10:00:00 - 21/10/2026 11:00:00","CTA|IE","-","n/e"," ","-"
"21/10/2026 11:00:00 - 21/10/2026 12:00:00","CTA|IE","-","n/e"," ","-"
"21/10/2026 12:00:00 - 21/10/2026 13:00:00","CTA|IE","-","n/e"," ","-"
"21/10/2026 13:00:00 - 21/10/2026 14:00:00","CTA|IE","-","n/e"," ","-"
"21/10/2026 14:00:00 - 21/10/2026 15:00:00","CTA|IE","-","n/e"," ","-"
"21/10/2026 15:00:00 - 21/10/2026 16:00:00","CTA|IE","-","n/e"," ","-"
"21/10/2026 16:00:00 - 21/10/2026 17:00:00","CTA|IE","-","n/e"," ","-"
"21/10/2026 17:00:00 - 21/10/2026 18:00:00","CTA|IE","-","n/e"," ","-"
"21/10/2026 18:00:00 - 21/10/2026 19:00:00","CTA|IE","-","n/e"," ","-"
"21/10/2026 19:00:00 - 21/10/2026 20:00:00","CTA|IE","-","n/e"," ","-"
"21/10/2026 20:00:00 - 21/10/2026 21:00:00","CTA|IE","-","n/e"," ","-"
"21/10/2026 21:00:00 - 21/10/2026 22:00:00","CTA|IE","-","n/e"," ","-"
"21/10/2026 22:00:00 - 21/10/2026 23:00:00","CTA|IE","-","n/e"," ","-"
"21/10/2026 23:00:00 - 22/10/2026 00:00:00","CTA|IE","-","n/e"," ","-"
"22/10/2026 00:00:00 - 22/10/2026 01:00:00","CTA|IE","-","n/e"," ","-"
"22/10/2026 01:00:00 - 22/10/2026 02:00:00","CTA|IE","-","n/e"," ","-"
"22/10/2026 02:00:00 - 22/10/2026 03:00:00","CTA|IE","-","n/e"," ","-"
"22/10/2026 03:00:00 - 22/10/2026 04:00:00","CTA|IE","-","n/e"," ","-"
"22/10/2026 04:00:00 - 22/10/2026 05:00:00","CTA|IE","-","n/e"," ","-"
"22/10/2026 05:00:00 - 22/10/2026 06:00:00","CTA|IE","-","n/e"," ","-"
"22/10/2026 06:00:00 - 22/10/2026 07:00:00","CTA|IE","-","n/e"," ","-"
"22/10/2026 07:00:00 - 22/10/2026 08:00:00","CTA|IE","-","n/e"," ","-"
"22/10/2026 08:00:00 - 22/10/2026 09:00:00","CTA|IE","-","n/e"," ","-"
"22/10/2026 09:00:00 - 22/10/2026 10:00:00","CTA|IE","-","n/e"," ","-"
"22/10/2026 10:00:00 - 22/10/2026 11:00:00","CTA|IE","-","n/e"," ","-"
"22/10/2026 11:00:00 - 22/10/2026 12:00:00","CTA|IE","-","n/e"," ","-"
"22/10/2026 12:00:00 - 22/10/2026 13:00:00","CTA|IE","-","n/e"," ","-"
"22/10/2026 13:00:00 - 22/10/2026 14:00:00","CTA|IE","-","n/e"," ","-"
"22/10/2026 14:00:00 - 22/10/2026 15:00:00","CTA|IE","-","n/e"," ","-"
"22/10/2026 15:00:00 - 22/10/2026 16:00:00","CTA|IE","-","n/e"," ","-"
"22/10/2026 16:00:00 - 22/10/2026 17:00:00","CTA|IE","-","n/e"," ","-"
"22/10/2026 17:00:00 - 22/10/2026 18:00:00","CTA|IE","-","n/e"," ","-"
"22/10/2026 18:00:00 - 22/10/2026 19:00:00","CTA|IE","-","n/e"," ","-"
"22/10/2026 19:00:00 - 22/10/2026 20:00:00","CTA|IE","-","n/e"," ","-"
"22/10/2026 20:00:00 - 22/10/2026 21:00:00","CTA|IE","-","n/e"," ","-"
"22/10/2026 21:00:00 - 22/10/2026 22:00:00","CTA|IE","-","n/e"," ","-"
"22/10/2026 22:00:00 - 22/10/2026 23:00:00","CTA|IE","-","n/e"," ","-"
"22/10/2026 23:00:00 - 23/10/2026 00:00:00","CTA|IE","-","n/e"," ","-"
"23/10/2026 00:00:00 - 23/10/2026 01:00:00","CTA|IE","-","n/e"," ","-"
"23/10/2026 01:00:00 - 23/10/2026 02:00:00","CTA|IE","-","n/e"," ","-"
"23/10/2026 02:00:00 - 23/10/2026 03:00:00","CTA|IE","-","n/e"," ","-"
"23/10/2026 03:00:00 - 23/10/2026 04:00:00","CTA|IE","-","n/e"," ","-"
"23/10/2026 04:00:00 - 23/10/2026 05:00:00","CTA|IE","-","n/e"," ","-"
"23/10/2026 05:00:00 - 23/10/2026 06:00:00","CTA|IE","-","n/e"," ","-"
"23/10/2026 06:00:00 - 23/10/2026 07:00:00","CTA|IE","-","n/e"," ","-"
"23/10/2026 07:00:00 - 23/10/2026 08:00:00","CTA|IE","-","n/e"," ","-"
"23/10/2026 08:00:00 - 23/10/2026 09:00:00","CTA|IE","-","n/e"," ","-"
"23/10/2026 09:00:00 - 23/10/2026 10:00:00","CTA|IE","-","n/e"," ","-"
"23/10/2026 10:00:00 - 23/10/2026 11:00:00","CTA|IE","-","n/e"," ","-"
"23/10/2026 11:00:00 - 23/10/2026 12:00:00","CTA|IE","-","n/e"," ","-"
"23/10/2026 12:00:00 - 23/10/2026 13:00:00","CTA|IE","-","n/e"," ","-"
"23/10/2026 13:00:00 - 23/10/2026 14:00:00","CTA|IE","-","n/e"," ","-"
"23/10/2026 14:00:00 - 23/10/2026 15:00:00","CTA|IE","-","n/e"," ","-"
"23/10/2026 15:00:00 - 23/10/2026 16:00:00","CTA|IE","-","n/e"," ","-"
"23/10/2026 16:00:00 - 23/10/2026 17:00:00","CTA|IE","-","n/e"," ","-"
"23/10/2026 17:00:00 - 23/10/2026 18:00:00","CTA|IE","-","n/e"," ","-"
"23/10/2026 18:00:00 - 23/10/2026 19:00:00","CTA|IE","-","n/e"," ","-"
"23/10/2026 19:00:00 - 23/10/2026 20:00:00","CTA|IE","-","n/e"," ","-"
"23/10/2026 20:00:00 - 23/10/2026 21:00:00","CTA|IE","-","n/e"," ","-"
"23/10/2026 21:00:00 - 23/10/2026 22:00:00","CTA|IE","-","n/e"," ","-"
"23/10/2026 22:00:00 - 23/10/2026 23:00:00","CTA|IE","-","n/e"," ","-"
"23/10/2026 23:00:00 - 24/10/2026 00:00:00","CTA|IE","-","n/e"," ","-"
"24/10/2026 00:00:00 - 24/10/2026 01:00:00","CTA|IE","-","n/e"," ","-"
"24/10/2026 01:00:00 - 24/10/2026 02:00:00","CTA|IE","-","n/e"," ","-"
"24/10/2026 02:00:00 - 24/10/2026 03:00:00","CTA|IE","-","n/e"," ","-"
"24/10/2026 03:00:00 - 24/10/2026 04:00:00","CTA|IE","-","n/e"," ","-"
"24/10/2026 04:00:00 - 24/10/2026 05:00:00","CTA|IE","-","n/e"," ","-"
"24/10/2026 05:00:00 - 24/10/2026 06:00:00","CTA|IE","-","n/e"," ","-"
"24/10/2026 06:00:00 - 24/10/2026 07:00:00","CTA|IE","-","n/e"," ","-"
"24/10/2026 07:00:00 - 24/10/2026 08:00:00","CTA|IE","-","n/e"," ","-"
"24/10/2026 08:00:00 - 24/10/2026 09:00:00","CTA|IE","-","n/e"," ","-"
"24/10/2026 09:00:00 - 24/10/2026 10:00:00","CTA|IE","-","n/e"," ","-"
"24/10/2026 10:00:00 - 24/10/2026 11:00:00","CTA|IE","-","n/e"," ","-"
"24/10/2026 11:00:00 - 24/10/2026 12:00:00","CTA|IE","-","n/e"," ","-"
"24/10/2026 12:00:00 - 24/10/2026 13:00:00","CTA|IE","-","n/e"," ","-"
"24/10/2026 13:00:00 - 24/10/2026 14:00:00","CTA|IE","-","n/e"," ","-"
"24/10/2026 14:00:00 - 24/10/2026 15:00:00","CTA|IE","-","n/e"," ","-"
"24/10/2026 15:00:00 - 24/10/2026 16:00:00","CTA|IE","-","n/e"," ","-"
"24/10/2026 16:00:00 - 24/10/2026 17:00:00","CTA|IE","-","n/e"," ","-"
"24/10/2026 17:00:00 - 24/10/2026 18:00:00","CTA|IE","-","n/e"," ","-"
"24/10/2026 18:00:00 - 24/10/2026 19:00:00","CTA|IE","-","n/e"," ","-"
"24/10/2026 19:00:00 - 24/10/2026 20:00:00","CTA|IE","-","n/e"," ","-"
"24/10/2026 20:00:00 - 24/10/2026 21:00:00","CTA|IE","-","n/e"," ","-"
"24/10/2026 21:00:00 - 24/10/2026 22:00:00","CTA|IE","-","n/e"," ","-"
"24/10/2026 22:00:00 - 24/10/2026 23:00:00","CTA|IE","-","n/e"," ","-"
"24/10/2026 23:00:00 - 25/10/2026 00:00:00","CTA|IE","-","n/e"," ","-"
"25/10/2026 00:00:00 - 25/10/2026 01:00:00","CTA|IE","-","n/e"," ","-"
"25/10/2026 01:00:00 - 25/10/2026 02:00:00 (CEST)","CTA|IE","-","n/e"," ","-"
"25/10/2026 02:00:00 (CEST) - 25/10/2026 02:00:00 (CET)","CTA|IE","-","n/e"," ","-"
"25/10/2026 02:00:00 (CET) - 25/10/2026 03:00:00","CTA|IE","-","n/e"," ","-"
"25/10/2026 03:00:00 - 25/10/2026 04:00:00","CTA|IE","-","n/e"," ","-"
"25/10/2026 04:00:00 - 25/10/2026 05:00:00","CTA|IE","-","n/e"," ","-"
"25/10/2026 05:00:00 - 25/10/2026 06:00:00","CTA|IE","-","n/e"," ","-"
"25/10/2026 06:00:00 - 25/10/2026 07:00:00","CTA|IE","-","n/e"," ","-"
"25/10/2026 07:00:00 - 25/10/2026 08:00:00","CTA|IE","-","n/e"," ","-"
"25/10/2026 08:00:00 - 25/10/2026 09:00:00","CTA|IE","-","n/e"," ","-"
"25/10/2026 09:00:00 - 25/10/2026 10:00:00","CTA|IE","-","n/e"," ","-"
"25/10/2026 10:00:00 - 25/10/2026 11:00:00","CTA|IE","-","n/e"," ","-"
"25/10/2026 11:00:00 - 25/10/2026 12:00:00","CTA|IE","-","n/e"," ","-"
"25/10/2026 12:00:00 - 25/10/2026 13:00:00","CTA|IE","-","n/e"," ","-"
"25/10/2026 13:00:00 - 25/10/2026 14:00:00","CTA|IE","-","n/e"," ","-"
"25/10/2026 14:00:00 - 25/10/2026 15:00:00","CTA|IE","-","n/e"," ","-"
"25/10/2026 15:00:00 - 25/10/2026 16:00:00","CTA|IE","-","n/e"," ","-"
"25/10/2026 16:00:00 - 25/10/2026 17:00:00","CTA|IE","-","n/e"," ","-"
"25/10/2026 17:00:00 - 25/10/2026 18:00:00","CTA|IE","-","n/e"," ","-"
"25/10/2026 18:00:00 - 25/10/2026 19:00:00","CTA|IE","-","n/e"," ","-"
"25/10/2026 19:00:00 - 25/10/2026 20:00:00","CTA|IE","-","n/e"," ","-"
"25/10/2026 20:00:00 - 25/10/2026 21:00:00","CTA|IE","-","n/e"," ","-"
"25/10/2026 21:00:00 - 25/10/2026 22:00:00","CTA|IE","-","n/e"," ","-"
"25/10/2026 22:00:00 - 25/10/2026 23:00:00","CTA|IE","-","n/e"," ","-"
"25/10/2026 23:00:00 - 26/10/2026 00:00:00","CTA|IE","-","n/e"," ","-"
"26/10/2026 00:00:00 - 26/10/2026 01:00:00","CTA|IE","-","n/e"," ","-"
"26/10/2026 01:00:00 - 26/10/2026 02:00:00","CTA|IE","-","n/e"," ","-"
"26/10/2026 02:00:00 - 26/10/2026 03:00:00","CTA|IE","-","n/e"," ","-"
"26/10/2026 03:00:00 - 26/10/2026 04:00:00","CTA|IE","-","n/e"," ","-"
"26/10/2026 04:00:00 - 26/10/2026 05:00:00","CTA|IE","-","n/e"," ","-"
"26/10/2026 05:00:00 - 26/10/2026 06:00:00","CTA|IE","-","n/e"," ","-"
"26/10/2026 06:00:00 - 26/10/2026 07:00:00","CTA|IE","-","n/e"," ","-"
"26/10/2026 07:00:00 - 26/10/2026 08:00:00","CTA|IE","-","n/e"," ","-"
"26/10/2026 08:00:00 - 26/10/2026 09:00:00","CTA|IE","-","n/e"," ","-"
"26/10/2026 09:00:00 - 26/10/2026 10:00:00","CTA|IE","-","n/e"," ","-"
"26/10/2026 10:00:00 - 26/10/2026 11:00:00","CTA|IE","-","n/e"," ","-"
"26/10/2026 11:00:00 - 26/10/2026 12:00:00","CTA|IE","-","n/e"," ","-"
"26/10/2026 12:00:00 - 26/10/2026 13:00:00","CTA|IE","-","n/e"," ","-"
"26/10/2026 13:00:00 - 26/10/2026 14:00:00","CTA|IE","-","n/e"," ","-"
"26/10/2026 14:00:00 - 26/10/2026 15:00:00","CTA|IE","-","n/e"," ","-"
"26/10/2026 15:00:00 - 26/10/2026 16:00:00","CTA|IE","-","n/e"," ","-"
"26/10/2026 16:00:00 - 26/10/2026 17:00:00","CTA|IE","-","n/e"," ","-"
"26/10/2026 17:00:00 - 26/10/2026 18:00:00","CTA|IE","-","n/e"," ","-"
"26/10/2026 18:00:00 - 26/10/2026 19:00:00","CTA|IE","-","n/e"," ","-"
"26/10/2026 19:00:00 - 26/10/2026 20:00:00","CTA|IE","-","n/e"," ","-"
"26/10/2026 20:00:00 - 26/10/2026 21:00:00","CTA|IE","-","n/e"," ","-"
"26/10/2026 21:00:00 - 26/10/2026 22:00:00","CTA|IE","-","n/e"," ","-"
"26/10/2026 22:00:00 - 26/10/2026 23:00:00","CTA|IE","-","n/e"," ","-"
"26/10/2026 23:00:00 - 27/10/2026 00:00:00","CTA|IE","-","n/e"," ","-"
"27/10/2026 00:00:00 - 27/10/2026 01:00:00","CTA|IE","-","n/e"," ","-"
"27/10/2026 01:00:00 - 27/10/2026 02:00:00","CTA|IE","-","n/e"," ","-"
"27/10/2026 02:00:00 - 27/10/2026 03:00:00","CTA|IE","-","n/e"," ","-"
"27/10/2026 03:00:00 - 27/10/2026 04:00:00","CTA|IE","-","n/e"," ","-"
"27/10/2026 04:00:00 - 27/10/2026 05:00:00","CTA|IE","-","n/e"," ","-"
"27/10/2026 05:00:00 - 27/10/2026 06:00:00","CTA|IE","-","n/e"," ","-"
"27/10/2026 06:00:00 - 27/10/2026 07:00:00","CTA|IE","-","n/e"," ","-"
"27/10/2026 07:00:00 - 27/10/2026 08:00:00","CTA|IE","-","n/e"," ","-"
"27/10/2026 08:00:00 - 27/10/2026 09:00:00","CTA|IE","-","n/e"," ","-"
"27/10/2026 09:00:00 - 27/10/2026 10:00:00","CTA|IE","-","n/e"," ","-"
"27/10/2026 10:00:00 - 27/10/2026 11:00:00","CTA|IE","-","n/e"," ","-"
"27/10/2026 11:00:00 - 27/10/2026 12:00:00","CTA|IE","-","n/e"," ","-"
"27/10/2026 12:00:00 - 27/10/2026 13:00:00","CTA|IE","-","n/e"," ","-"
"27/10/2026 13:00:00 - 27/10/2026 14:00:00","CTA|IE","-","n/e"," ","-"
"27/10/2026 14:00:00 - 27/10/2026 15:00:00","CTA|IE","-","n/e"," ","-"
"27/10/2026 15:00:00 - 27/10/2026 16:00:00","CTA|IE","-","n/e"," ","-"
"27/10/2026 16:00:00 - 27/10/2026 17:00:00","CTA|IE","-","n/e"," ","-"
"27/10/2026 17:00:00 - 27/10/2026 18:00:00","CTA|IE","-","n/e"," ","-"
"27/10/2026 18:00:00 - 27/10/2026 19:00:00","CTA|IE","-","n/e"," ","-"
"27/10/2026 19:00:00 - 27/10/2026 20:00:00","CTA|IE","-","n/e"," ","-"
"27/10/2026 20:00:00 - 27/10/2026 21:00:00","CTA|IE","-","n/e"," ","-"
"27/10/2026 21:00:00 - 27/10/2026 22:00:00","CTA|IE","-","n/e"," ","-"
"27/10/2026 22:00:00 - 27/10/2026 23:00:00","CTA|IE","-","n/e"," ","-"
"27/10/2026 23:00:00 - 28/10/2026 00:00:00","CTA|IE","-","n/e"," ","-"
"28/10/2026 00:00:00 - 28/10/2026 01:00:00","CTA|IE","-","n/e"," ","-"
"28/10/2026 01:00:00 - 28/10/2026 02:00:00","CTA|IE","-","n/e"," ","-"
"28/10/2026 02:00:00 - 28/10/2026 03:00:00","CTA|IE","-","n/e"," ","-"
"28/10/2026 03:00:00 - 28/10/2026 04:00:00","CTA|IE","-","n/e"," ","-"
"28/10/2026 04:00:00 - 28/10/2026 05:00:00","CTA|IE","-","n/e"," ","-"
"28/10/2026 05:00:00 - 28/10/2026 06:00:00","CTA|IE","-","n/e"," ","-"
"28/10/2026 06:00:00 - 28/10/2026 07:00:00","CTA|IE","-","n/e"," ","-"
"28/10/2026 07:00:00 - 28/10/2026 08:00:00","CTA|IE","-","n/e"," ","-"
"28/10/2026 08:00:00 - 28/10/2026 09:00:00","CTA|IE","-","n/e"," ","-"
"28/10/2026 09:00:00 - 28/10/2026 10:00:00","CTA|IE","-","n/e"," ","-"
"28/10/2026 10:00:00 - 28/10/2026 11:00:00","CTA|IE","-","n/e"," ","-"
"28/10/2026 11:00:00 - 28/10/2026 12:00:00","CTA|IE","-","n/e"," ","-"
"28/10/2026 12:00:00 - 28/10/2026 13:00:00","CTA|IE","-","n/e"," ","-"
"28/10/2026 13:00:00 - 28/10/2026 14:00:00","CTA|IE","-","n/e"," ","-"
"28/10/2026 14:00:00 - 28/10/2026 15:00:00","CTA|IE","-","n/e"," ","-"
"28/10/2026 15:00:00 - 28/10/2026 16:00:00","CTA|IE","-","n/e"," ","-"
"28/10/2026 16:00:00 - 28/10/2026 17:00:00","CTA|IE","-","n/e"," ","-"
"28/10/2026 17:00:00 - 28/10/2026 18:00:00","CTA|IE","-","n/e"," ","-"
"28/10/2026 18:00:00 - 28/10/2026 19:00:00","CTA|IE","-","n/e"," ","-"
"28/10/2026 19:00:00 - 28/10/2026 20:00:00","CTA|IE","-","n/e"," ","-"
"28/10/2026 20:00:00 - 28/10/2026 21:00:00","CTA|IE","-","n/e"," ","-"
"28/10/2026 21:00:00 - 28/10/2026 22:00:00","CTA|IE","-","n/e"," ","-"
"28/10/2026 22:00:00 - 28/10/2026 23:00:00","CTA|IE","-","n/e"," ","-"
"28/10/2026 23:00:00 - 29/10/2026 00:00:00","CTA|IE","-","n/e"," ","-"
"29/10/2026 00:00:00 - 29/10/2026 01:00:00","CTA|IE","-","n/e"," ","-"
"29/10/2026 01:00:00 - 29/10/2026 02:00:00","CTA|IE","-","n/e"," ","-"
"29/10/2026 02:00:00 - 29/10/2026 03:00:00","CTA|IE","-","n/e"," ","-"
"29/10/2026 03:00:00 - 29/10/2026 04:00:00","CTA|IE","-","n/e"," ","-"
"29/10/2026 04:00:00 - 29/10/2026 05:00:00","CTA|IE","-","n/e"," ","-"
"29/10/2026 05:00:00 - 29/10/2026 06:00:00","CTA|IE","-","n/e"," ","-"
"29/10/2026 06:00:00 - 29/10/2026 07:00:00","CTA|IE","-","n/e"," ","-"
"29/10/2026 07:00:00 - 29/10/2026 08:00:00","CTA|IE","-","n/e"," ","-"
"29/10/2026 08:00:00 - 29/10/2026 09:00:00","CTA|IE","-","n/e"," ","-"
"29/10/2026 09:00:00 - 29/10/2026 10:00:00","CTA|IE","-","n/e"," ","-"
"29/10/2026 10:00:00 - 29/10/2026 11:00:00","CTA|IE","-","n/e"," ","-"
"29/10/2026 11:00:00 - 29/10/2026 12:00:00","CTA|IE","-","n/e"," ","-"
"29/10/2026 12:00:00 - 29/10/2026 13:00:00","CTA|IE","-","n/e"," ","-"
"29/10/2026 13:00:00 - 29/10/2026 14:00:00","CTA|IE","-","n/e"," ","-"
"29/10/2026 14:00:00 - 29/10/2026 15:00:00","CTA|IE","-","n/e"," ","-"
"29/10/2026 15:00:00 - 29/10/2026 16:00:00","CTA|IE","-","n/e"," ","-"
"29/10/2026 16:00:00 - 29/10/2026 17:00:00","CTA|IE","-","n/e"," ","-"
"29/10/2026 17:00:00 - 29/10/2026 18:00:00","CTA|IE","-","n/e"," ","-"
"29/10/2026 18:00:00 - 29/10/2026 19:00:00","CTA|IE","-","n/e"," ","-"
"29/10/2026 19:00:00 - 29/10/2026 20:00:00","CTA|IE","-","n/e"," ","-"
"29/10/2026 20:00:00 - 29/10/2026 21:00:00","CTA|IE","-","n/e"," ","-"
"29/10/2026 21:00:00 - 29/10/2026 22:00:00","CTA|IE","-","n/e"," ","-"
"29/10/2026 22:00:00 - 29/10/2026 23:00:00","CTA|IE","-","n/e"," ","-"
"29/10/2026 23:00:00 - 30/10/2026 00:00:00","CTA|IE","-","n/e"," ","-"
"30/10/2026 00:00:00 - 30/10/2026 01:00:00","CTA|IE","-","n/e"," ","-"
"30/10/2026 01:00:00 - 30/10/2026 02:00:00","CTA|IE","-","n/e"," ","-"
"30/10/2026 02:00:00 - 30/10/2026 03:00:00","CTA|IE","-","n/e"," ","-"
"30/10/2026 03:00:00 - 30/10/2026 04:00:00","CTA|IE","-","n/e"," ","-"
"30/10/2026 04:00:00 - 30/10/2026 05:00:00","CTA|IE","-","n/e"," ","-"
"30/10/2026 05:00:00 - 30/10/2026 06:00:00","CTA|IE","-","n/e"," ","-"
"30/10/2026 06:00:00 - 30/10/2026 07:00:00","CTA|IE","-","n/e"," ","-"
"30/10/2026 07:00:00 - 30/10/2026 08:00:00","CTA|IE","-","n/e"," ","-"
"30/10/2026 08:00:00 - 30/10/2026 09:00:00","CTA|IE","-","n/e"," ","-"
"30/10/2026 09:00:00 - 30/10/2026 10:00:00","CTA|IE","-","n/e"," ","-"
"30/10/2026 10:00:00 - 30/10/2026 11:00:00","CTA|IE","-","n/e"," ","-"
"30/10/2026 11:00:00 - 30/10/2026 12:00:00","CTA|IE","-","n/e"," ","-"
"30/10/2026 12:00:00 - 30/10/2026 13:00:00","CTA|IE","-","n/e"," ","-"
"30/10/2026 13:00:00 - 30/10/2026 14:00:00","CTA|IE","-","n/e"," ","-"
"30/10/2026 14:00:00 - 30/10/2026 15:00:00","CTA|IE","-","n/e"," ","-"
"30/10/2026 15:00:00 - 30/10/2026 16:00:00","CTA|IE","-","n/e"," ","-"
"30/10/2026 16:00:00 - 30/10/2026 17:00:00","CTA|IE","-","n/e"," ","-"
"30/10/2026 17:00:00 - 30/10/2026 18:00:00","CTA|IE","-","n/e"," ","-"
"30/10/2026 18:00:00 - 30/10/2026 19:00:00","CTA|IE","-","n/e"," ","-"
"30/10/2026 19:00:00 - 30/10/2026 20:00:00","CTA|IE","-","n/e"," ","-"
"30/10/2026 20:00:00 - 30/10/2026 21:00:00","CTA|IE","-","n/e"," ","-"
"30/10/2026 21:00:00 - 30/10/2026 22:00:00","CTA|IE","-","n/e"," ","-"
"30/10/2026 22:00:00 - 30/10/2026 23:00:00","CTA|IE","-","n/e"," ","-"
"30/10/2026 23:00:00 - 31/10/2026 00:00:00","CTA|IE","-","n/e"," ","-"
"31/10/2026 00:00:00 - 31/10/2026 01:00:00","CTA|IE","-","n/e"," ","-"
"31/10/2026 01:00:00 - 31/10/2026 02:00:00","CTA|IE","-","n/e"," ","-"
"31/10/2026 02:00:00 - 31/10/2026 03:00:00","CTA|IE","-","n/e"," ","-"
"31/10/2026 03:00:00 - 31/10/2026 04:00:00","CTA|IE","-","n/e"," ","-"
"31/10/2026 04:00:00 - 31/10/2026 05:00:00","CTA|IE","-","n/e"," ","-"
"31/10/2026 05:00:00 - 31/10/2026 06:00:00","CTA|IE","-","n/e"," ","-"
"31/10/2026 06:00:00 - 31/10/2026 07:00:00","CTA|IE","-","n/e"," ","-"
"31/10/2026 07:00:00 - 31/10/2026 08:00:00","CTA|IE","-","n/e"," ","-"
"31/10/2026 08:00:00 - 31/10/2026 09:00:00","CTA|IE","-","n/e"," ","-"
"31/10/2026 09:00:00 - 31/10/2026 10:00:00","CTA|IE","-","n/e"," ","-"
"31/10/2026 10:00:00 - 31/10/2026 11:00:00","CTA|IE","-","n/e"," ","-"
"31/10/2026 11:00:00 - 31/10/2026 12:00:00","CTA|IE","-","n/e"," ","-"
"31/10/2026 12:00:00 - 31/10/2026 13:00:00","CTA|IE","-","n/e"," ","-"
"31/10/2026 13:00:00 - 31/10/2026 14:00:00","CTA|IE","-","n/e"," ","-"
"31/10/2026 14:00:00 - 31/10/2026 15:00:00","CTA|IE","-","n/e"," ","-"
"31/10/2026 15:00:00 - 31/10/2026 16:00:00","CTA|IE","-","n/e"," ","-"
"31/10/2026 16:00:00 - 31/10/2026 17:00:00","CTA|IE","-","n/e"," ","-"
"31/10/2026 17:00:00 - 31/10/2026 18:00:00","CTA|IE","-","n/e"," ","-"
"31/10/2026 18:00:00 - 31/10/2026 19:00:00","CTA|IE","-","n/e"," ","-"
"31/10/2026 19:00:00 - 31/10/2026 20:00:00","CTA|IE","-","n/e"," ","-"
"31/10/2026 20:00:00 - 31/10/2026 21:00:00","CTA|IE","-","n/e"," ","-"
"31/10/2026 21:00:00 - 31/10/2026 22:00:00","CTA|IE","-","n/e"," ","-"
"31/10/2026 22:00:00 - 31/10/2026 23:00:00","CTA|IE","-","n/e"," ","-"
"31/10/2026 23:00:00 - 01/11/2026 00:00:00","CTA|IE","-","n/e"," ","-"
"01/11/2026 00:00:00 - 01/11/2026 01:00:00","CTA|IE","-","n/e"," ","-"
"01/11/2026 01:00:00 - 01/11/2026 02:00:00","CTA|IE","-","n/e"," ","-"
"01/11/2026 02:00:00 - 01/11/2026 03:00:00","CTA|IE","-","n/e"," ","-"
"01/11/2026 03:00:00 - 01/11/2026 04:00:00","CTA|IE","-","n/e"," ","-"
"01/11/2026 04:00:00 - 01/11/2026 05:00:00","CTA|IE","-","n/e"," ","-"
"01/11/2026 05:00:00 - 01/11/2026 06:00:00","CTA|IE","-","n/e"," ","-"
"01/11/2026 06:00:00 - 01/11/2026 07:00:00","CTA|IE","-","n/e"," ","-"
"01/11/2026 07:00:00 - 01/11/2026 08:00:00","CTA|IE","-","n/e"," ","-"
"01/11/2026 08:00:00 - 01/11/2026 09:00:00","CTA|IE","-","n/e"," ","-"
"01/11/2026 09:00:00 - 01/11/2026 10:00:00","CTA|IE","-","n/e"," ","-"
"01/11/2026 10:00:00 - 01/11/2026 11:00:00","CTA|IE","-","n/e"," ","-"
"01/11/2026 11:00:00 - 01/11/2026 12:00:00","CTA|IE","-","n/e"," ","-"
"01/11/2026 12:00:00 - 01/11/2026 13:00:00","CTA|IE","-","n/e"," ","-"
"01/11/2026 13:00:00 - 01/11/2026 14:00:00","CTA|IE","-","n/e"," ","-"
"01/11/2026 14:00:00 - 01/11/2026 15:00:00","CTA|IE","-","n/e"," ","-"
"01/11/2026 15:00:00 - 01/11/2026 16:00:00","CTA|IE","-","n/e"," ","-"
"01/11/2026 16:00:00 - 01/11/2026 17:00:00","CTA|IE","-","n/e"," ","-"
"01/11/2026 17:00:00 - 01/11/2026 18:00:00","CTA|IE","-","n/e"," ","-"
"01/11/2026 18:00:00 - 01/11/2026 19:00:00","CTA|IE","-","n/e"," ","-"
"01/11/2026 19:00:00 - 01/11/2026 20:00:00","CTA|IE","-","n/e"," ","-"
"01/11/2026 20:00:00 - 01/11/2026 21:00:00","CTA|IE","-","n/e"," ","-"
"01/11/2026 21:00:00 - 01/11/2026 22:00:00","CTA|IE","-","n/e"," ","-"
"01/11/2026 22:00:00 - 01/11/2026 23:00:00","CTA|IE","-","n/e"," ","-"
"01/11/2026 23:00:00 - 02/11/2026 00:00:00","CTA|IE","-","n/e"," ","-"
"02/11/2026 00:00:00 - 02/11/2026 01:00:00","CTA|IE","-","n/e"," ","-"
"02/11/2026 01:00:00 - 02/11/2026 02:00:00","CTA|IE","-","n/e"," ","-"
"02/11/2026 02:00:00 - 02/11/2026 03:00:00","CTA|IE","-","n/e"," ","-"
"02/11/2026 03:00:00 - 02/11/2026 04:00:00","CTA|IE","-","n/e"," ","-"
"02/11/2026 04:00:00 - 02/11/2026 05:00:00","CTA|IE","-","n/e"," ","-"
"02/11/2026 05:00:00 - 02/11/2026 06:00:00","CTA|IE","-","n/e"," ","-"
"02/11/2026 06:00:00 - 02/11/2026 07:00:00","CTA|IE","-","n/e"," ","-"
"02/11/2026 07:00:00 - 02/11/2026 08:00:00","CTA|IE","-","n/e"," ","-"
"02/11/2026 08:00:00 - 02/11/2026 09:00:00","CTA|IE","-","n/e"," ","-"
"02/11/2026 09:00:00 - 02/11/2026 10:00:00","CTA|IE","-","n/e"," ","-"
"02/11/2026 10:00:00 - 02/11/2026 11:00:00","CTA|IE","-","n/e"," ","-"
"02/11/2026 11:00:00 - 02/11/2026 12:00:00","CTA|IE","-","n/e"," ","-"
"02/11/2026 12:00:00 - 02/11/2026 13:00:00","CTA|IE","-","n/e"," ","-"
"02/11/2026 13:00:00 - 02/11/2026 14:00:00","CTA|IE","-","n/e"," ","-"
"02/11/2026 14:00:00 - 02/11/2026 15:00:00","CTA|IE","-","n/e"," ","-"
"02/11/2026 15:00:00 - 02/11/2026 16:00:00","CTA|IE","-","n/e"," ","-"
"02/11/2026 16:00:00 - 02/11/2026 17:00:00","CTA|IE","-","n/e"," ","-"
"02/11/2026 17:00:00 - 02/11/2026 18:00:00","CTA|IE","-","n/e"," ","-"
"02/11/2026 18:00:00 - 02/11/2026 19:00:00","CTA|IE","-","n/e"," ","-"
"02/11/2026 19:00:00 - 02/11/2026 20:00:00","CTA|IE","-","n/e"," ","-"
"02/11/2026 20:00:00 - 02/11/2026 21:00:00","CTA|IE","-","n/e"," ","-"
"02/11/2026 21:00:00 - 02/11/2026 22:00:00","CTA|IE","-","n/e"," ","-"
"02/11/2026 22:00:00 - 02/11/2026 23:00:00","CTA|IE","-","n/e"," ","-"
"02/11/2026 23:00:00 - 03/11/2026 00:00:00","CTA|IE","-","n/e"," ","-"
"03/11/2026 00:00:00 - 03/11/2026 01:00:00","CTA|IE","-","n/e"," ","-"
"03/11/2026 01:00:00 - 03/11/2026 02:00:00","CTA|IE","-","n/e"," ","-"
"03/11/2026 02:00:00 - 03/11/2026 03:00:00","CTA|IE","-","n/e"," ","-"
"03/11/2026 03:00:00 - 03/11/2026 04:00:00","CTA|IE","-","n/e"," ","-"
"03/11/2026 04:00:00 - 03/11/2026 05:00:00","CTA|IE","-","n/e"," ","-"
"03/11/2026 05:00:00 - 03/11/2026 06:00:00","CTA|IE","-","n/e"," ","-"
"03/11/2026 06:00:00 - 03/11/2026 07:00:00","CTA|IE","-","n/e"," ","-"
"03/11/2026 07:00:00 - 03/11/2026 08:00:00","CTA|IE","-","n/e"," ","-"
"03/11/2026 08:00:00 - 03/11/2026 09:00:00","CTA|IE","-","n/e"," ","-"
"03/11/2026 09:00:00 - 03/11/2026 10:00:00","CTA|IE","-","n/e"," ","-"
"03/11/2026 10:00:00 - 03/11/2026 11:00:00","CTA|IE","-","n/e"," ","-"
"03/11/2026 11:00:00 - 03/11/2026 12:00:00","CTA|IE","-","n/e"," ","-"
"03/11/2026 12:00:00 - 03/11/2026 13:00:00","CTA|IE","-","n/e"," ","-"
"03/11/2026 13:00:00 - 03/11/2026 14:00:00","CTA|IE","-","n/e"," ","-"
"03/11/2026 14:00:00 - 03/11/2026 15:00:00","CTA|IE","-","n/e"," ","-"
"03/11/2026 15:00:00 - 03/11/2026 16:00:00","CTA|IE","-","n/e"," ","-"
"03/11/2026 16:00:00 - 03/11/2026 17:00:00","CTA|IE","-","n/e"," ","-"
"03/11/2026 17:00:00 - 03/11/2026 18:00:00","CTA|IE","-","n/e"," ","-"
"03/11/2026 18:00:00 - 03/11/2026 19:00:00","CTA|IE","-","n/e"," ","-"
"03/11/2026 19:00:00 - 03/11/2026 20:00:00","CTA|IE","-","n/e"," ","-"
"03/11/2026 20:00:00 - 03/11/2026 21:00:00","CTA|IE","-","n/e"," ","-"
"03/11/2026 21:00:00 - 03/11/2026 22:00:00","CTA|IE","-","n/e"," ","-"
"03/11/2026 22:00:00 - 03/11/2026 23:00:00","CTA|IE","-","n/e"," ","-"
"03/11/2026 23:00:00 - 04/11/2026 00:00:00","CTA|IE","-","n/e"," ","-"
"04/11/2026 00:00:00 - 04/11/2026 01:00:00","CTA|IE","-","n/e"," ","-"
"04/11/2026 01:00:00 - 04/11/2026 02:00:00","CTA|IE","-","n/e"," ","-"
"04/11/2026 02:00:00 - 04/11/2026 03:00:00","CTA|IE","-","n/e"," ","-"
"04/11/2026 03:00:00 - 04/11/2026 04:00:00","CTA|IE","-","n/e"," ","-"
"04/11/2026 04:00:00 - 04/11/2026 05:00:00","CTA|IE","-","n/e"," ","-"
"04/11/2026 05:00:00 - 04/11/2026 06:00:00","CTA|IE","-","n/e"," ","-"
"04/11/2026 06:00:00 - 04/11/2026 07:00:00","CTA|IE","-","n/e"," ","-"
"04/11/2026 07:00:00 - 04/11/2026 08:00:00","CTA|IE","-","n/e"," ","-"
"04/11/2026 08:00:00 - 04/11/2026 09:00:00","CTA|IE","-","n/e"," ","-"
"04/11/2026 09:00:00 - 04/11/2026 10:00:00","CTA|IE","-","n/e"," ","-"
"04/11/2026 10:00:00 - 04/11/2026 11:00:00","CTA|IE","-","n/e"," ","-"
"04/11/2026 11:00:00 - 04/11/2026 12:00:00","CTA|IE","-","n/e"," ","-"
"04/11/2026 12:00:00 - 04/11/2026 13:00:00","CTA|IE","-","n/e"," ","-"
"04/11/2026 13:00:00 - 04/11/2026 14:00:00","CTA|IE","-","n/e"," ","-"
"04/11/2026 14:00:00 - 04/11/2026 15:00:00","CTA|IE","-","n/e"," ","-"
"04/11/2026 15:00:00 - 04/11/2026 16:00:00","CTA|IE","-","n/e"," ","-"
"04/11/2026 16:00:00 - 04/11/2026 17:00:00","CTA|IE","-","n/e"," ","-"
"04/11/2026 17:00:00 - 04/11/2026 18:00:00","CTA|IE","-","n/e"," ","-"
"04/11/2026 18:00:00 - 04/11/2026 19:00:00","CTA|IE","-","n/e"," ","-"
"04/11/2026 19:00:00 - 04/11/2026 20:00:00","CTA|IE","-","n/e"," ","-"
"04/11/2026 20:00:00 - 04/11/2026 21:00:00","CTA|IE","-","n/e"," ","-"
"04/11/2026 21:00:00 - 04/11/2026 22:00:00","CTA|IE","-","n/e"," ","-"
"04/11/2026 22:00:00 - 04/11/2026 23:00:00","CTA|IE","-","n/e"," ","-"
"04/11/2026 23:00:00 - 05/11/2026 00:00:00","CTA|IE","-","n/e"," ","-"
"05/11/2026 00:00:00 - 05/11/2026 01:00:00","CTA|IE","-","n/e"," ","-"
"05/11/2026 01:00:00 - 05/11/2026 02:00:00","CTA|IE","-","n/e"," ","-"
"05/11/2026 02:00:00 - 05/11/2026 03:00:00","CTA|IE","-","n/e"," ","-"
"05/11/2026 03:00:00 - 05/11/2026 04:00:00","CTA|IE","-","n/e"," ","-"
"05/11/2026 04:00:00 - 05/11/2026 05:00:00","CTA|IE","-","n/e"," ","-"
"05/11/2026 05:00:00 - 05/11/2026 06:00:00","CTA|IE","-","n/e"," ","-"
"05/11/2026 06:00:00 - 05/11/2026 07:00:00","CTA|IE","-","n/e"," ","-"
"05/11/2026 07:00:00 - 05/11/2026 08:00:00","CTA|IE","-","n/e"," ","-"
"05/11/2026 08:00:00 - 05/11/2026 09:00:00","CTA|IE","-","n/e"," ","-"
"05/11/2026 09:00:00 - 05/11/2026 10:00:00","CTA|IE","-","n/e"," ","-"
"05/11/2026 10:00:00 - 05/11/2026 11:00:00","CTA|IE","-","n/e"," ","-"
"05/11/2026 11:00:00 - 05/11/2026 12:00:00","CTA|IE","-","n/e"," ","-"
"05/11/2026 12:00:00 - 05/11/2026 13:00:00","CTA|IE","-","n/e"," ","-"
"05/11/2026 13:00:00 - 05/11/2026 14:00:00","CTA|IE","-","n/e"," ","-"
"05/11/2026 14:00:00 - 05/11/2026 15:00:00","CTA|IE","-","n/e"," ","-"
"05/11/2026 15:00:00 - 05/11/2026 16:00:00","CTA|IE","-","n/e"," ","-"
"05/11/2026 16:00:00 - 05/11/2026 17:00:00","CTA|IE","-","n/e"," ","-"
"05/11/2026 17:00:00 - 05/11/2026 18:00:00","CTA|IE","-","n/e"," ","-"
"05/11/2026 18:00:00 - 05/11/2026 19:00:00","CTA|IE","-","n/e"," ","-"
"05/11/2026 19:00:00 - 05/11/2026 20:00:00","CTA|IE","-","n/e"," ","-"
"05/11/2026 20:00:00 - 05/11/2026 21:00:00","CTA|IE","-","n/e"," ","-"
"05/11/2026 21:00:00 - 05/11/2026 22:00:00","CTA|IE","-","n/e"," ","-"
"05/11/2026 22:00:00 - 05/11/2026 23:00:00","CTA|IE","-","n/e"," ","-"
"05/11/2026 23:00:00 - 06/11/2026 00:00:00","CTA|IE","-","n/e"," ","-"
"06/11/2026 00:00:00 - 06/11/2026 01:00:00","CTA|IE","-","n/e"," ","-"
"06/11/2026 01:00:00 - 06/11/2026 02:00:00","CTA|IE","-","n/e"," ","-"
"06/11/2026 02:00:00 - 06/11/2026 03:00:00","CTA|IE","-","n/e"," ","-"
"06/11/2026 03:00:00 - 06/11/2026 04:00:00","CTA|IE","-","n/e"," ","-"
"06/11/2026 04:00:00 - 06/11/2026 05:00:00","CTA|IE","-","n/e"," ","-"
"06/11/2026 05:00:00 - 06/11/2026 06:00:00","CTA|IE","-","n/e"," ","-"
"06/11/2026 06:00:00 - 06/11/2026 07:00:00","CTA|IE","-","n/e"," ","-"
"06/11/2026 07:00:00 - 06/11/2026 08:00:00","CTA|IE","-","n/e"," ","-"
"06/11/2026 08:00:00 - 06/11/2026 09:00:00","CTA|IE","-","n/e"," ","-"
"06/11/2026 09:00:00 - 06/11/2026 10:00:00","CTA|IE","-","n/e"," ","-"
"06/11/2026 10:00:00 - 06/11/2026 11:00:00","CTA|IE","-","n/e"," ","-"
"06/11/2026 11:00:00 - 06/11/2026 12:00:00","CTA|IE","-","n/e"," ","-"
"06/11/2026 12:00:00 - 06/11/2026 13:00:00","CTA|IE","-","n/e"," ","-"
"06/11/2026 13:00:00 - 06/11/2026 14:00:00","CTA|IE","-","n/e"," ","-"
"06/11/2026 14:00:00 - 06/11/2026 15:00:00","CTA|IE","-","n/e"," ","-"
"06/11/2026 15:00:00 - 06/11/2026 16:00:00","CTA|IE","-","n/e"," ","-"
"06/11/2026 16:00:00 - 06/11/2026 17:00:00","CTA|IE","-","n/e"," ","-"
"06/11/2026 17:00:00 - 06/11/2026 18:00:00","CTA|IE","-","n/e"," ","-"
"06/11/2026 18:00:00 - 06/11/2026 19:00:00","CTA|IE","-","n/e"," ","-"
"06/11/2026 19:00:00 - 06/11/2026 20:00:00","CTA|IE","-","n/e"," ","-"
"06/11/2026 20:00:00 - 06/11/2026 21:00:00","CTA|IE","-","n/e"," ","-"
"06/11/2026 21:00:00 - 06/11/2026 22:00:00","CTA|IE","-","n/e"," ","-"
"06/11/2026 22:00:00 - 06/11/2026 23:00:00","CTA|IE","-","n/e"," ","-"
"06/11/2026 23:00:00 - 07/11/2026 00:00:00","CTA|IE","-","n/e"," ","-"
"07/11/2026 00:00:00 - 07/11/2026 01:00:00","CTA|IE","-","n/e"," ","-"
"07/11/2026 01:00:00 - 07/11/2026 02:00:00","CTA|IE","-","n/e"," ","-"
"07/11/2026 02:00:00 - 07/11/2026 03:00:00","CTA|IE","-","n/e"," ","-"
"07/11/2026 03:00:00 - 07/11/2026 04:00:00","CTA|IE","-","n/e"," ","-"
"07/11/2026 04:00:00 - 07/11/2026 05:00:00","CTA|IE","-","n/e"," ","-"
"07/11/2026 05:00:00 - 07/11/2026 06:00:00","CTA|IE","-","n/e"," ","-"
"07/11/2026 06:00:00 - 07/11/2026 07:00:00","CTA|IE","-","n/e"," ","-"
"07/11/2026 07:00:00 - 07/11/2026 08:00:00","CTA|IE","-","n/e"," ","-"
"07/11/2026 08:00:00 - 07/11/2026 09:00:00","CTA|IE","-","n/e"," ","-"
"07/11/2026 09:00:00 - 07/11/2026 10:00:00","CTA|IE","-","n/e"," ","-"
"07/11/2026 10:00:00 - 07/11/2026 11:00:00","CTA|IE","-","n/e"," ","-"
"07/11/2026 11:00:00 - 07/11/2026 12:00:00","CTA|IE","-","n/e"," ","-"
"07/11/2026 12:00:00 - 07/11/2026 13:00:00","CTA|IE","-","n/e"," ","-"
"07/11/2026 13:00:00 - 07/11/2026 14:00:00","CTA|IE","-","n/e"," ","-"
"07/11/2026 14:00:00 - 07/11/2026 15:00:00","CTA|IE","-","n/e"," ","-"
"07/11/2026 15:00:00 - 07/11/2026 16:00:00","CTA|IE","-","n/e"," ","-"
"07/11/2026 16:00:00 - 07/11/2026 17:00:00","CTA|IE","-","n/e"," ","-"
"07/11/2026 17:00:00 - 07/11/2026 18:00:00","CTA|IE","-","n/e"," ","-"
"07/11/2026 18:00:00 - 07/11/2026 19:00:00","CTA|IE","-","n/e"," ","-"
"07/11/2026 19:00:00 - 07/11/2026 20:00:00","CTA|IE","-","n/e"," ","-"
"07/11/2026 20:00:00 - 07/11/2026 21:00:00","CTA|IE","-","n/e"," ","-"
"07/11/2026 21:00:00 - 07/11/2026 22:00:00","CTA|IE","-","n/e"," ","-"
"07/11/2026 22:00:00 - 07/11/2026 23:00:00","CTA|IE","-","n/e"," ","-"
"07/11/2026 23:00:00 - 08/11/2026 00:00:00","CTA|IE","-","n/e"," ","-"
"08/11/2026 00:00:00 - 08/11/2026 01:00:00","CTA|IE","-","n/e"," ","-"
"08/11/2026 01:00:00 - 08/11/2026 02:00:00","CTA|IE","-","n/e"," ","-"
"08/11/2026 02:00:00 - 08/11/2026 03:00:00","CTA|IE","-","n/e"," ","-"
"08/11/2026 03:00:00 - 08/11/2026 04:00:00","CTA|IE","-","n/e"," ","-"
"08/11/2026 04:00:00 - 08/11/2026 05:00:00","CTA|IE","-","n/e"," ","-"
"08/11/2026 05:00:00 - 08/11/2026 06:00:00","CTA|IE","-","n/e"," ","-"
"08/11/2026 06:00:00 - 08/11/2026 07:00:00","CTA|IE","-","n/e"," ","-"
"08/11/2026 07:00:00 - 08/11/2026 08:00:00","CTA|IE","-","n/e"," ","-"
"08/11/2026 08:00:00 - 08/11/2026 09:00:00","CTA|IE","-","n/e"," ","-"
"08/11/2026 09:00:00 - 08/11/2026 10:00:00","CTA|IE","-","n/e"," ","-"
"08/11/2026 10:00:00 - 08/11/2026 11:00:00","CTA|IE","-","n/e"," ","-"
"08/11/2026 11:00:00 - 08/11/2026 12:00:00","CTA|IE","-","n/e"," ","-"
"08/11/2026 12:00:00 - 08/11/2026 13:00:00","CTA|IE","-","n/e"," ","-"
"08/11/2026 13:00:00 - 08/11/2026 14:00:00","CTA|IE","-","n/e"," ","-"
"08/11/2026 14:00:00 - 08/11/2026 15:00:00","CTA|IE","-","n/e"," ","-"
"08/11/2026 15:00:00 - 08/11/2026 16:00:00","CTA|IE","-","n/e"," ","-"
"08/11/2026 16:00:00 - 08/11/2026 17:00:00","CTA|IE","-","n/e"," ","-"
"08/11/2026 17:00:00 - 08/11/2026 18:00:00","CTA|IE","-","n/e"," ","-"
"08/11/2026 18:00:00 - 08/11/2026 19:00:00","CTA|IE","-","n/e"," ","-"
"08/11/2026 19:00:00 - 08/11/2026 20:00:00","CTA|IE","-","n/e"," ","-"
"08/11/2026 20:00:00 - 08/11/2026 21:00:00","CTA|IE","-","n/e"," ","-"
"08/11/2026 21:00:00 - 08/11/2026 22:00:00","CTA|IE","-","n/e"," ","-"
"08/11/2026 22:00:00 - 08/11/2026 23:00:00","CTA|IE","-","n/e"," ","-"
"08/11/2026 23:00:00 - 09/11/2026 00:00:00","CTA|IE","-","n/e"," ","-"
"09/11/2026 00:00:00 - 09/11/2026 01:00:00","CTA|IE","-","n/e"," ","-"
"09/11/2026 01:00:00 - 09/11/2026 02:00:00","CTA|IE","-","n/e"," ","-"
"09/11/2026 02:00:00 - 09/11/2026 03:00:00","CTA|IE","-","n/e"," ","-"
"09/11/2026 03:00:00 - 09/11/2026 04:00:00","CTA|IE","-","n/e"," ","-"
"09/11/2026 04:00:00 - 09/11/2026 05:00:00","CTA|IE","-","n/e"," ","-"
"09/11/2026 05:00:00 - 09/11/2026 06:00:00","CTA|IE","-","n/e"," ","-"
"09/11/2026 06:00:00 - 09/11/2026 07:00:00","CTA|IE","-","n/e"," ","-"
"09/11/2026 07:00:00 - 09/11/2026 08:00:00","CTA|IE","-","n/e"," ","-"
"09/11/2026 08:00:00 - 09/11/2026 09:00:00","CTA|IE","-","n/e"," ","-"
"09/11/2026 09:00:00 - 09/11/2026 10:00:00","CTA|IE","-","n/e"," ","-"
"09/11/2026 10:00:00 - 09/11/2026 11:00:00","CTA|IE","-","n/e"," ","-"
"09/11/2026 11:00:00 - 09/11/2026 12:00:00","CTA|IE","-","n/e"," ","-"
"09/11/2026 12:00:00 - 09/11/2026 13:00:00","CTA|IE","-","n/e"," ","-"
"09/11/2026 13:00:00 - 09/11/2026 14:00:00","CTA|IE","-","n/e"," ","-"
"09/11/2026 14:00:00 - 09/11/2026 15:00:00","CTA|IE","-","n/e"," ","-"
"09/11/2026 15:00:00 - 09/11/2026 16:00:00","CTA|IE","-","n/e"," ","-"
"09/11/2026 16:00:00 - 09/11/2026 17:00:00","CTA|IE","-","n/e"," ","-"
"09/11/2026 17:00:00 - 09/11/2026 18:00:00","CTA|IE","-","n/e"," ","-"
"09/11/2026 18:00:00 - 09/11/2026 19:00:00","CTA|IE","-","n/e"," ","-"
"09/11/2026 19:00:00 - 09/11/2026 20:00:00","CTA|IE","-","n/e"," ","-"
"09/11/2026 20:00:00 - 09/11/2026 21:00:00","CTA|IE","-","n/e"," ","-"
"09/11/2026 21:00:00 - 09/11/2026 22:00:00","CTA|IE","-","n/e"," ","-"
"09/11/2026 22:00:00 - 09/11/2026 23:00:00","CTA|IE","-","n/e"," ","-"
"09/11/2026 23:00:00 - 10/11/2026 00:00:00","CTA|IE","-","n/e"," ","-"
"10/11/2026 00:00:00 - 10/11/2026 01:00:00","CTA|IE","-","n/e"," ","-"
"10/11/2026 01:00:00 - 10/11/2026 02:00:00","CTA|IE","-","n/e"," ","-"
"10/11/2026 02:00:00 - 10/11/2026 03:00:00","CTA|IE","-","n/e"," ","-"
"10/11/2026 03:00:00 - 10/11/2026 04:00:00","CTA|IE","-","n/e"," ","-"
"10/11/2026 04:00:00 - 10/11/2026 05:00:00","CTA|IE","-","n/e"," ","-"
"10/11/2026 05:00:00 - 10/11/2026 06:00:00","CTA|IE","-","n/e"," ","-"
"10/11/2026 06:00:00 - 10/11/2026 07:00:00","CTA|IE","-","n/e"," ","-"
"10/11/2026 07:00:00 - 10/11/2026 08:00:00","CTA|IE","-","n/e"," ","-"
"10/11/2026 08:00:00 - 10/11/2026 09:00:00","CTA|IE","-","n/e"," ","-"
"10/11/2026 09:00:00 - 10/11/2026 10:00:00","CTA|IE","-","n/e"," ","-"
"10/11/2026 10:00:00 - 10/11/2026 11:00:00","CTA|IE","-","n/e"," ","-"
"10/11/2026 11:00:00 - 10/11/2026 12:00:00","CTA|IE","-","n/e"," ","-"
"10/11/2026 12:00:00 - 10/11/2026 13:00:00","CTA|IE","-","n/e"," ","-"
"10/11/2026 13:00:00 - 10/11/2026 14:00:00","CTA|IE","-","n/e"," ","-"
"10/11/2026 14:00:00 - 10/11/2026 15:00:00","CTA|IE","-","n/e"," ","-"
"10/11/2026 15:00:00 - 10/11/2026 16:00:00","CTA|IE","-","n/e"," ","-"
"10/11/2026 16:00:00 - 10/11/2026 17:00:00","CTA|IE","-","n/e"," ","-"
"10/11/2026 17:00:00 - 10/11/2026 18:00:00","CTA|IE","-","n/e"," ","-"
"10/11/2026 18:00:00 - 10/11/2026 19:00:00","CTA|IE","-","n/e"," ","-"
"10/11/2026 19:00:00 - 10/11/2026 20:00:00","CTA|IE","-","n/e"," ","-"
"10/11/2026 20:00:00 - 10/11/2026 21:00:00","CTA|IE","-","n/e"," ","-"
"10/11/2026 21:00:00 - 10/11/2026 22:00:00","CTA|IE","-","n/e"," ","-"
"10/11/2026 22:00:00 - 10/11/2026 23:00:00","CTA|IE","-","n/e"," ","-"
"10/11/2026 23:00:00 - 11/11/2026 00:00:00","CTA|IE","-","n/e"," ","-"
"11/11/2026 00:00:00 - 11/11/2026 01:00:00","CTA|IE","-","n/e"," ","-"
"11/11/2026 01:00:00 - 11/11/2026 02:00:00","CTA|IE","-","n/e"," ","-"
"11/11/2026 02:00:00 - 11/11/2026 03:00:00","CTA|IE","-","n/e"," ","-"
"11/11/2026 03:00:00 - 11/11/2026 04:00:00","CTA|IE","-","n/e"," ","-"
"11/11/2026 04:00:00 - 11/11/2026 05:00:00","CTA|IE","-","n/e"," ","-"
"11/11/2026 05:00:00 - 11/11/2026 06:00:00","CTA|IE","-","n/e"," ","-"
"11/11/2026 06:00:00 - 11/11/2026 07:00:00","CTA|IE","-","n/e"," ","-"
"11/11/2026 07:00:00 - 11/11/2026 08:00:00","CTA|IE","-","n/e"," ","-"
"11/11/2026 08:00:00 - 11/11/2026 09:00:00","CTA|IE","-","n/e"," ","-"
"11/11/2026 09:00:00 - 11/11/2026 10:00:00","CTA|IE","-","n/e"," ","-"
"11/11/2026 10:00:00 - 11/11/2026 11:00:00","CTA|IE","-","n/e"," ","-"
"11/11/2026 11:00:00 - 11/11/2026 12:00:00","CTA|IE","-","n/e"," ","-"
"11/11/2026 12:00:00 - 11/11/2026 13:00:00","CTA|IE","-","n/e"," ","-"
"11/11/2026 13:00:00 - 11/11/2026 14:00:00","CTA|IE","-","n/e"," ","-"
"11/11/2026 14:00:00 - 11/11/2026 15:00:00","CTA|IE","-","n/e"," ","-"
"11/11/2026 15:00:00 - 11/11/2026 16:00:00","CTA|IE","-","n/e"," ","-"
"11/11/2026 16:00:00 - 11/11/2026 17:00:00","CTA|IE","-","n/e"," ","-"
"11/11/2026 17:00:00 - 11/11/2026 18:00:00","CTA|IE","-","n/e"," ","-"
"11/11/2026 18:00:00 - 11/11/2026 19:00:00","CTA|IE","-","n/e"," ","-"
"11/11/2026 19:00:00 - 11/11/2026 20:00:00","CTA|IE","-","n/e"," ","-"
"11/11/2026 20:00:00 - 11/11/2026 21:00:00","CTA|IE","-","n/e"," ","-"
"11/11/2026 21:00:00 - 11/11/2026 22:00:00","CTA|IE","-","n/e"," ","-"
"11/11/2026 22:00:00 - 11/11/2026 23:00:00","CTA|IE","-","n/e"," ","-"
"11/11/2026 23:00:00 - 12/11/2026 00:00:00","CTA|IE","-","n/e"," ","-"
"12/11/2026 00:00:00 - 12/11/2026 01:00:00","CTA|IE","-","n/e"," ","-"
"12/11/2026 01:00:00 - 12/11/2026 02:00:00","CTA|IE","-","n/e"," ","-"
"12/11/2026 02:00:00 - 12/11/2026 03:00:00","CTA|IE","-","n/e"," ","-"
"12/11/2026 03:00:00 - 12/11/2026 04:00:00","CTA|IE","-","n/e"," ","-"
"12/11/2026 04:00:00 - 12/11/2026 05:00:00","CTA|IE","-","n/e"," ","-"
"12/11/2026 05:00:00 - 12/11/2026 06:00:00","CTA|IE","-","n/e"," ","-"
"12/11/2026 06:00:00 - 12/11/2026 07:00:00","CTA|IE","-","n/e"," ","-"
"12/11/2026 07:00:00 - 12/11/2026 08:00:00","CTA|IE","-","n/e"," ","-"
"12/11/2026 08:00:00 - 12/11/2026 09:00:00","CTA|IE","-","n/e"," ","-"
"12/11/2026 09:00:00 - 12/11/2026 10:00:00","CTA|IE","-","n/e"," ","-"
"12/11/2026 10:00:00 - 12/11/2026 11:00:00","CTA|IE","-","n/e"," ","-"
"12/11/2026 11:00:00 - 12/11/2026 12:00:00","CTA|IE","-","n/e"," ","-"
"12/11/2026 12:00:00 - 12/11/2026 13:00:00","CTA|IE","-","n/e"," ","-"
"12/11/2026 13:00:00 - 12/11/2026 14:00:00","CTA|IE","-","n/e"," ","-"
"12/11/2026 14:00:00 - 12/11/2026 15:00:00","CTA|IE","-","n/e"," ","-"
"12/11/2026 15:00:00 - 12/11/2026 16:00:00","CTA|IE","-","n/e"," ","-"
"12/11/2026 16:00:00 - 12/11/2026 17:00:00","CTA|IE","-","n/e"," ","-"
"12/11/2026 17:00:00 - 12/11/2026 18:00:00","CTA|IE","-","n/e"," ","-"
"12/11/2026 18:00:00 - 12/11/2026 19:00:00","CTA|IE","-","n/e"," ","-"
"12/11/2026 19:00:00 - 12/11/2026 20:00:00","CTA|IE","-","n/e"," ","-"
"12/11/2026 20:00:00 - 12/11/2026 21:00:00","CTA|IE","-","n/e"," ","-"
"12/11/2026 21:00:00 - 12/11/2026 22:00:00","CTA|IE","-","n/e"," ","-"
"12/11/2026 22:00:00 - 12/11/2026 23:00:00","CTA|IE","-","n/e"," ","-"
"12/11/2026 23:00:00 - 13/11/2026 00:00:00","CTA|IE","-","n/e"," ","-"
"13/11/2026 00:00:00 - 13/11/2026 01:00:00","CTA|IE","-","n/e"," ","-"
"13/11/2026 01:00:00 - 13/11/2026 02:00:00","CTA|IE","-","n/e"," ","-"
"13/11/2026 02:00:00 - 13/11/2026 03:00:00","CTA|IE","-","n/e"," ","-"
"13/11/2026 03:00:00 - 13/11/2026 04:00:00","CTA|IE","-","n/e"," ","-"
"13/11/2026 04:00:00 - 13/11/2026 05:00:00","CTA|IE","-","n/e"," ","-"
"13/11/2026 05:00:00 - 13/11/2026 06:00:00","CTA|IE","-","n/e"," ","-"
"13/11/2026 06:00:00 - 13/11/2026 07:00:00","CTA|IE","-","n/e"," ","-"
"13/11/2026 07:00:00 - 13/11/2026 08:00:00","CTA|IE","-","n/e"," ","-"
"13/11/2026 08:00:00 - 13/11/2026 09:00:00","CTA|IE","-","n/e"," ","-"
"13/11/2026 09:00:00 - 13/11/2026 10:00:00","CTA|IE","-","n/e"," ","-"
"13/11/2026 10:00:00 - 13/11/2026 11:00:00","CTA|IE","-","n/e"," ","-"
"13/11/2026 11:00:00 - 13/11/2026 12:00:00","CTA|IE","-","n/e"," ","-"
"13/11/2026 12:00:00 - 13/11/2026 13:00:00","CTA|IE","-","n/e"," ","-"
"13/11/2026 13:00:00 - 13/11/2026 14:00:00","CTA|IE","-","n/e"," ","-"
"13/11/2026 14:00:00 - 13/11/2026 15:00:00","CTA|IE","-","n/e"," ","-"
"13/11/2026 15:00:00 - 13/11/2026 16:00:00","CTA|IE","-","n/e"," ","-"
"13/11/2026 16:00:00 - 13/11/2026 17:00:00","CTA|IE","-","n/e"," ","-"
"13/11/2026 17:00:00 - 13/11/2026 18:00:00","CTA|IE","-","n/e"," ","-"
"13/11/2026 18:00:00 - 13/11/2026 19:00:00","CTA|IE","-","n/e"," ","-"
"13/11/2026 19:00:00 - 13/11/2026 20:00:00","CTA|IE","-","n/e"," ","-"
"13/11/2026 20:00:00 - 13/11/2026 21:00:00","CTA|IE","-","n/e"," ","-"
"13/11/2026 21:00:00 - 13/11/2026 22:00:00","CTA|IE","-","n/e"," ","-"
"13/11/2026 22:00:00 - 13/11/2026 23:00:00","CTA|IE","-","n/e"," ","-"
"13/11/2026 23:00:00 - 14/11/2026 00:00:00","CTA|IE","-","n/e"," ","-"
"14/11/2026 00:00:00 - 14/11/2026 01:00:00","CTA|IE","-","n/e"," ","-"
"14/11/2026 01:00:00 - 14/11/2026 02:00:00","CTA|IE","-","n/e"," ","-"
"14/11/2026 02:00:00 - 14/11/2026 03:00:00","CTA|IE","-","n/e"," ","-"
"14/11/2026 03:00:00 - 14/11/2026 04:00:00","CTA|IE","-","n/e"," ","-"
"14/11/2026 04:00:00 - 14/11/2026 05:00:00","CTA|IE","-","n/e"," ","-"
"14/11/2026 05:00:00 - 14/11/2026 06:00:00","CTA|IE","-","n/e"," ","-"
"14/11/2026 06:00:00 - 14/11/2026 07:00:00","CTA|IE","-","n/e"," ","-"
"14/11/2026 07:00:00 - 14/11/2026 08:00:00","CTA|IE","-","n/e"," ","-"
"14/11/2026 08:00:00 - 14/11/2026 09:00:00","CTA|IE","-","n/e"," ","-"
"14/11/2026 09:00:00 - 14/11/2026 10:00:00","CTA|IE","-","n/e"," ","-"
"14/11/2026 10:00:00 - 14/11/2026 11:00:00","CTA|IE","-","n/e"," ","-"
"14/11/2026 11:00:00 - 14/11/2026 12:00:00","CTA|IE","-","n/e"," ","-"
"14/11/2026 12:00:00 - 14/11/2026 13:00:00","CTA|IE","-","n/e"," ","-"
"14/11/2026 13:00:00 - 14/11/2026 14:00:00","CTA|IE","-","n/e"," ","-"
"14/11/2026 14:00:00 - 14/11/2026 15:00:00","CTA|IE","-","n/e"," ","-"
"14/11/2026 15:00:00 - 14/11/2026 16:00:00","CTA|IE","-","n/e"," ","-"
"14/11/2026 16:00:00 - 14/11/2026 17:00:00","CTA|IE","-","n/e"," ","-"
"14/11/2026 17:00:00 - 14/11/2026 18:00:00","CTA|IE","-","n/e"," ","-"
"14/11/2026 18:00:00 - 14/11/2026 19:00:00","CTA|IE","-","n/e"," ","-"
"14/11/2026 19:00:00 - 14/11/2026 20:00:00","CTA|IE","-","n/e"," ","-"
"14/11/2026 20:00:00 - 14/11/2026 21:00:00","CTA|IE","-","n/e"," ","-"
"14/11/2026 21:00:00 - 14/11/2026 22:00:00","CTA|IE","-","n/e"," ","-"
"14/11/2026 22:00:00 - 14/11/2026 23:00:00","CTA|IE","-","n/e"," ","-"
"14/11/2026 23:00:00 - 15/11/2026 00:00:00","CTA|IE","-","n/e"," ","-"
"15/11/2026 00:00:00 - 15/11/2026 01:00:00","CTA|IE","-","n/e"," ","-"
"15/11/2026 01:00:00 - 15/11/2026 02:00:00","CTA|IE","-","n/e"," ","-"
"15/11/2026 02:00:00 - 15/11/2026 03:00:00","CTA|IE","-","n/e"," ","-"
"15/11/2026 03:00:00 - 15/11/2026 04:00:00","CTA|IE","-","n/e"," ","-"
"15/11/2026 04:00:00 - 15/11/2026 05:00:00","CTA|IE","-","n/e"," ","-"
"15/11/2026 05:00:00 - 15/11/2026 06:00:00","CTA|IE","-","n/e"," ","-"
"15/11/2026 06:00:00 - 15/11/2026 07:00:00","CTA|IE","-","n/e"," ","-"
"15/11/2026 07:00:00 - 15/11/2026 08:00:00","CTA|IE","-","n/e"," ","-"
"15/11/2026 08:00:00 - 15/11/2026 09:00:00","CTA|IE","-","n/e"," ","-"
"15/11/2026 09:00:00 - 15/11/2026 10:00:00","CTA|IE","-","n/e"," ","-"
"15/11/2026 10:00:00 - 15/11/2026 11:00:00","CTA|IE","-","n/e"," ","-"
"15/11/2026 11:00:00 - 15/11/2026 12:00:00","CTA|IE","-","n/e"," ","-"
"15/11/2026 12:00:00 - 15/11/2026 13:00:00","CTA|IE","-","n/e"," ","-"
"15/11/2026 13:00:00 - 15/11/2026 14:00:00","CTA|IE","-","n/e"," ","-"
"15/11/2026 14:00:00 - 15/11/2026 15:00:00","CTA|IE","-","n/e"," ","-"
"15/11/2026 15:00:00 - 15/11/2026 16:00:00","CTA|IE","-","n/e"," ","-"
"15/11/2026 16:00:00 - 15/11/2026 17:00:00","CTA|IE","-","n/e"," ","-"
"15/11/2026 17:00:00 - 15/11/2026 18:00:00","CTA|IE","-","n/e"," ","-"
"15/11/2026 18:00:00 - 15/11/2026 19:00:00","CTA|IE","-","n/e"," ","-"
"15/11/2026 19:00:00 - 15/11/2026 20:00:00","CTA|IE","-","n/e"," ","-"
"15/11/2026 20:00:00 - 15/11/2026 21:00:00","CTA|IE","-","n/e"," ","-"
"15/11/2026 21:00:00 - 15/11/2026 22:00:00","CTA|IE","-","n/e"," ","-"
"15/11/2026 22:00:00 - 15/11/2026 23:00:00","CTA|IE","-","n/e"," ","-"
"15/11/2026 23:00:00 - 16/11/2026 00:00:00","CTA|IE","-","n/e"," ","-"
"16/11/2026 00:00:00 - 16/11/2026 01:00:00","CTA|IE","-","n/e"," ","-"
"16/11/2026 01:00:00 - 16/11/2026 02:00:00","CTA|IE","-","n/e"," ","-"
"16/11/2026 02:00:00 - 16/11/2026 03:00:00","CTA|IE","-","n/e"," ","-"
"16/11/2026 03:00:00 - 16/11/2026 04:00:00","CTA|IE","-","n/e"," ","-"
"16/11/2026 04:00:00 - 16/11/2026 05:00:00","CTA|IE","-","n/e"," ","-"
"16/11/2026 05:00:00 - 16/11/2026 06:00:00","CTA|IE","-","n/e"," ","-"
"16/11/2026 06:00:00 - 16/11/2026 07:00:00","CTA|IE","-","n/e"," ","-"
"16/11/2026 07:00:00 - 16/11/2026 08:00:00","CTA|IE","-","n/e"," ","-"
"16/11/2026 08:00:00 - 16/11/2026 09:00:00","CTA|IE","-","n/e"," ","-"
"16/11/2026 09:00:00 - 16/11/2026 10:00:00","CTA|IE","-","n/e"," ","-"
"16/11/2026 10:00:00 - 16/11/2026 11:00:00","CTA|IE","-","n/e"," ","-"
"16/11/2026 11:00:00 - 16/11/2026 12:00:00","CTA|IE","-","n/e"," ","-"
"16/11/2026 12:00:00 - 16/11/2026 13:00:00","CTA|IE","-","n/e"," ","-"
"16/11/2026 13:00:00 - 16/11/2026 14:00:00","CTA|IE","-","n/e"," ","-"
"16/11/2026 14:00:00 - 16/11/2026 15:00:00","CTA|IE","-","n/e"," ","-"
"16/11/2026 15:00:00 - 16/11/2026 16:00:00","CTA|IE","-","n/e"," ","-"
"16/11/2026 16:00:00 - 16/11/2026 17:00:00","CTA|IE","-","n/e"," ","-"
"16/11/2026 17:00:00 - 16/11/2026 18:00:00","CTA|IE","-","n/e"," ","-"
"16/11/2026 18:00:00 - 16/11/2026 19:00:00","CTA|IE","-","n/e"," ","-"
"16/11/2026 19:00:00 - 16/11/2026 20:00:00","CTA|IE","-","n/e"," ","-"
"16/11/2026 20:00:00 - 16/11/2026 21:00:00","CTA|IE","-","n/e"," ","-"
"16/11/2026 21:00:00 - 16/11/2026 22:00:00","CTA|IE","-","n/e"," ","-"
"16/11/2026 22:00:00 - 16/11/2026 23:00:00","CTA|IE","-","n/e"," ","-"
"16/11/2026 23:00:00 - 17/11/2026 00:00:00","CTA|IE","-","n/e"," ","-"
"17/11/2026 00:00:00 - 17/11/2026 01:00:00","CTA|IE","-","n/e"," ","-"
"17/11/2026 01:00:00 - 17/11/2026 02:00:00","CTA|IE","-","n/e"," ","-"
"17/11/2026 02:00:00 - 17/11/2026 03:00:00","CTA|IE","-","n/e"," ","-"
"17/11/2026 03:00:00 - 17/11/2026 04:00:00","CTA|IE","-","n/e"," ","-"
"17/11/2026 04:00:00 - 17/11/2026 05:00:00","CTA|IE","-","n/e"," ","-"
"17/11/2026 05:00:00 - 17/11/2026 06:00:00","CTA|IE","-","n/e"," ","-"
"17/11/2026 06:00:00 - 17/11/2026 07:00:00","CTA|IE","-","n/e"," ","-"
"17/11/2026 07:00:00 - 17/11/2026 08:00:00","CTA|IE","-","n/e"," ","-"
"17/11/2026 08:00:00 - 17/11/2026 09:00:00","CTA|IE","-","n/e"," ","-"
"17/11/2026 09:00:00 - 17/11/2026 10:00:00","CTA|IE","-","n/e"," ","-"
"17/11/2026 10:00:00 - 17/11/2026 11:00:00","CTA|IE","-","n/e"," ","-"
"17/11/2026 11:00:00 - 17/11/2026 12:00:00","CTA|IE","-","n/e"," ","-"
"17/11/2026 12:00:00 - 17/11/2026 13:00:00","CTA|IE","-","n/e"," ","-"
"17/11/2026 13:00:00 - 17/11/2026 14:00:00","CTA|IE","-","n/e"," ","-"
"17/11/2026 14:00:00 - 17/11/2026 15:00:00","CTA|IE","-","n/e"," ","-"
"17/11/2026 15:00:00 - 17/11/2026 16:00:00","CTA|IE","-","n/e"," ","-"
"17/11/2026 16:00:00 - 17/11/2026 17:00:00","CTA|IE","-","n/e"," ","-"
"17/11/2026 17:00:00 - 17/11/2026 18:00:00","CTA|IE","-","n/e"," ","-"
"17/11/2026 18:00:00 - 17/11/2026 19:00:00","CTA|IE","-","n/e"," ","-"
"17/11/2026 19:00:00 - 17/11/2026 20:00:00","CTA|IE","-","n/e"," ","-"
"17/11/2026 20:00:00 - 17/11/2026 21:00:00","CTA|IE","-","n/e"," ","-"
"17/11/2026 21:00:00 - 17/11/2026 22:00:00","CTA|IE","-","n/e"," ","-"
"17/11/2026 22:00:00 - 17/11/2026 23:00:00","CTA|IE","-","n/e"," ","-"
"17/11/2026 23:00:00 - 18/11/2026 00:00:00","CTA|IE","-","n/e"," ","-"
"18/11/2026 00:00:00 - 18/11/2026 01:00:00","CTA|IE","-","n/e"," ","-"
"18/11/2026 01:00:00 - 18/11/2026 02:00:00","CTA|IE","-","n/e"," ","-"
"18/11/2026 02:00:00 - 18/11/2026 03:00:00","CTA|IE","-","n/e"," ","-"
"18/11/2026 03:00:00 - 18/11/2026 04:00:00","CTA|IE","-","n/e"," ","-"
"18/11/2026 04:00:00 - 18/11/2026 05:00:00","CTA|IE","-","n/e"," ","-"
"18/11/2026 05:00:00 - 18/11/2026 06:00:00","CTA|IE","-","n/e"," ","-"
"18/11/2026 06:00:00 - 18/11/2026 07:00:00","CTA|IE","-","n/e"," ","-"
"18/11/2026 07:00:00 - 18/11/2026 08:00:00","CTA|IE","-","n/e"," ","-"
"18/11/2026 08:00:00 - 18/11/2026 09:00:00","CTA|IE","-","n/e"," ","-"
"18/11/2026 09:00:00 - 18/11/2026 10:00:00","CTA|IE","-","n/e"," ","-"
"18/11/2026 10:00:00 - 18/11/2026 11:00:00","CTA|IE","-","n/e"," ","-"
"18/11/2026 11:00:00 - 18/11/2026 12:00:00","CTA|IE","-","n/e"," ","-"
"18/11/2026 12:00:00 - 18/11/2026 13:00:00","CTA|IE","-","n/e"," ","-"
"18/11/2026 13:00:00 - 18/11/2026 14:00:00","CTA|IE","-","n/e"," ","-"
"18/11/2026 14:00:00 - 18/11/2026 15:00:00","CTA|IE","-","n/e"," ","-"
"18/11/2026 15:00:00 - 18/11/2026 16:00:00","CTA|IE","-","n/e"," ","-"
"18/11/2026 16:00:00 - 18/11/2026 17:00:00","CTA|IE","-","n/e"," ","-"
"18/11/2026 17:00:00 - 18/11/2026 18:00:00","CTA|IE","-","n/e"," ","-"
"18/11/2026 18:00:00 - 18/11/2026 19:00:00","CTA|IE","-","n/e"," ","-"
"18/11/2026 19:00:00 - 18/11/2026 20:00:00","CTA|IE","-","n/e"," ","-"
"18/11/2026 20:00:00 - 18/11/2026 21:00:00","CTA|IE","-","n/e"," ","-"
"18/11/2026 21:00:00 - 18/11/2026 22:00:00","CTA|IE","-","n/e"," ","-"
"18/11/2026 22:00:00 - 18/11/2026 23:00:00","CTA|IE","-","n/e"," ","-"
"18/11/2026 23:00:00 - 19/11/2026 00:00:00","CTA|IE","-","n/e"," ","-"
"19/11/2026 00:00:00 - 19/11/2026 01:00:00","CTA|IE","-","n/e"," ","-"
"19/11/2026 01:00:00 - 19/11/2026 02:00:00","CTA|IE","-","n/e"," ","-"
"19/11/2026 02:00:00 - 19/11/2026 03:00:00","CTA|IE","-","n/e"," ","-"
"19/11/2026 03:00:00 - 19/11/2026 04:00:00","CTA|IE","-","n/e"," ","-"
"19/11/2026 04:00:00 - 19/11/2026 05:00:00","CTA|IE","-","n/e"," ","-"
"19/11/2026 05:00:00 - 19/11/2026 06:00:00","CTA|IE","-","n/e"," ","-"
"19/11/2026 06:00:00 - 19/11/2026 07:00:00","CTA|IE","-","n/e"," ","-"
"19/11/2026 07:00:00 - 19/11/2026 08:00:00","CTA|IE","-","n/e"," ","-"
"19/11/2026 08:00:00 - 19/11/2026 09:00:00","CTA|IE","-","n/e"," ","-"
"19/11/2026 09:00:00 - 19/11/2026 10:00:00","CTA|IE","-","n/e"," ","-"
"19/11/2026 10:00:00 - 19/11/2026 11:00:00","CTA|IE","-","n/e"," ","-"
"19/11/2026 11:00:00 - 19/11/2026 12:00:00","CTA|IE","-","n/e"," ","-"
"19/11/2026 12:00:00 - 19/11/2026 13:00:00","CTA|IE","-","n/e"," ","-"
"19/11/2026 13:00:00 - 19/11/2026 14:00:00","CTA|IE","-","n/e"," ","-"
"19/11/2026 14:00:00 - 19/11/2026 15:00:00","CTA|IE","-","n/e"," ","-"
"19/11/2026 15:00:00 - 19/11/2026 16:00:00","CTA|IE","-","n/e"," ","-"
"19/11/2026 16:00:00 - 19/11/2026 17:00:00","CTA|IE","-","n/e"," ","-"
"19/11/2026 17:00:00 - 19/11/2026 18:00:00","CTA|IE","-","n/e"," ","-"
"19/11/2026 18:00:00 - 19/11/2026 19:00:00","CTA|IE","-","n/e"," ","-"
"19/11/2026 19:00:00 - 19/11/2026 20:00:00","CTA|IE","-","n/e"," ","-"
"19/11/2026 20:00:00 - 19/11/2026 21:00:00","CTA|IE","-","n/e"," ","-"
"19/11/2026 21:00:00 - 19/11/2026 22:00:00","CTA|IE","-","n/e"," ","-"
"19/11/2026 22:00:00 - 19/11/2026 23:00:00","CTA|IE","-","n/e"," ","-"
"19/11/2026 23:00:00 - 20/11/2026 00:00:00","CTA|IE","-","n/e"," ","-"
"20/11/2026 00:00:00 - 20/11/2026 01:00:00","CTA|IE","-","n/e"," ","-"
"20/11/2026 01:00:00 - 20/11/2026 02:00:00","CTA|IE","-","n/e"," ","-"
"20/11/2026 02:00:00 - 20/11/2026 03:00:00","CTA|IE","-","n/e"," ","-"
"20/11/2026 03:00:00 - 20/11/2026 04:00:00","CTA|IE","-","n/e"," ","-"
"20/11/2026 04:00:00 - 20/11/2026 05:00:00","CTA|IE","-","n/e"," ","-"
"20/11/2026 05:00:00 - 20/11/2026 06:00:00","CTA|IE","-","n/e"," ","-"
"20/11/2026 06:00:00 - 20/11/2026 07:00:00","CTA|IE","-","n/e"," ","-"
"20/11/2026 07:00:00 - 20/11/2026 08:00:00","CTA|IE","-","n/e"," ","-"
"20/11/2026 08:00:00 - 20/11/2026 09:00:00","CTA|IE","-","n/e"," ","-"
"20/11/2026 09:00:00 - 20/11/2026 10:00:00","CTA|IE","-","n/e"," ","-"
"20/11/2026 10:00:00 - 20/11/2026 11:00:00","CTA|IE","-","n/e"," ","-"
"20/11/2026 11:00:00 - 20/11/2026 12:00:00","CTA|IE","-","n/e"," ","-"
"20/11/2026 12:00:00 - 20/11/2026 13:00:00","CTA|IE","-","n/e"," ","-"
"20/11/2026 13:00:00 - 20/11/2026 14:00:00","CTA|IE","-","n/e"," ","-"
"20/11/2026 14:00:00 - 20/11/2026 15:00:00","CTA|IE","-","n/e"," ","-"
"20/11/2026 15:00:00 - 20/11/2026 16:00:00","CTA|IE","-","n/e"," ","-"
"20/11/2026 16:00:00 - 20/11/2026 17:00:00","CTA|IE","-","n/e"," ","-"
"20/11/2026 17:00:00 - 20/11/2026 18:00:00","CTA|IE","-","n/e"," ","-"
"20/11/2026 18:00:00 - 20/11/2026 19:00:00","CTA|IE","-","n/e"," ","-"
"20/11/2026 19:00:00 - 20/11/2026 20:00:00","CTA|IE","-","n/e"," ","-"
"20/11/2026 20:00:00 - 20/11/2026 21:00:00","CTA|IE","-","n/e"," ","-"
"20/11/2026 21:00:00 - 20/11/2026 22:00:00","CTA|IE","-","n/e"," ","-"
"20/11/2026 22:00:00 - 20/11/2026 23:00:00","CTA|IE","-","n/e"," ","-"
"20/11/2026 23:00:00 - 21/11/2026 00:00:00","CTA|IE","-","n/e"," ","-"
"21/11/2026 00:00:00 - 21/11/2026 01:00:00","CTA|IE","-","n/e"," ","-"
"21/11/2026 01:00:00 - 21/11/2026 02:00:00","CTA|IE","-","n/e"," ","-"
"21/11/2026 02:00:00 - 21/11/2026 03:00:00","CTA|IE","-","n/e"," ","-"
"21/11/2026 03:00:00 - 21/11/2026 04:00:00","CTA|IE","-","n/e"," ","-"
"21/11/2026 04:00:00 - 21/11/2026 05:00:00","CTA|IE","-","n/e"," ","-"
"21/11/2026 05:00:00 - 21/11/2026 06:00:00","CTA|IE","-","n/e"," ","-"
"21/11/2026 06:00:00 - 21/11/2026 07:00:00","CTA|IE","-","n/e"," ","-"
"21/11/2026 07:00:00 - 21/11/2026 08:00:00","CTA|IE","-","n/e"," ","-"
"21/11/2026 08:00:00 - 21/11/2026 09:00:00","CTA|IE","-","n/e"," ","-"
"21/11/2026 09:00:00 - 21/11/2026 10:00:00","CTA|IE","-","n/e"," ","-"
"21/11/2026 10:00:00 - 21/11/2026 11:00:00","CTA|IE","-","n/e"," ","-"
"21/11/2026 11:00:00 - 21/11/2026 12:00:00","CTA|IE","-","n/e"," ","-"
"21/11/2026 12:00:00 - 21/11/2026 13:00:00","CTA|IE","-","n/e"," ","-"
"21/11/2026 13:00:00 - 21/11/2026 14:00:00","CTA|IE","-","n/e"," ","-"
"21/11/2026 14:00:00 - 21/11/2026 15:00:00","CTA|IE","-","n/e"," ","-"
"21/11/2026 15:00:00 - 21/11/2026 16:00:00","CTA|IE","-","n/e"," ","-"
"21/11/2026 16:00:00 - 21/11/2026 17:00:00","CTA|IE","-","n/e"," ","-"
"21/11/2026 17:00:00 - 21/11/2026 18:00:00","CTA|IE","-","n/e"," ","-"
"21/11/2026 18:00:00 - 21/11/2026 19:00:00","CTA|IE","-","n/e"," ","-"
"21/11/2026 19:00:00 - 21/11/2026 20:00:00","CTA|IE","-","n/e"," ","-"
"21/11/2026 20:00:00 - 21/11/2026 21:00:00","CTA|IE","-","n/e"," ","-"
"21/11/2026 21:00:00 - 21/11/2026 22:00:00","CTA|IE","-","n/e"," ","-"
"21/11/2026 22:00:00 - 21/11/2026 23:00:00","CTA|IE","-","n/e"," ","-"
"21/11/2026 23:00:00 - 22/11/2026 00:00:00","CTA|IE","-","n/e"," ","-"
"22/11/2026 00:00:00 - 22/11/2026 01:00:00","CTA|IE","-","n/e"," ","-"
"22/11/2026 01:00:00 - 22/11/2026 02:00:00","CTA|IE","-","n/e"," ","-"
"22/11/2026 02:00:00 - 22/11/2026 03:00:00","CTA|IE","-","n/e"," ","-"
"22/11/2026 03:00:00 - 22/11/2026 04:00:00","CTA|IE","-","n/e"," ","-"
"22/11/2026 04:00:00 - 22/11/2026 05:00:00","CTA|IE","-","n/e"," ","-"
"22/11/2026 05:00:00 - 22/11/2026 06:00:00","CTA|IE","-","n/e"," ","-"
"22/11/2026 06:00:00 - 22/11/2026 07:00:00","CTA|IE","-","n/e"," ","-"
"22/11/2026 07:00:00 - 22/11/2026 08:00:00","CTA|IE","-","n/e"," ","-"
"22/11/2026 08:00:00 - 22/11/2026 09:00:00","CTA|IE","-","n/e"," ","-"
"22/11/2026 09:00:00 - 22/11/2026 10:00:00","CTA|IE","-","n/e"," ","-"
"22/11/2026 10:00:00 - 22/11/2026 11:00:00","CTA|IE","-","n/e"," ","-"
"22/11/2026 11:00:00 - 22/11/2026 12:00:00","CTA|IE","-","n/e"," ","-"
"22/11/2026 12:00:00 - 22/11/2026 13:00:00","CTA|IE","-","n/e"," ","-"
"22/11/2026 13:00:00 - 22/11/2026 14:00:00","CTA|IE","-","n/e"," ","-"
"22/11/2026 14:00:00 - 22/11/2026 15:00:00","CTA|IE","-","n/e"," ","-"
"22/11/2026 15:00:00 - 22/11/2026 16:00:00","CTA|IE","-","n/e"," ","-"
"22/11/2026 16:00:00 - 22/11/2026 17:00:00","CTA|IE","-","n/e"," ","-"
"22/11/2026 17:00:00 - 22/11/2026 18:00:00","CTA|IE","-","n/e"," ","-"
"22/11/2026 18:00:00 - 22/11/2026 19:00:00","CTA|IE","-","n/e"," ","-"
"22/11/2026 19:00:00 - 22/11/2026 20:00:00","CTA|IE","-","n/e"," ","-"
"22/11/2026 20:00:00 - 22/11/2026 21:00:00","CTA|IE","-","n/e"," ","-"
"22/11/2026 21:00:00 - 22/11/2026 22:00:00","CTA|IE","-","n/e"," ","-"
"22/11/2026 22:00:00 - 22/11/2026 23:00:00","CTA|IE","-","n/e"," ","-"
"22/11/2026 23:00:00 - 23/11/2026 00:00:00","CTA|IE","-","n/e"," ","-"
"23/11/2026 00:00:00 - 23/11/2026 01:00:00","CTA|IE","-","n/e"," ","-"
"23/11/2026 01:00:00 - 23/11/2026 02:00:00","CTA|IE","-","n/e"," ","-"
"23/11/2026 02:00:00 - 23/11/2026 03:00:00","CTA|IE","-","n/e"," ","-"
"23/11/2026 03:00:00 - 23/11/2026 04:00:00","CTA|IE","-","n/e"," ","-"
"23/11/2026 04:00:00 - 23/11/2026 05:00:00","CTA|IE","-","n/e"," ","-"
"23/11/2026 05:00:00 - 23/11/2026 06:00:00","CTA|IE","-","n/e"," ","-"
"23/11/2026 06:00:00 - 23/11/2026 07:00:00","CTA|IE","-","n/e"," ","-"
"23/11/2026 07:00:00 - 23/11/2026 08:00:00","CTA|IE","-","n/e"," ","-"
"23/11/2026 08:00:00 - 23/11/2026 09:00:00","CTA|IE","-","n/e"," ","-"
"23/11/2026 09:00:00 - 23/11/2026 10:00:00","CTA|IE","-","n/e"," ","-"
"23/11/2026 10:00:00 - 23/11/2026 11:00:00","CTA|IE","-","n/e"," ","-"
"23/11/2026 11:00:00 - 23/11/2026 12:00:00","CTA|IE","-","n/e"," ","-"
"23/11/2026 12:00:00 - 23/11/2026 13:00:00","CTA|IE","-","n/e"," ","-"
"23/11/2026 13:00:00 - 23/11/2026 14:00:00","CTA|IE","-","n/e"," ","-"
"23/11/2026 14:00:00 - 23/11/2026 15:00:00","CTA|IE","-","n/e"," ","-"
"23/11/2026 15:00:00 - 23/11/2026 16:00:00","CTA|IE","-","n/e"," ","-"
"23/11/2026 16:00:00 - 23/11/2026 17:00:00","CTA|IE","-","n/e"," ","-"
"23/11/2026 17:00:00 - 23/11/2026 18:00:00","CTA|IE","-","n/e"," ","-"
"23/11/2026 18:00:00 - 23/11/2026 19:00:00","CTA|IE","-","n/e"," ","-"
"23/11/2026 19:00:00 - 23/11/2026 20:00:00","CTA|IE","-","n/e"," ","-"
"23/11/2026 20:00:00 - 23/11/2026 21:00:00","CTA|IE","-","n/e"," ","-"
"23/11/2026 21:00:00 - 23/11/2026 22:00:00","CTA|IE","-","n/e"," ","-"
"23/11/2026 22:00:00 - 23/11/2026 23:00:00","CTA|IE","-","n/e"," ","-"
"23/11/2026 23:00:00 - 24/11/2026 00:00:00","CTA|IE","-","n/e"," ","-"
"24/11/2026 00:00:00 - 24/11/2026 01:00:00","CTA|IE","-","n/e"," ","-"
"24/11/2026 01:00:00 - 24/11/2026 02:00:00","CTA|IE","-","n/e"," ","-"
"24/11/2026 02:00:00 - 24/11/2026 03:00:00","CTA|IE","-","n/e"," ","-"
"24/11/2026 03:00:00 - 24/11/2026 04:00:00","CTA|IE","-","n/e"," ","-"
"24/11/2026 04:00:00 - 24/11/2026 05:00:00","CTA|IE","-","n/e"," ","-"
"24/11/2026 05:00:00 - 24/11/2026 06:00:00","CTA|IE","-","n/e"," ","-"
"24/11/2026 06:00:00 - 24/11/2026 07:00:00","CTA|IE","-","n/e"," ","-"
"24/11/2026 07:00:00 - 24/11/2026 08:00:00","CTA|IE","-","n/e"," ","-"
"24/11/2026 08:00:00 - 24/11/2026 09:00:00","CTA|IE","-","n/e"," ","-"
"24/11/2026 09:00:00 - 24/11/2026 10:00:00","CTA|IE","-","n/e"," ","-"
"24/11/2026 10:00:00 - 24/11/2026 11:00:00","CTA|IE","-","n/e"," ","-"
"24/11/2026 11:00:00 - 24/11/2026 12:00:00","CTA|IE","-","n/e"," ","-"
"24/11/2026 12:00:00 - 24/11/2026 13:00:00","CTA|IE","-","n/e"," ","-"
"24/11/2026 13:00:00 - 24/11/2026 14:00:00","CTA|IE","-","n/e"," ","-"
"24/11/2026 14:00:00 - 24/11/2026 15:00:00","CTA|IE","-","n/e"," ","-"
"24/11/2026 15:00:00 - 24/11/2026 16:00:00","CTA|IE","-","n/e"," ","-"
"24/11/2026 16:00:00 - 24/11/2026 17:00:00","CTA|IE","-","n/e"," ","-"
"24/11/2026 17:00:00 - 24/11/2026 18:00:00","CTA|IE","-","n/e"," ","-"
"24/11/2026 18:00:00 - 24/11/2026 19:00:00","CTA|IE","-","n/e"," ","-"
"24/11/2026 19:00:00 - 24/11/2026 20:00:00","CTA|IE","-","n/e"," ","-"
"24/11/2026 20:00:00 - 24/11/2026 21:00:00","CTA|IE","-","n/e"," ","-"
"24/11/2026 21:00:00 - 24/11/2026 22:00:00","CTA|IE","-","n/e"," ","-"
"24/11/2026 22:00:00 - 24/11/2026 23:00:00","CTA|IE","-","n/e"," ","-"
"24/11/2026 23:00:00 - 25/11/2026 00:00:00","CTA|IE","-","n/e"," ","-"
"25/11/2026 00:00:00 - 25/11/2026 01:00:00","CTA|IE","-","n/e"," ","-"
"25/11/2026 01:00:00 - 25/11/2026 02:00:00","CTA|IE","-","n/e"," ","-"
"25/11/2026 02:00:00 - 25/11/2026 03:00:00","CTA|IE","-","n/e"," ","-"
"25/11/2026 03:00:00 - 25/11/2026 04:00:00","CTA|IE","-","n/e"," ","-"
"25/11/2026 04:00:00 - 25/11/2026 05:00:00","CTA|IE","-","n/e"," ","-"
"25/11/2026 05:00:00 - 25/11/2026 06:00:00","CTA|IE","-","n/e"," ","-"
"25/11/2026 06:00:00 - 25/11/2026 07:00:00","CTA|IE","-","n/e"," ","-"
"25/11/2026 07:00:00 - 25/11/2026 08:00:00","CTA|IE","-","n/e"," ","-"
"25/11/2026 08:00:00 - 25/11/2026 09:00:00","CTA|IE","-","n/e"," ","-"
"25/11/2026 09:00:00 - 25/11/2026 10:00:00","CTA|IE","-","n/e"," ","-"
"25/11/2026 10:00:00 - 25/11/2026 11:00:00","CTA|IE","-","n/e"," ","-"
"25/11/2026 11:00:00 - 25/11/2026 12:00:00","CTA|IE","-","n/e"," ","-"
"25/11/2026 12:00:00 - 25/11/2026 13:00:00","CTA|IE","-","n/e"," ","-"
"25/11/2026 13:00:00 - 25/11/2026 14:00:00","CTA|IE","-","n/e"," ","-"
"25/11/2026 14:00:00 - 25/11/2026 15:00:00","CTA|IE","-","n/e"," ","-"
"25/11/2026 15:00:00 - 25/11/2026 16:00:00","CTA|IE","-","n/e"," ","-"
"25/11/2026 16:00:00 - 25/11/2026 17:00:00","CTA|IE","-","n/e"," ","-"
"25/11/2026 17:00:00 - 25/11/2026 18:00:00","CTA|IE","-","n/e"," ","-"
"25/11/2026 18:00:00 - 25/11/2026 19:00:00","CTA|IE","-","n/e"," ","-"
"25/11/2026 19:00:00 - 25/11/2026 20:00:00","CTA|IE","-","n/e"," ","-"
"25/11/2026 20:00:00 - 25/11/2026 21:00:00","CTA|IE","-","n/e"," ","-"
"25/11/2026 21:00:00 - 25/11/2026 22:00:00","CTA|IE","-","n/e"," ","-"
"25/11/2026 22:00:00 - 25/11/2026 23:00:00","CTA|IE","-","n/e"," ","-"
"25/11/2026 23:00:00 - 26/11/2026 00:00:00","CTA|IE","-","n/e"," ","-"
"26/11/2026 00:00:00 - 26/11/2026 01:00:00","CTA|IE","-","n/e"," ","-"
"26/11/2026 01:00:00 - 26/11/2026 02:00:00","CTA|IE","-","n/e"," ","-"
"26/11/2026 02:00:00 - 26/11/2026 03:00:00","CTA|IE","-","n/e"," ","-"
"26/11/2026 03:00:00 - 26/11/2026 04:00:00","CTA|IE","-","n/e"," ","-"
"26/11/2026 04:00:00 - 26/11/2026 05:00:00","CTA|IE","-","n/e"," ","-"
"26/11/2026 05:00:00 - 26/11/2026 06:00:00","CTA|IE","-","n/e"," ","-"
"26/11/2026 06:00:00 - 26/11/2026 07:00:00","CTA|IE","-","n/e"," ","-"
"26/11/2026 07:00:00 - 26/11/2026 08:00:00","CTA|IE","-","n/e"," ","-"
"26/11/2026 08:00:00 - 26/11/2026 09:00:00","CTA|IE","-","n/e"," ","-"
"26/11/2026 09:00:00 - 26/11/2026 10:00:00","CTA|IE","-","n/e"," ","-"
"26/11/2026 10:00:00 - 26/11/2026 11:00:00","CTA|IE","-","n/e"," ","-"
"26/11/2026 11:00:00 - 26/11/2026 12:00:00","CTA|IE","-","n/e"," ","-"
"26/11/2026 12:00:00 - 26/11/2026 13:00:00","CTA|IE","-","n/e"," ","-"
"26/11/2026 13:00:00 - 26/11/2026 14:00:00","CTA|IE","-","n/e"," ","-"
"26/11/2026 14:00:00 - 26/11/2026 15:00:00","CTA|IE","-","n/e"," ","-"
"26/11/2026 15:00:00 - 26/11/2026 16:00:00","CTA|IE","-","n/e"," ","-"
"26/11/2026 16:00:00 - 26/11/2026 17:00:00","CTA|IE","-","n/e"," ","-"
"26/11/2026 17:00:00 - 26/11/2026 18:00:00","CTA|IE","-","n/e"," ","-"
"26/11/2026 18:00:00 - 26/11/2026 19:00:00","CTA|IE","-","n/e"," ","-"
"26/11/2026 19:00:00 - 26/11/2026 20:00:00","CTA|IE","-","n/e"," ","-"
"26/11/2026 20:00:00 - 26/11/2026 21:00:00","CTA|IE","-","n/e"," ","-"
"26/11/2026 21:00:00 - 26/11/2026 22:00:00","CTA|IE","-","n/e"," ","-"
"26/11/2026 22:00:00 - 26/11/2026 23:00:00","CTA|IE","-","n/e"," ","-"
"26/11/2026 23:00:00 - 27/11/2026 00:00:00","CTA|IE","-","n/e"," ","-"
"27/11/2026 00:00:00 - 27/11/2026 01:00:00","CTA|IE","-","n/e"," ","-"
"27/11/2026 01:00:00 - 27/11/2026 02:00:00","CTA|IE","-","n/e"," ","-"
"27/11/2026 02:00:00 - 27/11/2026 03:00:00","CTA|IE","-","n/e"," ","-"
"27/11/2026 03:00:00 - 27/11/2026 04:00:00","CTA|IE","-","n/e"," ","-"
"27/11/2026 04:00:00 - 27/11/2026 05:00:00","CTA|IE","-","n/e"," ","-"
"27/11/2026 05:00:00 - 27/11/2026 06:00:00","CTA|IE","-","n/e"," ","-"
"27/11/2026 06:00:00 - 27/11/2026 07:00:00","CTA|IE","-","n/e"," ","-"
"27/11/2026 07:00:00 - 27/11/2026 08:00:00","CTA|IE","-","n/e"," ","-"
"27/11/2026 08:00:00 - 27/11/2026 09:00:00","CTA|IE","-","n/e"," ","-"
"27/11/2026 09:00:00 - 27/11/2026 10:00:00","CTA|IE","-","n/e"," ","-"
"27/11/2026 10:00:00 - 27/11/2026 11:00:00","CTA|IE","-","n/e"," ","-"
"27/11/2026 11:00:00 - 27/11/2026 12:00:00","CTA|IE","-","n/e"," ","-"
"27/11/2026 12:00:00 - 27/11/2026 13:00:00","CTA|IE","-","n/e"," ","-"
"27/11/2026 13:00:00 - 27/11/2026 14:00:00","CTA|IE","-","n/e"," ","-"
"27/11/2026 14:00:00 - 27/11/2026 15:00:00","CTA|IE","-","n/e"," ","-"
"27/11/2026 15:00:00 - 27/11/2026 16:00:00","CTA|IE","-","n/e"," ","-"
"27/11/2026 16:00:00 - 27/11/2026 17:00:00","CTA|IE","-","n/e"," ","-"
"27/11/2026 17:00:00 - 27/11/2026 18:00:00","CTA|IE","-","n/e"," ","-"
"27/11/2026 18:00:00 - 27/11/2026 19:00:00","CTA|IE","-","n/e"," ","-"
"27/11/2026 19:00:00 - 27/11/2026 20:00:00","CTA|IE","-","n/e"," ","-"
"27/11/2026 20:00:00 - 27/11/2026 21:00:00","CTA|IE","-","n/e"," ","-"
"27/11/2026 21:00:00 - 27/11/2026 22:00:00","CTA|IE","-","n/e"," ","-"
"27/11/2026 22:00:00 - 27/11/2026 23:00:00","CTA|IE","-","n/e"," ","-"
"27/11/2026 23:00:00 - 28/11/2026 00:00:00","CTA|IE","-","n/e"," ","-"
"28/11/2026 00:00:00 - 28/11/2026 01:00:00","CTA|IE","-","n/e"," ","-"
"28/11/2026 01:00:00 - 28/11/2026 02:00:00","CTA|IE","-","n/e"," ","-"
"28/11/2026 02:00:00 - 28/11/2026 03:00:00","CTA|IE","-","n/e"," ","-"
"28/11/2026 03:00:00 - 28/11/2026 04:00:00","CTA|IE","-","n/e"," ","-"
"28/11/2026 04:00:00 - 28/11/2026 05:00:00","CTA|IE","-","n/e"," ","-"
"28/11/2026 05:00:00 - 28/11/2026 06:00:00","CTA|IE","-","n/e"," ","-"
"28/11/2026 06:00:00 - 28/11/2026 07:00:00","CTA|IE","-","n/e"," ","-"
"28/11/2026 07:00:00 - 28/11/2026 08:00:00","CTA|IE","-","n/e"," ","-"
"28/11/2026 08:00:00 - 28/11/2026 09:00:00","CTA|IE","-","n/e"," ","-"
"28/11/2026 09:00:00 - 28/11/2026 10:00:00","CTA|IE","-","n/e"," ","-"
"28/11/2026 10:00:00 - 28/11/2026 11:00:00","CTA|IE","-","n/e"," ","-"
"28/11/2026 11:00:00 - 28/11/2026 12:00:00","CTA|IE","-","n/e"," ","-"
"28/11/2026 12:00:00 - 28/11/2026 13:00:00","CTA|IE","-","n/e"," ","-"
"28/11/2026 13:00:00 - 28/11/2026 14:00:00","CTA|IE","-","n/e"," ","-"
"28/11/2026 14:00:00 - 28/11/2026 15:00:00","CTA|IE","-","n/e"," ","-"
"28/11/2026 15:00:00 - 28/11/2026 16:00:00","CTA|IE","-","n/e"," ","-"
"28/11/2026 16:00:00 - 28/11/2026 17:00:00","CTA|IE","-","n/e"," ","-"
"28/11/2026 17:00:00 - 28/11/2026 18:00:00","CTA|IE","-","n/e"," ","-"
"28/11/2026 18:00:00 - 28/11/2026 19:00:00","CTA|IE","-","n/e"," ","-"
"28/11/2026 19:00:00 - 28/11/2026 20:00:00","CTA|IE","-","n/e"," ","-"
"28/11/2026 20:00:00 - 28/11/2026 21:00:00","CTA|IE","-","n/e"," ","-"
"28/11/2026 21:00:00 - 28/11/2026 22:00:00","CTA|IE","-","n/e"," ","-"
"28/11/2026 22:00:00 - 28/11/2026 23:00:00","CTA|IE","-","n/e"," ","-"
"28/11/2026 23:00:00 - 29/11/2026 00:00:00","CTA|IE","-","n/e"," ","-"
"29/11/2026 00:00:00 - 29/11/2026 01:00:00","CTA|IE","-","n/e"," ","-"
"29/11/2026 01:00:00 - 29/11/2026 02:00:00","CTA|IE","-","n/e"," ","-"
"29/11/2026 02:00:00 - 29/11/2026 03:00:00","CTA|IE","-","n/e"," ","-"
"29/11/2026 03:00:00 - 29/11/2026 04:00:00","CTA|IE","-","n/e"," ","-"
"29/11/2026 04:00:00 - 29/11/2026 05:00:00","CTA|IE","-","n/e"," ","-"
"29/11/2026 05:00:00 - 29/11/2026 06:00:00","CTA|IE","-","n/e"," ","-"
"29/11/2026 06:00:00 - 29/11/2026 07:00:00","CTA|IE","-","n/e"," ","-"
"29/11/2026 07:00:00 - 29/11/2026 08:00:00","CTA|IE","-","n/e"," ","-"
"29/11/2026 08:00:00 - 29/11/2026 09:00:00","CTA|IE","-","n/e"," ","-"
"29/11/2026 09:00:00 - 29/11/2026 10:00:00","CTA|IE","-","n/e"," ","-"
"29/11/2026 10:00:00 - 29/11/2026 11:00:00","CTA|IE","-","n/e"," ","-"
"29/11/2026 11:00:00 - 29/11/2026 12:00:00","CTA|IE","-","n/e"," ","-"
"29/11/2026 12:00:00 - 29/11/2026 13:00:00","CTA|IE","-","n/e"," ","-"
"29/11/2026 13:00:00 - 29/11/2026 14:00:00","CTA|IE","-","n/e"," ","-"
"29/11/2026 14:00:00 - 29/11/2026 15:00:00","CTA|IE","-","n/e"," ","-"
"29/11/2026 15:00:00 - 29/11/2026 16:00:00","CTA|IE","-","n/e"," ","-"
"29/11/2026 16:00:00 - 29/11/2026 17:00:00","CTA|IE","-","n/e"," ","-"
"29/11/2026 17:00:00 - 29/11/2026 18:00:00","CTA|IE","-","n/e"," ","-"
"29/11/2026 18:00:00 - 29/11/2026 19:00:00","CTA|IE","-","n/e"," ","-"
"29/11/2026 19:00:00 - 29/11/2026 20:00:00","CTA|IE","-","n/e"," ","-"
"29/11/2026 20:00:00 - 29/11/2026 21:00:00","CTA|IE","-","n/e"," ","-"
"29/11/2026 21:00:00 - 29/11/2026 22:00:00","CTA|IE","-","n/e"," ","-"
"29/11/2026 22:00:00 - 29/11/2026 23:00:00","CTA|IE","-","n/e"," ","-"
"29/11/2026 23:00:00 - 30/11/2026 00:00:00","CTA|IE","-","n/e"," ","-"
"30/11/2026 00:00:00 - 30/11/2026 01:00:00","CTA|IE","-","n/e"," ","-"
"30/11/2026 01:00:00 - 30/11/2026 02:00:00","CTA|IE","-","n/e"," ","-"
"30/11/2026 02:00:00 - 30/11/2026 03:00:00","CTA|IE","-","n/e"," ","-"
"30/11/2026 03:00:00 - 30/11/2026 04:00:00","CTA|IE","-","n/e"," ","-"
"30/11/2026 04:00:00 - 30/11/2026 05:00:00","CTA|IE","-","n/e"," ","-"
"30/11/2026 05:00:00 - 30/11/2026 06:00:00","CTA|IE","-","n/e"," ","-"
"30/11/2026 06:00:00 - 30/11/2026 07:00:00","CTA|IE","-","n/e"," ","-"
"30/11/2026 07:00:00 - 30/11/2026 08:00:00","CTA|IE","-","n/e"," ","-"
"30/11/2026 08:00:00 - 30/11/2026 09:00:00","CTA|IE","-","n/e"," ","-"
"30/11/2026 09:00:00 - 30/11/2026 10:00:00","CTA|IE","-","n/e"," ","-"
"30/11/2026 10:00:00 - 30/11/2026 11:00:00","CTA|IE","-","n/e"," ","-"
"30/11/2026 11:00:00 - 30/11/2026 12:00:00","CTA|IE","-","n/e"," ","-"
"30/11/2026 12:00:00 - 30/11/2026 13:00:00","CTA|IE","-","n/e"," ","-"
"30/11/2026 13:00:00 - 30/11/2026 14:00:00","CTA|IE","-","n/e"," ","-"
"30/11/2026 14:00:00 - 30/11/2026 15:00:00","CTA|IE","-","n/e"," ","-"
"30/11/2026 15:00:00 - 30/11/2026 16:00:00","CTA|IE","-","n/e"," ","-"
"30/11/2026 16:00:00 - 30/11/2026 17:00:00","CTA|IE","-","n/e"," ","-"
"30/11/2026 17:00:00 - 30/11/2026 18:00:00","CTA|IE","-","n/e"," ","-"
"30/11/2026 18:00:00 - 30/11/2026 19:00:00","CTA|IE","-","n/e"," ","-"
"30/11/2026 19:00:00 - 30/11/2026 20:00:00","CTA|IE","-","n/e"," ","-"
"30/11/2026 20:00:00 - 30/11/2026 21:00:00","CTA|IE","-","n/e"," ","-"
"30/11/2026 21:00:00 - 30/11/2026 22:00:00","CTA|IE","-","n/e"," ","-"
"30/11/2026 22:00:00 - 30/11/2026 23:00:00","CTA|IE","-","n/e"," ","-"
"30/11/2026 23:00:00 - 01/12/2026 00:00:00","CTA|IE","-","n/e"," ","-"
"01/12/2026 00:00:00 - 01/12/2026 01:00:00","CTA|IE","-","n/e"," ","-"
"01/12/2026 01:00:00 - 01/12/2026 02:00:00","CTA|IE","-","n/e"," ","-"
"01/12/2026 02:00:00 - 01/12/2026 03:00:00","CTA|IE","-","n/e"," ","-"
"01/12/2026 03:00:00 - 01/12/2026 04:00:00","CTA|IE","-","n/e"," ","-"
"01/12/2026 04:00:00 - 01/12/2026 05:00:00","CTA|IE","-","n/e"," ","-"
"01/12/2026 05:00:00 - 01/12/2026 06:00:00","CTA|IE","-","n/e"," ","-"
"01/12/2026 06:00:00 - 01/12/2026 07:00:00","CTA|IE","-","n/e"," ","-"
"01/12/2026 07:00:00 - 01/12/2026 08:00:00","CTA|IE","-","n/e"," ","-"
"01/12/2026 08:00:00 - 01/12/2026 09:00:00","CTA|IE","-","n/e"," ","-"
"01/12/2026 09:00:00 - 01/12/2026 10:00:00","CTA|IE","-","n/e"," ","-"
"01/12/2026 10:00:00 - 01/12/2026 11:00:00","CTA|IE","-","n/e"," ","-"
"01/12/2026 11:00:00 - 01/12/2026 12:00:00","CTA|IE","-","n/e"," ","-"
"01/12/2026 12:00:00 - 01/12/2026 13:00:00","CTA|IE","-","n/e"," ","-"
"01/12/2026 13:00:00 - 01/12/2026 14:00:00","CTA|IE","-","n/e"," ","-"
"01/12/2026 14:00:00 - 01/12/2026 15:00:00","CTA|IE","-","n/e"," ","-"
"01/12/2026 15:00:00 - 01/12/2026 16:00:00","CTA|IE","-","n/e"," ","-"
"01/12/2026 16:00:00 - 01/12/2026 17:00:00","CTA|IE","-","n/e"," ","-"
"01/12/2026 17:00:00 - 01/12/2026 18:00:00","CTA|IE","-","n/e"," ","-"
"01/12/2026 18:00:00 - 01/12/2026 19:00:00","CTA|IE","-","n/e"," ","-"
"01/12/2026 19:00:00 - 01/12/2026 20:00:00","CTA|IE","-","n/e"," ","-"
"01/12/2026 20:00:00 - 01/12/2026 21:00:00","CTA|IE","-","n/e"," ","-"
"01/12/2026 21:00:00 - 01/12/2026 22:00:00","CTA|IE","-","n/e"," ","-"
"01/12/2026 22:00:00 - 01/12/2026 23:00:00","CTA|IE","-","n/e"," ","-"
"01/12/2026 23:00:00 - 02/12/2026 00:00:00","CTA|IE","-","n/e"," ","-"
"02/12/2026 00:00:00 - 02/12/2026 01:00:00","CTA|IE","-","n/e"," ","-"
"02/12/2026 01:00:00 - 02/12/2026 02:00:00","CTA|IE","-","n/e"," ","-"
"02/12/2026 02:00:00 - 02/12/2026 03:00:00","CTA|IE","-","n/e"," ","-"
"02/12/2026 03:00:00 - 02/12/2026 04:00:00","CTA|IE","-","n/e"," ","-"
"02/12/2026 04:00:00 - 02/12/2026 05:00:00","CTA|IE","-","n/e"," ","-"
"02/12/2026 05:00:00 - 02/12/2026 06:00:00","CTA|IE","-","n/e"," ","-"
"02/12/2026 06:00:00 - 02/12/2026 07:00:00","CTA|IE","-","n/e"," ","-"
"02/12/2026 07:00:00 - 02/12/2026 08:00:00","CTA|IE","-","n/e"," ","-"
"02/12/2026 08:00:00 - 02/12/2026 09:00:00","CTA|IE","-","n/e"," ","-"
"02/12/2026 09:00:00 - 02/12/2026 10:00:00","CTA|IE","-","n/e"," ","-"
"02/12/2026 10:00:00 - 02/12/2026 11:00:00","CTA|IE","-","n/e"," ","-"
"02/12/2026 11:00:00 - 02/12/2026 12:00:00","CTA|IE","-","n/e"," ","-"
"02/12/2026 12:00:00 - 02/12/2026 13:00:00","CTA|IE","-","n/e"," ","-"
"02/12/2026 13:00:00 - 02/12/2026 14:00:00","CTA|IE","-","n/e"," ","-"
"02/12/2026 14:00:00 - 02/12/2026 15:00:00","CTA|IE","-","n/e"," ","-"
"02/12/2026 15:00:00 - 02/12/2026 16:00:00","CTA|IE","-","n/e"," ","-"
"02/12/2026 16:00:00 - 02/12/2026 17:00:00","CTA|IE","-","n/e"," ","-"
"02/12/2026 17:00:00 - 02/12/2026 18:00:00","CTA|IE","-","n/e"," ","-"
"02/12/2026 18:00:00 - 02/12/2026 19:00:00","CTA|IE","-","n/e"," ","-"
"02/12/2026 19:00:00 - 02/12/2026 20:00:00","CTA|IE","-","n/e"," ","-"
"02/12/2026 20:00:00 - 02/12/2026 21:00:00","CTA|IE","-","n/e"," ","-"
"02/12/2026 21:00:00 - 02/12/2026 22:00:00","CTA|IE","-","n/e"," ","-"
"02/12/2026 22:00:00 - 02/12/2026 23:00:00","CTA|IE","-","n/e"," ","-"
"02/12/2026 23:00:00 - 03/12/2026 00:00:00","CTA|IE","-","n/e"," ","-"
"03/12/2026 00:00:00 - 03/12/2026 01:00:00","CTA|IE","-","n/e"," ","-"
"03/12/2026 01:00:00 - 03/12/2026 02:00:00","CTA|IE","-","n/e"," ","-"
"03/12/2026 02:00:00 - 03/12/2026 03:00:00","CTA|IE","-","n/e"," ","-"
"03/12/2026 03:00:00 - 03/12/2026 04:00:00","CTA|IE","-","n/e"," ","-"
"03/12/2026 04:00:00 - 03/12/2026 05:00:00","CTA|IE","-","n/e"," ","-"
"03/12/2026 05:00:00 - 03/12/2026 06:00:00","CTA|IE","-","n/e"," ","-"
"03/12/2026 06:00:00 - 03/12/2026 07:00:00","CTA|IE","-","n/e"," ","-"
"03/12/2026 07:00:00 - 03/12/2026 08:00:00","CTA|IE","-","n/e"," ","-"
"03/12/2026 08:00:00 - 03/12/2026 09:00:00","CTA|IE","-","n/e"," ","-"
"03/12/2026 09:00:00 - 03/12/2026 10:00:00","CTA|IE","-","n/e"," ","-"
"03/12/2026 10:00:00 - 03/12/2026 11:00:00","CTA|IE","-","n/e"," ","-"
"03/12/2026 11:00:00 - 03/12/2026 12:00:00","CTA|IE","-","n/e"," ","-"
"03/12/2026 12:00:00 - 03/12/2026 13:00:00","CTA|IE","-","n/e"," ","-"
"03/12/2026 13:00:00 - 03/12/2026 14:00:00","CTA|IE","-","n/e"," ","-"
"03/12/2026 14:00:00 - 03/12/2026 15:00:00","CTA|IE","-","n/e"," ","-"
"03/12/2026 15:00:00 - 03/12/2026 16:00:00","CTA|IE","-","n/e"," ","-"
"03/12/2026 16:00:00 - 03/12/2026 17:00:00","CTA|IE","-","n/e"," ","-"
"03/12/2026 17:00:00 - 03/12/2026 18:00:00","CTA|IE","-","n/e"," ","-"
"03/12/2026 18:00:00 - 03/12/2026 19:00:00","CTA|IE","-","n/e"," ","-"
"03/12/2026 19:00:00 - 03/12/2026 20:00:00","CTA|IE","-","n/e"," ","-"
"03/12/2026 20:00:00 - 03/12/2026 21:00:00","CTA|IE","-","n/e"," ","-"
"03/12/2026 21:00:00 - 03/12/2026 22:00:00","CTA|IE","-","n/e"," ","-"
"03/12/2026 22:00:00 - 03/12/2026 23:00:00","CTA|IE","-","n/e"," ","-"
"03/12/2026 23:00:00 - 04/12/2026 00:00:00","CTA|IE","-","n/e"," ","-"
"04/12/2026 00:00:00 - 04/12/2026 01:00:00","CTA|IE","-","n/e"," ","-"
"04/12/2026 01:00:00 - 04/12/2026 02:00:00","CTA|IE","-","n/e"," ","-"
"04/12/2026 02:00:00 - 04/12/2026 03:00:00","CTA|IE","-","n/e"," ","-"
"04/12/2026 03:00:00 - 04/12/2026 04:00:00","CTA|IE","-","n/e"," ","-"
"04/12/2026 04:00:00 - 04/12/2026 05:00:00","CTA|IE","-","n/e"," ","-"
"04/12/2026 05:00:00 - 04/12/2026 06:00:00","CTA|IE","-","n/e"," ","-"
"04/12/2026 06:00:00 - 04/12/2026 07:00:00","CTA|IE","-","n/e"," ","-"
"04/12/2026 07:00:00 - 04/12/2026 08:00:00","CTA|IE","-","n/e"," ","-"
"04/12/2026 08:00:00 - 04/12/2026 09:00:00","CTA|IE","-","n/e"," ","-"
"04/12/2026 09:00:00 - 04/12/2026 10:00:00","CTA|IE","-","n/e"," ","-"
"04/12/2026 10:00:00 - 04/12/2026 11:00:00","CTA|IE","-","n/e"," ","-"
"04/12/2026 11:00:00 - 04/12/2026 12:00:00","CTA|IE","-","n/e"," ","-"
"04/12/2026 12:00:00 - 04/12/2026 13:00:00","CTA|IE","-","n/e"," ","-"
"04/12/2026 13:00:00 - 04/12/2026 14:00:00","CTA|IE","-","n/e"," ","-"
"04/12/2026 14:00:00 - 04/12/2026 15:00:00","CTA|IE","-","n/e"," ","-"
"04/12/2026 15:00:00 - 04/12/2026 16:00:00","CTA|IE","-","n/e"," ","-"
"04/12/2026 16:00:00 - 04/12/2026 17:00:00","CTA|IE","-","n/e"," ","-"
"04/12/2026 17:00:00 - 04/12/2026 18:00:00","CTA|IE","-","n/e"," ","-"
"04/12/2026 18:00:00 - 04/12/2026 19:00:00","CTA|IE","-","n/e"," ","-"
"04/12/2026 19:00:00 - 04/12/2026 20:00:00","CTA|IE","-","n/e"," ","-"
"04/12/2026 20:00:00 - 04/12/2026 21:00:00","CTA|IE","-","n/e"," ","-"
"04/12/2026 21:00:00 - 04/12/2026 22:00:00","CTA|IE","-","n/e"," ","-"
"04/12/2026 22:00:00 - 04/12/2026 23:00:00","CTA|IE","-","n/e"," ","-"
"04/12/2026 23:00:00 - 05/12/2026 00:00:00","CTA|IE","-","n/e"," ","-"
"05/12/2026 00:00:00 - 05/12/2026 01:00:00","CTA|IE","-","n/e"," ","-"
"05/12/2026 01:00:00 - 05/12/2026 02:00:00","CTA|IE","-","n/e"," ","-"
"05/12/2026 02:00:00 - 05/12/2026 03:00:00","CTA|IE","-","n/e"," ","-"
"05/12/2026 03:00:00 - 05/12/2026 04:00:00","CTA|IE","-","n/e"," ","-"
"05/12/2026 04:00:00 - 05/12/2026 05:00:00","CTA|IE","-","n/e"," ","-"
"05/12/2026 05:00:00 - 05/12/2026 06:00:00","CTA|IE","-","n/e"," ","-"
"05/12/2026 06:00:00 - 05/12/2026 07:00:00","CTA|IE","-","n/e"," ","-"
"05/12/2026 07:00:00 - 05/12/2026 08:00:00","CTA|IE","-","n/e"," ","-"
"05/12/2026 08:00:00 - 05/12/2026 09:00:00","CTA|IE","-","n/e"," ","-"
"05/12/2026 09:00:00 - 05/12/2026 10:00:00","CTA|IE","-","n/e"," ","-"
"05/12/2026 10:00:00 - 05/12/2026 11:00:00","CTA|IE","-","n/e"," ","-"
"05/12/2026 11:00:00 - 05/12/2026 12:00:00","CTA|IE","-","n/e"," ","-"
"05/12/2026 12:00:00 - 05/12/2026 13:00:00","CTA|IE","-","n/e"," ","-"
"05/12/2026 13:00:00 - 05/12/2026 14:00:00","CTA|IE","-","n/e"," ","-"
"05/12/2026 14:00:00 - 05/12/2026 15:00:00","CTA|IE","-","n/e"," ","-"
"05/12/2026 15:00:00 - 05/12/2026 16:00:00","CTA|IE","-","n/e"," ","-"
"05/12/2026 16:00:00 - 05/12/2026 17:00:00","CTA|IE","-","n/e"," ","-"
"05/12/2026 17:00:00 - 05/12/2026 18:00:00","CTA|IE","-","n/e"," ","-"
"05/12/2026 18:00:00 - 05/12/2026 19:00:00","CTA|IE","-","n/e"," ","-"
"05/12/2026 19:00:00 - 05/12/2026 20:00:00","CTA|IE","-","n/e"," ","-"
"05/12/2026 20:00:00 - 05/12/2026 21:00:00","CTA|IE","-","n/e"," ","-"
"05/12/2026 21:00:00 - 05/12/2026 22:00:00","CTA|IE","-","n/e"," ","-"
"05/12/2026 22:00:00 - 05/12/2026 23:00:00","CTA|IE","-","n/e"," ","-"
"05/12/2026 23:00:00 - 06/12/2026 00:00:00","CTA|IE","-","n/e"," ","-"
"06/12/2026 00:00:00 - 06/12/2026 01:00:00","CTA|IE","-","n/e"," ","-"
"06/12/2026 01:00:00 - 06/12/2026 02:00:00","CTA|IE","-","n/e"," ","-"
"06/12/2026 02:00:00 - 06/12/2026 03:00:00","CTA|IE","-","n/e"," ","-"
"06/12/2026 03:00:00 - 06/12/2026 04:00:00","CTA|IE","-","n/e"," ","-"
"06/12/2026 04:00:00 - 06/12/2026 05:00:00","CTA|IE","-","n/e"," ","-"
"06/12/2026 05:00:00 - 06/12/2026 06:00:00","CTA|IE","-","n/e"," ","-"
"06/12/2026 06:00:00 - 06/12/2026 07:00:00","CTA|IE","-","n/e"," ","-"
"06/12/2026 07:00:00 - 06/12/2026 08:00:00","CTA|IE","-","n/e"," ","-"
"06/12/2026 08:00:00 - 06/12/2026 09:00:00","CTA|IE","-","n/e"," ","-"
"06/12/2026 09:00:00 - 06/12/2026 10:00:00","CTA|IE","-","n/e"," ","-"
"06/12/2026 10:00:00 - 06/12/2026 11:00:00","CTA|IE","-","n/e"," ","-"
"06/12/2026 11:00:00 - 06/12/2026 12:00:00","CTA|IE","-","n/e"," ","-"
"06/12/2026 12:00:00 - 06/12/2026 13:00:00","CTA|IE","-","n/e"," ","-"
"06/12/2026 13:00:00 - 06/12/2026 14:00:00","CTA|IE","-","n/e"," ","-"
"06/12/2026 14:00:00 - 06/12/2026 15:00:00","CTA|IE","-","n/e"," ","-"
"06/12/2026 15:00:00 - 06/12/2026 16:00:00","CTA|IE","-","n/e"," ","-"
"06/12/2026 16:00:00 - 06/12/2026 17:00:00","CTA|IE","-","n/e"," ","-"
"06/12/2026 17:00:00 - 06/12/2026 18:00:00","CTA|IE","-","n/e"," ","-"
"06/12/2026 18:00:00 - 06/12/2026 19:00:00","CTA|IE","-","n/e"," ","-"
"06/12/2026 19:00:00 - 06/12/2026 20:00:00","CTA|IE","-","n/e"," ","-"
"06/12/2026 20:00:00 - 06/12/2026 21:00:00","CTA|IE","-","n/e"," ","-"
"06/12/2026 21:00:00 - 06/12/2026 22:00:00","CTA|IE","-","n/e"," ","-"
"06/12/2026 22:00:00 - 06/12/2026 23:00:00","CTA|IE","-","n/e"," ","-"
"06/12/2026 23:00:00 - 07/12/2026 00:00:00","CTA|IE","-","n/e"," ","-"
"07/12/2026 00:00:00 - 07/12/2026 01:00:00","CTA|IE","-","n/e"," ","-"
"07/12/2026 01:00:00 - 07/12/2026 02:00:00","CTA|IE","-","n/e"," ","-"
"07/12/2026 02:00:00 - 07/12/2026 03:00:00","CTA|IE","-","n/e"," ","-"
"07/12/2026 03:00:00 - 07/12/2026 04:00:00","CTA|IE","-","n/e"," ","-"
"07/12/2026 04:00:00 - 07/12/2026 05:00:00","CTA|IE","-","n/e"," ","-"
"07/12/2026 05:00:00 - 07/12/2026 06:00:00","CTA|IE","-","n/e"," ","-"
"07/12/2026 06:00:00 - 07/12/2026 07:00:00","CTA|IE","-","n/e"," ","-"
"07/12/2026 07:00:00 - 07/12/2026 08:00:00","CTA|IE","-","n/e"," ","-"
"07/12/2026 08:00:00 - 07/12/2026 09:00:00","CTA|IE","-","n/e"," ","-"
"07/12/2026 09:00:00 - 07/12/2026 10:00:00","CTA|IE","-","n/e"," ","-"
"07/12/2026 10:00:00 - 07/12/2026 11:00:00","CTA|IE","-","n/e"," ","-"
"07/12/2026 11:00:00 - 07/12/2026 12:00:00","CTA|IE","-","n/e"," ","-"
"07/12/2026 12:00:00 - 07/12/2026 13:00:00","CTA|IE","-","n/e"," ","-"
"07/12/2026 13:00:00 - 07/12/2026 14:00:00","CTA|IE","-","n/e"," ","-"
"07/12/2026 14:00:00 - 07/12/2026 15:00:00","CTA|IE","-","n/e"," ","-"
"07/12/2026 15:00:00 - 07/12/2026 16:00:00","CTA|IE","-","n/e"," ","-"
"07/12/2026 16:00:00 - 07/12/2026 17:00:00","CTA|IE","-","n/e"," ","-"
"07/12/2026 17:00:00 - 07/12/2026 18:00:00","CTA|IE","-","n/e"," ","-"
"07/12/2026 18:00:00 - 07/12/2026 19:00:00","CTA|IE","-","n/e"," ","-"
"07/12/2026 19:00:00 - 07/12/2026 20:00:00","CTA|IE","-","n/e"," ","-"
"07/12/2026 20:00:00 - 07/12/2026 21:00:00","CTA|IE","-","n/e"," ","-"
"07/12/2026 21:00:00 - 07/12/2026 22:00:00","CTA|IE","-","n/e"," ","-"
"07/12/2026 22:00:00 - 07/12/2026 23:00:00","CTA|IE","-","n/e"," ","-"
"07/12/2026 23:00:00 - 08/12/2026 00:00:00","CTA|IE","-","n/e"," ","-"
"08/12/2026 00:00:00 - 08/12/2026 01:00:00","CTA|IE","-","n/e"," ","-"
"08/12/2026 01:00:00 - 08/12/2026 02:00:00","CTA|IE","-","n/e"," ","-"
"08/12/2026 02:00:00 - 08/12/2026 03:00:00","CTA|IE","-","n/e"," ","-"
"08/12/2026 03:00:00 - 08/12/2026 04:00:00","CTA|IE","-","n/e"," ","-"
"08/12/2026 04:00:00 - 08/12/2026 05:00:00","CTA|IE","-","n/e"," ","-"
"08/12/2026 05:00:00 - 08/12/2026 06:00:00","CTA|IE","-","n/e"," ","-"
"08/12/2026 06:00:00 - 08/12/2026 07:00:00","CTA|IE","-","n/e"," ","-"
"08/12/2026 07:00:00 - 08/12/2026 08:00:00","CTA|IE","-","n/e"," ","-"
"08/12/2026 08:00:00 - 08/12/2026 09:00:00","CTA|IE","-","n/e"," ","-"
"08/12/2026 09:00:00 - 08/12/2026 10:00:00","CTA|IE","-","n/e"," ","-"
"08/12/2026 10:00:00 - 08/12/2026 11:00:00","CTA|IE","-","n/e"," ","-"
"08/12/2026 11:00:00 - 08/12/2026 12:00:00","CTA|IE","-","n/e"," ","-"
"08/12/2026 12:00:00 - 08/12/2026 13:00:00","CTA|IE","-","n/e"," ","-"
"08/12/2026 13:00:00 - 08/12/2026 14:00:00","CTA|IE","-","n/e"," ","-"
"08/12/2026 14:00:00 - 08/12/2026 15:00:00","CTA|IE","-","n/e"," ","-"
"08/12/2026 15:00:00 - 08/12/2026 16:00:00","CTA|IE","-","n/e"," ","-"
"08/12/2026 16:00:00 - 08/12/2026 17:00:00","CTA|IE","-","n/e"," ","-"
"08/12/2026 17:00:00 - 08/12/2026 18:00:00","CTA|IE","-","n/e"," ","-"
"08/12/2026 18:00:00 - 08/12/2026 19:00:00","CTA|IE","-","n/e"," ","-"
"08/12/2026 19:00:00 - 08/12/2026 20:00:00","CTA|IE","-","n/e"," ","-"
"08/12/2026 20:00:00 - 08/12/2026 21:00:00","CTA|IE","-","n/e"," ","-"
"08/12/2026 21:00:00 - 08/12/2026 22:00:00","CTA|IE","-","n/e"," ","-"
"08/12/2026 22:00:00 - 08/12/2026 23:00:00","CTA|IE","-","n/e"," ","-"
"08/12/2026 23:00:00 - 09/12/2026 00:00:00","CTA|IE","-","n/e"," ","-"
"09/12/2026 00:00:00 - 09/12/2026 01:00:00","CTA|IE","-","n/e"," ","-"
"09/12/2026 01:00:00 - 09/12/2026 02:00:00","CTA|IE","-","n/e"," ","-"
"09/12/2026 02:00:00 - 09/12/2026 03:00:00","CTA|IE","-","n/e"," ","-"
"09/12/2026 03:00:00 - 09/12/2026 04:00:00","CTA|IE","-","n/e"," ","-"
"09/12/2026 04:00:00 - 09/12/2026 05:00:00","CTA|IE","-","n/e"," ","-"
"09/12/2026 05:00:00 - 09/12/2026 06:00:00","CTA|IE","-","n/e"," ","-"
"09/12/2026 06:00:00 - 09/12/2026 07:00:00","CTA|IE","-","n/e"," ","-"
"09/12/2026 07:00:00 - 09/12/2026 08:00:00","CTA|IE","-","n/e"," ","-"
"09/12/2026 08:00:00 - 09/12/2026 09:00:00","CTA|IE","-","n/e"," ","-"
"09/12/2026 09:00:00 - 09/12/2026 10:00:00","CTA|IE","-","n/e"," ","-"
"09/12/2026 10:00:00 - 09/12/2026 11:00:00","CTA|IE","-","n/e"," ","-"
"09/12/2026 11:00:00 - 09/12/2026 12:00:00","CTA|IE","-","n/e"," ","-"
"09/12/2026 12:00:00 - 09/12/2026 13:00:00","CTA|IE","-","n/e"," ","-"
"09/12/2026 13:00:00 - 09/12/2026 14:00:00","CTA|IE","-","n/e"," ","-"
"09/12/2026 14:00:00 - 09/12/2026 15:00:00","CTA|IE","-","n/e"," ","-"
"09/12/2026 15:00:00 - 09/12/2026 16:00:00","CTA|IE","-","n/e"," ","-"
"09/12/2026 16:00:00 - 09/12/2026 17:00:00","CTA|IE","-","n/e"," ","-"
"09/12/2026 17:00:00 - 09/12/2026 18:00:00","CTA|IE","-","n/e"," ","-"
"09/12/2026 18:00:00 - 09/12/2026 19:00:00","CTA|IE","-","n/e"," ","-"
"09/12/2026 19:00:00 - 09/12/2026 20:00:00","CTA|IE","-","n/e"," ","-"
"09/12/2026 20:00:00 - 09/12/2026 21:00:00","CTA|IE","-","n/e"," ","-"
"09/12/2026 21:00:00 - 09/12/2026 22:00:00","CTA|IE","-","n/e"," ","-"
"09/12/2026 22:00:00 - 09/12/2026 23:00:00","CTA|IE","-","n/e"," ","-"
"09/12/2026 23:00:00 - 10/12/2026 00:00:00","CTA|IE","-","n/e"," ","-"
"10/12/2026 00:00:00 - 10/12/2026 01:00:00","CTA|IE","-","n/e"," ","-"
"10/12/2026 01:00:00 - 10/12/2026 02:00:00","CTA|IE","-","n/e"," ","-"
"10/12/2026 02:00:00 - 10/12/2026 03:00:00","CTA|IE","-","n/e"," ","-"
"10/12/2026 03:00:00 - 10/12/2026 04:00:00","CTA|IE","-","n/e"," ","-"
"10/12/2026 04:00:00 - 10/12/2026 05:00:00","CTA|IE","-","n/e"," ","-"
"10/12/2026 05:00:00 - 10/12/2026 06:00:00","CTA|IE","-","n/e"," ","-"
"10/12/2026 06:00:00 - 10/12/2026 07:00:00","CTA|IE","-","n/e"," ","-"
"10/12/2026 07:00:00 - 10/12/2026 08:00:00","CTA|IE","-","n/e"," ","-"
"10/12/2026 08:00:00 - 10/12/2026 09:00:00","CTA|IE","-","n/e"," ","-"
"10/12/2026 09:00:00 - 10/12/2026 10:00:00","CTA|IE","-","n/e"," ","-"
"10/12/2026 10:00:00 - 10/12/2026 11:00:00","CTA|IE","-","n/e"," ","-"
"10/12/2026 11:00:00 - 10/12/2026 12:00:00","CTA|IE","-","n/e"," ","-"
"10/12/2026 12:00:00 - 10/12/2026 13:00:00","CTA|IE","-","n/e"," ","-"
"10/12/2026 13:00:00 - 10/12/2026 14:00:00","CTA|IE","-","n/e"," ","-"
"10/12/2026 14:00:00 - 10/12/2026 15:00:00","CTA|IE","-","n/e"," ","-"
"10/12/2026 15:00:00 - 10/12/2026 16:00:00","CTA|IE","-","n/e"," ","-"
"10/12/2026 16:00:00 - 10/12/2026 17:00:00","CTA|IE","-","n/e"," ","-"
"10/12/2026 17:00:00 - 10/12/2026 18:00:00","CTA|IE","-","n/e"," ","-"
"10/12/2026 18:00:00 - 10/12/2026 19:00:00","CTA|IE","-","n/e"," ","-"
"10/12/2026 19:00:00 - 10/12/2026 20:00:00","CTA|IE","-","n/e"," ","-"
"10/12/2026 20:00:00 - 10/12/2026 21:00:00","CTA|IE","-","n/e"," ","-"
"10/12/2026 21:00:00 - 10/12/2026 22:00:00","CTA|IE","-","n/e"," ","-"
"10/12/2026 22:00:00 - 10/12/2026 23:00:00","CTA|IE","-","n/e"," ","-"
"10/12/2026 23:00:00 - 11/12/2026 00:00:00","CTA|IE","-","n/e"," ","-"
"11/12/2026 00:00:00 - 11/12/2026 01:00:00","CTA|IE","-","n/e"," ","-"
"11/12/2026 01:00:00 - 11/12/2026 02:00:00","CTA|IE","-","n/e"," ","-"
"11/12/2026 02:00:00 - 11/12/2026 03:00:00","CTA|IE","-","n/e"," ","-"
"11/12/2026 03:00:00 - 11/12/2026 04:00:00","CTA|IE","-","n/e"," ","-"
"11/12/2026 04:00:00 - 11/12/2026 05:00:00","CTA|IE","-","n/e"," ","-"
"11/12/2026 05:00:00 - 11/12/2026 06:00:00","CTA|IE","-","n/e"," ","-"
"11/12/2026 06:00:00 - 11/12/2026 07:00:00","CTA|IE","-","n/e"," ","-"
"11/12/2026 07:00:00 - 11/12/2026 08:00:00","CTA|IE","-","n/e"," ","-"
"11/12/2026 08:00:00 - 11/12/2026 09:00:00","CTA|IE","-","n/e"," ","-"
"11/12/2026 09:00:00 - 11/12/2026 10:00:00","CTA|IE","-","n/e"," ","-"
"11/12/2026 10:00:00 - 11/12/2026 11:00:00","CTA|IE","-","n/e"," ","-"
"11/12/2026 11:00:00 - 11/12/2026 12:00:00","CTA|IE","-","n/e"," ","-"
"11/12/2026 12:00:00 - 11/12/2026 13:00:00","CTA|IE","-","n/e"," ","-"
"11/12/2026 13:00:00 - 11/12/2026 14:00:00","CTA|IE","-","n/e"," ","-"
"11/12/2026 14:00:00 - 11/12/2026 15:00:00","CTA|IE","-","n/e"," ","-"
"11/12/2026 15:00:00 - 11/12/2026 16:00:00","CTA|IE","-","n/e"," ","-"
"11/12/2026 16:00:00 - 11/12/2026 17:00:00","CTA|IE","-","n/e"," ","-"
"11/12/2026 17:00:00 - 11/12/2026 18:00:00","CTA|IE","-","n/e"," ","-"
"11/12/2026 18:00:00 - 11/12/2026 19:00:00","CTA|IE","-","n/e"," ","-"
"11/12/2026 19:00:00 - 11/12/2026 20:00:00","CTA|IE","-","n/e"," ","-"
"11/12/2026 20:00:00 - 11/12/2026 21:00:00","CTA|IE","-","n/e"," ","-"
"11/12/2026 21:00:00 - 11/12/2026 22:00:00","CTA|IE","-","n/e"," ","-"
"11/12/2026 22:00:00 - 11/12/2026 23:00:00","CTA|IE","-","n/e"," ","-"
"11/12/2026 23:00:00 - 12/12/2026 00:00:00","CTA|IE","-","n/e"," ","-"
"12/12/2026 00:00:00 - 12/12/2026 01:00:00","CTA|IE","-","n/e"," ","-"
"12/12/2026 01:00:00 - 12/12/2026 02:00:00","CTA|IE","-","n/e"," ","-"
"12/12/2026 02:00:00 - 12/12/2026 03:00:00","CTA|IE","-","n/e"," ","-"
"12/12/2026 03:00:00 - 12/12/2026 04:00:00","CTA|IE","-","n/e"," ","-"
"12/12/2026 04:00:00 - 12/12/2026 05:00:00","CTA|IE","-","n/e"," ","-"
"12/12/2026 05:00:00 - 12/12/2026 06:00:00","CTA|IE","-","n/e"," ","-"
"12/12/2026 06:00:00 - 12/12/2026 07:00:00","CTA|IE","-","n/e"," ","-"
"12/12/2026 07:00:00 - 12/12/2026 08:00:00","CTA|IE","-","n/e"," ","-"
"12/12/2026 08:00:00 - 12/12/2026 09:00:00","CTA|IE","-","n/e"," ","-"
"12/12/2026 09:00:00 - 12/12/2026 10:00:00","CTA|IE","-","n/e"," ","-"
"12/12/2026 10:00:00 - 12/12/2026 11:00:00","CTA|IE","-","n/e"," ","-"
"12/12/2026 11:00:00 - 12/12/2026 12:00:00","CTA|IE","-","n/e"," ","-"
"12/12/2026 12:00:00 - 12/12/2026 13:00:00","CTA|IE","-","n/e"," ","-"
"12/12/2026 13:00:00 - 12/12/2026 14:00:00","CTA|IE","-","n/e"," ","-"
"12/12/2026 14:00:00 - 12/12/2026 15:00:00","CTA|IE","-","n/e"," ","-"
"12/12/2026 15:00:00 - 12/12/2026 16:00:00","CTA|IE","-","n/e"," ","-"
"12/12/2026 16:00:00 - 12/12/2026 17:00:00","CTA|IE","-","n/e"," ","-"
"12/12/2026 17:00:00 - 12/12/2026 18:00:00","CTA|IE","-","n/e"," ","-"
"12/12/2026 18:00:00 - 12/12/2026 19:00:00","CTA|IE","-","n/e"," ","-"
"12/12/2026 19:00:00 - 12/12/2026 20:00:00","CTA|IE","-","n/e"," ","-"
"12/12/2026 20:00:00 - 12/12/2026 21:00:00","CTA|IE","-","n/e"," ","-"
"12/12/2026 21:00:00 - 12/12/2026 22:00:00","CTA|IE","-","n/e"," ","-"
"12/12/2026 22:00:00 - 12/12/2026 23:00:00","CTA|IE","-","n/e"," ","-"
"12/12/2026 23:00:00 - 13/12/2026 00:00:00","CTA|IE","-","n/e"," ","-"
"13/12/2026 00:00:00 - 13/12/2026 01:00:00","CTA|IE","-","n/e"," ","-"
"13/12/2026 01:00:00 - 13/12/2026 02:00:00","CTA|IE","-","n/e"," ","-"
"13/12/2026 02:00:00 - 13/12/2026 03:00:00","CTA|IE","-","n/e"," ","-"
"13/12/2026 03:00:00 - 13/12/2026 04:00:00","CTA|IE","-","n/e"," ","-"
"13/12/2026 04:00:00 - 13/12/2026 05:00:00","CTA|IE","-","n/e"," ","-"
"13/12/2026 05:00:00 - 13/12/2026 06:00:00","CTA|IE","-","n/e"," ","-"
"13/12/2026 06:00:00 - 13/12/2026 07:00:00","CTA|IE","-","n/e"," ","-"
"13/12/2026 07:00:00 - 13/12/2026 08:00:00","CTA|IE","-","n/e"," ","-"
"13/12/2026 08:00:00 - 13/12/2026 09:00:00","CTA|IE","-","n/e"," ","-"
"13/12/2026 09:00:00 - 13/12/2026 10:00:00","CTA|IE","-","n/e"," ","-"
"13/12/2026 10:00:00 - 13/12/2026 11:00:00","CTA|IE","-","n/e"," ","-"
"13/12/2026 11:00:00 - 13/12/2026 12:00:00","CTA|IE","-","n/e"," ","-"
"13/12/2026 12:00:00 - 13/12/2026 13:00:00","CTA|IE","-","n/e"," ","-"
"13/12/2026 13:00:00 - 13/12/2026 14:00:00","CTA|IE","-","n/e"," ","-"
"13/12/2026 14:00:00 - 13/12/2026 15:00:00","CTA|IE","-","n/e"," ","-"
"13/12/2026 15:00:00 - 13/12/2026 16:00:00","CTA|IE","-","n/e"," ","-"
"13/12/2026 16:00:00 - 13/12/2026 17:00:00","CTA|IE","-","n/e"," ","-"
"13/12/2026 17:00:00 - 13/12/2026 18:00:00","CTA|IE","-","n/e"," ","-"
"13/12/2026 18:00:00 - 13/12/2026 19:00:00","CTA|IE","-","n/e"," ","-"
"13/12/2026 19:00:00 - 13/12/2026 20:00:00","CTA|IE","-","n/e"," ","-"
"13/12/2026 20:00:00 - 13/12/2026 21:00:00","CTA|IE","-","n/e"," ","-"
"13/12/2026 21:00:00 - 13/12/2026 22:00:00","CTA|IE","-","n/e"," ","-"
"13/12/2026 22:00:00 - 13/12/2026 23:00:00","CTA|IE","-","n/e"," ","-"
"13/12/2026 23:00:00 - 14/12/2026 00:00:00","CTA|IE","-","n/e"," ","-"
"14/12/2026 00:00:00 - 14/12/2026 01:00:00","CTA|IE","-","n/e"," ","-"
"14/12/2026 01:00:00 - 14/12/2026 02:00:00","CTA|IE","-","n/e"," ","-"
"14/12/2026 02:00:00 - 14/12/2026 03:00:00","CTA|IE","-","n/e"," ","-"
"14/12/2026 03:00:00 - 14/12/2026 04:00:00","CTA|IE","-","n/e"," ","-"
"14/12/2026 04:00:00 - 14/12/2026 05:00:00","CTA|IE","-","n/e"," ","-"
"14/12/2026 05:00:00 - 14/12/2026 06:00:00","CTA|IE","-","n/e"," ","-"
"14/12/2026 06:00:00 - 14/12/2026 07:00:00","CTA|IE","-","n/e"," ","-"
"14/12/2026 07:00:00 - 14/12/2026 08:00:00","CTA|IE","-","n/e"," ","-"
"14/12/2026 08:00:00 - 14/12/2026 09:00:00","CTA|IE","-","n/e"," ","-"
"14/12/2026 09:00:00 - 14/12/2026 10:00:00","CTA|IE","-","n/e"," ","-"
"14/12/2026 10:00:00 - 14/12/2026 11:00:00","CTA|IE","-","n/e"," ","-"
"14/12/2026 11:00:00 - 14/12/2026 12:00:00","CTA|IE","-","n/e"," ","-"
"14/12/2026 12:00:00 - 14/12/2026 13:00:00","CTA|IE","-","n/e"," ","-"
"14/12/2026 13:00:00 - 14/12/2026 14:00:00","CTA|IE","-","n/e"," ","-"
"14/12/2026 14:00:00 - 14/12/2026 15:00:00","CTA|IE","-","n/e"," ","-"
"14/12/2026 15:00:00 - 14/12/2026 16:00:00","CTA|IE","-","n/e"," ","-"
"14/12/2026 16:00:00 - 14/12/2026 17:00:00","CTA|IE","-","n/e"," ","-"
"14/12/2026 17:00:00 - 14/12/2026 18:00:00","CTA|IE","-","n/e"," ","-"
"14/12/2026 18:00:00 - 14/12/2026 19:00:00","CTA|IE","-","n/e"," ","-"
"14/12/2026 19:00:00 - 14/12/2026 20:00:00","CTA|IE","-","n/e"," ","-"
"14/12/2026 20:00:00 - 14/12/2026 21:00:00","CTA|IE","-","n/e"," ","-"
"14/12/2026 21:00:00 - 14/12/2026 22:00:00","CTA|IE","-","n/e"," ","-"
"14/12/2026 22:00:00 - 14/12/2026 23:00:00","CTA|IE","-","n/e"," ","-"
"14/12/2026 23:00:00 - 15/12/2026 00:00:00","CTA|IE","-","n/e"," ","-"
"15/12/2026 00:00:00 - 15/12/2026 01:00:00","CTA|IE","-","n/e"," ","-"
"15/12/2026 01:00:00 - 15/12/2026 02:00:00","CTA|IE","-","n/e"," ","-"
"15/12/2026 02:00:00 - 15/12/2026 03:00:00","CTA|IE","-","n/e"," ","-"
"15/12/2026 03:00:00 - 15/12/2026 04:00:00","CTA|IE","-","n/e"," ","-"
"15/12/2026 04:00:00 - 15/12/2026 05:00:00","CTA|IE","-","n/e"," ","-"
"15/12/2026 05:00:00 - 15/12/2026 06:00:00","CTA|IE","-","n/e"," ","-"
"15/12/2026 06:00:00 - 15/12/2026 07:00:00","CTA|IE","-","n/e"," ","-"
"15/12/2026 07:00:00 - 15/12/2026 08:00:00","CTA|IE","-","n/e"," ","-"
"15/12/2026 08:00:00 - 15/12/2026 09:00:00","CTA|IE","-","n/e"," ","-"
"15/12/2026 09:00:00 - 15/12/2026 10:00:00","CTA|IE","-","n/e"," ","-"
"15/12/2026 10:00:00 - 15/12/2026 11:00:00","CTA|IE","-","n/e"," ","-"
"15/12/2026 11:00:00 - 15/12/2026 12:00:00","CTA|IE","-","n/e"," ","-"
"15/12/2026 12:00:00 - 15/12/2026 13:00:00","CTA|IE","-","n/e"," ","-"
"15/12/2026 13:00:00 - 15/12/2026 14:00:00","CTA|IE","-","n/e"," ","-"
"15/12/2026 14:00:00 - 15/12/2026 15:00:00","CTA|IE","-","n/e"," ","-"
"15/12/2026 15:00:00 - 15/12/2026 16:00:00","CTA|IE","-","n/e"," ","-"
"15/12/2026 16:00:00 - 15/12/2026 17:00:00","CTA|IE","-","n/e"," ","-"
"15/12/2026 17:00:00 - 15/12/2026 18:00:00","CTA|IE","-","n/e"," ","-"
"15/12/2026 18:00:00 - 15/12/2026 19:00:00","CTA|IE","-","n/e"," ","-"
"15/12/2026 19:00:00 - 15/12/2026 20:00:00","CTA|IE","-","n/e"," ","-"
"15/12/2026 20:00:00 - 15/12/2026 21:00:00","CTA|IE","-","n/e"," ","-"
"15/12/2026 21:00:00 - 15/12/2026 22:00:00","CTA|IE","-","n/e"," ","-"
"15/12/2026 22:00:00 - 15/12/2026 23:00:00","CTA|IE","-","n/e"," ","-"
"15/12/2026 23:00:00 - 16/12/2026 00:00:00","CTA|IE","-","n/e"," ","-"
"16/12/2026 00:00:00 - 16/12/2026 01:00:00","CTA|IE","-","n/e"," ","-"
"16/12/2026 01:00:00 - 16/12/2026 02:00:00","CTA|IE","-","n/e"," ","-"
"16/12/2026 02:00:00 - 16/12/2026 03:00:00","CTA|IE","-","n/e"," ","-"
"16/12/2026 03:00:00 - 16/12/2026 04:00:00","CTA|IE","-","n/e"," ","-"
"16/12/2026 04:00:00 - 16/12/2026 05:00:00","CTA|IE","-","n/e"," ","-"
"16/12/2026 05:00:00 - 16/12/2026 06:00:00","CTA|IE","-","n/e"," ","-"
"16/12/2026 06:00:00 - 16/12/2026 07:00:00","CTA|IE","-","n/e"," ","-"
"16/12/2026 07:00:00 - 16/12/2026 08:00:00","CTA|IE","-","n/e"," ","-"
"16/12/2026 08:00:00 - 16/12/2026 09:00:00","CTA|IE","-","n/e"," ","-"
"16/12/2026 09:00:00 - 16/12/2026 10:00:00","CTA|IE","-","n/e"," ","-"
"16/12/2026 10:00:00 - 16/12/2026 11:00:00","CTA|IE","-","n/e"," ","-"
"16/12/2026 11:00:00 - 16/12/2026 12:00:00","CTA|IE","-","n/e"," ","-"
"16/12/2026 12:00:00 - 16/12/2026 13:00:00","CTA|IE","-","n/e"," ","-"
"16/12/2026 13:00:00 - 16/12/2026 14:00:00","CTA|IE","-","n/e"," ","-"
"16/12/2026 14:00:00 - 16/12/2026 15:00:00","CTA|IE","-","n/e"," ","-"
"16/12/2026 15:00:00 - 16/12/2026 16:00:00","CTA|IE","-","n/e"," ","-"
"16/12/2026 16:00:00 - 16/12/2026 17:00:00","CTA|IE","-","n/e"," ","-"
"16/12/2026 17:00:00 - 16/12/2026 18:00:00","CTA|IE","-","n/e"," ","-"
"16/12/2026 18:00:00 - 16/12/2026 19:00:00","CTA|IE","-","n/e"," ","-"
"16/12/2026 19:00:00 - 16/12/2026 20:00:00","CTA|IE","-","n/e"," ","-"
"16/12/2026 20:00:00 - 16/12/2026 21:00:00","CTA|IE","-","n/e"," ","-"
"16/12/2026 21:00:00 - 16/12/2026 22:00:00","CTA|IE","-","n/e"," ","-"
"16/12/2026 22:00:00 - 16/12/2026 23:00:00","CTA|IE","-","n/e"," ","-"
"16/12/2026 23:00:00 - 17/12/2026 00:00:00","CTA|IE","-","n/e"," ","-"
"17/12/2026 00:00:00 - 17/12/2026 01:00:00","CTA|IE","-","n/e"," ","-"
"17/12/2026 01:00:00 - 17/12/2026 02:00:00","CTA|IE","-","n/e"," ","-"
"17/12/2026 02:00:00 - 17/12/2026 03:00:00","CTA|IE","-","n/e"," ","-"
"17/12/2026 03:00:00 - 17/12/2026 04:00:00","CTA|IE","-","n/e"," ","-"
"17/12/2026 04:00:00 - 17/12/2026 05:00:00","CTA|IE","-","n/e"," ","-"
"17/12/2026 05:00:00 - 17/12/2026 06:00:00","CTA|IE","-","n/e"," ","-"
"17/12/2026 06:00:00 - 17/12/2026 07:00:00","CTA|IE","-","n/e"," ","-"
"17/12/2026 07:00:00 - 17/12/2026 08:00:00","CTA|IE","-","n/e"," ","-"
"17/12/2026 08:00:00 - 17/12/2026 09:00:00","CTA|IE","-","n/e"," ","-"
"17/12/2026 09:00:00 - 17/12/2026 10:00:00","CTA|IE","-","n/e"," ","-"
"17/12/2026 10:00:00 - 17/12/2026 11:00:00","CTA|IE","-","n/e"," ","-"
"17/12/2026 11:00:00 - 17/12/2026 12:00:00","CTA|IE","-","n/e"," ","-"
"17/12/2026 12:00:00 - 17/12/2026 13:00:00","CTA|IE","-","n/e"," ","-"
"17/12/2026 13:00:00 - 17/12/2026 14:00:00","CTA|IE","-","n/e"," ","-"
"17/12/2026 14:00:00 - 17/12/2026 15:00:00","CTA|IE","-","n/e"," ","-"
"17/12/2026 15:00:00 - 17/12/2026 16:00:00","CTA|IE","-","n/e"," ","-"
"17/12/2026 16:00:00 - 17/12/2026 17:00:00","CTA|IE","-","n/e"," ","-"
"17/12/2026 17:00:00 - 17/12/2026 18:00:00","CTA|IE","-","n/e"," ","-"
"17/12/2026 18:00:00 - 17/12/2026 19:00:00","CTA|IE","-","n/e"," ","-"
"17/12/2026 19:00:00 - 17/12/2026 20:00:00","CTA|IE","-","n/e"," ","-"
"17/12/2026 20:00:00 - 17/12/2026 21:00:00","CTA|IE","-","n/e"," ","-"
"17/12/2026 21:00:00 - 17/12/2026 22:00:00","CTA|IE","-","n/e"," ","-"
"17/12/2026 22:00:00 - 17/12/2026 23:00:00","CTA|IE","-","n/e"," ","-"
"17/12/2026 23:00:00 - 18/12/2026 00:00:00","CTA|IE","-","n/e"," ","-"
"18/12/2026 00:00:00 - 18/12/2026 01:00:00","CTA|IE","-","n/e"," ","-"
"18/12/2026 01:00:00 - 18/12/2026 02:00:00","CTA|IE","-","n/e"," ","-"
"18/12/2026 02:00:00 - 18/12/2026 03:00:00","CTA|IE","-","n/e"," ","-"
"18/12/2026 03:00:00 - 18/12/2026 04:00:00","CTA|IE","-","n/e"," ","-"
"18/12/2026 04:00:00 - 18/12/2026 05:00:00","CTA|IE","-","n/e"," ","-"
"18/12/2026 05:00:00 - 18/12/2026 06:00:00","CTA|IE","-","n/e"," ","-"
"18/12/2026 06:00:00 - 18/12/2026 07:00:00","CTA|IE","-","n/e"," ","-"
"18/12/2026 07:00:00 - 18/12/2026 08:00:00","CTA|IE","-","n/e"," ","-"
"18/12/2026 08:00:00 - 18/12/2026 09:00:00","CTA|IE","-","n/e"," ","-"
"18/12/2026 09:00:00 - 18/12/2026 10:00:00","CTA|IE","-","n/e"," ","-"
"18/12/2026 10:00:00 - 18/12/2026 11:00:00","CTA|IE","-","n/e"," ","-"
"18/12/2026 11:00:00 - 18/12/2026 12:00:00","CTA|IE","-","n/e"," ","-"
"18/12/2026 12:00:00 - 18/12/2026 13:00:00","CTA|IE","-","n/e"," ","-"
"18/12/2026 13:00:00 - 18/12/2026 14:00:00","CTA|IE","-","n/e"," ","-"
"18/12/2026 14:00:00 - 18/12/2026 15:00:00","CTA|IE","-","n/e"," ","-"
"18/12/2026 15:00:00 - 18/12/2026 16:00:00","CTA|IE","-","n/e"," ","-"
"18/12/2026 16:00:00 - 18/12/2026 17:00:00","CTA|IE","-","n/e"," ","-"
"18/12/2026 17:00:00 - 18/12/2026 18:00:00","CTA|IE","-","n/e"," ","-"
"18/12/2026 18:00:00 - 18/12/2026 19:00:00","CTA|IE","-","n/e"," ","-"
"18/12/2026 19:00:00 - 18/12/2026 20:00:00","CTA|IE","-","n/e"," ","-"
"18/12/2026 20:00:00 - 18/12/2026 21:00:00","CTA|IE","-","n/e"," ","-"
"18/12/2026 21:00:00 - 18/12/2026 22:00:00","CTA|IE","-","n/e"," ","-"
"18/12/2026 22:00:00 - 18/12/2026 23:00:00","CTA|IE","-","n/e"," ","-"
"18/12/2026 23:00:00 - 19/12/2026 00:00:00","CTA|IE","-","n/e"," ","-"
"19/12/2026 00:00:00 - 19/12/2026 01:00:00","CTA|IE","-","n/e"," ","-"
"19/12/2026 01:00:00 - 19/12/2026 02:00:00","CTA|IE","-","n/e"," ","-"
"19/12/2026 02:00:00 - 19/12/2026 03:00:00","CTA|IE","-","n/e"," ","-"
"19/12/2026 03:00:00 - 19/12/2026 04:00:00","CTA|IE","-","n/e"," ","-"
"19/12/2026 04:00:00 - 19/12/2026 05:00:00","CTA|IE","-","n/e"," ","-"
"19/12/2026 05:00:00 - 19/12/2026 06:00:00","CTA|IE","-","n/e"," ","-"
"19/12/2026 06:00:00 - 19/12/2026 07:00:00","CTA|IE","-","n/e"," ","-"
"19/12/2026 07:00:00 - 19/12/2026 08:00:00","CTA|IE","-","n/e"," ","-"
"19/12/2026 08:00:00 - 19/12/2026 09:00:00","CTA|IE","-","n/e"," ","-"
"19/12/2026 09:00:00 - 19/12/2026 10:00:00","CTA|IE","-","n/e"," ","-"
"19/12/2026 10:00:00 - 19/12/2026 11:00:00","CTA|IE","-","n/e"," ","-"
"19/12/2026 11:00:00 - 19/12/2026 12:00:00","CTA|IE","-","n/e"," ","-"
"19/12/2026 12:00:00 - 19/12/2026 13:00:00","CTA|IE","-","n/e"," ","-"
"19/12/2026 13:00:00 - 19/12/2026 14:00:00","CTA|IE","-","n/e"," ","-"
"19/12/2026 14:00:00 - 19/12/2026 15:00:00","CTA|IE","-","n/e"," ","-"
"19/12/2026 15:00:00 - 19/12/2026 16:00:00","CTA|IE","-","n/e"," ","-"
"19/12/2026 16:00:00 - 19/12/2026 17:00:00","CTA|IE","-","n/e"," ","-"
"19/12/2026 17:00:00 - 19/12/2026 18:00:00","CTA|IE","-","n/e"," ","-"
"19/12/2026 18:00:00 - 19/12/2026 19:00:00","CTA|IE","-","n/e"," ","-"
"19/12/2026 19:00:00 - 19/12/2026 20:00:00","CTA|IE","-","n/e"," ","-"
"19/12/2026 20:00:00 - 19/12/2026 21:00:00","CTA|IE","-","n/e"," ","-"
"19/12/2026 21:00:00 - 19/12/2026 22:00:00","CTA|IE","-","n/e"," ","-"
"19/12/2026 22:00:00 - 19/12/2026 23:00:00","CTA|IE","-","n/e"," ","-"
"19/12/2026 23:00:00 - 20/12/2026 00:00:00","CTA|IE","-","n/e"," ","-"
"20/12/2026 00:00:00 - 20/12/2026 01:00:00","CTA|IE","-","n/e"," ","-"
"20/12/2026 01:00:00 - 20/12/2026 02:00:00","CTA|IE","-","n/e"," ","-"
"20/12/2026 02:00:00 - 20/12/2026 03:00:00","CTA|IE","-","n/e"," ","-"
"20/12/2026 03:00:00 - 20/12/2026 04:00:00","CTA|IE","-","n/e"," ","-"
"20/12/2026 04:00:00 - 20/12/2026 05:00:00","CTA|IE","-","n/e"," ","-"
"20/12/2026 05:00:00 - 20/12/2026 06:00:00","CTA|IE","-","n/e"," ","-"
"20/12/2026 06:00:00 - 20/12/2026 07:00:00","CTA|IE","-","n/e"," ","-"
"20/12/2026 07:00:00 - 20/12/2026 08:00:00","CTA|IE","-","n/e"," ","-"
"20/12/2026 08:00:00 - 20/12/2026 09:00:00","CTA|IE","-","n/e"," ","-"
"20/12/2026 09:00:00 - 20/12/2026 10:00:00","CTA|IE","-","n/e"," ","-"
"20/12/2026 10:00:00 - 20/12/2026 11:00:00","CTA|IE","-","n/e"," ","-"
"20/12/2026 11:00:00 - 20/12/2026 12:00:00","CTA|IE","-","n/e"," ","-"
"20/12/2026 12:00:00 - 20/12/2026 13:00:00","CTA|IE","-","n/e"," ","-"
"20/12/2026 13:00:00 - 20/12/2026 14:00:00","CTA|IE","-","n/e"," ","-"
"20/12/2026 14:00:00 - 20/12/2026 15:00:00","CTA|IE","-","n/e"," ","-"
"20/12/2026 15:00:00 - 20/12/2026 16:00:00","CTA|IE","-","n/e"," ","-"
"20/12/2026 16:00:00 - 20/12/2026 17:00:00","CTA|IE","-","n/e"," ","-"
"20/12/2026 17:00:00 - 20/12/2026 18:00:00","CTA|IE","-","n/e"," ","-"
"20/12/2026 18:00:00 - 20/12/2026 19:00:00","CTA|IE","-","n/e"," ","-"
"20/12/2026 19:00:00 - 20/12/2026 20:00:00","CTA|IE","-","n/e"," ","-"
"20/12/2026 20:00:00 - 20/12/2026 21:00:00","CTA|IE","-","n/e"," ","-"
"20/12/2026 21:00:00 - 20/12/2026 22:00:00","CTA|IE","-","n/e"," ","-"
"20/12/2026 22:00:00 - 20/12/2026 23:00:00","CTA|IE","-","n/e"," ","-"
"20/12/2026 23:00:00 - 21/12/2026 00:00:00","CTA|IE","-","n/e"," ","-"
"21/12/2026 00:00:00 - 21/12/2026 01:00:00","CTA|IE","-","n/e"," ","-"
"21/12/2026 01:00:00 - 21/12/2026 02:00:00","CTA|IE","-","n/e"," ","-"
"21/12/2026 02:00:00 - 21/12/2026 03:00:00","CTA|IE","-","n/e"," ","-"
"21/12/2026 03:00:00 - 21/12/2026 04:00:00","CTA|IE","-","n/e"," ","-"
"21/12/2026 04:00:00 - 21/12/2026 05:00:00","CTA|IE","-","n/e"," ","-"
"21/12/2026 05:00:00 - 21/12/2026 06:00:00","CTA|IE","-","n/e"," ","-"
"21/12/2026 06:00:00 - 21/12/2026 07:00:00","CTA|IE","-","n/e"," ","-"
"21/12/2026 07:00:00 - 21/12/2026 08:00:00","CTA|IE","-","n/e"," ","-"
"21/12/2026 08:00:00 - 21/12/2026 09:00:00","CTA|IE","-","n/e"," ","-"
"21/12/2026 09:00:00 - 21/12/2026 10:00:00","CTA|IE","-","n/e"," ","-"
"21/12/2026 10:00:00 - 21/12/2026 11:00:00","CTA|IE","-","n/e"," ","-"
"21/12/2026 11:00:00 - 21/12/2026 12:00:00","CTA|IE","-","n/e"," ","-"
"21/12/2026 12:00:00 - 21/12/2026 13:00:00","CTA|IE","-","n/e"," ","-"
"21/12/2026 13:00:00 - 21/12/2026 14:00:00","CTA|IE","-","n/e"," ","-"
"21/12/2026 14:00:00 - 21/12/2026 15:00:00","CTA|IE","-","n/e"," ","-"
"21/12/2026 15:00:00 - 21/12/2026 16:00:00","CTA|IE","-","n/e"," ","-"
"21/12/2026 16:00:00 - 21/12/2026 17:00:00","CTA|IE","-","n/e"," ","-"
"21/12/2026 17:00:00 - 21/12/2026 18:00:00","CTA|IE","-","n/e"," ","-"
"21/12/2026 18:00:00 - 21/12/2026 19:00:00","CTA|IE","-","n/e"," ","-"
"21/12/2026 19:00:00 - 21/12/2026 20:00:00","CTA|IE","-","n/e"," ","-"
"21/12/2026 20:00:00 - 21/12/2026 21:00:00","CTA|IE","-","n/e"," ","-"
"21/12/2026 21:00:00 - 21/12/2026 22:00:00","CTA|IE","-","n/e"," ","-"
"21/12/2026 22:00:00 - 21/12/2026 23:00:00","CTA|IE","-","n/e"," ","-"
"21/12/2026 23:00:00 - 22/12/2026 00:00:00","CTA|IE","-","n/e"," ","-"
"22/12/2026 00:00:00 - 22/12/2026 01:00:00","CTA|IE","-","n/e"," ","-"
"22/12/2026 01:00:00 - 22/12/2026 02:00:00","CTA|IE","-","n/e"," ","-"
"22/12/2026 02:00:00 - 22/12/2026 03:00:00","CTA|IE","-","n/e"," ","-"
"22/12/2026 03:00:00 - 22/12/2026 04:00:00","CTA|IE","-","n/e"," ","-"
"22/12/2026 04:00:00 - 22/12/2026 05:00:00","CTA|IE","-","n/e"," ","-"
"22/12/2026 05:00:00 - 22/12/2026 06:00:00","CTA|IE","-","n/e"," ","-"
"22/12/2026 06:00:00 - 22/12/2026 07:00:00","CTA|IE","-","n/e"," ","-"
"22/12/2026 07:00:00 - 22/12/2026 08:00:00","CTA|IE","-","n/e"," ","-"
"22/12/2026 08:00:00 - 22/12/2026 09:00:00","CTA|IE","-","n/e"," ","-"
"22/12/2026 09:00:00 - 22/12/2026 10:00:00","CTA|IE","-","n/e"," ","-"
"22/12/2026 10:00:00 - 22/12/2026 11:00:00","CTA|IE","-","n/e"," ","-"
"22/12/2026 11:00:00 - 22/12/2026 12:00:00","CTA|IE","-","n/e"," ","-"
"22/12/2026 12:00:00 - 22/12/2026 13:00:00","CTA|IE","-","n/e"," ","-"
"22/12/2026 13:00:00 - 22/12/2026 14:00:00","CTA|IE","-","n/e"," ","-"
"22/12/2026 14:00:00 - 22/12/2026 15:00:00","CTA|IE","-","n/e"," ","-"
"22/12/2026 15:00:00 - 22/12/2026 16:00:00","CTA|IE","-","n/e"," ","-"
"22/12/2026 16:00:00 - 22/12/2026 17:00:00","CTA|IE","-","n/e"," ","-"
"22/12/2026 17:00:00 - 22/12/2026 18:00:00","CTA|IE","-","n/e"," ","-"
"22/12/2026 18:00:00 - 22/12/2026 19:00:00","CTA|IE","-","n/e"," ","-"
"22/12/2026 19:00:00 - 22/12/2026 20:00:00","CTA|IE","-","n/e"," ","-"
"22/12/2026 20:00:00 - 22/12/2026 21:00:00","CTA|IE","-","n/e"," ","-"
"22/12/2026 21:00:00 - 22/12/2026 22:00:00","CTA|IE","-","n/e"," ","-"
"22/12/2026 22:00:00 - 22/12/2026 23:00:00","CTA|IE","-","n/e"," ","-"
"22/12/2026 23:00:00 - 23/12/2026 00:00:00","CTA|IE","-","n/e"," ","-"
"23/12/2026 00:00:00 - 23/12/2026 01:00:00","CTA|IE","-","n/e"," ","-"
"23/12/2026 01:00:00 - 23/12/2026 02:00:00","CTA|IE","-","n/e"," ","-"
"23/12/2026 02:00:00 - 23/12/2026 03:00:00","CTA|IE","-","n/e"," ","-"
"23/12/2026 03:00:00 - 23/12/2026 04:00:00","CTA|IE","-","n/e"," ","-"
"23/12/2026 04:00:00 - 23/12/2026 05:00:00","CTA|IE","-","n/e"," ","-"
"23/12/2026 05:00:00 - 23/12/2026 06:00:00","CTA|IE","-","n/e"," ","-"
"23/12/2026 06:00:00 - 23/12/2026 07:00:00","CTA|IE","-","n/e"," ","-"
"23/12/2026 07:00:00 - 23/12/2026 08:00:00","CTA|IE","-","n/e"," ","-"
"23/12/2026 08:00:00 - 23/12/2026 09:00:00","CTA|IE","-","n/e"," ","-"
"23/12/2026 09:00:00 - 23/12/2026 10:00:00","CTA|IE","-","n/e"," ","-"
"23/12/2026 10:00:00 - 23/12/2026 11:00:00","CTA|IE","-","n/e"," ","-"
"23/12/2026 11:00:00 - 23/12/2026 12:00:00","CTA|IE","-","n/e"," ","-"
"23/12/2026 12:00:00 - 23/12/2026 13:00:00","CTA|IE","-","n/e"," ","-"
"23/12/2026 13:00:00 - 23/12/2026 14:00:00","CTA|IE","-","n/e"," ","-"
"23/12/2026 14:00:00 - 23/12/2026 15:00:00","CTA|IE","-","n/e"," ","-"
"23/12/2026 15:00:00 - 23/12/2026 16:00:00","CTA|IE","-","n/e"," ","-"
"23/12/2026 16:00:00 - 23/12/2026 17:00:00","CTA|IE","-","n/e"," ","-"
"23/12/2026 17:00:00 - 23/12/2026 18:00:00","CTA|IE","-","n/e"," ","-"
"23/12/2026 18:00:00 - 23/12/2026 19:00:00","CTA|IE","-","n/e"," ","-"
"23/12/2026 19:00:00 - 23/12/2026 20:00:00","CTA|IE","-","n/e"," ","-"
"23/12/2026 20:00:00 - 23/12/2026 21:00:00","CTA|IE","-","n/e"," ","-"
"23/12/2026 21:00:00 - 23/12/2026 22:00:00","CTA|IE","-","n/e"," ","-"
"23/12/2026 22:00:00 - 23/12/2026 23:00:00","CTA|IE","-","n/e"," ","-"
"23/12/2026 23:00:00 - 24/12/2026 00:00:00","CTA|IE","-","n/e"," ","-"
"24/12/2026 00:00:00 - 24/12/2026 01:00:00","CTA|IE","-","n/e"," ","-"
"24/12/2026 01:00:00 - 24/12/2026 02:00:00","CTA|IE","-","n/e"," ","-"
"24/12/2026 02:00:00 - 24/12/2026 03:00:00","CTA|IE","-","n/e"," ","-"
"24/12/2026 03:00:00 - 24/12/2026 04:00:00","CTA|IE","-","n/e"," ","-"
"24/12/2026 04:00:00 - 24/12/2026 05:00:00","CTA|IE","-","n/e"," ","-"
"24/12/2026 05:00:00 - 24/12/2026 06:00:00","CTA|IE","-","n/e"," ","-"
"24/12/2026 06:00:00 - 24/12/2026 07:00:00","CTA|IE","-","n/e"," ","-"
"24/12/2026 07:00:00 - 24/12/2026 08:00:00","CTA|IE","-","n/e"," ","-"
"24/12/2026 08:00:00 - 24/12/2026 09:00:00","CTA|IE","-","n/e"," ","-"
"24/12/2026 09:00:00 - 24/12/2026 10:00:00","CTA|IE","-","n/e"," ","-"
"24/12/2026 10:00:00 - 24/12/2026 11:00:00","CTA|IE","-","n/e"," ","-"
"24/12/2026 11:00:00 - 24/12/2026 12:00:00","CTA|IE","-","n/e"," ","-"
"24/12/2026 12:00:00 - 24/12/2026 13:00:00","CTA|IE","-","n/e"," ","-"
"24/12/2026 13:00:00 - 24/12/2026 14:00:00","CTA|IE","-","n/e"," ","-"
"24/12/2026 14:00:00 - 24/12/2026 15:00:00","CTA|IE","-","n/e"," ","-"
"24/12/2026 15:00:00 - 24/12/2026 16:00:00","CTA|IE","-","n/e"," ","-"
"24/12/2026 16:00:00 - 24/12/2026 17:00:00","CTA|IE","-","n/e"," ","-"
"24/12/2026 17:00:00 - 24/12/2026 18:00:00","CTA|IE","-","n/e"," ","-"
"24/12/2026 18:00:00 - 24/12/2026 19:00:00","CTA|IE","-","n/e"," ","-"
"24/12/2026 19:00:00 - 24/12/2026 20:00:00","CTA|IE","-","n/e"," ","-"
"24/12/2026 20:00:00 - 24/12/2026 21:00:00","CTA|IE","-","n/e"," ","-"
"24/12/2026 21:00:00 - 24/12/2026 22:00:00","CTA|IE","-","n/e"," ","-"
"24/12/2026 22:00:00 - 24/12/2026 23:00:00","CTA|IE","-","n/e"," ","-"
"24/12/2026 23:00:00 - 25/12/2026 00:00:00","CTA|IE","-","n/e"," ","-"
"25/12/2026 00:00:00 - 25/12/2026 01:00:00","CTA|IE","-","n/e"," ","-"
"25/12/2026 01:00:00 - 25/12/2026 02:00:00","CTA|IE","-","n/e"," ","-"
"25/12/2026 02:00:00 - 25/12/2026 03:00:00","CTA|IE","-","n/e"," ","-"
"25/12/2026 03:00:00 - 25/12/2026 04:00:00","CTA|IE","-","n/e"," ","-"
"25/12/2026 04:00:00 - 25/12/2026 05:00:00","CTA|IE","-","n/e"," ","-"
"25/12/2026 05:00:00 - 25/12/2026 06:00:00","CTA|IE","-","n/e"," ","-"
"25/12/2026 06:00:00 - 25/12/2026 07:00:00","CTA|IE","-","n/e"," ","-"
"25/12/2026 07:00:00 - 25/12/2026 08:00:00","CTA|IE","-","n/e"," ","-"
"25/12/2026 08:00:00 - 25/12/2026 09:00:00","CTA|IE","-","n/e"," ","-"
"25/12/2026 09:00:00 - 25/12/2026 10:00:00","CTA|IE","-","n/e"," ","-"
"25/12/2026 10:00:00 - 25/12/2026 11:00:00","CTA|IE","-","n/e"," ","-"
"25/12/2026 11:00:00 - 25/12/2026 12:00:00","CTA|IE","-","n/e"," ","-"
"25/12/2026 12:00:00 - 25/12/2026 13:00:00","CTA|IE","-","n/e"," ","-"
"25/12/2026 13:00:00 - 25/12/2026 14:00:00","CTA|IE","-","n/e"," ","-"
"25/12/2026 14:00:00 - 25/12/2026 15:00:00","CTA|IE","-","n/e"," ","-"
"25/12/2026 15:00:00 - 25/12/2026 16:00:00","CTA|IE","-","n/e"," ","-"
"25/12/2026 16:00:00 - 25/12/2026 17:00:00","CTA|IE","-","n/e"," ","-"
"25/12/2026 17:00:00 - 25/12/2026 18:00:00","CTA|IE","-","n/e"," ","-"
"25/12/2026 18:00:00 - 25/12/2026 19:00:00","CTA|IE","-","n/e"," ","-"
"25/12/2026 19:00:00 - 25/12/2026 20:00:00","CTA|IE","-","n/e"," ","-"
"25/12/2026 20:00:00 - 25/12/2026 21:00:00","CTA|IE","-","n/e"," ","-"
"25/12/2026 21:00:00 - 25/12/2026 22:00:00","CTA|IE","-","n/e"," ","-"
"25/12/2026 22:00:00 - 25/12/2026 23:00:00","CTA|IE","-","n/e"," ","-"
"25/12/2026 23:00:00 - 26/12/2026 00:00:00","CTA|IE","-","n/e"," ","-"
"26/12/2026 00:00:00 - 26/12/2026 01:00:00","CTA|IE","-","n/e"," ","-"
"26/12/2026 01:00:00 - 26/12/2026 02:00:00","CTA|IE","-","n/e"," ","-"
"26/12/2026 02:00:00 - 26/12/2026 03:00:00","CTA|IE","-","n/e"," ","-"
"26/12/2026 03:00:00 - 26/12/2026 04:00:00","CTA|IE","-","n/e"," ","-"
"26/12/2026 04:00:00 - 26/12/2026 05:00:00","CTA|IE","-","n/e"," ","-"
"26/12/2026 05:00:00 - 26/12/2026 06:00:00","CTA|IE","-","n/e"," ","-"
"26/12/2026 06:00:00 - 26/12/2026 07:00:00","CTA|IE","-","n/e"," ","-"
"26/12/2026 07:00:00 - 26/12/2026 08:00:00","CTA|IE","-","n/e"," ","-"
"26/12/2026 08:00:00 - 26/12/2026 09:00:00","CTA|IE","-","n/e"," ","-"
"26/12/2026 09:00:00 - 26/12/2026 10:00:00","CTA|IE","-","n/e"," ","-"
"26/12/2026 10:00:00 - 26/12/2026 11:00:00","CTA|IE","-","n/e"," ","-"
"26/12/2026 11:00:00 - 26/12/2026 12:00:00","CTA|IE","-","n/e"," ","-"
"26/12/2026 12:00:00 - 26/12/2026 13:00:00","CTA|IE","-","n/e"," ","-"
"26/12/2026 13:00:00 - 26/12/2026 14:00:00","CTA|IE","-","n/e"," ","-"
"26/12/2026 14:00:00 - 26/12/2026 15:00:00","CTA|IE","-","n/e"," ","-"
"26/12/2026 15:00:00 - 26/12/2026 16:00:00","CTA|IE","-","n/e"," ","-"
"26/12/2026 16:00:00 - 26/12/2026 17:00:00","CTA|IE","-","n/e"," ","-"
"26/12/2026 17:00:00 - 26/12/2026 18:00:00","CTA|IE","-","n/e"," ","-"
"26/12/2026 18:00:00 - 26/12/2026 19:00:00","CTA|IE","-","n/e"," ","-"
"26/12/2026 19:00:00 - 26/12/2026 20:00:00","CTA|IE","-","n/e"," ","-"
"26/12/2026 20:00:00 - 26/12/2026 21:00:00","CTA|IE","-","n/e"," ","-"
"26/12/2026 21:00:00 - 26/12/2026 22:00:00","CTA|IE","-","n/e"," ","-"
"26/12/2026 22:00:00 - 26/12/2026 23:00:00","CTA|IE","-","n/e"," ","-"
"26/12/2026 23:00:00 - 27/12/2026 00:00:00","CTA|IE","-","n/e"," ","-"
"27/12/2026 00:00:00 - 27/12/2026 01:00:00","CTA|IE","-","n/e"," ","-"
"27/12/2026 01:00:00 - 27/12/2026 02:00:00","CTA|IE","-","n/e"," ","-"
"27/12/2026 02:00:00 - 27/12/2026 03:00:00","CTA|IE","-","n/e"," ","-"
"27/12/2026 03:00:00 - 27/12/2026 04:00:00","CTA|IE","-","n/e"," ","-"
"27/12/2026 04:00:00 - 27/12/2026 05:00:00","CTA|IE","-","n/e"," ","-"
"27/12/2026 05:00:00 - 27/12/2026 06:00:00","CTA|IE","-","n/e"," ","-"
"27/12/2026 06:00:00 - 27/12/2026 07:00:00","CTA|IE","-","n/e"," ","-"
"27/12/2026 07:00:00 - 27/12/2026 08:00:00","CTA|IE","-","n/e"," ","-"
"27/12/2026 08:00:00 - 27/12/2026 09:00:00","CTA|IE","-","n/e"," ","-"
"27/12/2026 09:00:00 - 27/12/2026 10:00:00","CTA|IE","-","n/e"," ","-"
"27/12/2026 10:00:00 - 27/12/2026 11:00:00","CTA|IE","-","n/e"," ","-"
"27/12/2026 11:00:00 - 27/12/2026 12:00:00","CTA|IE","-","n/e"," ","-"
"27/12/2026 12:00:00 - 27/12/2026 13:00:00","CTA|IE","-","n/e"," ","-"
"27/12/2026 13:00:00 - 27/12/2026 14:00:00","CTA|IE","-","n/e"," ","-"
"27/12/2026 14:00:00 - 27/12/2026 15:00:00","CTA|IE","-","n/e"," ","-"
"27/12/2026 15:00:00 - 27/12/2026 16:00:00","CTA|IE","-","n/e"," ","-"
"27/12/2026 16:00:00 - 27/12/2026 17:00:00","CTA|IE","-","n/e"," ","-"
"27/12/2026 17:00:00 - 27/12/2026 18:00:00","CTA|IE","-","n/e"," ","-"
"27/12/2026 18:00:00 - 27/12/2026 19:00:00","CTA|IE","-","n/e"," ","-"
"27/12/2026 19:00:00 - 27/12/2026 20:00:00","CTA|IE","-","n/e"," ","-"
"27/12/2026 20:00:00 - 27/12/2026 21:00:00","CTA|IE","-","n/e"," ","-"
"27/12/2026 21:00:00 - 27/12/2026 22:00:00","CTA|IE","-","n/e"," ","-"
"27/12/2026 22:00:00 - 27/12/2026 23:00:00","CTA|IE","-","n/e"," ","-"
"27/12/2026 23:00:00 - 28/12/2026 00:00:00","CTA|IE","-","n/e"," ","-"
"28/12/2026 00:00:00 - 28/12/2026 01:00:00","CTA|IE","-","n/e"," ","-"
"28/12/2026 01:00:00 - 28/12/2026 02:00:00","CTA|IE","-","n/e"," ","-"
"28/12/2026 02:00:00 - 28/12/2026 03:00:00","CTA|IE","-","n/e"," ","-"
"28/12/2026 03:00:00 - 28/12/2026 04:00:00","CTA|IE","-","n/e"," ","-"
"28/12/2026 04:00:00 - 28/12/2026 05:00:00","CTA|IE","-","n/e"," ","-"
"28/12/2026 05:00:00 - 28/12/2026 06:00:00","CTA|IE","-","n/e"," ","-"
"28/12/2026 06:00:00 - 28/12/2026 07:00:00","CTA|IE","-","n/e"," ","-"
"28/12/2026 07:00:00 - 28/12/2026 08:00:00","CTA|IE","-","n/e"," ","-"
"28/12/2026 08:00:00 - 28/12/2026 09:00:00","CTA|IE","-","n/e"," ","-"
"28/12/2026 09:00:00 - 28/12/2026 10:00:00","CTA|IE","-","n/e"," ","-"
"28/12/2026 10:00:00 - 28/12/2026 11:00:00","CTA|IE","-","n/e"," ","-"
"28/12/2026 11:00:00 - 28/12/2026 12:00:00","CTA|IE","-","n/e"," ","-"
"28/12/2026 12:00:00 - 28/12/2026 13:00:00","CTA|IE","-","n/e"," ","-"
"28/12/2026 13:00:00 - 28/12/2026 14:00:00","CTA|IE","-","n/e"," ","-"
"28/12/2026 14:00:00 - 28/12/2026 15:00:00","CTA|IE","-","n/e"," ","-"
"28/12/2026 15:00:00 - 28/12/2026 16:00:00","CTA|IE","-","n/e"," ","-"
"28/12/2026 16:00:00 - 28/12/2026 17:00:00","CTA|IE","-","n/e"," ","-"
"28/12/2026 17:00:00 - 28/12/2026 18:00:00","CTA|IE","-","n/e"," ","-"
"28/12/2026 18:00:00 - 28/12/2026 19:00:00","CTA|IE","-","n/e"," ","-"
"28/12/2026 19:00:00 - 28/12/2026 20:00:00","CTA|IE","-","n/e"," ","-"
"28/12/2026 20:00:00 - 28/12/2026 21:00:00","CTA|IE","-","n/e"," ","-"
"28/12/2026 21:00:00 - 28/12/2026 22:00:00","CTA|IE","-","n/e"," ","-"
"28/12/2026 22:00:00 - 28/12/2026 23:00:00","CTA|IE","-","n/e"," ","-"
"28/12/2026 23:00:00 - 29/12/2026 00:00:00","CTA|IE","-","n/e"," ","-"
"29/12/2026 00:00:00 - 29/12/2026 01:00:00","CTA|IE","-","n/e"," ","-"
"29/12/2026 01:00:00 - 29/12/2026 02:00:00","CTA|IE","-","n/e"," ","-"
"29/12/2026 02:00:00 - 29/12/2026 03:00:00","CTA|IE","-","n/e"," ","-"
"29/12/2026 03:00:00 - 29/12/2026 04:00:00","CTA|IE","-","n/e"," ","-"
"29/12/2026 04:00:00 - 29/12/2026 05:00:00","CTA|IE","-","n/e"," ","-"
"29/12/2026 05:00:00 - 29/12/2026 06:00:00","CTA|IE","-","n/e"," ","-"
"29/12/2026 06:00:00 - 29/12/2026 07:00:00","CTA|IE","-","n/e"," ","-"
"29/12/2026 07:00:00 - 29/12/2026 08:00:00","CTA|IE","-","n/e"," ","-"
"29/12/2026 08:00:00 - 29/12/2026 09:00:00","CTA|IE","-","n/e"," ","-"
"29/12/2026 09:00:00 - 29/12/2026 10:00:00","CTA|IE","-","n/e"," ","-"
"29/12/2026 10:00:00 - 29/12/2026 11:00:00","CTA|IE","-","n/e"," ","-"
"29/12/2026 11:00:00 - 29/12/2026 12:00:00","CTA|IE","-","n/e"," ","-"
"29/12/2026 12:00:00 - 29/12/2026 13:00:00","CTA|IE","-","n/e"," ","-"
"29/12/2026 13:00:00 - 29/12/2026 14:00:00","CTA|IE","-","n/e"," ","-"
"29/12/2026 14:00:00 - 29/12/2026 15:00:00","CTA|IE","-","n/e"," ","-"
"29/12/2026 15:00:00 - 29/12/2026 16:00:00","CTA|IE","-","n/e"," ","-"
"29/12/2026 16:00:00 - 29/12/2026 17:00:00","CTA|IE","-","n/e"," ","-"
"29/12/2026 17:00:00 - 29/12/2026 18:00:00","CTA|IE","-","n/e"," ","-"
"29/12/2026 18:00:00 - 29/12/2026 19:00:00","CTA|IE","-","n/e"," ","-"
"29/12/2026 19:00:00 - 29/12/2026 20:00:00","CTA|IE","-","n/e"," ","-"
"29/12/2026 20:00:00 - 29/12/2026 21:00:00","CTA|IE","-","n/e"," ","-"
"29/12/2026 21:00:00 - 29/12/2026 22:00:00","CTA|IE","-","n/e"," ","-"
"29/12/2026 22:00:00 - 29/12/2026 23:00:00","CTA|IE","-","n/e"," ","-"
"29/12/2026 23:00:00 - 30/12/2026 00:00:00","CTA|IE","-","n/e"," ","-"
"30/12/2026 00:00:00 - 30/12/2026 01:00:00","CTA|IE","-","n/e"," ","-"
"30/12/2026 01:00:00 - 30/12/2026 02:00:00","CTA|IE","-","n/e"," ","-"
"30/12/2026 02:00:00 - 30/12/2026 03:00:00","CTA|IE","-","n/e"," ","-"
"30/12/2026 03:00:00 - 30/12/2026 04:00:00","CTA|IE","-","n/e"," ","-"
"30/12/2026 04:00:00 - 30/12/2026 05:00:00","CTA|IE","-","n/e"," ","-"
"30/12/2026 05:00:00 - 30/12/2026 06:00:00","CTA|IE","-","n/e"," ","-"
"30/12/2026 06:00:00 - 30/12/2026 07:00:00","CTA|IE","-","n/e"," ","-"
"30/12/2026 07:00:00 - 30/12/2026 08:00:00","CTA|IE","-","n/e"," ","-"
"30/12/2026 08:00:00 - 30/12/2026 09:00:00","CTA|IE","-","n/e"," ","-"
"30/12/2026 09:00:00 - 30/12/2026 10:00:00","CTA|IE","-","n/e"," ","-"
"30/12/2026 10:00:00 - 30/12/2026 11:00:00","CTA|IE","-","n/e"," ","-"
"30/12/2026 11:00:00 - 30/12/2026 12:00:00","CTA|IE","-","n/e"," ","-"
"30/12/2026 12:00:00 - 30/12/2026 13:00:00","CTA|IE","-","n/e"," ","-"
"30/12/2026 13:00:00 - 30/12/2026 14:00:00","CTA|IE","-","n/e"," ","-"
"30/12/2026 14:00:00 - 30/12/2026 15:00:00","CTA|IE","-","n/e"," ","-"
"30/12/2026 15:00:00 - 30/12/2026 16:00:00","CTA|IE","-","n/e"," ","-"
"30/12/2026 16:00:00 - 30/12/2026 17:00:00","CTA|IE","-","n/e"," ","-"
"30/12/2026 17:00:00 - 30/12/2026 18:00:00","CTA|IE","-","n/e"," ","-"
"30/12/2026 18:00:00 - 30/12/2026 19:00:00","CTA|IE","-","n/e"," ","-"
"30/12/2026 19:00:00 - 30/12/2026 20:00:00","CTA|IE","-","n/e"," ","-"
"30/12/2026 20:00:00 - 30/12/2026 21:00:00","CTA|IE","-","n/e"," ","-"
"30/12/2026 21:00:00 - 30/12/2026 22:00:00","CTA|IE","-","n/e"," ","-"
"30/12/2026 22:00:00 - 30/12/2026 23:00:00","CTA|IE","-","n/e"," ","-"
"30/12/2026 23:00:00 - 31/12/2026 00:00:00","CTA|IE","-","n/e"," ","-"
"31/12/2026 00:00:00 - 31/12/2026 01:00:00","CTA|IE","-","n/e"," ","-"
"31/12/2026 01:00:00 - 31/12/2026 02:00:00","CTA|IE","-","n/e"," ","-"
"31/12/2026 02:00:00 - 31/12/2026 03:00:00","CTA|IE","-","n/e"," ","-"
"31/12/2026 03:00:00 - 31/12/2026 04:00:00","CTA|IE","-","n/e"," ","-"
"31/12/2026 04:00:00 - 31/12/2026 05:00:00","CTA|IE","-","n/e"," ","-"
"31/12/2026 05:00:00 - 31/12/2026 06:00:00","CTA|IE","-","n/e"," ","-"
"31/12/2026 06:00:00 - 31/12/2026 07:00:00","CTA|IE","-","n/e"," ","-"
"31/12/2026 07:00:00 - 31/12/2026 08:00:00","CTA|IE","-","n/e"," ","-"
"31/12/2026 08:00:00 - 31/12/2026 09:00:00","CTA|IE","-","n/e"," ","-"
"31/12/2026 09:00:00 - 31/12/2026 10:00:00","CTA|IE","-","n/e"," ","-"
"31/12/2026 10:00:00 - 31/12/2026 11:00:00","CTA|IE","-","n/e"," ","-"
"31/12/2026 11:00:00 - 31/12/2026 12:00:00","CTA|IE","-","n/e"," ","-"
"31/12/2026 12:00:00 - 31/12/2026 13:00:00","CTA|IE","-","n/e"," ","-"
"31/12/2026 13:00:00 - 31/12/2026 14:00:00","CTA|IE","-","n/e"," ","-"
"31/12/2026 14:00:00 - 31/12/2026 15:00:00","CTA|IE","-","n/e"," ","-"
"31/12/2026 15:00:00 - 31/12/2026 16:00:00","CTA|IE","-","n/e"," ","-"
"31/12/2026 16:00:00 - 31/12/2026 17:00:00","CTA|IE","-","n/e"," ","-"
"31/12/2026 17:00:00 - 31/12/2026 18:00:00","CTA|IE","-","n/e"," ","-"
"31/12/2026 18:00:00 - 31/12/2026 19:00:00","CTA|IE","-","n/e"," ","-"
"31/12/2026 19:00:00 - 31/12/2026 20:00:00","CTA|IE","-","n/e"," ","-"
"31/12/2026 20:00:00 - 31/12/2026 21:00:00","CTA|IE","-","n/e"," ","-"
"31/12/2026 21:00:00 - 31/12/2026 22:00:00","CTA|IE","-","n/e"," ","-"
"31/12/2026 22:00:00 - 31/12/2026 23:00:00","CTA|IE","-","n/e"," ","-"
"31/12/2026 23:00:00 - 01/01/2027 00:00:00","CTA|IE","-","n/e"," ","-"
