"MTU (CET/CEST)","Area","Day-ahead (MW)","Intraday (MW)","Current (MW)","Actual (MW)"
"01/01/2025 00:00:00 - 01/01/2025 01:00:00","CTA|IE","2457.76","n/e"," ","1867.92"
"01/01/2025 01:00:00 - 01/01/2025 02:00:00","CTA|IE","1972.76","n/e"," ","1914.22"
"01/01/2025 02:00:00 - 01/01/2025 03:00:00","CTA|IE","1900.12","n/e"," ","1980.99"
"01/01/2025 03:00:00 - 01/01/2025 04:00:00","CTA|IE","2104.34","n/e"," ","1844.32"
"01/01/2025 04:00:00 - 01/01/2025 05:00:00","CTA|IE","2349.00","n/e"," ","1711.03"
"01/01/2025 05:00:00 - 01/01/2025 06:00:00","CTA|IE","2307.62","n/e"," ","1559.61"
"01/01/2025 06:00:00 - 01/01/2025 07:00:00","CTA|IE","2450.51","n/e"," ","1469.35"
"01/01/2025 07:00:00 - 01/01/2025 08:00:00","CTA|IE","2456.96","n/e"," ","1726.73"
"01/01/2025 08:00:00 - 01/01/2025 09:00:00","CTA|IE","2508.10","n/e"," ","1902.90"
"01/01/2025 09:00:00 - 01/01/2025 10:00:00","CTA|IE","2368.12","n/e"," ","1732.66"
"01/01/2025 10:00:00 - 01/01/2025 11:00:00","CTA|IE","2129.57","n/e"," ","1600.09"
"01/01/2025 11:00:00 - 01/01/2025 12:00:00","CTA|IE","1808.38","n/e"," ","1744.90"
"01/01/2025 12:00:00 - 01/01/2025 13:00:00","CTA|IE","1577.64","n/e"," ","1477.36"
"01/01/2025 13:00:00 - 01/01/2025 14:00:00","CTA|IE","1613.88","n/e"," ","1214.96"
"01/01/2025 14:00:00 - 01/01/2025 15:00:00","CTA|IE","1587.38","n/e"," ","958.00"
"01/01/2025 15:00:00 - 01/01/2025 16:00:00","CTA|IE","1495.72","n/e"," ","841.11"
"01/01/2025 16:00:00 - 01/01/2025 17:00:00","CTA|IE","1359.38","n/e"," ","848.79"
"01/01/2025 17:00:00 - 01/01/2025 18:00:00","CTA|IE","1223.10","n/e"," ","941.73"
"01/01/2025 18:00:00 - 01/01/2025 19:00:00","CTA|IE","1082.26","n/e"," ","1015.27"
"01/01/2025 19:00:00 - 01/01/2025 20:00:00","CTA|IE","1048.49","n/e"," ","971.84"
"01/01/2025 20:00:00 - 01/01/2025 21:00:00","CTA|IE","896.91","n/e"," ","864.74"
"01/01/2025 21:00:00 - 01/01/2025 22:00:00","CTA|IE","783.56","n/e"," ","795.30"
"01/01/2025 22:00:00 - 01/01/2025 23:00:00","CTA|IE","738.12","n/e"," ","713.28"
"01/01/2025 23:00:00 - 02/01/2025 00:00:00","CTA|IE","736.89","n/e"," ","598.60"
"02/01/2025 00:00:00 - 02/01/2025 01:00:00","CTA|IE","791.34","n/e"," ","637.04"
"02/01/2025 01:00:00 - 02/01/2025 02:00:00","CTA|IE","737.03","n/e"," ","745.93"
"02/01/2025 02:00:00 - 02/01/2025 03:00:00","CTA|IE","766.06","n/e"," ","828.03"
"02/01/2025 03:00:00 - 02/01/2025 04:00:00","CTA|IE","817.03","n/e"," ","927.94"
"02/01/2025 04:00:00 - 02/01/2025 05:00:00","CTA|IE","867.32","n/e"," ","898.32"
"02/01/2025 05:00:00 - 02/01/2025 06:00:00","CTA|IE","862.61","n/e"," ","878.69"
"02/01/2025 06:00:00 - 02/01/2025 07:00:00","CTA|IE","843.09","n/e"," ","934.32"
"02/01/2025 07:00:00 - 02/01/2025 08:00:00","CTA|IE","745.17","n/e"," ","874.41"
"02/01/2025 08:00:00 - 02/01/2025 09:00:00","CTA|IE","706.72","n/e"," ","786.42"
"02/01/2025 09:00:00 - 02/01/2025 10:00:00","CTA|IE","677.54","n/e"," ","731.20"
"02/01/2025 10:00:00 - 02/01/2025 11:00:00","CTA|IE","628.94","n/e"," ","705.01"
"02/01/2025 11:00:00 - 02/01/2025 12:00:00","CTA|IE","579.36","n/e"," ","621.07"
"02/01/2025 12:00:00 - 02/01/2025 13:00:00","CTA|IE","526.71","n/e"," ","522.86"
"02/01/2025 13:00:00 - 02/01/2025 14:00:00","CTA|IE","439.89","n/e"," ","401.91"
"02/01/2025 14:00:00 - 02/01/2025 15:00:00","CTA|IE","409.74","n/e"," ","N/A"
"02/01/2025 15:00:00 - 02/01/2025 16:00:00","CTA|IE","395.60","n/e"," ","339.58"
"02/01/2025 16:00:00 - 02/01/2025 17:00:00","CTA|IE","392.35","n/e"," ","399.52"
"02/01/2025 17:00:00 - 02/01/2025 18:00:00","CTA|IE","347.92","n/e"," ","439.04"
"02/01/2025 18:00:00 - 02/01/2025 19:00:00","CTA|IE","298.23","n/e"," ","489.61"
"02/01/2025 19:00:00 - 02/01/2025 20:00:00","CTA|IE","379.29","n/e"," ","526.27"
"02/01/2025 20:00:00 - 02/01/2025 21:00:00","CTA|IE","381.09","n/e"," ","555.68"
"02/01/2025 21:00:00 - 02/01/2025 22:00:00","CTA|IE","370.53","n/e"," ","491.07"
"02/01/2025 22:00:00 - 02/01/2025 23:00:00","CTA|IE","325.12","n/e"," ","412.63"
"02/01/2025 23:00:00 - 03/01/2025 00:00:00","CTA|IE","277.87","n/e"," ","394.95"
"03/01/2025 00:00:00 - 03/01/2025 01:00:00","CTA|IE","267.07","n/e"," ","370.67"
"03/01/2025 01:00:00 - 03/01/2025 02:00:00","CTA|IE","316.41","n/e"," ","395.68"
"03/01/2025 02:00:00 - 03/01/2025 03:00:00","CTA|IE","334.36","n/e"," ","448.60"
"03/01/2025 03:00:00 - 03/01/2025 04:00:00","CTA|IE","333.03","n/e"," ","451.98"
"03/01/2025 04:00:00 - 03/01/2025 05:00:00","CTA|IE","343.53","n/e"," ","452.39"
"03/01/2025 05:00:00 - 03/01/2025 06:00:00","CTA|IE","348.56","n/e"," ","541.90"
"03/01/2025 06:00:00 - 03/01/2025 07:00:00","CTA|IE","348.24","n/e"," ","554.43"
"03/01/2025 07:00:00 - 03/01/2025 08:00:00","CTA|IE","384.03","n/e"," ","547.45"
"03/01/2025 08:00:00 - 03/01/2025 09:00:00","CTA|IE","383.14","n/e"," ","541.94"
"03/01/2025 09:00:00 - 03/01/2025 10:00:00","CTA|IE","362.88","n/e"," ","554.30"
"03/01/2025 10:00:00 - 03/01/2025 11:00:00","CTA|IE","327.25","n/e"," ","499.06"
"03/01/2025 11:00:00 - 03/01/2025 12:00:00","CTA|IE","292.52","n/e"," ","453.07"
"03/01/2025 12:00:00 - 03/01/2025 13:00:00","CTA|IE","263.33","n/e"," ","388.09"
"03/01/2025 13:00:00 - 03/01/2025 14:00:00","CTA|IE","266.77","n/e"," ","324.07"
"03/01/2025 14:00:00 - 03/01/2025 15:00:00","CTA|IE","220.26","n/e"," ","270.11"
"03/01/2025 15:00:00 - 03/01/2025 16:00:00","CTA|IE","172.63","n/e"," ","210.05"
"03/01/2025 16:00:00 - 03/01/2025 17:00:00","CTA|IE","156.08","n/e"," ","206.33"
"03/01/2025 17:00:00 - 03/01/2025 18:00:00","CTA|IE","150.42","n/e"," ","243.97"
"03/01/2025 18:00:00 - 03/01/2025 19:00:00","CTA|IE","139.57","n/e"," ","250.82"
"03/01/2025 19:00:00 - 03/01/2025 20:00:00","CTA|IE","151.56","n/e"," ","257.45"
"03/01/2025 20:00:00 - 03/01/2025 21:00:00","CTA|IE","165.75","n/e"," ","295.95"
"03/01/2025 21:00:00 - 03/01/2025 22:00:00","CTA|IE","160.69","n/e"," ","254.43"
"03/01/2025 22:00:00 - 03/01/2025 23:00:00","CTA|IE","160.04","n/e"," ","253.07"
"03/01/2025 23:00:00 - 04/01/2025 00:00:00","CTA|IE","188.31","n/e"," ","285.15"
"04/01/2025 00:00:00 - 04/01/2025 01:00:00","CTA|IE","221.28","n/e"," ","277.38"
"04/01/2025 01:00:00 - 04/01/2025 02:00:00","CTA|IE","284.62","n/e"," ","320.43"
"04/01/2025 02:00:00 - 04/01/2025 03:00:00","CTA|IE","283.20","n/e"," ","311.29"
"04/01/2025 03:00:00 - 04/01/2025 04:00:00","CTA|IE","281.71","n/e"," ","311.50"
"04/01/2025 04:00:00 - 04/01/2025 05:00:00","CTA|IE","294.83","n/e"," ","357.99"
"04/01/2025 05:00:00 - 04/01/2025 06:00:00","CTA|IE","349.35","n/e"," ","353.32"
"04/01/2025 06:00:00 - 04/01/2025 07:00:00","CTA|IE","419.49","n/e"," ","363.90"
"04/01/2025 07:00:00 - 04/01/2025 08:00:00","CTA|IE","402.12","n/e"," ","377.75"
"04/01/2025 08:00:00 - 04/01/2025 09:00:00","CTA|IE","419.43","n/e"," ","422.29"
"04/01/2025 09:00:00 - 04/01/2025 10:00:00","CTA|IE","454.51","n/e"," ","476.62"
"04/01/2025 10:00:00 - 04/01/2025 11:00:00","CTA|IE","540.84","n/e"," ","467.11"
"04/01/2025 11:00:00 - 04/01/2025 12:00:00","CTA|IE","671.95","n/e"," ","582.22"
"04/01/2025 12:00:00 - 04/01/2025 13:00:00","CTA|IE","765.26","n/e"," ","686.68"
"04/01/2025 13:00:00 - 04/01/2025 14:00:00","CTA|IE","695.59","n/e"," ","795.16"
"04/01/2025 14:00:00 - 04/01/2025 15:00:00","CTA|IE","799.70","n/e"," ","936.33"
"04/01/2025 15:00:00 - 04/01/2025 16:00:00","CTA|IE","975.23","n/e"," ","1142.32"
"04/01/2025 16:00:00 - 04/01/2025 17:00:00","CTA|IE","1154.86","n/e"," ","1361.65"
"04/01/2025 17:00:00 - 04/01/2025 18:00:00","CTA|IE","1353.63","n/e"," ","1499.70"
"04/01/2025 18:00:00 - 04/01/2025 19:00:00","CTA|IE","1585.25","n/e"," ","1702.28"
"04/01/2025 19:00:00 - 04/01/2025 20:00:00","CTA|IE","1772.73","n/e"," ","1736.16"
"04/01/2025 20:00:00 - 04/01/2025 21:00:00","CTA|IE","1998.49","n/e"," ","1703.25"
"04/01/2025 21:00:00 - 04/01/2025 22:00:00","CTA|IE","2139.85","n/e"," ","1948.39"
"04/01/2025 22:00:00 - 04/01/2025 23:00:00","CTA|IE","2240.14","n/e"," ","2067.98"
"04/01/2025 23:00:00 - 05/01/2025 00:00:00","CTA|IE","2343.07","n/e"," ","2099.57"
"05/01/2025 00:00:00 - 05/01/2025 01:00:00","CTA|IE","2439.93","n/e"," ","2163.75"
"05/01/2025 01:00:00 - 05/01/2025 02:00:00","CTA|IE","2470.68","n/e"," ","2207.07"
"05/01/2025 02:00:00 - 05/01/2025 03:00:00","CTA|IE","2462.72","n/e"," ","2089.43"
"05/01/2025 03:00:00 - 05/01/2025 04:00:00","CTA|IE","2418.69","n/e"," ","2072.23"
"05/01/2025 04:00:00 - 05/01/2025 05:00:00","CTA|IE","2390.38","n/e"," ","2072.36"
"05/01/2025 05:00:00 - 05/01/2025 06:00:00","CTA|IE","2437.15","n/e"," ","1979.07"
"05/01/2025 06:00:00 - 05/01/2025 07:00:00","CTA|IE","2520.14","n/e"," ","1858.63"
"05/01/2025 07:00:00 - 05/01/2025 08:00:00","CTA|IE","2364.06","n/e"," ","1899.14"
"05/01/2025 08:00:00 - 05/01/2025 09:00:00","CTA|IE","2265.26","n/e"," ","1850.03"
"05/01/2025 09:00:00 - 05/01/2025 10:00:00","CTA|IE","2223.51","n/e"," ","1960.68"
"05/01/2025 10:00:00 - 05/01/2025 11:00:00","CTA|IE","2338.08","n/e"," ","2011.42"
"05/01/2025 11:00:00 - 05/01/2025 12:00:00","CTA|IE","2445.96","n/e"," ","2116.92"
"05/01/2025 12:00:00 - 05/01/2025 13:00:00","CTA|IE","2517.39","n/e"," ","2184.08"
"05/01/2025 13:00:00 - 05/01/2025 14:00:00","CTA|IE","2383.34","n/e"," ","2119.98"
"05/01/2025 14:00:00 - 05/01/2025 15:00:00","CTA|IE","2523.34","n/e"," ","2166.66"
"05/01/2025 15:00:00 - 05/01/2025 16:00:00","CTA|IE","2759.84","n/e"," ","2163.66"
"05/01/2025 16:00:00 - 05/01/2025 17:00:00","CTA|IE","3049.80","n/e"," ","2170.80"
"05/01/2025 17:00:00 - 05/01/2025 18:00:00","CTA|IE","3139.19","n/e"," ","2184.06"
"05/01/2025 18:00:00 - 05/01/2025 19:00:00","CTA|IE","3087.02","n/e"," ","2182.15"
"05/01/2025 19:00:00 - 05/01/2025 20:00:00","CTA|IE","2751.41","n/e"," ","2138.39"
"05/01/2025 20:00:00 - 05/01/2025 21:00:00","CTA|IE","2933.50","n/e"," ","2093.14"
"05/01/2025 21:00:00 - 05/01/2025 22:00:00","CTA|IE","2982.82","n/e"," ","2090.69"
"05/01/2025 22:00:00 - 05/01/2025 23:00:00","CTA|IE","2913.02","n/e"," ","1956.74"
"05/01/2025 23:00:00 - 06/01/2025 00:00:00","CTA|IE","2779.50","n/e"," ","1882.08"
"06/01/2025 00:00:00 - 06/01/2025 01:00:00","CTA|IE","2683.11","n/e"," ","1727.94"
"06/01/2025 01:00:00 - 06/01/2025 02:00:00","CTA|IE","2368.26","n/e"," ","1540.45"
"06/01/2025 02:00:00 - 06/01/2025 03:00:00","CTA|IE","2178.58","n/e"," ","1410.74"
"06/01/2025 03:00:00 - 06/01/2025 04:00:00","CTA|IE","2011.28","n/e"," ","1356.36"
"06/01/2025 04:00:00 - 06/01/2025 05:00:00","CTA|IE","2079.59","n/e"," ","1364.51"
"06/01/2025 05:00:00 - 06/01/2025 06:00:00","CTA|IE","2331.09","n/e"," ","1589.63"
"06/01/2025 06:00:00 - 06/01/2025 07:00:00","CTA|IE","2656.55","n/e"," ","1675.68"
"06/01/2025 07:00:00 - 06/01/2025 08:00:00","CTA|IE","2788.91","n/e"," ","2025.50"
"06/01/2025 08:00:00 - 06/01/2025 09:00:00","CTA|IE","2929.48","n/e"," ","2353.82"
"06/01/2025 09:00:00 - 06/01/2025 10:00:00","CTA|IE","3042.62","n/e"," ","2176.77"
"06/01/2025 10:00:00 - 06/01/2025 11:00:00","CTA|IE","3105.57","n/e"," ","1868.44"
"06/01/2025 11:00:00 - 06/01/2025 12:00:00","CTA|IE","3093.81","n/e"," ","1953.26"
"06/01/2025 12:00:00 - 06/01/2025 13:00:00","CTA|IE","3130.97","n/e"," ","1957.27"
"06/01/2025 13:00:00 - 06/01/2025 14:00:00","CTA|IE","3047.57","n/e"," ","2198.20"
"06/01/2025 14:00:00 - 06/01/2025 15:00:00","CTA|IE","3113.71","n/e"," ","2593.76"
"06/01/2025 15:00:00 - 06/01/2025 16:00:00","CTA|IE","3173.83","n/e"," ","2563.60"
"06/01/2025 16:00:00 - 06/01/2025 17:00:00","CTA|IE","3167.58","n/e"," ","2111.50"
"06/01/2025 17:00:00 - 06/01/2025 18:00:00","CTA|IE","3089.75","n/e"," ","1870.91"
"06/01/2025 18:00:00 - 06/01/2025 19:00:00","CTA|IE","3058.19","n/e"," ","2129.07"
"06/01/2025 19:00:00 - 06/01/2025 20:00:00","CTA|IE","2899.84","n/e"," ","2411.19"
"06/01/2025 20:00:00 - 06/01/2025 21:00:00","CTA|IE","2958.79","n/e"," ","2516.63"
"06/01/2025 21:00:00 - 06/01/2025 22:00:00","CTA|IE","3127.01","n/e"," ","2656.68"
"06/01/2025 22:00:00 - 06/01/2025 23:00:00","CTA|IE","3340.26","n/e"," ","2768.28"
"06/01/2025 23:00:00 - 07/01/2025 00:00:00","CTA|IE","3445.90","n/e"," ","2792.89"
"07/01/2025 00:00:00 - 07/01/2025 01:00:00","CTA|IE","3471.38","n/e"," ","2686.75"
"07/01/2025 01:00:00 - 07/01/2025 02:00:00","CTA|IE","3367.06","n/e"," ","2377.09"
"07/01/2025 02:00:00 - 07/01/2025 03:00:00","CTA|IE","3108.41","n/e"," ","1943.77"
"07/01/2025 03:00:00 - 07/01/2025 04:00:00","CTA|IE","2715.44","n/e"," ","1689.59"
"07/01/2025 04:00:00 - 07/01/2025 05:00:00","CTA|IE","2386.56","n/e"," ","1684.07"
"07/01/2025 05:00:00 - 07/01/2025 06:00:00","CTA|IE","2088.30","n/e"," ","1462.55"
"07/01/2025 06:00:00 - 07/01/2025 07:00:00","CTA|IE","1834.16","n/e"," ","1320.14"
"07/01/2025 07:00:00 - 07/01/2025 08:00:00","CTA|IE","1558.40","n/e"," ","1087.62"
"07/01/2025 08:00:00 - 07/01/2025 09:00:00","CTA|IE","1440.17","n/e"," ","1139.07"
"07/01/2025 09:00:00 - 07/01/2025 10:00:00","CTA|IE","1360.07","n/e"," ","1270.46"
"07/01/2025 10:00:00 - 07/01/2025 11:00:00","CTA|IE","1364.69","n/e"," ","1220.30"
"07/01/2025 11:00:00 - 07/01/2025 12:00:00","CTA|IE","1376.24","n/e"," ","1059.48"
"07/01/2025 12:00:00 - 07/01/2025 13:00:00","CTA|IE","1362.32","n/e"," ","956.03"
"07/01/2025 13:00:00 - 07/01/2025 14:00:00","CTA|IE","1187.10","n/e"," ","997.15"
"07/01/2025 14:00:00 - 07/01/2025 15:00:00","CTA|IE","1186.94","n/e"," ","1061.39"
"07/01/2025 15:00:00 - 07/01/2025 16:00:00","CTA|IE","1158.46","n/e"," ","1099.34"
"07/01/2025 16:00:00 - 07/01/2025 17:00:00","CTA|IE","1114.12","n/e"," ","1013.45"
"07/01/2025 17:00:00 - 07/01/2025 18:00:00","CTA|IE","959.15","n/e"," ","1074.64"
"07/01/2025 18:00:00 - 07/01/2025 19:00:00","CTA|IE","822.00","n/e"," ","956.81"
"07/01/2025 19:00:00 - 07/01/2025 20:00:00","CTA|IE","697.32","n/e"," ","797.79"
"07/01/2025 20:00:00 - 07/01/2025 21:00:00","CTA|IE","628.24","n/e"," ","590.24"
"07/01/2025 21:00:00 - 07/01/2025 22:00:00","CTA|IE","607.36","n/e"," ","580.29"
"07/01/2025 22:00:00 - 07/01/2025 23:00:00","CTA|IE","545.34","n/e"," ","487.82"
"07/01/2025 23:00:00 - 08/01/2025 00:00:00","CTA|IE","399.31","n/e"," ","426.78"
"08/01/2025 00:00:00 - 08/01/2025 01:00:00","CTA|IE","308.06","n/e"," ","372.41"
"08/01/2025 01:00:00 - 08/01/2025 02:00:00","CTA|IE","259.74","n/e"," ","345.66"
"08/01/2025 02:00:00 - 08/01/2025 03:00:00","CTA|IE","225.60","n/e"," ","267.11"
"08/01/2025 03:00:00 - 08/01/2025 04:00:00","CTA|IE","216.87","n/e"," ","325.13"
"08/01/2025 04:00:00 - 08/01/2025 05:00:00","CTA|IE","283.61","n/e"," ","376.75"
"08/01/2025 05:00:00 - 08/01/2025 06:00:00","CTA|IE","351.24","n/e"," ","519.61"
"08/01/2025 06:00:00 - 08/01/2025 07:00:00","CTA|IE","387.64","n/e"," ","651.19"
"08/01/2025 07:00:00 - 08/01/2025 08:00:00","CTA|IE","618.90","n/e"," ","755.21"
"08/01/2025 08:00:00 - 08/01/2025 09:00:00","CTA|IE","750.70","n/e"," ","836.59"
"08/01/2025 09:00:00 - 08/01/2025 10:00:00","CTA|IE","850.11","n/e"," ","736.41"
"08/01/2025 10:00:00 - 08/01/2025 11:00:00","CTA|IE","739.09","n/e"," ","793.80"
"08/01/2025 11:00:00 - 08/01/2025 12:00:00","CTA|IE","630.66","n/e"," ","715.37"
"08/01/2025 12:00:00 - 08/01/2025 13:00:00","CTA|IE","612.52","n/e"," ","577.17"
"08/01/2025 13:00:00 - 08/01/2025 14:00:00","CTA|IE","601.98","n/e"," ","504.26"
"08/01/2025 14:00:00 - 08/01/2025 15:00:00","CTA|IE","640.52","n/e"," ","460.24"
"08/01/2025 15:00:00 - 08/01/2025 16:00:00","CTA|IE","634.65","n/e"," ","454.54"
"08/01/2025 16:00:00 - 08/01/2025 17:00:00","CTA|IE","635.91","n/e"," ","558.20"
"08/01/2025 17:00:00 - 08/01/2025 18:00:00","CTA|IE","625.40","n/e"," ","616.48"
"08/01/2025 18:00:00 - 08/01/2025 19:00:00","CTA|IE","578.39","n/e"," ","710.89"
"08/01/2025 19:00:00 - 08/01/2025 20:00:00","CTA|IE","602.24","n/e"," ","739.54"
"08/01/2025 20:00:00 - 08/01/2025 21:00:00","CTA|IE","552.73","n/e"," ","668.93"
"08/01/2025 21:00:00 - 08/01/2025 22:00:00","CTA|IE","456.34","n/e"," ","571.07"
"08/01/2025 22:00:00 - 08/01/2025 23:00:00","CTA|IE","362.93","n/e"," ","503.38"
"08/01/2025 23:00:00 - 09/01/2025 00:00:00","CTA|IE","329.65","n/e"," ","439.34"
"09/01/2025 00:00:00 - 09/01/2025 01:00:00","CTA|IE","315.87","n/e"," ","434.07"
"09/01/2025 01:00:00 - 09/01/2025 02:00:00","CTA|IE","355.17","n/e"," ","426.11"
"09/01/2025 02:00:00 - 09/01/2025 03:00:00","CTA|IE","377.72","n/e"," ","473.31"
"09/01/2025 03:00:00 - 09/01/2025 04:00:00","CTA|IE","433.93","n/e"," ","561.95"
"09/01/2025 04:00:00 - 09/01/2025 05:00:00","CTA|IE","487.56","n/e"," ","733.95"
"09/01/2025 05:00:00 - 09/01/2025 06:00:00","CTA|IE","499.66","n/e"," ","738.81"
"09/01/2025 06:00:00 - 09/01/2025 07:00:00","CTA|IE","532.06","n/e"," ","790.24"
"09/01/2025 07:00:00 - 09/01/2025 08:00:00","CTA|IE","782.62","n/e"," ","815.20"
"09/01/2025 08:00:00 - 09/01/2025 09:00:00","CTA|IE","835.52","n/e"," ","667.89"
"09/01/2025 09:00:00 - 09/01/2025 10:00:00","CTA|IE","892.79","n/e"," ","532.36"
"09/01/2025 10:00:00 - 09/01/2025 11:00:00","CTA|IE","809.96","n/e"," ","456.79"
"09/01/2025 11:00:00 - 09/01/2025 12:00:00","CTA|IE","665.30","n/e"," ","365.83"
"09/01/2025 12:00:00 - 09/01/2025 13:00:00","CTA|IE","493.40","n/e"," ","284.27"
"09/01/2025 13:00:00 - 09/01/2025 14:00:00","CTA|IE","346.54","n/e"," ","269.71"
"09/01/2025 14:00:00 - 09/01/2025 15:00:00","CTA|IE","283.59","n/e"," ","191.85"
"09/01/2025 15:00:00 - 09/01/2025 16:00:00","CTA|IE","207.13","n/e"," ","113.32"
"09/01/2025 16:00:00 - 09/01/2025 17:00:00","CTA|IE","137.11","n/e"," ","87.48"
"09/01/2025 17:00:00 - 09/01/2025 18:00:00","CTA|IE","90.57","n/e"," ","61.69"
"09/01/2025 18:00:00 - 09/01/2025 19:00:00","CTA|IE","86.49","n/e"," ","83.55"
"09/01/2025 19:00:00 - 09/01/2025 20:00:00","CTA|IE","143.25","n/e"," ","128.24"
"09/01/2025 20:00:00 - 09/01/2025 21:00:00","CTA|IE","251.72","n/e"," ","265.62"
"09/01/2025 21:00:00 - 09/01/2025 22:00:00","CTA|IE","434.77","n/e"," ","459.19"
"09/01/2025 22:00:00 - 09/01/2025 23:00:00","CTA|IE","733.37","n/e"," ","929.79"
"09/01/2025 23:00:00 - 10/01/2025 00:00:00","CTA|IE","1044.05","n/e"," ","1349.74"
"10/01/2025 00:00:00 - 10/01/2025 01:00:00","CTA|IE","1268.43","n/e"," ","1910.02"
"10/01/2025 01:00:00 - 10/01/2025 02:00:00","CTA|IE","1591.96","n/e"," ","2208.12"
"10/01/2025 02:00:00 - 10/01/2025 03:00:00","CTA|IE","1760.10","n/e"," ","2161.30"
"10/01/2025 03:00:00 - 10/01/2025 04:00:00","CTA|IE","1955.04","n/e"," ","1954.42"
"10/01/2025 04:00:00 - 10/01/2025 05:00:00","CTA|IE","2059.76","n/e"," ","1953.59"
"10/01/2025 05:00:00 - 10/01/2025 06:00:00","CTA|IE","2260.78","n/e"," ","1997.67"
"10/01/2025 06:00:00 - 10/01/2025 07:00:00","CTA|IE","2449.12","n/e"," ","2067.61"
"10/01/2025 07:00:00 - 10/01/2025 08:00:00","CTA|IE","2462.13","n/e"," ","2435.64"
"10/01/2025 08:00:00 - 10/01/2025 09:00:00","CTA|IE","2639.56","n/e"," ","2587.64"
"10/01/2025 09:00:00 - 10/01/2025 10:00:00","CTA|IE","2726.49","n/e"," ","2710.71"
"10/01/2025 10:00:00 - 10/01/2025 11:00:00","CTA|IE","2767.13","n/e"," ","2753.24"
"10/01/2025 11:00:00 - 10/01/2025 12:00:00","CTA|IE","2786.00","n/e"," ","2864.09"
"10/01/2025 12:00:00 - 10/01/2025 13:00:00","CTA|IE","2747.73","n/e"," ","2827.79"
"10/01/2025 13:00:00 - 10/01/2025 14:00:00","CTA|IE","2690.09","n/e"," ","2774.58"
"10/01/2025 14:00:00 - 10/01/2025 15:00:00","CTA|IE","2617.82","n/e"," ","2707.10"
"10/01/2025 15:00:00 - 10/01/2025 16:00:00","CTA|IE","2568.98","n/e"," ","2613.31"
"10/01/2025 16:00:00 - 10/01/2025 17:00:00","CTA|IE","2471.36","n/e"," ","2493.77"
"10/01/2025 17:00:00 - 10/01/2025 18:00:00","CTA|IE","2339.81","n/e"," ","2325.87"
"10/01/2025 18:00:00 - 10/01/2025 19:00:00","CTA|IE","2216.35","n/e"," ","2128.12"
"10/01/2025 19:00:00 - 10/01/2025 20:00:00","CTA|IE","1964.98","n/e"," ","2091.38"
"10/01/2025 20:00:00 - 10/01/2025 21:00:00","CTA|IE","1884.62","n/e"," ","2057.58"
"10/01/2025 21:00:00 - 10/01/2025 22:00:00","CTA|IE","1827.03","n/e"," ","1892.78"
"10/01/2025 22:00:00 - 10/01/2025 23:00:00","CTA|IE","1777.63","n/e"," ","1724.44"
"10/01/2025 23:00:00 - 11/01/2025 00:00:00","CTA|IE","1761.87","n/e"," ","1597.87"
"11/01/2025 00:00:00 - 11/01/2025 01:00:00","CTA|IE","1804.95","n/e"," ","1535.34"
"11/01/2025 01:00:00 - 11/01/2025 02:00:00","CTA|IE","1646.24","n/e"," ","1448.62"
"11/01/2025 02:00:00 - 11/01/2025 03:00:00","CTA|IE","1689.08","n/e"," ","1340.15"
"11/01/2025 03:00:00 - 11/01/2025 04:00:00","CTA|IE","1652.43","n/e"," ","1564.07"
"11/01/2025 04:00:00 - 11/01/2025 05:00:00","CTA|IE","1520.87","n/e"," ","1589.51"
"11/01/2025 05:00:00 - 11/01/2025 06:00:00","CTA|IE","1430.26","n/e"," ","1486.80"
"11/01/2025 06:00:00 - 11/01/2025 07:00:00","CTA|IE","1291.50","n/e"," ","1258.37"
"11/01/2025 07:00:00 - 11/01/2025 08:00:00","CTA|IE","1083.08","n/e"," ","1127.09"
"11/01/2025 08:00:00 - 11/01/2025 09:00:00","CTA|IE","922.61","n/e"," ","905.69"
"11/01/2025 09:00:00 - 11/01/2025 10:00:00","CTA|IE","790.79","n/e"," ","749.85"
"11/01/2025 10:00:00 - 11/01/2025 11:00:00","CTA|IE","642.73","n/e"," ","504.64"
"11/01/2025 11:00:00 - 11/01/2025 12:00:00","CTA|IE","468.05","n/e"," ","337.56"
"11/01/2025 12:00:00 - 11/01/2025 13:00:00","CTA|IE","349.58","n/e"," ","245.27"
"11/01/2025 13:00:00 - 11/01/2025 14:00:00","CTA|IE","228.48","n/e"," ","181.35"
"11/01/2025 14:00:00 - 11/01/2025 15:00:00","CTA|IE","223.82","n/e"," ","165.97"
"11/01/2025 15:00:00 - 11/01/2025 16:00:00","CTA|IE","217.12","n/e"," ","158.81"
"11/01/2025 16:00:00 - 11/01/2025 17:00:00","CTA|IE","213.23","n/e"," ","134.97"
"11/01/2025 17:00:00 - 11/01/2025 18:00:00","CTA|IE","190.22","n/e"," ","138.04"
"11/01/2025 18:00:00 - 11/01/2025 19:00:00","CTA|IE","150.79","n/e"," ","132.31"
"11/01/2025 19:00:00 - 11/01/2025 20:00:00","CTA|IE","123.68","n/e"," ","99.66"
"11/01/2025 20:00:00 - 11/01/2025 21:00:00","CTA|IE","128.19","n/e"," ","100.91"
"11/01/2025 21:00:00 - 11/01/2025 22:00:00","CTA|IE","127.27","n/e"," ","153.66"
"11/01/2025 22:00:00 - 11/01/2025 23:00:00","CTA|IE","151.42","n/e"," ","224.40"
"11/01/2025 23:00:00 - 12/01/2025 00:00:00","CTA|IE","230.06","n/e"," ","324.94"
"12/01/2025 00:00:00 - 12/01/2025 01:00:00","CTA|IE","338.31","n/e"," ","537.95"
"12/01/2025 01:00:00 - 12/01/2025 02:00:00","CTA|IE","562.26","n/e"," ","795.01"
"12/01/2025 02:00:00 - 12/01/2025 03:00:00","CTA|IE","637.45","n/e"," ","1097.12"
"12/01/2025 03:00:00 - 12/01/2025 04:00:00","CTA|IE","722.82","n/e"," ","1363.76"
"12/01/2025 04:00:00 - 12/01/2025 05:00:00","CTA|IE","862.88","n/e"," ","1663.57"
"12/01/2025 05:00:00 - 12/01/2025 06:00:00","CTA|IE","1060.31","n/e"," ","1798.38"
"12/01/2025 06:00:00 - 12/01/2025 07:00:00","CTA|IE","1335.75","n/e"," ","1830.00"
"12/01/2025 07:00:00 - 12/01/2025 08:00:00","CTA|IE","1621.60","n/e"," ","2003.71"
"12/01/2025 08:00:00 - 12/01/2025 09:00:00","CTA|IE","1884.07","n/e"," ","2215.55"
"12/01/2025 09:00:00 - 12/01/2025 10:00:00","CTA|IE","2119.57","n/e"," ","2422.06"
"12/01/2025 10:00:00 - 12/01/2025 11:00:00","CTA|IE","2299.65","n/e"," ","2576.72"
"12/01/2025 11:00:00 - 12/01/2025 12:00:00","CTA|IE","2455.75","n/e"," ","2644.30"
"12/01/2025 12:00:00 - 12/01/2025 13:00:00","CTA|IE","2556.34","n/e"," ","2746.94"
"12/01/2025 13:00:00 - 12/01/2025 14:00:00","CTA|IE","2718.90","n/e"," ","2865.34"
"12/01/2025 14:00:00 - 12/01/2025 15:00:00","CTA|IE","2871.27","n/e"," ","2851.08"
"12/01/2025 15:00:00 - 12/01/2025 16:00:00","CTA|IE","2998.71","n/e"," ","2986.33"
"12/01/2025 16:00:00 - 12/01/2025 17:00:00","CTA|IE","3110.99","n/e"," ","3146.40"
"12/01/2025 17:00:00 - 12/01/2025 18:00:00","CTA|IE","3212.63","n/e"," ","3147.30"
"12/01/2025 18:00:00 - 12/01/2025 19:00:00","CTA|IE","3311.03","n/e"," ","3155.75"
"12/01/2025 19:00:00 - 12/01/2025 20:00:00","CTA|IE","3399.49","n/e"," ","3175.10"
"12/01/2025 20:00:00 - 12/01/2025 21:00:00","CTA|IE","3403.00","n/e"," ","3224.06"
"12/01/2025 21:00:00 - 12/01/2025 22:00:00","CTA|IE","3423.31","n/e"," ","3109.09"
"12/01/2025 22:00:00 - 12/01/2025 23:00:00","CTA|IE","3455.47","n/e"," ","3110.34"
"12/01/2025 23:00:00 - 13/01/2025 00:00:00","CTA|IE","3526.45","n/e"," ","3006.89"
"13/01/2025 00:00:00 - 13/01/2025 01:00:00","CTA|IE","3609.13","n/e"," ","2981.29"
"13/01/2025 01:00:00 - 13/01/2025 02:00:00","CTA|IE","3594.11","n/e"," ","3014.31"
"13/01/2025 02:00:00 - 13/01/2025 03:00:00","CTA|IE","3615.88","n/e"," ","2987.32"
"13/01/2025 03:00:00 - 13/01/2025 04:00:00","CTA|IE","3660.82","n/e"," ","2996.94"
"13/01/2025 04:00:00 - 13/01/2025 05:00:00","CTA|IE","3690.60","n/e"," ","2902.16"
"13/01/2025 05:00:00 - 13/01/2025 06:00:00","CTA|IE","3709.55","n/e"," ","2954.52"
"13/01/2025 06:00:00 - 13/01/2025 07:00:00","CTA|IE","3703.18","n/e"," ","2951.95"
"13/01/2025 07:00:00 - 13/01/2025 08:00:00","CTA|IE","3676.05","n/e"," ","3016.55"
"13/01/2025 08:00:00 - 13/01/2025 09:00:00","CTA|IE","3633.68","n/e"," ","3099.08"
"13/01/2025 09:00:00 - 13/01/2025 10:00:00","CTA|IE","3581.32","n/e"," ","2992.19"
"13/01/2025 10:00:00 - 13/01/2025 11:00:00","CTA|IE","3554.67","n/e"," ","3055.26"
"13/01/2025 11:00:00 - 13/01/2025 12:00:00","CTA|IE","3504.99","n/e"," ","3263.88"
"13/01/2025 12:00:00 - 13/01/2025 13:00:00","CTA|IE","3379.92","n/e"," ","3181.04"
"13/01/2025 13:00:00 - 13/01/2025 14:00:00","CTA|IE","3306.05","n/e"," ","3139.67"
"13/01/2025 14:00:00 - 13/01/2025 15:00:00","CTA|IE","3200.29","n/e"," ","3023.95"
"13/01/2025 15:00:00 - 13/01/2025 16:00:00","CTA|IE","2943.26","n/e"," ","2886.58"
"13/01/2025 16:00:00 - 13/01/2025 17:00:00","CTA|IE","2729.77","n/e"," ","2604.66"
"13/01/2025 17:00:00 - 13/01/2025 18:00:00","CTA|IE","2513.37","n/e"," ","2359.73"
"13/01/2025 18:00:00 - 13/01/2025 19:00:00","CTA|IE","2283.45","n/e"," ","2274.35"
"13/01/2025 19:00:00 - 13/01/2025 20:00:00","CTA|IE","2111.99","n/e"," ","1973.53"
"13/01/2025 20:00:00 - 13/01/2025 21:00:00","CTA|IE","1842.55","n/e"," ","1830.48"
"13/01/2025 21:00:00 - 13/01/2025 22:00:00","CTA|IE","1692.76","n/e"," ","1639.42"
"13/01/2025 22:00:00 - 13/01/2025 23:00:00","CTA|IE","1643.47","n/e"," ","1642.01"
"13/01/2025 23:00:00 - 14/01/2025 00:00:00","CTA|IE","1572.48","n/e"," ","1573.68"
"14/01/2025 00:00:00 - 14/01/2025 01:00:00","CTA|IE","1465.56","n/e"," ","1425.78"
"14/01/2025 01:00:00 - 14/01/2025 02:00:00","CTA|IE","1414.99","n/e"," ","1276.37"
"14/01/2025 02:00:00 - 14/01/2025 03:00:00","CTA|IE","1289.34","n/e"," ","1200.28"
"14/01/2025 03:00:00 - 14/01/2025 04:00:00","CTA|IE","1181.58","n/e"," ","1079.14"
"14/01/2025 04:00:00 - 14/01/2025 05:00:00","CTA|IE","1080.22","n/e"," ","876.75"
"14/01/2025 05:00:00 - 14/01/2025 06:00:00","CTA|IE","998.43","n/e"," ","810.20"
"14/01/2025 06:00:00 - 14/01/2025 07:00:00","CTA|IE","931.58","n/e"," ","793.74"
"14/01/2025 07:00:00 - 14/01/2025 08:00:00","CTA|IE","962.01","n/e"," ","765.37"
"14/01/2025 08:00:00 - 14/01/2025 09:00:00","CTA|IE","980.11","n/e"," ","750.68"
"14/01/2025 09:00:00 - 14/01/2025 10:00:00","CTA|IE","969.66","n/e"," ","847.71"
"14/01/2025 10:00:00 - 14/01/2025 11:00:00","CTA|IE","987.88","n/e"," ","832.94"
"14/01/2025 11:00:00 - 14/01/2025 12:00:00","CTA|IE","1009.87","n/e"," ","711.75"
"14/01/2025 12:00:00 - 14/01/2025 13:00:00","CTA|IE","1027.02","n/e"," ","755.01"
"14/01/2025 13:00:00 - 14/01/2025 14:00:00","CTA|IE","1003.59","n/e"," ","932.10"
"14/01/2025 14:00:00 - 14/01/2025 15:00:00","CTA|IE","1067.85","n/e"," ","1018.87"
"14/01/2025 15:00:00 - 14/01/2025 16:00:00","CTA|IE","1114.18","n/e"," ","1013.67"
"14/01/2025 16:00:00 - 14/01/2025 17:00:00","CTA|IE","1168.41","n/e"," ","1107.59"
"14/01/2025 17:00:00 - 14/01/2025 18:00:00","CTA|IE","1311.15","n/e"," ","1193.68"
"14/01/2025 18:00:00 - 14/01/2025 19:00:00","CTA|IE","1452.70","n/e"," ","1272.87"
"14/01/2025 19:00:00 - 14/01/2025 20:00:00","CTA|IE","1418.70","n/e"," ","1376.12"
"14/01/2025 20:00:00 - 14/01/2025 21:00:00","CTA|IE","1446.97","n/e"," ","1524.11"
"14/01/2025 21:00:00 - 14/01/2025 22:00:00","CTA|IE","1493.81","n/e"," ","1492.52"
"14/01/2025 22:00:00 - 14/01/2025 23:00:00","CTA|IE","1557.89","n/e"," ","1427.73"
"14/01/2025 23:00:00 - 15/01/2025 00:00:00","CTA|IE","1673.06","n/e"," ","1416.48"
"15/01/2025 00:00:00 - 15/01/2025 01:00:00","CTA|IE","1839.27","n/e"," ","1559.11"
"15/01/2025 01:00:00 - 15/01/2025 02:00:00","CTA|IE","1807.60","n/e"," ","1811.80"
"15/01/2025 02:00:00 - 15/01/2025 03:00:00","CTA|IE","1834.36","n/e"," ","1914.22"
"15/01/2025 03:00:00 - 15/01/2025 04:00:00","CTA|IE","1913.98","n/e"," ","1860.01"
"15/01/2025 04:00:00 - 15/01/2025 05:00:00","CTA|IE","1941.02","n/e"," ","1747.09"
"15/01/2025 05:00:00 - 15/01/2025 06:00:00","CTA|IE","1917.06","n/e"," ","1674.05"
"15/01/2025 06:00:00 - 15/01/2025 07:00:00","CTA|IE","1936.03","n/e"," ","1667.92"
"15/01/2025 07:00:00 - 15/01/2025 08:00:00","CTA|IE","2006.46","n/e"," ","1680.34"
"15/01/2025 08:00:00 - 15/01/2025 09:00:00","CTA|IE","2029.06","n/e"," ","1887.85"
"15/01/2025 09:00:00 - 15/01/2025 10:00:00","CTA|IE","1983.44","n/e"," ","1953.28"
"15/01/2025 10:00:00 - 15/01/2025 11:00:00","CTA|IE","2005.52","n/e"," ","2083.61"
"15/01/2025 11:00:00 - 15/01/2025 12:00:00","CTA|IE","2086.10","n/e"," ","2046.53"
"15/01/2025 12:00:00 - 15/01/2025 13:00:00","CTA|IE","2126.97","n/e"," ","1951.44"
"15/01/2025 13:00:00 - 15/01/2025 14:00:00","CTA|IE","2110.56","n/e"," ","1726.72"
"15/01/2025 14:00:00 - 15/01/2025 15:00:00","CTA|IE","2050.67","n/e"," ","1658.33"
"15/01/2025 15:00:00 - 15/01/2025 16:00:00","CTA|IE","1995.05","n/e"," ","1640.35"
"15/01/2025 16:00:00 - 15/01/2025 17:00:00","CTA|IE","1929.30","n/e"," ","1629.46"
"15/01/2025 17:00:00 - 15/01/2025 18:00:00","CTA|IE","1844.23","n/e"," ","1548.80"
"15/01/2025 18:00:00 - 15/01/2025 19:00:00","CTA|IE","1733.00","n/e"," ","1707.47"
"15/01/2025 19:00:00 - 15/01/2025 20:00:00","CTA|IE","1900.68","n/e"," ","1957.78"
"15/01/2025 20:00:00 - 15/01/2025 21:00:00","CTA|IE","1947.66","n/e"," ","1922.36"
"15/01/2025 21:00:00 - 15/01/2025 22:00:00","CTA|IE","1967.87","n/e"," ","1915.96"
"15/01/2025 22:00:00 - 15/01/2025 23:00:00","CTA|IE","1947.76","n/e"," ","1939.26"
"15/01/2025 23:00:00 - 16/01/2025 00:00:00","CTA|IE","1855.10","n/e"," ","1954.08"
"16/01/2025 00:00:00 - 16/01/2025 01:00:00","CTA|IE","1815.74","n/e"," ","2057.28"
"16/01/2025 01:00:00 - 16/01/2025 02:00:00","CTA|IE","1876.21","n/e"," ","2124.68"
"16/01/2025 02:00:00 - 16/01/2025 03:00:00","CTA|IE","2046.99","n/e"," ","2128.07"
"16/01/2025 03:00:00 - 16/01/2025 04:00:00","CTA|IE","2104.10","n/e"," ","2088.57"
"16/01/2025 04:00:00 - 16/01/2025 05:00:00","CTA|IE","2102.55","n/e"," ","2115.01"
"16/01/2025 05:00:00 - 16/01/2025 06:00:00","CTA|IE","2059.77","n/e"," ","2128.83"
"16/01/2025 06:00:00 - 16/01/2025 07:00:00","CTA|IE","2099.05","n/e"," ","2074.09"
"16/01/2025 07:00:00 - 16/01/2025 08:00:00","CTA|IE","2231.00","n/e"," ","2091.07"
"16/01/2025 08:00:00 - 16/01/2025 09:00:00","CTA|IE","2323.04","n/e"," ","2174.69"
"16/01/2025 09:00:00 - 16/01/2025 10:00:00","CTA|IE","2316.36","n/e"," ","2243.65"
"16/01/2025 10:00:00 - 16/01/2025 11:00:00","CTA|IE","2297.76","n/e"," ","2223.12"
"16/01/2025 11:00:00 - 16/01/2025 12:00:00","CTA|IE","2298.07","n/e"," ","2178.93"
"16/01/2025 12:00:00 - 16/01/2025 13:00:00","CTA|IE","2304.52","n/e"," ","2290.02"
"16/01/2025 13:00:00 - 16/01/2025 14:00:00","CTA|IE","2468.24","n/e"," ","2386.61"
"16/01/2025 14:00:00 - 16/01/2025 15:00:00","CTA|IE","2581.08","n/e"," ","2499.14"
"16/01/2025 15:00:00 - 16/01/2025 16:00:00","CTA|IE","2702.75","n/e"," ","2484.79"
"16/01/2025 16:00:00 - 16/01/2025 17:00:00","CTA|IE","2745.99","n/e"," ","2535.30"
"16/01/2025 17:00:00 - 16/01/2025 18:00:00","CTA|IE","2730.33","n/e"," ","2518.06"
"16/01/2025 18:00:00 - 16/01/2025 19:00:00","CTA|IE","2815.14","n/e"," ","2651.94"
"16/01/2025 19:00:00 - 16/01/2025 20:00:00","CTA|IE","3145.19","n/e"," ","2788.00"
"16/01/2025 20:00:00 - 16/01/2025 21:00:00","CTA|IE","3233.89","n/e"," ","2924.71"
"16/01/2025 21:00:00 - 16/01/2025 22:00:00","CTA|IE","3243.75","n/e"," ","3047.36"
"16/01/2025 22:00:00 - 16/01/2025 23:00:00","CTA|IE","3225.09","n/e"," ","3038.33"
"16/01/2025 23:00:00 - 17/01/2025 00:00:00","CTA|IE","3230.21","n/e"," ","2653.06"
"17/01/2025 00:00:00 - 17/01/2025 01:00:00","CTA|IE","3254.41","n/e"," ","2703.40"
"17/01/2025 01:00:00 - 17/01/2025 02:00:00","CTA|IE","3270.90","n/e"," ","2870.33"
"17/01/2025 02:00:00 - 17/01/2025 03:00:00","CTA|IE","3153.58","n/e"," ","2834.53"
"17/01/2025 03:00:00 - 17/01/2025 04:00:00","CTA|IE","2941.23","n/e"," ","2518.75"
"17/01/2025 04:00:00 - 17/01/2025 05:00:00","CTA|IE","2650.05","n/e"," ","2354.31"
"17/01/2025 05:00:00 - 17/01/2025 06:00:00","CTA|IE","2336.80","n/e"," ","2206.31"
"17/01/2025 06:00:00 - 17/01/2025 07:00:00","CTA|IE","2119.22","n/e"," ","2330.48"
"17/01/2025 07:00:00 - 17/01/2025 08:00:00","CTA|IE","2127.67","n/e"," ","2122.87"
"17/01/2025 08:00:00 - 17/01/2025 09:00:00","CTA|IE","2025.60","n/e"," ","2323.62"
"17/01/2025 09:00:00 - 17/01/2025 10:00:00","CTA|IE","2014.70","n/e"," ","2400.33"
"17/01/2025 10:00:00 - 17/01/2025 11:00:00","CTA|IE","2112.42","n/e"," ","2409.11"
"17/01/2025 11:00:00 - 17/01/2025 12:00:00","CTA|IE","2249.92","n/e"," ","2381.64"
"17/01/2025 12:00:00 - 17/01/2025 13:00:00","CTA|IE","2297.72","n/e"," ","2572.08"
"17/01/2025 13:00:00 - 17/01/2025 14:00:00","CTA|IE","2461.55","n/e"," ","2475.82"
"17/01/2025 14:00:00 - 17/01/2025 15:00:00","CTA|IE","2487.32","n/e"," ","2577.35"
"17/01/2025 15:00:00 - 17/01/2025 16:00:00","CTA|IE","2434.36","n/e"," ","2507.66"
"17/01/2025 16:00:00 - 17/01/2025 17:00:00","CTA|IE","2390.15","n/e"," ","2322.69"
"17/01/2025 17:00:00 - 17/01/2025 18:00:00","CTA|IE","2420.81","n/e"," ","2310.69"
"17/01/2025 18:00:00 - 17/01/2025 19:00:00","CTA|IE","2527.19","n/e"," ","2386.21"
"17/01/2025 19:00:00 - 17/01/2025 20:00:00","CTA|IE","2623.16","n/e"," ","2471.05"
"17/01/2025 20:00:00 - 17/01/2025 21:00:00","CTA|IE","2755.18","n/e"," ","2672.76"
"17/01/2025 21:00:00 - 17/01/2025 22:00:00","CTA|IE","2901.15","n/e"," ","2772.40"
"17/01/2025 22:00:00 - 17/01/2025 23:00:00","CTA|IE","3021.12","n/e"," ","2896.00"
"17/01/2025 23:00:00 - 18/01/2025 00:00:00","CTA|IE","3113.17","n/e"," ","2966.38"
"18/01/2025 00:00:00 - 18/01/2025 01:00:00","CTA|IE","3131.30","n/e"," ","2984.46"
"18/01/2025 01:00:00 - 18/01/2025 02:00:00","CTA|IE","2869.93","n/e"," ","3042.28"
"18/01/2025 02:00:00 - 18/01/2025 03:00:00","CTA|IE","2932.84","n/e"," ","2870.19"
"18/01/2025 03:00:00 - 18/01/2025 04:00:00","CTA|IE","3003.54","n/e"," ","2769.68"
"18/01/2025 04:00:00 - 18/01/2025 05:00:00","CTA|IE","3096.78","n/e"," ","2662.81"
"18/01/2025 05:00:00 - 18/01/2025 06:00:00","CTA|IE","3105.92","n/e"," ","2819.81"
"18/01/2025 06:00:00 - 18/01/2025 07:00:00","CTA|IE","3066.15","n/e"," ","2835.30"
"18/01/2025 07:00:00 - 18/01/2025 08:00:00","CTA|IE","2975.08","n/e"," ","2730.62"
"18/01/2025 08:00:00 - 18/01/2025 09:00:00","CTA|IE","2985.32","n/e"," ","2719.75"
"18/01/2025 09:00:00 - 18/01/2025 10:00:00","CTA|IE","2981.15","n/e"," ","2745.23"
"18/01/2025 10:00:00 - 18/01/2025 11:00:00","CTA|IE","3002.22","n/e"," ","2674.17"
"18/01/2025 11:00:00 - 18/01/2025 12:00:00","CTA|IE","3079.03","n/e"," ","2673.26"
"18/01/2025 12:00:00 - 18/01/2025 13:00:00","CTA|IE","3129.88","n/e"," ","2766.17"
"18/01/2025 13:00:00 - 18/01/2025 14:00:00","CTA|IE","2958.28","n/e"," ","2902.17"
"18/01/2025 14:00:00 - 18/01/2025 15:00:00","CTA|IE","2914.53","n/e"," ","2922.09"
"18/01/2025 15:00:00 - 18/01/2025 16:00:00","CTA|IE","2869.40","n/e"," ","2685.01"
"18/01/2025 16:00:00 - 18/01/2025 17:00:00","CTA|IE","2792.80","n/e"," ","2489.65"
"18/01/2025 17:00:00 - 18/01/2025 18:00:00","CTA|IE","2627.81","n/e"," ","2357.44"
"18/01/2025 18:00:00 - 18/01/2025 19:00:00","CTA|IE","2513.55","n/e"," ","2355.72"
"18/01/2025 19:00:00 - 18/01/2025 20:00:00","CTA|IE","2319.21","n/e"," ","2367.99"
"18/01/2025 20:00:00 - 18/01/2025 21:00:00","CTA|IE","2296.17","n/e"," ","2369.69"
"18/01/2025 21:00:00 - 18/01/2025 22:00:00","CTA|IE","2342.20","n/e"," ","2454.76"
"18/01/2025 22:00:00 - 18/01/2025 23:00:00","CTA|IE","2353.13","n/e"," ","2293.56"
"18/01/2025 23:00:00 - 19/01/2025 00:00:00","CTA|IE","2388.82","n/e"," ","2276.81"
"19/01/2025 00:00:00 - 19/01/2025 01:00:00","CTA|IE","2339.34","n/e"," ","2393.61"
"19/01/2025 01:00:00 - 19/01/2025 02:00:00","CTA|IE","2061.47","n/e"," ","2172.97"
"19/01/2025 02:00:00 - 19/01/2025 03:00:00","CTA|IE","2003.19","n/e"," ","1987.61"
"19/01/2025 03:00:00 - 19/01/2025 04:00:00","CTA|IE","1931.87","n/e"," ","1876.99"
"19/01/2025 04:00:00 - 19/01/2025 05:00:00","CTA|IE","1770.20","n/e"," ","1630.72"
"19/01/2025 05:00:00 - 19/01/2025 06:00:00","CTA|IE","1586.23","n/e"," ","1482.86"
"19/01/2025 06:00:00 - 19/01/2025 07:00:00","CTA|IE","1515.25","n/e"," ","1579.86"
"19/01/2025 07:00:00 - 19/01/2025 08:00:00","CTA|IE","1584.58","n/e"," ","1600.65"
"19/01/2025 08:00:00 - 19/01/2025 09:00:00","CTA|IE","1605.33","n/e"," ","1632.53"
"19/01/2025 09:00:00 - 19/01/2025 10:00:00","CTA|IE","1508.28","n/e"," ","1695.97"
"19/01/2025 10:00:00 - 19/01/2025 11:00:00","CTA|IE","1431.33","n/e"," ","1557.66"
"19/01/2025 11:00:00 - 19/01/2025 12:00:00","CTA|IE","1427.22","n/e"," ","1507.37"
"19/01/2025 12:00:00 - 19/01/2025 13:00:00","CTA|IE","1383.74","n/e"," ","1407.79"
"19/01/2025 13:00:00 - 19/01/2025 14:00:00","CTA|IE","1340.05","n/e"," ","1379.07"
"19/01/2025 14:00:00 - 19/01/2025 15:00:00","CTA|IE","1241.87","n/e"," ","1235.80"
"19/01/2025 15:00:00 - 19/01/2025 16:00:00","CTA|IE","1106.68","n/e"," ","1096.85"
"19/01/2025 16:00:00 - 19/01/2025 17:00:00","CTA|IE","976.60","n/e"," ","992.07"
"19/01/2025 17:00:00 - 19/01/2025 18:00:00","CTA|IE","870.86","n/e"," ","957.54"
"19/01/2025 18:00:00 - 19/01/2025 19:00:00","CTA|IE","800.30","n/e"," ","993.73"
"19/01/2025 19:00:00 - 19/01/2025 20:00:00","CTA|IE","821.41","n/e"," ","961.77"
"19/01/2025 20:00:00 - 19/01/2025 21:00:00","CTA|IE","771.86","n/e"," ","843.75"
"19/01/2025 21:00:00 - 19/01/2025 22:00:00","CTA|IE","640.68","n/e"," ","641.77"
"19/01/2025 22:00:00 - 19/01/2025 23:00:00","CTA|IE","500.53","n/e"," ","511.41"
"19/01/2025 23:00:00 - 20/01/2025 00:00:00","CTA|IE","399.60","n/e"," ","444.90"
"20/01/2025 00:00:00 - 20/01/2025 01:00:00","CTA|IE","350.39","n/e"," ","349.34"
"20/01/2025 01:00:00 - 20/01/2025 02:00:00","CTA|IE","311.32","n/e"," ","328.61"
"20/01/2025 02:00:00 - 20/01/2025 03:00:00","CTA|IE","307.84","n/e"," ","255.24"
"20/01/2025 03:00:00 - 20/01/2025 04:00:00","CTA|IE","277.51","n/e"," ","198.46"
"20/01/2025 04:00:00 - 20/01/2025 05:00:00","CTA|IE","226.11","n/e"," ","149.88"
"20/01/2025 05:00:00 - 20/01/2025 06:00:00","CTA|IE","166.52","n/e"," ","119.63"
"20/01/2025 06:00:00 - 20/01/2025 07:00:00","CTA|IE","143.20","n/e"," ","106.63"
"20/01/2025 07:00:00 - 20/01/2025 08:00:00","CTA|IE","114.23","n/e"," ","86.15"
"20/01/2025 08:00:00 - 20/01/2025 09:00:00","CTA|IE","111.91","n/e"," ","95.83"
"20/01/2025 09:00:00 - 20/01/2025 10:00:00","CTA|IE","104.66","n/e"," ","94.18"
"20/01/2025 10:00:00 - 20/01/2025 11:00:00","CTA|IE","98.12","n/e"," ","76.99"
"20/01/2025 11:00:00 - 20/01/2025 12:00:00","CTA|IE","91.69","n/e"," ","71.88"
"20/01/2025 12:00:00 - 20/01/2025 13:00:00","CTA|IE","89.33","n/e"," ","76.93"
"20/01/2025 13:00:00 - 20/01/2025 14:00:00","CTA|IE","98.98","n/e"," ","85.60"
"20/01/2025 14:00:00 - 20/01/2025 15:00:00","CTA|IE","100.22","n/e"," ","106.32"
"20/01/2025 15:00:00 - 20/01/2025 16:00:00","CTA|IE","93.97","n/e"," ","132.84"
"20/01/2025 16:00:00 - 20/01/2025 17:00:00","CTA|IE","99.87","n/e"," ","125.70"
"20/01/2025 17:00:00 - 20/01/2025 18:00:00","CTA|IE","110.23","n/e"," ","120.39"
"20/01/2025 18:00:00 - 20/01/2025 19:00:00","CTA|IE","138.11","n/e"," ","140.92"
"20/01/2025 19:00:00 - 20/01/2025 20:00:00","CTA|IE","171.31","n/e"," ","160.67"
"20/01/2025 20:00:00 - 20/01/2025 21:00:00","CTA|IE","212.72","n/e"," ","187.05"
"20/01/2025 21:00:00 - 20/01/2025 22:00:00","CTA|IE","244.56","n/e"," ","204.20"
"20/01/2025 22:00:00 - 20/01/2025 23:00:00","CTA|IE","281.86","n/e"," ","282.04"
"20/01/2025 23:00:00 - 21/01/2025 00:00:00","CTA|IE","298.38","n/e"," ","271.15"
"21/01/2025 00:00:00 - 21/01/2025 01:00:00","CTA|IE","283.63","n/e"," ","275.82"
"21/01/2025 01:00:00 - 21/01/2025 02:00:00","CTA|IE","220.46","n/e"," ","263.06"
"21/01/2025 02:00:00 - 21/01/2025 03:00:00","CTA|IE","219.37","n/e"," ","245.23"
"21/01/2025 03:00:00 - 21/01/2025 04:00:00","CTA|IE","214.32","n/e"," ","190.55"
"21/01/2025 04:00:00 - 21/01/2025 05:00:00","CTA|IE","207.58","n/e"," ","150.00"
"21/01/2025 05:00:00 - 21/01/2025 06:00:00","CTA|IE","201.32","n/e"," ","141.52"
"21/01/2025 06:00:00 - 21/01/2025 07:00:00","CTA|IE","200.57","n/e"," ","145.18"
"21/01/2025 07:00:00 - 21/01/2025 08:00:00","CTA|IE","185.23","n/e"," ","162.26"
"21/01/2025 08:00:00 - 21/01/2025 09:00:00","CTA|IE","210.58","n/e"," ","156.03"
"21/01/2025 09:00:00 - 21/01/2025 10:00:00","CTA|IE","232.93","n/e"," ","201.05"
"21/01/2025 10:00:00 - 21/01/2025 11:00:00","CTA|IE","259.41","n/e"," ","240.59"
"21/01/2025 11:00:00 - 21/01/2025 12:00:00","CTA|IE","280.14","n/e"," ","308.49"
"21/01/2025 12:00:00 - 21/01/2025 13:00:00","CTA|IE","276.83","n/e"," ","252.06"
"21/01/2025 13:00:00 - 21/01/2025 14:00:00","CTA|IE","256.54","n/e"," ","302.23"
"21/01/2025 14:00:00 - 21/01/2025 15:00:00","CTA|IE","231.96","n/e"," ","304.93"
"21/01/2025 15:00:00 - 21/01/2025 16:00:00","CTA|IE","195.37","n/e"," ","258.61"
"21/01/2025 16:00:00 - 21/01/2025 17:00:00","CTA|IE","157.94","n/e"," ","216.12"
"21/01/2025 17:00:00 - 21/01/2025 18:00:00","CTA|IE","136.59","n/e"," ","184.33"
"21/01/2025 18:00:00 - 21/01/2025 19:00:00","CTA|IE","135.51","n/e"," ","161.77"
"21/01/2025 19:00:00 - 21/01/2025 20:00:00","CTA|IE","142.12","n/e"," ","184.19"
"21/01/2025 20:00:00 - 21/01/2025 21:00:00","CTA|IE","124.71","n/e"," ","160.44"
"21/01/2025 21:00:00 - 21/01/2025 22:00:00","CTA|IE","117.10","n/e"," ","142.37"
"21/01/2025 22:00:00 - 21/01/2025 23:00:00","CTA|IE","103.63","n/e"," ","125.59"
"21/01/2025 23:00:00 - 22/01/2025 00:00:00","CTA|IE","94.88","n/e"," ","112.16"
"22/01/2025 00:00:00 - 22/01/2025 01:00:00","CTA|IE","102.70","n/e"," ","120.27"
"22/01/2025 01:00:00 - 22/01/2025 02:00:00","CTA|IE","89.30","n/e"," ","110.35"
"22/01/2025 02:00:00 - 22/01/2025 03:00:00","CTA|IE","83.86","n/e"," ","100.02"
"22/01/2025 03:00:00 - 22/01/2025 04:00:00","CTA|IE","79.71","n/e"," ","111.90"
"22/01/2025 04:00:00 - 22/01/2025 05:00:00","CTA|IE","85.68","n/e"," ","95.35"
"22/01/2025 05:00:00 - 22/01/2025 06:00:00","CTA|IE","92.77","n/e"," ","100.58"
"22/01/2025 06:00:00 - 22/01/2025 07:00:00","CTA|IE","99.33","n/e"," ","125.21"
"22/01/2025 07:00:00 - 22/01/2025 08:00:00","CTA|IE","155.13","n/e"," ","129.79"
"22/01/2025 08:00:00 - 22/01/2025 09:00:00","CTA|IE","141.36","n/e"," ","149.41"
"22/01/2025 09:00:00 - 22/01/2025 10:00:00","CTA|IE","160.11","n/e"," ","136.69"
"22/01/2025 10:00:00 - 22/01/2025 11:00:00","CTA|IE","174.95","n/e"," ","180.48"
"22/01/2025 11:00:00 - 22/01/2025 12:00:00","CTA|IE","178.33","n/e"," ","188.19"
"22/01/2025 12:00:00 - 22/01/2025 13:00:00","CTA|IE","179.90","n/e"," ","166.84"
"22/01/2025 13:00:00 - 22/01/2025 14:00:00","CTA|IE","220.78","n/e"," ","182.37"
"22/01/2025 14:00:00 - 22/01/2025 15:00:00","CTA|IE","295.94","n/e"," ","245.84"
"22/01/2025 15:00:00 - 22/01/2025 16:00:00","CTA|IE","376.35","n/e"," ","318.66"
"22/01/2025 16:00:00 - 22/01/2025 17:00:00","CTA|IE","417.26","n/e"," ","352.48"
"22/01/2025 17:00:00 - 22/01/2025 18:00:00","CTA|IE","466.41","n/e"," ","421.56"
"22/01/2025 18:00:00 - 22/01/2025 19:00:00","CTA|IE","446.10","n/e"," ","458.36"
"22/01/2025 19:00:00 - 22/01/2025 20:00:00","CTA|IE","427.67","n/e"," ","423.06"
"22/01/2025 20:00:00 - 22/01/2025 21:00:00","CTA|IE","462.65","n/e"," ","397.75"
"22/01/2025 21:00:00 - 22/01/2025 22:00:00","CTA|IE","462.38","n/e"," ","406.11"
"22/01/2025 22:00:00 - 22/01/2025 23:00:00","CTA|IE","447.79","n/e"," ","366.31"
"22/01/2025 23:00:00 - 23/01/2025 00:00:00","CTA|IE","504.88","n/e"," ","405.31"
"23/01/2025 00:00:00 - 23/01/2025 01:00:00","CTA|IE","650.13","n/e"," ","702.42"
"23/01/2025 01:00:00 - 23/01/2025 02:00:00","CTA|IE","1008.31","n/e"," ","993.94"
"23/01/2025 02:00:00 - 23/01/2025 03:00:00","CTA|IE","1328.50","n/e"," ","1460.17"
"23/01/2025 03:00:00 - 23/01/2025 04:00:00","CTA|IE","1800.98","n/e"," ","2046.47"
"23/01/2025 04:00:00 - 23/01/2025 05:00:00","CTA|IE","2413.77","n/e"," ","2348.30"
"23/01/2025 05:00:00 - 23/01/2025 06:00:00","CTA|IE","3056.82","n/e"," ","2582.48"
"23/01/2025 06:00:00 - 23/01/2025 07:00:00","CTA|IE","3513.07","n/e"," ","2630.19"
"23/01/2025 07:00:00 - 23/01/2025 08:00:00","CTA|IE","3609.05","n/e"," ","2970.81"
"23/01/2025 08:00:00 - 23/01/2025 09:00:00","CTA|IE","3658.08","n/e"," ","3050.13"
"23/01/2025 09:00:00 - 23/01/2025 10:00:00","CTA|IE","3787.93","n/e"," ","3177.59"
"23/01/2025 10:00:00 - 23/01/2025 11:00:00","CTA|IE","3947.00","n/e"," ","2910.94"
"23/01/2025 11:00:00 - 23/01/2025 12:00:00","CTA|IE","4087.26","n/e"," ","3057.21"
"23/01/2025 12:00:00 - 23/01/2025 13:00:00","CTA|IE","4098.75","n/e"," ","3040.73"
"23/01/2025 13:00:00 - 23/01/2025 14:00:00","CTA|IE","3992.71","n/e"," ","3131.75"
"23/01/2025 14:00:00 - 23/01/2025 15:00:00","CTA|IE","3781.95","n/e"," ","2820.78"
"23/01/2025 15:00:00 - 23/01/2025 16:00:00","CTA|IE","3304.86","n/e"," ","2232.84"
"23/01/2025 16:00:00 - 23/01/2025 17:00:00","CTA|IE","2569.92","n/e"," ","1488.79"
"23/01/2025 17:00:00 - 23/01/2025 18:00:00","CTA|IE","1718.77","n/e"," ","1199.68"
"23/01/2025 18:00:00 - 23/01/2025 19:00:00","CTA|IE","1271.22","n/e"," ","1192.90"
"23/01/2025 19:00:00 - 23/01/2025 20:00:00","CTA|IE","1250.33","n/e"," ","1564.32"
"23/01/2025 20:00:00 - 23/01/2025 21:00:00","CTA|IE","2079.46","n/e"," ","2488.60"
"23/01/2025 21:00:00 - 23/01/2025 22:00:00","CTA|IE","3135.91","n/e"," ","2698.31"
"23/01/2025 22:00:00 - 23/01/2025 23:00:00","CTA|IE","3805.80","n/e"," ","3100.27"
"23/01/2025 23:00:00 - 24/01/2025 00:00:00","CTA|IE","3915.48","n/e"," ","3201.18"
"24/01/2025 00:00:00 - 24/01/2025 01:00:00","CTA|IE","3982.43","n/e"," ","2977.79"
"24/01/2025 01:00:00 - 24/01/2025 02:00:00","CTA|IE","3361.40","n/e"," ","2549.75"
"24/01/2025 02:00:00 - 24/01/2025 03:00:00","CTA|IE","2833.75","n/e"," ","1955.09"
"24/01/2025 03:00:00 - 24/01/2025 04:00:00","CTA|IE","2059.87","n/e"," ","1295.39"
"24/01/2025 04:00:00 - 24/01/2025 05:00:00","CTA|IE","1563.41","n/e"," ","909.27"
"24/01/2025 05:00:00 - 24/01/2025 06:00:00","CTA|IE","1526.57","n/e"," ","631.19"
"24/01/2025 06:00:00 - 24/01/2025 07:00:00","CTA|IE","1668.47","n/e"," ","704.02"
"24/01/2025 07:00:00 - 24/01/2025 08:00:00","CTA|IE","1962.22","n/e"," ","566.91"
"24/01/2025 08:00:00 - 24/01/2025 09:00:00","CTA|IE","2362.95","n/e"," ","721.17"
"24/01/2025 09:00:00 - 24/01/2025 10:00:00","CTA|IE","2585.65","n/e"," ","868.52"
"24/01/2025 10:00:00 - 24/01/2025 11:00:00","CTA|IE","2744.47","n/e"," ","968.95"
"24/01/2025 11:00:00 - 24/01/2025 12:00:00","CTA|IE","2856.66","n/e"," ","1085.41"
"24/01/2025 12:00:00 - 24/01/2025 13:00:00","CTA|IE","2864.60","n/e"," ","1261.91"
"24/01/2025 13:00:00 - 24/01/2025 14:00:00","CTA|IE","2873.40","n/e"," ","1424.66"
"24/01/2025 14:00:00 - 24/01/2025 15:00:00","CTA|IE","2775.03","n/e"," ","1422.85"
"24/01/2025 15:00:00 - 24/01/2025 16:00:00","CTA|IE","2641.02","n/e"," ","1518.36"
"24/01/2025 16:00:00 - 24/01/2025 17:00:00","CTA|IE","2422.56","n/e"," ","1606.82"
"24/01/2025 17:00:00 - 24/01/2025 18:00:00","CTA|IE","2144.95","n/e"," ","1592.06"
"24/01/2025 18:00:00 - 24/01/2025 19:00:00","CTA|IE","1901.12","n/e"," ","1574.16"
"24/01/2025 19:00:00 - 24/01/2025 20:00:00","CTA|IE","1953.81","n/e"," ","1640.60"
"24/01/2025 20:00:00 - 24/01/2025 21:00:00","CTA|IE","1879.55","n/e"," ","1780.40"
"24/01/2025 21:00:00 - 24/01/2025 22:00:00","CTA|IE","1770.70","n/e"," ","1522.34"
"24/01/2025 22:00:00 - 24/01/2025 23:00:00","CTA|IE","1616.30","n/e"," ","1522.71"
"24/01/2025 23:00:00 - 25/01/2025 00:00:00","CTA|IE","1496.05","n/e"," ","1492.31"
"25/01/2025 00:00:00 - 25/01/2025 01:00:00","CTA|IE","1430.83","n/e"," ","1369.09"
"25/01/2025 01:00:00 - 25/01/2025 02:00:00","CTA|IE","1379.43","n/e"," ","1275.97"
"25/01/2025 02:00:00 - 25/01/2025 03:00:00","CTA|IE","1288.66","n/e"," ","1287.45"
"25/01/2025 03:00:00 - 25/01/2025 04:00:00","CTA|IE","1217.79","n/e"," ","1128.51"
"25/01/2025 04:00:00 - 25/01/2025 05:00:00","CTA|IE","1129.30","n/e"," ","1080.44"
"25/01/2025 05:00:00 - 25/01/2025 06:00:00","CTA|IE","1036.34","n/e"," ","959.05"
"25/01/2025 06:00:00 - 25/01/2025 07:00:00","CTA|IE","971.05","n/e"," ","992.75"
"25/01/2025 07:00:00 - 25/01/2025 08:00:00","CTA|IE","876.68","n/e"," ","898.74"
"25/01/2025 08:00:00 - 25/01/2025 09:00:00","CTA|IE","718.41","n/e"," ","791.20"
"25/01/2025 09:00:00 - 25/01/2025 10:00:00","CTA|IE","637.48","n/e"," ","771.67"
"25/01/2025 10:00:00 - 25/01/2025 11:00:00","CTA|IE","691.52","n/e"," ","782.40"
"25/01/2025 11:00:00 - 25/01/2025 12:00:00","CTA|IE","862.15","n/e"," ","910.78"
"25/01/2025 12:00:00 - 25/01/2025 13:00:00","CTA|IE","1166.84","n/e"," ","1224.85"
"25/01/2025 13:00:00 - 25/01/2025 14:00:00","CTA|IE","1651.99","n/e"," ","1454.53"
"25/01/2025 14:00:00 - 25/01/2025 15:00:00","CTA|IE","1878.24","n/e"," ","1566.11"
"25/01/2025 15:00:00 - 25/01/2025 16:00:00","CTA|IE","1914.63","n/e"," ","1558.69"
"25/01/2025 16:00:00 - 25/01/2025 17:00:00","CTA|IE","1974.20","n/e"," ","1639.13"
"25/01/2025 17:00:00 - 25/01/2025 18:00:00","CTA|IE","2014.36","n/e"," ","1641.95"
"25/01/2025 18:00:00 - 25/01/2025 19:00:00","CTA|IE","1771.56","n/e"," ","1439.01"
"25/01/2025 19:00:00 - 25/01/2025 20:00:00","CTA|IE","1280.93","n/e"," ","1153.37"
"25/01/2025 20:00:00 - 25/01/2025 21:00:00","CTA|IE","1207.75","n/e"," ","1023.13"
"25/01/2025 21:00:00 - 25/01/2025 22:00:00","CTA|IE","1214.73","n/e"," ","871.57"
"25/01/2025 22:00:00 - 25/01/2025 23:00:00","CTA|IE","1212.43","n/e"," ","1029.54"
"25/01/2025 23:00:00 - 26/01/2025 00:00:00","CTA|IE","1064.19","n/e"," ","942.04"
"26/01/2025 00:00:00 - 26/01/2025 01:00:00","CTA|IE","942.89","n/e"," ","1053.81"
"26/01/2025 01:00:00 - 26/01/2025 02:00:00","CTA|IE","884.04","n/e"," ","1027.18"
"26/01/2025 02:00:00 - 26/01/2025 03:00:00","CTA|IE","1035.21","n/e"," ","1035.09"
"26/01/2025 03:00:00 - 26/01/2025 04:00:00","CTA|IE","1250.97","n/e"," ","1253.59"
"26/01/2025 04:00:00 - 26/01/2025 05:00:00","CTA|IE","1604.76","n/e"," ","1518.55"
"26/01/2025 05:00:00 - 26/01/2025 06:00:00","CTA|IE","2060.15","n/e"," ","1810.40"
"26/01/2025 06:00:00 - 26/01/2025 07:00:00","CTA|IE","2548.91","n/e"," ","2140.73"
"26/01/2025 07:00:00 - 26/01/2025 08:00:00","CTA|IE","3090.44","n/e"," ","2344.93"
"26/01/2025 08:00:00 - 26/01/2025 09:00:00","CTA|IE","3447.38","n/e"," ","2352.12"
"26/01/2025 09:00:00 - 26/01/2025 10:00:00","CTA|IE","3669.77","n/e"," ","2525.81"
"26/01/2025 10:00:00 - 26/01/2025 11:00:00","CTA|IE","3669.21","n/e"," ","2846.13"
"26/01/2025 11:00:00 - 26/01/2025 12:00:00","CTA|IE","3480.77","n/e"," ","2897.82"
"26/01/2025 12:00:00 - 26/01/2025 13:00:00","CTA|IE","3448.09","n/e"," ","2810.16"
"26/01/2025 13:00:00 - 26/01/2025 14:00:00","CTA|IE","3543.59","n/e"," ","2634.43"
"26/01/2025 14:00:00 - 26/01/2025 15:00:00","CTA|IE","3558.43","n/e"," ","2691.75"
"26/01/2025 15:00:00 - 26/01/2025 16:00:00","CTA|IE","3584.20","n/e"," ","2843.15"
"26/01/2025 16:00:00 - 26/01/2025 17:00:00","CTA|IE","3505.41","n/e"," ","2795.69"
"26/01/2025 17:00:00 - 26/01/2025 18:00:00","CTA|IE","3442.75","n/e"," ","2775.11"
"26/01/2025 18:00:00 - 26/01/2025 19:00:00","CTA|IE","3398.79","n/e"," ","2730.77"
"26/01/2025 19:00:00 - 26/01/2025 20:00:00","CTA|IE","3344.87","n/e"," ","2600.76"
"26/01/2025 20:00:00 - 26/01/2025 21:00:00","CTA|IE","3256.89","n/e"," ","2461.10"
"26/01/2025 21:00:00 - 26/01/2025 22:00:00","CTA|IE","3191.44","n/e"," ","2464.76"
"26/01/2025 22:00:00 - 26/01/2025 23:00:00","CTA|IE","3185.22","n/e"," ","2529.89"
"26/01/2025 23:00:00 - 27/01/2025 00:00:00","CTA|IE","3198.41","n/e"," ","2424.88"
"27/01/2025 00:00:00 - 27/01/2025 01:00:00","CTA|IE","3233.63","n/e"," ","2041.80"
"27/01/2025 01:00:00 - 27/01/2025 02:00:00","CTA|IE","3225.10","n/e"," ","2071.62"
"27/01/2025 02:00:00 - 27/01/2025 03:00:00","CTA|IE","3298.62","n/e"," ","2075.57"
"27/01/2025 03:00:00 - 27/01/2025 04:00:00","CTA|IE","3330.19","n/e"," ","2060.61"
"27/01/2025 04:00:00 - 27/01/2025 05:00:00","CTA|IE","3300.95","n/e"," ","2005.50"
"27/01/2025 05:00:00 - 27/01/2025 06:00:00","CTA|IE","3273.50","n/e"," ","1982.00"
"27/01/2025 06:00:00 - 27/01/2025 07:00:00","CTA|IE","3265.13","n/e"," ","2006.63"
"27/01/2025 07:00:00 - 27/01/2025 08:00:00","CTA|IE","3184.45","n/e"," ","2390.44"
"27/01/2025 08:00:00 - 27/01/2025 09:00:00","CTA|IE","3101.77","n/e"," ","2465.54"
"27/01/2025 09:00:00 - 27/01/2025 10:00:00","CTA|IE","2902.50","n/e"," ","2457.50"
"27/01/2025 10:00:00 - 27/01/2025 11:00:00","CTA|IE","2701.07","n/e"," ","2311.59"
"27/01/2025 11:00:00 - 27/01/2025 12:00:00","CTA|IE","2411.09","n/e"," ","2147.93"
"27/01/2025 12:00:00 - 27/01/2025 13:00:00","CTA|IE","2077.24","n/e"," ","1900.71"
"27/01/2025 13:00:00 - 27/01/2025 14:00:00","CTA|IE","1964.15","n/e"," ","1640.86"
"27/01/2025 14:00:00 - 27/01/2025 15:00:00","CTA|IE","1704.82","n/e"," ","1450.37"
"27/01/2025 15:00:00 - 27/01/2025 16:00:00","CTA|IE","1454.26","n/e"," ","1255.65"
"27/01/2025 16:00:00 - 27/01/2025 17:00:00","CTA|IE","1188.16","n/e"," ","954.66"
"27/01/2025 17:00:00 - 27/01/2025 18:00:00","CTA|IE","906.47","n/e"," ","846.11"
"27/01/2025 18:00:00 - 27/01/2025 19:00:00","CTA|IE","745.26","n/e"," ","867.68"
"27/01/2025 19:00:00 - 27/01/2025 20:00:00","CTA|IE","602.13","n/e"," ","843.38"
"27/01/2025 20:00:00 - 27/01/2025 21:00:00","CTA|IE","685.35","n/e"," ","835.12"
"27/01/2025 21:00:00 - 27/01/2025 22:00:00","CTA|IE","821.40","n/e"," ","957.76"
"27/01/2025 22:00:00 - 27/01/2025 23:00:00","CTA|IE","1101.42","n/e"," ","1413.64"
"27/01/2025 23:00:00 - 28/01/2025 00:00:00","CTA|IE","1448.22","n/e"," ","1732.86"
"28/01/2025 00:00:00 - 28/01/2025 01:00:00","CTA|IE","1818.27","n/e"," ","1930.80"
"28/01/2025 01:00:00 - 28/01/2025 02:00:00","CTA|IE","2004.80","n/e"," ","2089.21"
"28/01/2025 02:00:00 - 28/01/2025 03:00:00","CTA|IE","2283.12","n/e"," ","2114.17"
"28/01/2025 03:00:00 - 28/01/2025 04:00:00","CTA|IE","2551.58","n/e"," ","2171.38"
"28/01/2025 04:00:00 - 28/01/2025 05:00:00","CTA|IE","2739.73","n/e"," ","2198.39"
"28/01/2025 05:00:00 - 28/01/2025 06:00:00","CTA|IE","2837.98","n/e"," ","2159.29"
"28/01/2025 06:00:00 - 28/01/2025 07:00:00","CTA|IE","3002.07","n/e"," ","2268.54"
"28/01/2025 07:00:00 - 28/01/2025 08:00:00","CTA|IE","3158.38","n/e"," ","2356.09"
"28/01/2025 08:00:00 - 28/01/2025 09:00:00","CTA|IE","3190.31","n/e"," ","2388.21"
"28/01/2025 09:00:00 - 28/01/2025 10:00:00","CTA|IE","3252.74","n/e"," ","2823.16"
"28/01/2025 10:00:00 - 28/01/2025 11:00:00","CTA|IE","3325.21","n/e"," ","2668.93"
"28/01/2025 11:00:00 - 28/01/2025 12:00:00","CTA|IE","3349.34","n/e"," ","2713.64"
"28/01/2025 12:00:00 - 28/01/2025 13:00:00","CTA|IE","3325.36","n/e"," ","2717.32"
"28/01/2025 13:00:00 - 28/01/2025 14:00:00","CTA|IE","3249.57","n/e"," ","2662.85"
"28/01/2025 14:00:00 - 28/01/2025 15:00:00","CTA|IE","3224.16","n/e"," ","2820.00"
"28/01/2025 15:00:00 - 28/01/2025 16:00:00","CTA|IE","3116.24","n/e"," ","2813.21"
"28/01/2025 16:00:00 - 28/01/2025 17:00:00","CTA|IE","3031.55","n/e"," ","2618.14"
"28/01/2025 17:00:00 - 28/01/2025 18:00:00","CTA|IE","2891.30","n/e"," ","2315.24"
"28/01/2025 18:00:00 - 28/01/2025 19:00:00","CTA|IE","2629.29","n/e"," ","2218.40"
"28/01/2025 19:00:00 - 28/01/2025 20:00:00","CTA|IE","2405.01","n/e"," ","1985.23"
"28/01/2025 20:00:00 - 28/01/2025 21:00:00","CTA|IE","2092.77","n/e"," ","1606.33"
"28/01/2025 21:00:00 - 28/01/2025 22:00:00","CTA|IE","1740.44","n/e"," ","1240.05"
"28/01/2025 22:00:00 - 28/01/2025 23:00:00","CTA|IE","1327.77","n/e"," ","1004.62"
"28/01/2025 23:00:00 - 29/01/2025 00:00:00","CTA|IE","1022.15","n/e"," ","809.30"
"29/01/2025 00:00:00 - 29/01/2025 01:00:00","CTA|IE","788.16","n/e"," ","611.60"
"29/01/2025 01:00:00 - 29/01/2025 02:00:00","CTA|IE","567.59","n/e"," ","491.21"
"29/01/2025 02:00:00 - 29/01/2025 03:00:00","CTA|IE","418.73","n/e"," ","430.71"
"29/01/2025 03:00:00 - 29/01/2025 04:00:00","CTA|IE","337.42","n/e"," ","458.02"
"29/01/2025 04:00:00 - 29/01/2025 05:00:00","CTA|IE","308.56","n/e"," ","453.41"
"29/01/2025 05:00:00 - 29/01/2025 06:00:00","CTA|IE","323.68","n/e"," ","522.79"
"29/01/2025 06:00:00 - 29/01/2025 07:00:00","CTA|IE","371.03","n/e"," ","685.43"
"29/01/2025 07:00:00 - 29/01/2025 08:00:00","CTA|IE","536.01","n/e"," ","978.94"
"29/01/2025 08:00:00 - 29/01/2025 09:00:00","CTA|IE","847.98","n/e"," ","1258.38"
"29/01/2025 09:00:00 - 29/01/2025 10:00:00","CTA|IE","1161.03","n/e"," ","1418.30"
"29/01/2025 10:00:00 - 29/01/2025 11:00:00","CTA|IE","1433.95","n/e"," ","1355.30"
"29/01/2025 11:00:00 - 29/01/2025 12:00:00","CTA|IE","1675.45","n/e"," ","1213.98"
"29/01/2025 12:00:00 - 29/01/2025 13:00:00","CTA|IE","1930.12","n/e"," ","1317.56"
"29/01/2025 13:00:00 - 29/01/2025 14:00:00","CTA|IE","2297.70","n/e"," ","1653.28"
"29/01/2025 14:00:00 - 29/01/2025 15:00:00","CTA|IE","2376.40","n/e"," ","2019.76"
"29/01/2025 15:00:00 - 29/01/2025 16:00:00","CTA|IE","2368.28","n/e"," ","2302.07"
"29/01/2025 16:00:00 - 29/01/2025 17:00:00","CTA|IE","2471.29","n/e"," ","2362.49"
"29/01/2025 17:00:00 - 29/01/2025 18:00:00","CTA|IE","2423.50","n/e"," ","1983.56"
"29/01/2025 18:00:00 - 29/01/2025 19:00:00","CTA|IE","2216.49","n/e"," ","1823.60"
"29/01/2025 19:00:00 - 29/01/2025 20:00:00","CTA|IE","1806.89","n/e"," ","1645.88"
"29/01/2025 20:00:00 - 29/01/2025 21:00:00","CTA|IE","1802.38","n/e"," ","1602.09"
"29/01/2025 21:00:00 - 29/01/2025 22:00:00","CTA|IE","1785.13","n/e"," ","1619.82"
"29/01/2025 22:00:00 - 29/01/2025 23:00:00","CTA|IE","1707.41","n/e"," ","1554.97"
"29/01/2025 23:00:00 - 30/01/2025 00:00:00","CTA|IE","1602.87","n/e"," ","1428.78"
"30/01/2025 00:00:00 - 30/01/2025 01:00:00","CTA|IE","1477.36","n/e"," ","1189.33"
"30/01/2025 01:00:00 - 30/01/2025 02:00:00","CTA|IE","1197.15","n/e"," ","1113.43"
"30/01/2025 02:00:00 - 30/01/2025 03:00:00","CTA|IE","1232.66","n/e"," ","942.82"
"30/01/2025 03:00:00 - 30/01/2025 04:00:00","CTA|IE","1182.18","n/e"," ","827.63"
"30/01/2025 04:00:00 - 30/01/2025 05:00:00","CTA|IE","994.86","n/e"," ","635.95"
"30/01/2025 05:00:00 - 30/01/2025 06:00:00","CTA|IE","880.33","n/e"," ","558.03"
"30/01/2025 06:00:00 - 30/01/2025 07:00:00","CTA|IE","735.78","n/e"," ","458.54"
"30/01/2025 07:00:00 - 30/01/2025 08:00:00","CTA|IE","581.86","n/e"," ","442.40"
"30/01/2025 08:00:00 - 30/01/2025 09:00:00","CTA|IE","533.54","n/e"," ","486.45"
"30/01/2025 09:00:00 - 30/01/2025 10:00:00","CTA|IE","422.94","n/e"," ","457.81"
"30/01/2025 10:00:00 - 30/01/2025 11:00:00","CTA|IE","431.53","n/e"," ","420.02"
"30/01/2025 11:00:00 - 30/01/2025 12:00:00","CTA|IE","530.31","n/e"," ","537.24"
"30/01/2025 12:00:00 - 30/01/2025 13:00:00","CTA|IE","629.65","n/e"," ","585.69"
"30/01/2025 13:00:00 - 30/01/2025 14:00:00","CTA|IE","720.03","n/e"," ","586.69"
"30/01/2025 14:00:00 - 30/01/2025 15:00:00","CTA|IE","823.50","n/e"," ","612.00"
"30/01/2025 15:00:00 - 30/01/2025 16:00:00","CTA|IE","1089.10","n/e"," ","858.00"
"30/01/2025 16:00:00 - 30/01/2025 17:00:00","CTA|IE","1466.80","n/e"," ","1127.84"
"30/01/2025 17:00:00 - 30/01/2025 18:00:00","CTA|IE","1829.79","n/e"," ","1597.27"
"30/01/2025 18:00:00 - 30/01/2025 19:00:00","CTA|IE","2287.79","n/e"," ","2264.77"
"30/01/2025 19:00:00 - 30/01/2025 20:00:00","CTA|IE","2691.84","n/e"," ","2686.25"
"30/01/2025 20:00:00 - 30/01/2025 21:00:00","CTA|IE","3130.80","n/e"," ","3059.20"
"30/01/2025 21:00:00 - 30/01/2025 22:00:00","CTA|IE","3342.98","n/e"," ","3137.08"
"30/01/2025 22:00:00 - 30/01/2025 23:00:00","CTA|IE","3316.55","n/e"," ","2858.52"
"30/01/2025 23:00:00 - 31/01/2025 00:00:00","CTA|IE","3110.25","n/e"," ","2770.90"
"31/01/2025 00:00:00 - 31/01/2025 01:00:00","CTA|IE","2896.49","n/e"," ","2613.96"
"31/01/2025 01:00:00 - 31/01/2025 02:00:00","CTA|IE","2561.91","n/e"," ","2389.14"
"31/01/2025 02:00:00 - 31/01/2025 03:00:00","CTA|IE","2269.73","n/e"," ","2157.23"
"31/01/2025 03:00:00 - 31/01/2025 04:00:00","CTA|IE","1971.20","n/e"," ","1979.14"
"31/01/2025 04:00:00 - 31/01/2025 05:00:00","CTA|IE","1657.76","n/e"," ","1675.07"
"31/01/2025 05:00:00 - 31/01/2025 06:00:00","CTA|IE","1354.55","n/e"," ","1367.35"
"31/01/2025 06:00:00 - 31/01/2025 07:00:00","CTA|IE","962.05","n/e"," ","1055.06"
"31/01/2025 07:00:00 - 31/01/2025 08:00:00","CTA|IE","637.84","n/e"," ","904.53"
"31/01/2025 08:00:00 - 31/01/2025 09:00:00","CTA|IE","434.72","n/e"," ","691.50"
"31/01/2025 09:00:00 - 31/01/2025 10:00:00","CTA|IE","292.25","n/e"," ","441.66"
"31/01/2025 10:00:00 - 31/01/2025 11:00:00","CTA|IE","190.59","n/e"," ","264.36"
"31/01/2025 11:00:00 - 31/01/2025 12:00:00","CTA|IE","125.45","n/e"," ","138.64"
"31/01/2025 12:00:00 - 31/01/2025 13:00:00","CTA|IE","87.77","n/e"," ","86.79"
"31/01/2025 13:00:00 - 31/01/2025 14:00:00","CTA|IE","102.96","n/e"," ","86.59"
"31/01/2025 14:00:00 - 31/01/2025 15:00:00","CTA|IE","123.49","n/e"," ","154.04"
"31/01/2025 15:00:00 - 31/01/2025 16:00:00","CTA|IE","155.97","n/e"," ","207.44"
"31/01/2025 16:00:00 - 31/01/2025 17:00:00","CTA|IE","213.11","n/e"," ","227.04"
"31/01/2025 17:00:00 - 31/01/2025 18:00:00","CTA|IE","301.38","n/e"," ","321.78"
"31/01/2025 18:00:00 - 31/01/2025 19:00:00","CTA|IE","477.93","n/e"," ","580.89"
"31/01/2025 19:00:00 - 31/01/2025 20:00:00","CTA|IE","750.62","n/e"," ","924.30"
"31/01/2025 20:00:00 - 31/01/2025 21:00:00","CTA|IE","968.93","n/e"," ","1162.06"
"31/01/2025 21:00:00 - 31/01/2025 22:00:00","CTA|IE","1196.11","n/e"," ","1540.70"
"31/01/2025 22:00:00 - 31/01/2025 23:00:00","CTA|IE","1549.12","n/e"," ","1751.82"
"31/01/2025 23:00:00 - 01/02/2025 00:00:00","CTA|IE","1931.88","n/e"," ","1915.14"
"01/02/2025 00:00:00 - 01/02/2025 01:00:00","CTA|IE","2205.04","n/e"," ","2078.13"
"01/02/2025 01:00:00 - 01/02/2025 02:00:00","CTA|IE","2182.36","n/e"," ","2038.41"
"01/02/2025 02:00:00 - 01/02/2025 03:00:00","CTA|IE","2305.82","n/e"," ","2254.52"
"01/02/2025 03:00:00 - 01/02/2025 04:00:00","CTA|IE","2558.75","n/e"," ","2423.43"
"01/02/2025 04:00:00 - 01/02/2025 05:00:00","CTA|IE","2786.91","n/e"," ","2656.06"
"01/02/2025 05:00:00 - 01/02/2025 06:00:00","CTA|IE","2976.97","n/e"," ","2806.90"
"01/02/2025 06:00:00 - 01/02/2025 07:00:00","CTA|IE","3102.86","n/e"," ","2831.97"
"01/02/2025 07:00:00 - 01/02/2025 08:00:00","CTA|IE","3110.27","n/e"," ","2932.65"
"01/02/2025 08:00:00 - 01/02/2025 09:00:00","CTA|IE","3196.23","n/e"," ","3095.89"
"01/02/2025 09:00:00 - 01/02/2025 10:00:00","CTA|IE","3311.21","n/e"," ","2945.42"
"01/02/2025 10:00:00 - 01/02/2025 11:00:00","CTA|IE","3454.96","n/e"," ","2769.56"
"01/02/2025 11:00:00 - 01/02/2025 12:00:00","CTA|IE","3575.70","n/e"," ","2903.60"
"01/02/2025 12:00:00 - 01/02/2025 13:00:00","CTA|IE","3619.83","n/e"," ","2930.76"
"01/02/2025 13:00:00 - 01/02/2025 14:00:00","CTA|IE","3516.70","n/e"," ","3007.17"
"01/02/2025 14:00:00 - 01/02/2025 15:00:00","CTA|IE","3599.15","n/e"," ","3127.03"
"01/02/2025 15:00:00 - 01/02/2025 16:00:00","CTA|IE","3701.78","n/e"," ","3126.84"
"01/02/2025 16:00:00 - 01/02/2025 17:00:00","CTA|IE","3768.07","n/e"," ","3178.65"
"01/02/2025 17:00:00 - 01/02/2025 18:00:00","CTA|IE","3836.47","n/e"," ","3255.06"
"01/02/2025 18:00:00 - 01/02/2025 19:00:00","CTA|IE","3906.78","n/e"," ","3360.50"
"01/02/2025 19:00:00 - 01/02/2025 20:00:00","CTA|IE","3880.19","n/e"," ","3355.87"
"01/02/2025 20:00:00 - 01/02/2025 21:00:00","CTA|IE","3852.42","n/e"," ","3389.94"
"01/02/2025 21:00:00 - 01/02/2025 22:00:00","CTA|IE","3845.30","n/e"," ","3219.05"
"01/02/2025 22:00:00 - 01/02/2025 23:00:00","CTA|IE","3786.99","n/e"," ","3163.47"
"01/02/2025 23:00:00 - 02/02/2025 00:00:00","CTA|IE","3554.44","n/e"," ","3037.02"
"02/02/2025 00:00:00 - 02/02/2025 01:00:00","CTA|IE","3123.21","n/e"," ","2606.99"
"02/02/2025 01:00:00 - 02/02/2025 02:00:00","CTA|IE","2603.70","n/e"," ","2259.11"
"02/02/2025 02:00:00 - 02/02/2025 03:00:00","CTA|IE","2281.52","n/e"," ","1802.30"
"02/02/2025 03:00:00 - 02/02/2025 04:00:00","CTA|IE","2257.03","n/e"," ","1396.48"
"02/02/2025 04:00:00 - 02/02/2025 05:00:00","CTA|IE","2171.81","n/e"," ","1127.20"
"02/02/2025 05:00:00 - 02/02/2025 06:00:00","CTA|IE","2271.67","n/e"," ","1100.91"
"02/02/2025 06:00:00 - 02/02/2025 07:00:00","CTA|IE","2449.28","n/e"," ","1416.62"
"02/02/2025 07:00:00 - 02/02/2025 08:00:00","CTA|IE","2646.61","n/e"," ","1701.53"
"02/02/2025 08:00:00 - 02/02/2025 09:00:00","CTA|IE","2341.37","n/e"," ","1474.95"
"02/02/2025 09:00:00 - 02/02/2025 10:00:00","CTA|IE","1976.26","n/e"," ","1058.41"
"02/02/2025 10:00:00 - 02/02/2025 11:00:00","CTA|IE","1400.54","n/e"," ","785.64"
"02/02/2025 11:00:00 - 02/02/2025 12:00:00","CTA|IE","836.82","n/e"," ","502.01"
"02/02/2025 12:00:00 - 02/02/2025 13:00:00","CTA|IE","671.06","n/e"," ","485.76"
"02/02/2025 13:00:00 - 02/02/2025 14:00:00","CTA|IE","850.01","n/e"," ","626.83"
"02/02/2025 14:00:00 - 02/02/2025 15:00:00","CTA|IE","779.60","n/e"," ","495.52"
"02/02/2025 15:00:00 - 02/02/2025 16:00:00","CTA|IE","618.40","n/e"," ","570.00"
"02/02/2025 16:00:00 - 02/02/2025 17:00:00","CTA|IE","650.54","n/e"," ","724.63"
"02/02/2025 17:00:00 - 02/02/2025 18:00:00","CTA|IE","893.35","n/e"," ","916.02"
"02/02/2025 18:00:00 - 02/02/2025 19:00:00","CTA|IE","1268.60","n/e"," ","1277.41"
"02/02/2025 19:00:00 - 02/02/2025 20:00:00","CTA|IE","1593.12","n/e"," ","1614.49"
"02/02/2025 20:00:00 - 02/02/2025 21:00:00","CTA|IE","2014.76","n/e"," ","2062.45"
"02/02/2025 21:00:00 - 02/02/2025 22:00:00","CTA|IE","2337.39","n/e"," ","2468.58"
"02/02/2025 22:00:00 - 02/02/2025 23:00:00","CTA|IE","2564.35","n/e"," ","2515.15"
"02/02/2025 23:00:00 - 03/02/2025 00:00:00","CTA|IE","2792.62","n/e"," ","2527.70"
"03/02/2025 00:00:00 - 03/02/2025 01:00:00","CTA|IE","2968.48","n/e"," ","2357.79"
"03/02/2025 01:00:00 - 03/02/2025 02:00:00","CTA|IE","2983.82","n/e"," ","2472.02"
"03/02/2025 02:00:00 - 03/02/2025 03:00:00","CTA|IE","3040.96","n/e"," ","2585.75"
"03/02/2025 03:00:00 - 03/02/2025 04:00:00","CTA|IE","3031.05","n/e"," ","2665.44"
"03/02/2025 04:00:00 - 03/02/2025 05:00:00","CTA|IE","3082.40","n/e"," ","2710.65"
"03/02/2025 05:00:00 - 03/02/2025 06:00:00","CTA|IE","3213.01","n/e"," ","2838.04"
"03/02/2025 06:00:00 - 03/02/2025 07:00:00","CTA|IE","3326.30","n/e"," ","2971.36"
"03/02/2025 07:00:00 - 03/02/2025 08:00:00","CTA|IE","3377.13","n/e"," ","2990.75"
"03/02/2025 08:00:00 - 03/02/2025 09:00:00","CTA|IE","3446.13","n/e"," ","3122.32"
"03/02/2025 09:00:00 - 03/02/2025 10:00:00","CTA|IE","3627.60","n/e"," ","3204.60"
"03/02/2025 10:00:00 - 03/02/2025 11:00:00","CTA|IE","3776.70","n/e"," ","3293.89"
"03/02/2025 11:00:00 - 03/02/2025 12:00:00","CTA|IE","3885.55","n/e"," ","3384.13"
"03/02/2025 12:00:00 - 03/02/2025 13:00:00","CTA|IE","3971.92","n/e"," ","3424.63"
"03/02/2025 13:00:00 - 03/02/2025 14:00:00","CTA|IE","3939.14","n/e"," ","3575.66"
"03/02/2025 14:00:00 - 03/02/2025 15:00:00","CTA|IE","4015.08","n/e"," ","3560.21"
"03/02/2025 15:00:00 - 03/02/2025 16:00:00","CTA|IE","4070.20","n/e"," ","3586.10"
"03/02/2025 16:00:00 - 03/02/2025 17:00:00","CTA|IE","4102.81","n/e"," ","3648.39"
"03/02/2025 17:00:00 - 03/02/2025 18:00:00","CTA|IE","4116.80","n/e"," ","3641.05"
"03/02/2025 18:00:00 - 03/02/2025 19:00:00","CTA|IE","4140.36","n/e"," ","3636.29"
"03/02/2025 19:00:00 - 03/02/2025 20:00:00","CTA|IE","4146.57","n/e"," ","3677.89"
"03/02/2025 20:00:00 - 03/02/2025 21:00:00","CTA|IE","4160.91","n/e"," ","3677.96"
"03/02/2025 21:00:00 - 03/02/2025 22:00:00","CTA|IE","4186.09","n/e"," ","3653.71"
"03/02/2025 22:00:00 - 03/02/2025 23:00:00","CTA|IE","4197.30","n/e"," ","3637.55"
"03/02/2025 23:00:00 - 04/02/2025 00:00:00","CTA|IE","4189.35","n/e"," ","3335.11"
"04/02/2025 00:00:00 - 04/02/2025 01:00:00","CTA|IE","4161.61","n/e"," ","3323.34"
"04/02/2025 01:00:00 - 04/02/2025 02:00:00","CTA|IE","4098.05","n/e"," ","3024.74"
"04/02/2025 02:00:00 - 04/02/2025 03:00:00","CTA|IE","3922.10","n/e"," ","2633.89"
"04/02/2025 03:00:00 - 04/02/2025 04:00:00","CTA|IE","3622.54","n/e"," ","2331.33"
"04/02/2025 04:00:00 - 04/02/2025 05:00:00","CTA|IE","3272.25","n/e"," ","1974.69"
"04/02/2025 05:00:00 - 04/02/2025 06:00:00","CTA|IE","2944.29","n/e"," ","1822.05"
"04/02/2025 06:00:00 - 04/02/2025 07:00:00","CTA|IE","2822.44","n/e"," ","1818.15"
"04/02/2025 07:00:00 - 04/02/2025 08:00:00","CTA|IE","2496.28","n/e"," ","1786.50"
"04/02/2025 08:00:00 - 04/02/2025 09:00:00","CTA|IE","2525.65","n/e"," ","1940.28"
"04/02/2025 09:00:00 - 04/02/2025 10:00:00","CTA|IE","2872.65","n/e"," ","2124.34"
"04/02/2025 10:00:00 - 04/02/2025 11:00:00","CTA|IE","3183.61","n/e"," ","2223.28"
"04/02/2025 11:00:00 - 04/02/2025 12:00:00","CTA|IE","3356.19","n/e"," ","2504.53"
"04/02/2025 12:00:00 - 04/02/2025 13:00:00","CTA|IE","3399.97","n/e"," ","2723.40"
"04/02/2025 13:00:00 - 04/02/2025 14:00:00","CTA|IE","3512.64","n/e"," ","2811.13"
"04/02/2025 14:00:00 - 04/02/2025 15:00:00","CTA|IE","3260.37","n/e"," ","2841.61"
"04/02/2025 15:00:00 - 04/02/2025 16:00:00","CTA|IE","3032.32","n/e"," ","2473.60"
"04/02/2025 16:00:00 - 04/02/2025 17:00:00","CTA|IE","2910.47","n/e"," ","2240.16"
"04/02/2025 17:00:00 - 04/02/2025 18:00:00","CTA|IE","2760.66","n/e"," ","2225.67"
"04/02/2025 18:00:00 - 04/02/2025 19:00:00","CTA|IE","2536.94","n/e"," ","2106.80"
"04/02/2025 19:00:00 - 04/02/2025 20:00:00","CTA|IE","2516.84","n/e"," ","2108.85"
"04/02/2025 20:00:00 - 04/02/2025 21:00:00","CTA|IE","2586.61","n/e"," ","2086.33"
"04/02/2025 21:00:00 - 04/02/2025 22:00:00","CTA|IE","2608.08","n/e"," ","2084.77"
"04/02/2025 22:00:00 - 04/02/2025 23:00:00","CTA|IE","2606.11","n/e"," ","2104.89"
"04/02/2025 23:00:00 - 05/02/2025 00:00:00","CTA|IE","2512.21","n/e"," ","2036.76"
"05/02/2025 00:00:00 - 05/02/2025 01:00:00","CTA|IE","2374.83","n/e"," ","2073.46"
"05/02/2025 01:00:00 - 05/02/2025 02:00:00","CTA|IE","2206.74","n/e"," ","1890.14"
"05/02/2025 02:00:00 - 05/02/2025 03:00:00","CTA|IE","2141.89","n/e"," ","1757.36"
"05/02/2025 03:00:00 - 05/02/2025 04:00:00","CTA|IE","1909.76","n/e"," ","1560.76"
"05/02/2025 04:00:00 - 05/02/2025 05:00:00","CTA|IE","1687.26","n/e"," ","1351.05"
"05/02/2025 05:00:00 - 05/02/2025 06:00:00","CTA|IE","1413.08","n/e"," ","1168.09"
"05/02/2025 06:00:00 - 05/02/2025 07:00:00","CTA|IE","1164.31","n/e"," ","861.54"
"05/02/2025 07:00:00 - 05/02/2025 08:00:00","CTA|IE","927.00","n/e"," ","645.49"
"05/02/2025 08:00:00 - 05/02/2025 09:00:00","CTA|IE","832.76","n/e"," ","677.34"
"05/02/2025 09:00:00 - 05/02/2025 10:00:00","CTA|IE","844.12","n/e"," ","709.86"
"05/02/2025 10:00:00 - 05/02/2025 11:00:00","CTA|IE","803.55","n/e"," ","710.14"
"05/02/2025 11:00:00 - 05/02/2025 12:00:00","CTA|IE","728.57","n/e"," ","680.85"
"05/02/2025 12:00:00 - 05/02/2025 13:00:00","CTA|IE","695.12","n/e"," ","524.22"
"05/02/2025 13:00:00 - 05/02/2025 14:00:00","CTA|IE","667.88","n/e"," ","539.38"
"05/02/2025 14:00:00 - 05/02/2025 15:00:00","CTA|IE","622.54","n/e"," ","649.75"
"05/02/2025 15:00:00 - 05/02/2025 16:00:00","CTA|IE","517.77","n/e"," ","670.96"
"05/02/2025 16:00:00 - 05/02/2025 17:00:00","CTA|IE","391.11","n/e"," ","542.61"
"05/02/2025 17:00:00 - 05/02/2025 18:00:00","CTA|IE","316.70","n/e"," ","381.37"
"05/02/2025 18:00:00 - 05/02/2025 19:00:00","CTA|IE","286.83","n/e"," ","329.31"
"05/02/2025 19:00:00 - 05/02/2025 20:00:00","CTA|IE","354.80","n/e"," ","371.83"
"05/02/2025 20:00:00 - 05/02/2025 21:00:00","CTA|IE","376.03","n/e"," ","466.17"
"05/02/2025 21:00:00 - 05/02/2025 22:00:00","CTA|IE","391.28","n/e"," ","539.75"
"05/02/2025 22:00:00 - 05/02/2025 23:00:00","CTA|IE","446.01","n/e"," ","592.68"
"05/02/2025 23:00:00 - 06/02/2025 00:00:00","CTA|IE","538.62","n/e"," ","695.98"
"06/02/2025 00:00:00 - 06/02/2025 01:00:00","CTA|IE","617.47","n/e"," ","825.55"
"06/02/2025 01:00:00 - 06/02/2025 02:00:00","CTA|IE","716.40","n/e"," ","949.65"
"06/02/2025 02:00:00 - 06/02/2025 03:00:00","CTA|IE","701.97","n/e"," ","1137.77"
"06/02/2025 03:00:00 - 06/02/2025 04:00:00","CTA|IE","739.14","n/e"," ","1144.43"
"06/02/2025 04:00:00 - 06/02/2025 05:00:00","CTA|IE","893.92","n/e"," ","1065.85"
"06/02/2025 05:00:00 - 06/02/2025 06:00:00","CTA|IE","1086.08","n/e"," ","1126.85"
"06/02/2025 06:00:00 - 06/02/2025 07:00:00","CTA|IE","1365.99","n/e"," ","1361.20"
"06/02/2025 07:00:00 - 06/02/2025 08:00:00","CTA|IE","1599.96","n/e"," ","1449.60"
"06/02/2025 08:00:00 - 06/02/2025 09:00:00","CTA|IE","1669.33","n/e"," ","1656.30"
"06/02/2025 09:00:00 - 06/02/2025 10:00:00","CTA|IE","1742.88","n/e"," ","1852.17"
"06/02/2025 10:00:00 - 06/02/2025 11:00:00","CTA|IE","1644.30","n/e"," ","1926.79"
"06/02/2025 11:00:00 - 06/02/2025 12:00:00","CTA|IE","1558.91","n/e"," ","1817.69"
"06/02/2025 12:00:00 - 06/02/2025 13:00:00","CTA|IE","1629.08","n/e"," ","1854.24"
"06/02/2025 13:00:00 - 06/02/2025 14:00:00","CTA|IE","1784.93","n/e"," ","1865.52"
"06/02/2025 14:00:00 - 06/02/2025 15:00:00","CTA|IE","1822.93","n/e"," ","1962.86"
"06/02/2025 15:00:00 - 06/02/2025 16:00:00","CTA|IE","1812.87","n/e"," ","1930.78"
"06/02/2025 16:00:00 - 06/02/2025 17:00:00","CTA|IE","1755.94","n/e"," ","1857.68"
"06/02/2025 17:00:00 - 06/02/2025 18:00:00","CTA|IE","1824.58","n/e"," ","1776.06"
"06/02/2025 18:00:00 - 06/02/2025 19:00:00","CTA|IE","1939.14","n/e"," ","1749.34"
"06/02/2025 19:00:00 - 06/02/2025 20:00:00","CTA|IE","2009.35","n/e"," ","1968.98"
"06/02/2025 20:00:00 - 06/02/2025 21:00:00","CTA|IE","1976.64","n/e"," ","2215.63"
"06/02/2025 21:00:00 - 06/02/2025 22:00:00","CTA|IE","1997.64","n/e"," ","2241.12"
"06/02/2025 22:00:00 - 06/02/2025 23:00:00","CTA|IE","1993.86","n/e"," ","2070.06"
"06/02/2025 23:00:00 - 07/02/2025 00:00:00","CTA|IE","2006.29","n/e"," ","2116.83"
"07/02/2025 00:00:00 - 07/02/2025 01:00:00","CTA|IE","2051.30","n/e"," ","2077.24"
"07/02/2025 01:00:00 - 07/02/2025 02:00:00","CTA|IE","1879.66","n/e"," ","1909.01"
"07/02/2025 02:00:00 - 07/02/2025 03:00:00","CTA|IE","1706.51","n/e"," ","1812.84"
"07/02/2025 03:00:00 - 07/02/2025 04:00:00","CTA|IE","1521.88","n/e"," ","1651.24"
"07/02/2025 04:00:00 - 07/02/2025 05:00:00","CTA|IE","1386.82","n/e"," ","1594.61"
"07/02/2025 05:00:00 - 07/02/2025 06:00:00","CTA|IE","1432.49","n/e"," ","1668.35"
"07/02/2025 06:00:00 - 07/02/2025 07:00:00","CTA|IE","1543.82","n/e"," ","1626.93"
"07/02/2025 07:00:00 - 07/02/2025 08:00:00","CTA|IE","1587.73","n/e"," ","1585.53"
"07/02/2025 08:00:00 - 07/02/2025 09:00:00","CTA|IE","1461.67","n/e"," ","1376.44"
"07/02/2025 09:00:00 - 07/02/2025 10:00:00","CTA|IE","1230.99","n/e"," ","1321.91"
"07/02/2025 10:00:00 - 07/02/2025 11:00:00","CTA|IE","1175.06","n/e"," ","1260.37"
"07/02/2025 11:00:00 - 07/02/2025 12:00:00","CTA|IE","1148.83","n/e"," ","1066.16"
"07/02/2025 12:00:00 - 07/02/2025 13:00:00","CTA|IE","1085.88","n/e"," ","952.48"
"07/02/2025 13:00:00 - 07/02/2025 14:00:00","CTA|IE","950.01","n/e"," ","946.60"
"07/02/2025 14:00:00 - 07/02/2025 15:00:00","CTA|IE","899.47","n/e"," ","1143.43"
"07/02/2025 15:00:00 - 07/02/2025 16:00:00","CTA|IE","887.45","n/e"," ","1097.43"
"07/02/2025 16:00:00 - 07/02/2025 17:00:00","CTA|IE","907.33","n/e"," ","991.30"
"07/02/2025 17:00:00 - 07/02/2025 18:00:00","CTA|IE","929.43","n/e"," ","708.16"
"07/02/2025 18:00:00 - 07/02/2025 19:00:00","CTA|IE","889.54","n/e"," ","629.08"
"07/02/2025 19:00:00 - 07/02/2025 20:00:00","CTA|IE","729.44","n/e"," ","781.39"
"07/02/2025 20:00:00 - 07/02/2025 21:00:00","CTA|IE","782.75","n/e"," ","933.51"
"07/02/2025 21:00:00 - 07/02/2025 22:00:00","CTA|IE","815.22","n/e"," ","1118.94"
"07/02/2025 22:00:00 - 07/02/2025 23:00:00","CTA|IE","870.57","n/e"," ","1110.26"
"07/02/2025 23:00:00 - 08/02/2025 00:00:00","CTA|IE","848.91","n/e"," ","1001.66"
"08/02/2025 00:00:00 - 08/02/2025 01:00:00","CTA|IE","794.35","n/e"," ","881.25"
"08/02/2025 01:00:00 - 08/02/2025 02:00:00","CTA|IE","693.17","n/e"," ","797.57"
"08/02/2025 02:00:00 - 08/02/2025 03:00:00","CTA|IE","645.45","n/e"," ","823.42"
"08/02/2025 03:00:00 - 08/02/2025 04:00:00","CTA|IE","542.31","n/e"," ","776.32"
"08/02/2025 04:00:00 - 08/02/2025 05:00:00","CTA|IE","452.83","n/e"," ","554.54"
"08/02/2025 05:00:00 - 08/02/2025 06:00:00","CTA|IE","432.99","n/e"," ","440.79"
"08/02/2025 06:00:00 - 08/02/2025 07:00:00","CTA|IE","361.66","n/e"," ","399.04"
"08/02/2025 07:00:00 - 08/02/2025 08:00:00","CTA|IE","298.91","n/e"," ","258.14"
"08/02/2025 08:00:00 - 08/02/2025 09:00:00","CTA|IE","238.61","n/e"," ","231.03"
"08/02/2025 09:00:00 - 08/02/2025 10:00:00","CTA|IE","197.30","n/e"," ","271.99"
"08/02/2025 10:00:00 - 08/02/2025 11:00:00","CTA|IE","192.38","n/e"," ","273.25"
"08/02/2025 11:00:00 - 08/02/2025 12:00:00","CTA|IE","200.89","n/e"," ","238.38"
"08/02/2025 12:00:00 - 08/02/2025 13:00:00","CTA|IE","217.20","n/e"," ","209.58"
"08/02/2025 13:00:00 - 08/02/2025 14:00:00","CTA|IE","214.62","n/e"," ","162.06"
"08/02/2025 14:00:00 - 08/02/2025 15:00:00","CTA|IE","203.72","n/e"," ","167.61"
"08/02/2025 15:00:00 - 08/02/2025 16:00:00","CTA|IE","192.19","n/e"," ","169.56"
"08/02/2025 16:00:00 - 08/02/2025 17:00:00","CTA|IE","222.42","n/e"," ","191.35"
"08/02/2025 17:00:00 - 08/02/2025 18:00:00","CTA|IE","294.59","n/e"," ","238.48"
"08/02/2025 18:00:00 - 08/02/2025 19:00:00","CTA|IE","363.74","n/e"," ","296.24"
"08/02/2025 19:00:00 - 08/02/2025 20:00:00","CTA|IE","352.15","n/e"," ","440.48"
"08/02/2025 20:00:00 - 08/02/2025 21:00:00","CTA|IE","391.45","n/e"," ","509.30"
"08/02/2025 21:00:00 - 08/02/2025 22:00:00","CTA|IE","428.83","n/e"," ","506.60"
"08/02/2025 22:00:00 - 08/02/2025 23:00:00","CTA|IE","529.17","n/e"," ","517.60"
"08/02/2025 23:00:00 - 09/02/2025 00:00:00","CTA|IE","654.88","n/e"," ","545.12"
"09/02/2025 00:00:00 - 09/02/2025 01:00:00","CTA|IE","766.41","n/e"," ","592.36"
"09/02/2025 01:00:00 - 09/02/2025 02:00:00","CTA|IE","777.03","n/e"," ","674.33"
"09/02/2025 02:00:00 - 09/02/2025 03:00:00","CTA|IE","899.04","n/e"," ","814.57"
"09/02/2025 03:00:00 - 09/02/2025 04:00:00","CTA|IE","1007.01","n/e"," ","941.95"
"09/02/2025 04:00:00 - 09/02/2025 05:00:00","CTA|IE","1087.92","n/e"," ","1166.49"
"09/02/2025 05:00:00 - 09/02/2025 06:00:00","CTA|IE","1119.32","n/e"," ","1200.56"
"09/02/2025 06:00:00 - 09/02/2025 07:00:00","CTA|IE","1144.14","n/e"," ","1292.48"
"09/02/2025 07:00:00 - 09/02/2025 08:00:00","CTA|IE","1153.04","n/e"," ","1382.91"
"09/02/2025 08:00:00 - 09/02/2025 09:00:00","CTA|IE","1234.25","n/e"," ","1495.70"
"09/02/2025 09:00:00 - 09/02/2025 10:00:00","CTA|IE","1330.13","n/e"," ","1583.95"
"09/02/2025 10:00:00 - 09/02/2025 11:00:00","CTA|IE","1393.37","n/e"," ","1491.01"
"09/02/2025 11:00:00 - 09/02/2025 12:00:00","CTA|IE","1396.96","n/e"," ","1496.32"
"09/02/2025 12:00:00 - 09/02/2025 13:00:00","CTA|IE","1407.15","n/e"," ","1381.06"
"09/02/2025 13:00:00 - 09/02/2025 14:00:00","CTA|IE","1436.76","n/e"," ","1298.06"
"09/02/2025 14:00:00 - 09/02/2025 15:00:00","CTA|IE","1499.28","n/e"," ","1296.99"
"09/02/2025 15:00:00 - 09/02/2025 16:00:00","CTA|IE","1566.68","n/e"," ","1385.49"
"09/02/2025 16:00:00 - 09/02/2025 17:00:00","CTA|IE","1594.91","n/e"," ","1365.12"
"09/02/2025 17:00:00 - 09/02/2025 18:00:00","CTA|IE","1563.67","n/e"," ","1355.65"
"09/02/2025 18:00:00 - 09/02/2025 19:00:00","CTA|IE","1551.26","n/e"," ","1487.76"
"09/02/2025 19:00:00 - 09/02/2025 20:00:00","CTA|IE","1621.35","n/e"," ","1580.66"
"09/02/2025 20:00:00 - 09/02/2025 21:00:00","CTA|IE","1674.75","n/e"," ","1684.51"
"09/02/2025 21:00:00 - 09/02/2025 22:00:00","CTA|IE","1735.07","n/e"," ","1574.26"
"09/02/2025 22:00:00 - 09/02/2025 23:00:00","CTA|IE","1812.65","n/e"," ","1581.27"
"09/02/2025 23:00:00 - 10/02/2025 00:00:00","CTA|IE","1858.88","n/e"," ","1563.87"
"10/02/2025 00:00:00 - 10/02/2025 01:00:00","CTA|IE","1907.50","n/e"," ","1454.82"
"10/02/2025 01:00:00 - 10/02/2025 02:00:00","CTA|IE","1682.24","n/e"," ","1374.25"
"10/02/2025 02:00:00 - 10/02/2025 03:00:00","CTA|IE","1559.51","n/e"," ","1238.28"
"10/02/2025 03:00:00 - 10/02/2025 04:00:00","CTA|IE","1484.73","n/e"," ","1071.60"
"10/02/2025 04:00:00 - 10/02/2025 05:00:00","CTA|IE","1498.51","n/e"," ","1069.41"
"10/02/2025 05:00:00 - 10/02/2025 06:00:00","CTA|IE","1562.20","n/e"," ","1150.91"
"10/02/2025 06:00:00 - 10/02/2025 07:00:00","CTA|IE","1728.10","n/e"," ","1241.53"
"10/02/2025 07:00:00 - 10/02/2025 08:00:00","CTA|IE","1716.28","n/e"," ","1289.61"
"10/02/2025 08:00:00 - 10/02/2025 09:00:00","CTA|IE","1809.10","n/e"," ","1287.68"
"10/02/2025 09:00:00 - 10/02/2025 10:00:00","CTA|IE","1796.71","n/e"," ","1308.05"
"10/02/2025 10:00:00 - 10/02/2025 11:00:00","CTA|IE","1747.82","n/e"," ","1286.63"
"10/02/2025 11:00:00 - 10/02/2025 12:00:00","CTA|IE","1689.99","n/e"," ","1352.23"
"10/02/2025 12:00:00 - 10/02/2025 13:00:00","CTA|IE","1716.38","n/e"," ","1389.04"
"10/02/2025 13:00:00 - 10/02/2025 14:00:00","CTA|IE","1737.34","n/e"," ","1399.31"
"10/02/2025 14:00:00 - 10/02/2025 15:00:00","CTA|IE","1619.79","n/e"," ","1374.41"
"10/02/2025 15:00:00 - 10/02/2025 16:00:00","CTA|IE","1496.98","n/e"," ","1313.72"
"10/02/2025 16:00:00 - 10/02/2025 17:00:00","CTA|IE","1415.14","n/e"," ","1291.30"
"10/02/2025 17:00:00 - 10/02/2025 18:00:00","CTA|IE","1377.86","n/e"," ","1247.50"
"10/02/2025 18:00:00 - 10/02/2025 19:00:00","CTA|IE","1347.41","n/e"," ","1055.22"
"10/02/2025 19:00:00 - 10/02/2025 20:00:00","CTA|IE","1253.68","n/e"," ","1091.24"
"10/02/2025 20:00:00 - 10/02/2025 21:00:00","CTA|IE","1257.05","n/e"," ","1100.03"
"10/02/2025 21:00:00 - 10/02/2025 22:00:00","CTA|IE","1262.37","n/e"," ","1102.25"
"10/02/2025 22:00:00 - 10/02/2025 23:00:00","CTA|IE","1223.61","n/e"," ","1071.69"
"10/02/2025 23:00:00 - 11/02/2025 00:00:00","CTA|IE","1186.62","n/e"," ","1056.84"
"11/02/2025 00:00:00 - 11/02/2025 01:00:00","CTA|IE","1161.26","n/e"," ","1078.00"
"11/02/2025 01:00:00 - 11/02/2025 02:00:00","CTA|IE","1061.89","n/e"," ","1077.71"
"11/02/2025 02:00:00 - 11/02/2025 03:00:00","CTA|IE","1074.07","n/e"," ","1005.92"
"11/02/2025 03:00:00 - 11/02/2025 04:00:00","CTA|IE","1101.45","n/e"," ","1002.44"
"11/02/2025 04:00:00 - 11/02/2025 05:00:00","CTA|IE","1102.87","n/e"," ","1021.94"
"11/02/2025 05:00:00 - 11/02/2025 06:00:00","CTA|IE","1059.36","n/e"," ","1052.63"
"11/02/2025 06:00:00 - 11/02/2025 07:00:00","CTA|IE","1063.04","n/e"," ","1045.84"
"11/02/2025 07:00:00 - 11/02/2025 08:00:00","CTA|IE","1202.88","n/e"," ","1065.20"
"11/02/2025 08:00:00 - 11/02/2025 09:00:00","CTA|IE","1113.82","n/e"," ","1140.77"
"11/02/2025 09:00:00 - 11/02/2025 10:00:00","CTA|IE","1081.60","n/e"," ","1295.65"
"11/02/2025 10:00:00 - 11/02/2025 11:00:00","CTA|IE","1102.28","n/e"," ","1254.95"
"11/02/2025 11:00:00 - 11/02/2025 12:00:00","CTA|IE","1163.54","n/e"," ","1214.10"
"11/02/2025 12:00:00 - 11/02/2025 13:00:00","CTA|IE","1184.23","n/e"," ","1295.51"
"11/02/2025 13:00:00 - 11/02/2025 14:00:00","CTA|IE","1354.85","n/e"," ","1383.84"
"11/02/2025 14:00:00 - 11/02/2025 15:00:00","CTA|IE","1312.64","n/e"," ","1502.75"
"11/02/2025 15:00:00 - 11/02/2025 16:00:00","CTA|IE","1304.62","n/e"," ","1595.27"
"11/02/2025 16:00:00 - 11/02/2025 17:00:00","CTA|IE","1333.00","n/e"," ","1667.46"
"11/02/2025 17:00:00 - 11/02/2025 18:00:00","CTA|IE","1378.90","n/e"," ","1882.84"
"11/02/2025 18:00:00 - 11/02/2025 19:00:00","CTA|IE","1441.21","n/e"," ","2087.15"
"11/02/2025 19:00:00 - 11/02/2025 20:00:00","CTA|IE","1923.05","n/e"," ","2320.72"
"11/02/2025 20:00:00 - 11/02/2025 21:00:00","CTA|IE","2044.45","n/e"," ","2583.83"
"11/02/2025 21:00:00 - 11/02/2025 22:00:00","CTA|IE","2189.67","n/e"," ","2649.83"
"11/02/2025 22:00:00 - 11/02/2025 23:00:00","CTA|IE","2310.69","n/e"," ","2856.71"
"11/02/2025 23:00:00 - 12/02/2025 00:00:00","CTA|IE","2323.88","n/e"," ","2936.94"
"12/02/2025 00:00:00 - 12/02/2025 01:00:00","CTA|IE","2280.78","n/e"," ","2781.17"
"12/02/2025 01:00:00 - 12/02/2025 02:00:00","CTA|IE","2483.45","n/e"," ","2698.19"
"12/02/2025 02:00:00 - 12/02/2025 03:00:00","CTA|IE","2357.36","n/e"," ","2646.51"
"12/02/2025 03:00:00 - 12/02/2025 04:00:00","CTA|IE","2295.58","n/e"," ","2600.55"
"12/02/2025 04:00:00 - 12/02/2025 05:00:00","CTA|IE","2306.44","n/e"," ","2618.64"
"12/02/2025 05:00:00 - 12/02/2025 06:00:00","CTA|IE","2367.66","n/e"," ","2683.45"
"12/02/2025 06:00:00 - 12/02/2025 07:00:00","CTA|IE","2414.42","n/e"," ","2688.96"
"12/02/2025 07:00:00 - 12/02/2025 08:00:00","CTA|IE","2571.93","n/e"," ","2677.09"
"12/02/2025 08:00:00 - 12/02/2025 09:00:00","CTA|IE","2426.36","n/e"," ","2586.46"
"12/02/2025 09:00:00 - 12/02/2025 10:00:00","CTA|IE","2279.27","n/e"," ","2538.00"
"12/02/2025 10:00:00 - 12/02/2025 11:00:00","CTA|IE","2254.75","n/e"," ","2481.50"
"12/02/2025 11:00:00 - 12/02/2025 12:00:00","CTA|IE","2239.72","n/e"," ","2317.85"
"12/02/2025 12:00:00 - 12/02/2025 13:00:00","CTA|IE","2196.41","n/e"," ","2191.15"
"12/02/2025 13:00:00 - 12/02/2025 14:00:00","CTA|IE","2098.01","n/e"," ","2087.06"
"12/02/2025 14:00:00 - 12/02/2025 15:00:00","CTA|IE","2008.16","n/e"," ","2015.84"
"12/02/2025 15:00:00 - 12/02/2025 16:00:00","CTA|IE","1925.32","n/e"," ","2093.31"
"12/02/2025 16:00:00 - 12/02/2025 17:00:00","CTA|IE","1848.75","n/e"," ","2233.42"
"12/02/2025 17:00:00 - 12/02/2025 18:00:00","CTA|IE","1761.22","n/e"," ","2310.18"
"12/02/2025 18:00:00 - 12/02/2025 19:00:00","CTA|IE","1725.74","n/e"," ","2366.25"
"12/02/2025 19:00:00 - 12/02/2025 20:00:00","CTA|IE","2094.88","n/e"," ","2302.11"
"12/02/2025 20:00:00 - 12/02/2025 21:00:00","CTA|IE","2073.80","n/e"," ","2350.14"
"12/02/2025 21:00:00 - 12/02/2025 22:00:00","CTA|IE","2044.95","n/e"," ","2228.26"
"12/02/2025 22:00:00 - 12/02/2025 23:00:00","CTA|IE","2056.33","n/e"," ","2169.21"
"12/02/2025 23:00:00 - 13/02/2025 00:00:00","CTA|IE","2024.79","n/e"," ","2201.56"
"13/02/2025 00:00:00 - 13/02/2025 01:00:00","CTA|IE","2020.57","n/e"," ","2177.07"
"13/02/2025 01:00:00 - 13/02/2025 02:00:00","CTA|IE","2153.16","n/e"," ","2104.36"
"13/02/2025 02:00:00 - 13/02/2025 03:00:00","CTA|IE","2026.96","n/e"," ","2049.10"
"13/02/2025 03:00:00 - 13/02/2025 04:00:00","CTA|IE","1969.27","n/e"," ","2112.80"
"13/02/2025 04:00:00 - 13/02/2025 05:00:00","CTA|IE","1985.96","n/e"," ","2052.73"
"13/02/2025 05:00:00 - 13/02/2025 06:00:00","CTA|IE","2063.04","n/e"," ","2048.00"
"13/02/2025 06:00:00 - 13/02/2025 07:00:00","CTA|IE","2195.96","n/e"," ","2047.62"
"13/02/2025 07:00:00 - 13/02/2025 08:00:00","CTA|IE","2423.39","n/e"," ","2177.08"
"13/02/2025 08:00:00 - 13/02/2025 09:00:00","CTA|IE","2435.90","n/e"," ","2391.21"
"13/02/2025 09:00:00 - 13/02/2025 10:00:00","CTA|IE","2572.58","n/e"," ","2649.67"
"13/02/2025 10:00:00 - 13/02/2025 11:00:00","CTA|IE","2811.71","n/e"," ","2896.10"
"13/02/2025 11:00:00 - 13/02/2025 12:00:00","CTA|IE","3223.80","n/e"," ","3151.01"
"13/02/2025 12:00:00 - 13/02/2025 13:00:00","CTA|IE","3525.76","n/e"," ","3284.43"
"13/02/2025 13:00:00 - 13/02/2025 14:00:00","CTA|IE","3687.03","n/e"," ","3473.96"
"13/02/2025 14:00:00 - 13/02/2025 15:00:00","CTA|IE","3801.22","n/e"," ","3640.42"
"13/02/2025 15:00:00 - 13/02/2025 16:00:00","CTA|IE","3943.06","n/e"," ","3677.93"
"13/02/2025 16:00:00 - 13/02/2025 17:00:00","CTA|IE","4060.88","n/e"," ","3745.12"
"13/02/2025 17:00:00 - 13/02/2025 18:00:00","CTA|IE","4106.51","n/e"," ","3795.18"
"13/02/2025 18:00:00 - 13/02/2025 19:00:00","CTA|IE","4153.95","n/e"," ","3810.01"
"13/02/2025 19:00:00 - 13/02/2025 20:00:00","CTA|IE","4193.12","n/e"," ","3816.79"
"13/02/2025 20:00:00 - 13/02/2025 21:00:00","CTA|IE","4255.30","n/e"," ","3814.37"
"13/02/2025 21:00:00 - 13/02/2025 22:00:00","CTA|IE","4295.20","n/e"," ","3854.44"
"13/02/2025 22:00:00 - 13/02/2025 23:00:00","CTA|IE","4311.89","n/e"," ","3862.39"
"13/02/2025 23:00:00 - 14/02/2025 00:00:00","CTA|IE","4306.08","n/e"," ","3853.15"
"14/02/2025 00:00:00 - 14/02/2025 01:00:00","CTA|IE","4272.44","n/e"," ","3799.31"
"14/02/2025 01:00:00 - 14/02/2025 02:00:00","CTA|IE","4197.80","n/e"," ","3695.78"
"14/02/2025 02:00:00 - 14/02/2025 03:00:00","CTA|IE","4079.10","n/e"," ","3636.65"
"14/02/2025 03:00:00 - 14/02/2025 04:00:00","CTA|IE","3925.29","n/e"," ","3508.14"
"14/02/2025 04:00:00 - 14/02/2025 05:00:00","CTA|IE","3827.95","n/e"," ","3459.56"
"14/02/2025 05:00:00 - 14/02/2025 06:00:00","CTA|IE","3729.50","n/e"," ","3393.81"
"14/02/2025 06:00:00 - 14/02/2025 07:00:00","CTA|IE","3611.98","n/e"," ","3407.68"
"14/02/2025 07:00:00 - 14/02/2025 08:00:00","CTA|IE","3372.84","n/e"," ","3305.12"
"14/02/2025 08:00:00 - 14/02/2025 09:00:00","CTA|IE","3120.56","n/e"," ","2963.95"
"14/02/2025 09:00:00 - 14/02/2025 10:00:00","CTA|IE","2801.98","n/e"," ","2600.97"
"14/02/2025 10:00:00 - 14/02/2025 11:00:00","CTA|IE","2485.86","n/e"," ","2376.12"
"14/02/2025 11:00:00 - 14/02/2025 12:00:00","CTA|IE","2163.25","n/e"," ","2052.58"
"14/02/2025 12:00:00 - 14/02/2025 13:00:00","CTA|IE","1857.41","n/e"," ","1844.62"
"14/02/2025 13:00:00 - 14/02/2025 14:00:00","CTA|IE","1441.74","n/e"," ","1685.39"
"14/02/2025 14:00:00 - 14/02/2025 15:00:00","CTA|IE","1202.20","n/e"," ","1405.72"
"14/02/2025 15:00:00 - 14/02/2025 16:00:00","CTA|IE","1056.28","n/e"," ","1117.82"
"14/02/2025 16:00:00 - 14/02/2025 17:00:00","CTA|IE","969.48","n/e"," ","1013.56"
"14/02/2025 17:00:00 - 14/02/2025 18:00:00","CTA|IE","925.99","n/e"," ","1018.01"
"14/02/2025 18:00:00 - 14/02/2025 19:00:00","CTA|IE","853.53","n/e"," ","983.11"
"14/02/2025 19:00:00 - 14/02/2025 20:00:00","CTA|IE","870.11","n/e"," ","1023.19"
"14/02/2025 20:00:00 - 14/02/2025 21:00:00","CTA|IE","924.25","n/e"," ","1082.26"
"14/02/2025 21:00:00 - 14/02/2025 22:00:00","CTA|IE","983.94","n/e"," ","1161.03"
"14/02/2025 22:00:00 - 14/02/2025 23:00:00","CTA|IE","971.38","n/e"," ","1400.33"
"14/02/2025 23:00:00 - 15/02/2025 00:00:00","CTA|IE","938.68","n/e"," ","1595.28"
"15/02/2025 00:00:00 - 15/02/2025 01:00:00","CTA|IE","914.95","n/e"," ","1413.24"
"15/02/2025 01:00:00 - 15/02/2025 02:00:00","CTA|IE","1133.13","n/e"," ","1299.94"
"15/02/2025 02:00:00 - 15/02/2025 03:00:00","CTA|IE","1291.73","n/e"," ","1241.73"
"15/02/2025 03:00:00 - 15/02/2025 04:00:00","CTA|IE","1485.00","n/e"," ","1364.43"
"15/02/2025 04:00:00 - 15/02/2025 05:00:00","CTA|IE","1481.71","n/e"," ","1302.55"
"15/02/2025 05:00:00 - 15/02/2025 06:00:00","CTA|IE","1359.82","n/e"," ","1192.68"
"15/02/2025 06:00:00 - 15/02/2025 07:00:00","CTA|IE","1268.37","n/e"," ","1227.33"
"15/02/2025 07:00:00 - 15/02/2025 08:00:00","CTA|IE","1500.23","n/e"," ","1203.87"
"15/02/2025 08:00:00 - 15/02/2025 09:00:00","CTA|IE","1553.82","n/e"," ","1159.53"
"15/02/2025 09:00:00 - 15/02/2025 10:00:00","CTA|IE","1603.24","n/e"," ","1154.91"
"15/02/2025 10:00:00 - 15/02/2025 11:00:00","CTA|IE","1623.28","n/e"," ","1184.32"
"15/02/2025 11:00:00 - 15/02/2025 12:00:00","CTA|IE","1565.85","n/e"," ","1241.18"
"15/02/2025 12:00:00 - 15/02/2025 13:00:00","CTA|IE","1518.43","n/e"," ","1371.33"
"15/02/2025 13:00:00 - 15/02/2025 14:00:00","CTA|IE","1491.27","n/e"," ","1339.38"
"15/02/2025 14:00:00 - 15/02/2025 15:00:00","CTA|IE","1422.25","n/e"," ","1409.97"
"15/02/2025 15:00:00 - 15/02/2025 16:00:00","CTA|IE","1437.72","n/e"," ","1628.13"
"15/02/2025 16:00:00 - 15/02/2025 17:00:00","CTA|IE","1588.86","n/e"," ","1796.95"
"15/02/2025 17:00:00 - 15/02/2025 18:00:00","CTA|IE","1823.23","n/e"," ","2052.83"
"15/02/2025 18:00:00 - 15/02/2025 19:00:00","CTA|IE","2025.65","n/e"," ","2335.56"
"15/02/2025 19:00:00 - 15/02/2025 20:00:00","CTA|IE","2273.36","n/e"," ","2436.08"
"15/02/2025 20:00:00 - 15/02/2025 21:00:00","CTA|IE","2290.54","n/e"," ","2541.75"
"15/02/2025 21:00:00 - 15/02/2025 22:00:00","CTA|IE","2287.40","n/e"," ","2575.85"
"15/02/2025 22:00:00 - 15/02/2025 23:00:00","CTA|IE","2354.02","n/e"," ","2633.51"
"15/02/2025 23:00:00 - 16/02/2025 00:00:00","CTA|IE","2435.99","n/e"," ","2653.39"
"16/02/2025 00:00:00 - 16/02/2025 01:00:00","CTA|IE","2512.96","n/e"," ","2461.92"
"16/02/2025 01:00:00 - 16/02/2025 02:00:00","CTA|IE","2475.11","n/e"," ","2448.68"
"16/02/2025 02:00:00 - 16/02/2025 03:00:00","CTA|IE","2485.64","n/e"," ","2369.87"
"16/02/2025 03:00:00 - 16/02/2025 04:00:00","CTA|IE","2555.43","n/e"," ","2307.78"
"16/02/2025 04:00:00 - 16/02/2025 05:00:00","CTA|IE","2617.64","n/e"," ","2159.64"
"16/02/2025 05:00:00 - 16/02/2025 06:00:00","CTA|IE","2661.30","n/e"," ","2275.69"
"16/02/2025 06:00:00 - 16/02/2025 07:00:00","CTA|IE","2681.52","n/e"," ","2322.85"
"16/02/2025 07:00:00 - 16/02/2025 08:00:00","CTA|IE","2767.44","n/e"," ","2528.00"
"16/02/2025 08:00:00 - 16/02/2025 09:00:00","CTA|IE","2824.40","n/e"," ","2605.21"
"16/02/2025 09:00:00 - 16/02/2025 10:00:00","CTA|IE","2878.87","n/e"," ","2714.35"
"16/02/2025 10:00:00 - 16/02/2025 11:00:00","CTA|IE","2932.44","n/e"," ","2855.46"
"16/02/2025 11:00:00 - 16/02/2025 12:00:00","CTA|IE","2995.14","n/e"," ","2776.71"
"16/02/2025 12:00:00 - 16/02/2025 13:00:00","CTA|IE","3036.48","n/e"," ","2625.25"
"16/02/2025 13:00:00 - 16/02/2025 14:00:00","CTA|IE","2969.34","n/e"," ","2673.88"
"16/02/2025 14:00:00 - 16/02/2025 15:00:00","CTA|IE","2966.93","n/e"," ","2831.82"
"16/02/2025 15:00:00 - 16/02/2025 16:00:00","CTA|IE","2917.64","n/e"," ","2797.52"
"16/02/2025 16:00:00 - 16/02/2025 17:00:00","CTA|IE","2882.79","n/e"," ","2844.66"
"16/02/2025 17:00:00 - 16/02/2025 18:00:00","CTA|IE","2858.10","n/e"," ","2984.43"
"16/02/2025 18:00:00 - 16/02/2025 19:00:00","CTA|IE","2905.77","n/e"," ","2948.93"
"16/02/2025 19:00:00 - 16/02/2025 20:00:00","CTA|IE","2843.34","n/e"," ","2818.55"
"16/02/2025 20:00:00 - 16/02/2025 21:00:00","CTA|IE","2749.50","n/e"," ","2838.58"
"16/02/2025 21:00:00 - 16/02/2025 22:00:00","CTA|IE","2628.13","n/e"," ","2974.34"
"16/02/2025 22:00:00 - 16/02/2025 23:00:00","CTA|IE","2679.40","n/e"," ","3023.02"
"16/02/2025 23:00:00 - 17/02/2025 00:00:00","CTA|IE","2769.97","n/e"," ","3080.77"
"17/02/2025 00:00:00 - 17/02/2025 01:00:00","CTA|IE","2866.79","n/e"," ","3080.29"
"17/02/2025 01:00:00 - 17/02/2025 02:00:00","CTA|IE","2851.86","n/e"," ","3186.52"
"17/02/2025 02:00:00 - 17/02/2025 03:00:00","CTA|IE","2871.72","n/e"," ","3162.91"
"17/02/2025 03:00:00 - 17/02/2025 04:00:00","CTA|IE","2870.22","n/e"," ","3044.53"
"17/02/2025 04:00:00 - 17/02/2025 05:00:00","CTA|IE","2815.92","n/e"," ","2965.52"
"17/02/2025 05:00:00 - 17/02/2025 06:00:00","CTA|IE","2788.50","n/e"," ","2905.98"
"17/02/2025 06:00:00 - 17/02/2025 07:00:00","CTA|IE","2841.23","n/e"," ","2794.35"
"17/02/2025 07:00:00 - 17/02/2025 08:00:00","CTA|IE","2993.54","n/e"," ","2809.38"
"17/02/2025 08:00:00 - 17/02/2025 09:00:00","CTA|IE","3019.86","n/e"," ","2857.83"
"17/02/2025 09:00:00 - 17/02/2025 10:00:00","CTA|IE","3033.16","n/e"," ","3036.40"
"17/02/2025 10:00:00 - 17/02/2025 11:00:00","CTA|IE","3141.11","n/e"," ","3150.94"
"17/02/2025 11:00:00 - 17/02/2025 12:00:00","CTA|IE","3262.07","n/e"," ","3294.65"
"17/02/2025 12:00:00 - 17/02/2025 13:00:00","CTA|IE","3291.49","n/e"," ","3243.57"
"17/02/2025 13:00:00 - 17/02/2025 14:00:00","CTA|IE","3323.44","n/e"," ","3161.58"
"17/02/2025 14:00:00 - 17/02/2025 15:00:00","CTA|IE","3263.84","n/e"," ","3092.96"
"17/02/2025 15:00:00 - 17/02/2025 16:00:00","CTA|IE","3265.28","n/e"," ","3137.91"
"17/02/2025 16:00:00 - 17/02/2025 17:00:00","CTA|IE","3268.79","n/e"," ","3162.13"
"17/02/2025 17:00:00 - 17/02/2025 18:00:00","CTA|IE","3349.03","n/e"," ","3093.95"
"17/02/2025 18:00:00 - 17/02/2025 19:00:00","CTA|IE","3461.41","n/e"," ","3166.43"
"17/02/2025 19:00:00 - 17/02/2025 20:00:00","CTA|IE","3628.08","n/e"," ","3219.25"
"17/02/2025 20:00:00 - 17/02/2025 21:00:00","CTA|IE","3598.60","n/e"," ","3293.31"
"17/02/2025 21:00:00 - 17/02/2025 22:00:00","CTA|IE","3483.36","n/e"," ","3393.09"
"17/02/2025 22:00:00 - 17/02/2025 23:00:00","CTA|IE","3380.30","n/e"," ","3537.09"
"17/02/2025 23:00:00 - 18/02/2025 00:00:00","CTA|IE","3331.12","n/e"," ","3351.46"
"18/02/2025 00:00:00 - 18/02/2025 01:00:00","CTA|IE","3314.58","n/e"," ","3238.20"
"18/02/2025 01:00:00 - 18/02/2025 02:00:00","CTA|IE","3179.94","n/e"," ","3216.53"
"18/02/2025 02:00:00 - 18/02/2025 03:00:00","CTA|IE","3073.55","n/e"," ","3075.88"
"18/02/2025 03:00:00 - 18/02/2025 04:00:00","CTA|IE","3020.52","n/e"," ","3028.31"
"18/02/2025 04:00:00 - 18/02/2025 05:00:00","CTA|IE","3009.28","n/e"," ","3086.49"
"18/02/2025 05:00:00 - 18/02/2025 06:00:00","CTA|IE","3110.40","n/e"," ","3062.44"
"18/02/2025 06:00:00 - 18/02/2025 07:00:00","CTA|IE","3284.83","n/e"," ","3152.32"
"18/02/2025 07:00:00 - 18/02/2025 08:00:00","CTA|IE","3490.49","n/e"," ","3229.73"
"18/02/2025 08:00:00 - 18/02/2025 09:00:00","CTA|IE","3483.98","n/e"," ","3310.52"
"18/02/2025 09:00:00 - 18/02/2025 10:00:00","CTA|IE","3497.21","n/e"," ","3413.39"
"18/02/2025 10:00:00 - 18/02/2025 11:00:00","CTA|IE","3548.17","n/e"," ","3301.15"
"18/02/2025 11:00:00 - 18/02/2025 12:00:00","CTA|IE","3625.87","n/e"," ","3259.44"
"18/02/2025 12:00:00 - 18/02/2025 13:00:00","CTA|IE","3700.71","n/e"," ","3381.58"
"18/02/2025 13:00:00 - 18/02/2025 14:00:00","CTA|IE","3777.44","n/e"," ","3485.23"
"18/02/2025 14:00:00 - 18/02/2025 15:00:00","CTA|IE","3783.86","n/e"," ","3526.72"
"18/02/2025 15:00:00 - 18/02/2025 16:00:00","CTA|IE","3865.40","n/e"," ","3455.38"
"18/02/2025 16:00:00 - 18/02/2025 17:00:00","CTA|IE","3935.13","n/e"," ","3522.20"
"18/02/2025 17:00:00 - 18/02/2025 18:00:00","CTA|IE","3953.59","n/e"," ","3592.22"
"18/02/2025 18:00:00 - 18/02/2025 19:00:00","CTA|IE","4002.55","n/e"," ","3645.76"
"18/02/2025 19:00:00 - 18/02/2025 20:00:00","CTA|IE","4014.56","n/e"," ","3671.10"
"18/02/2025 20:00:00 - 18/02/2025 21:00:00","CTA|IE","4021.52","n/e"," ","3729.45"
"18/02/2025 21:00:00 - 18/02/2025 22:00:00","CTA|IE","4038.18","n/e"," ","3636.44"
"18/02/2025 22:00:00 - 18/02/2025 23:00:00","CTA|IE","4066.83","n/e"," ","3608.64"
"18/02/2025 23:00:00 - 19/02/2025 00:00:00","CTA|IE","4063.28","n/e"," ","3636.11"
"19/02/2025 00:00:00 - 19/02/2025 01:00:00","CTA|IE","3977.43","n/e"," ","3607.00"
"19/02/2025 01:00:00 - 19/02/2025 02:00:00","CTA|IE","3644.17","n/e"," ","3379.17"
"19/02/2025 02:00:00 - 19/02/2025 03:00:00","CTA|IE","3170.46","n/e"," ","2852.96"
"19/02/2025 03:00:00 - 19/02/2025 04:00:00","CTA|IE","2825.70","n/e"," ","2428.44"
"19/02/2025 04:00:00 - 19/02/2025 05:00:00","CTA|IE","2558.33","n/e"," ","2186.45"
"19/02/2025 05:00:00 - 19/02/2025 06:00:00","CTA|IE","2201.35","n/e"," ","2145.80"
"19/02/2025 06:00:00 - 19/02/2025 07:00:00","CTA|IE","1935.42","n/e"," ","1887.81"
"19/02/2025 07:00:00 - 19/02/2025 08:00:00","CTA|IE","1785.13","n/e"," ","1806.34"
"19/02/2025 08:00:00 - 19/02/2025 09:00:00","CTA|IE","1679.06","n/e"," ","1833.90"
"19/02/2025 09:00:00 - 19/02/2025 10:00:00","CTA|IE","1748.84","n/e"," ","2075.18"
"19/02/2025 10:00:00 - 19/02/2025 11:00:00","CTA|IE","2034.76","n/e"," ","2391.43"
"19/02/2025 11:00:00 - 19/02/2025 12:00:00","CTA|IE","2386.89","n/e"," ","2685.38"
"19/02/2025 12:00:00 - 19/02/2025 13:00:00","CTA|IE","2791.00","n/e"," ","2948.28"
"19/02/2025 13:00:00 - 19/02/2025 14:00:00","CTA|IE","3245.88","n/e"," ","3159.85"
"19/02/2025 14:00:00 - 19/02/2025 15:00:00","CTA|IE","3358.68","n/e"," ","3341.72"
"19/02/2025 15:00:00 - 19/02/2025 16:00:00","CTA|IE","3439.57","n/e"," ","3421.01"
"19/02/2025 16:00:00 - 19/02/2025 17:00:00","CTA|IE","3489.62","n/e"," ","3435.87"
"19/02/2025 17:00:00 - 19/02/2025 18:00:00","CTA|IE","3549.13","n/e"," ","3518.22"
"19/02/2025 18:00:00 - 19/02/2025 19:00:00","CTA|IE","3614.46","n/e"," ","3523.36"
"19/02/2025 19:00:00 - 19/02/2025 20:00:00","CTA|IE","3610.11","n/e"," ","3614.43"
"19/02/2025 20:00:00 - 19/02/2025 21:00:00","CTA|IE","3419.90","n/e"," ","3585.71"
"19/02/2025 21:00:00 - 19/02/2025 22:00:00","CTA|IE","3249.63","n/e"," ","3452.72"
"19/02/2025 22:00:00 - 19/02/2025 23:00:00","CTA|IE","3239.42","n/e"," ","3412.34"
"19/02/2025 23:00:00 - 20/02/2025 00:00:00","CTA|IE","3318.89","n/e"," ","3322.96"
"20/02/2025 00:00:00 - 20/02/2025 01:00:00","CTA|IE","3466.54","n/e"," ","3267.01"
"20/02/2025 01:00:00 - 20/02/2025 02:00:00","CTA|IE","3641.89","n/e"," ","3393.83"
"20/02/2025 02:00:00 - 20/02/2025 03:00:00","CTA|IE","3786.57","n/e"," ","3363.30"
"20/02/2025 03:00:00 - 20/02/2025 04:00:00","CTA|IE","3914.50","n/e"," ","3233.76"
"20/02/2025 04:00:00 - 20/02/2025 05:00:00","CTA|IE","4048.64","n/e"," ","3268.59"
"20/02/2025 05:00:00 - 20/02/2025 06:00:00","CTA|IE","4171.90","n/e"," ","3404.50"
"20/02/2025 06:00:00 - 20/02/2025 07:00:00","CTA|IE","4266.83","n/e"," ","3450.82"
"20/02/2025 07:00:00 - 20/02/2025 08:00:00","CTA|IE","4296.19","n/e"," ","3470.25"
"20/02/2025 08:00:00 - 20/02/2025 09:00:00","CTA|IE","4290.49","n/e"," ","3418.75"
"20/02/2025 09:00:00 - 20/02/2025 10:00:00","CTA|IE","4246.71","n/e"," ","3371.15"
"20/02/2025 10:00:00 - 20/02/2025 11:00:00","CTA|IE","4212.86","n/e"," ","3441.85"
"20/02/2025 11:00:00 - 20/02/2025 12:00:00","CTA|IE","4190.87","n/e"," ","3393.88"
"20/02/2025 12:00:00 - 20/02/2025 13:00:00","CTA|IE","4179.34","n/e"," ","3374.94"
"20/02/2025 13:00:00 - 20/02/2025 14:00:00","CTA|IE","4203.36","n/e"," ","3495.57"
"20/02/2025 14:00:00 - 20/02/2025 15:00:00","CTA|IE","4164.28","n/e"," ","3329.61"
"20/02/2025 15:00:00 - 20/02/2025 16:00:00","CTA|IE","4075.67","n/e"," ","3261.16"
"20/02/2025 16:00:00 - 20/02/2025 17:00:00","CTA|IE","3923.49","n/e"," ","3299.98"
"20/02/2025 17:00:00 - 20/02/2025 18:00:00","CTA|IE","3754.90","n/e"," ","3256.20"
"20/02/2025 18:00:00 - 20/02/2025 19:00:00","CTA|IE","3664.43","n/e"," ","3135.36"
"20/02/2025 19:00:00 - 20/02/2025 20:00:00","CTA|IE","3508.13","n/e"," ","2997.60"
"20/02/2025 20:00:00 - 20/02/2025 21:00:00","CTA|IE","3553.55","n/e"," ","3087.39"
"20/02/2025 21:00:00 - 20/02/2025 22:00:00","CTA|IE","3565.16","n/e"," ","3079.75"
"20/02/2025 22:00:00 - 20/02/2025 23:00:00","CTA|IE","3642.12","n/e"," ","3197.68"
"20/02/2025 23:00:00 - 21/02/2025 00:00:00","CTA|IE","3826.70","n/e"," ","3324.03"
"21/02/2025 00:00:00 - 21/02/2025 01:00:00","CTA|IE","4019.48","n/e"," ","3393.12"
"21/02/2025 01:00:00 - 21/02/2025 02:00:00","CTA|IE","4219.89","n/e"," ","3480.62"
"21/02/2025 02:00:00 - 21/02/2025 03:00:00","CTA|IE","4278.83","n/e"," ","3448.81"
"21/02/2025 03:00:00 - 21/02/2025 04:00:00","CTA|IE","4336.86","n/e"," ","3451.40"
"21/02/2025 04:00:00 - 21/02/2025 05:00:00","CTA|IE","4382.40","n/e"," ","3376.90"
"21/02/2025 05:00:00 - 21/02/2025 06:00:00","CTA|IE","4407.72","n/e"," ","3367.41"
"21/02/2025 06:00:00 - 21/02/2025 07:00:00","CTA|IE","4358.00","n/e"," ","3330.54"
"21/02/2025 07:00:00 - 21/02/2025 08:00:00","CTA|IE","4310.68","n/e"," ","3162.29"
"21/02/2025 08:00:00 - 21/02/2025 09:00:00","CTA|IE","4395.72","n/e"," ","3217.94"
"21/02/2025 09:00:00 - 21/02/2025 10:00:00","CTA|IE","4399.90","n/e"," ","3214.08"
"21/02/2025 10:00:00 - 21/02/2025 11:00:00","CTA|IE","4300.37","n/e"," ","2840.32"
"21/02/2025 11:00:00 - 21/02/2025 12:00:00","CTA|IE","4096.27","n/e"," ","2515.22"
"21/02/2025 12:00:00 - 21/02/2025 13:00:00","CTA|IE","3839.60","n/e"," ","2552.38"
"21/02/2025 13:00:00 - 21/02/2025 14:00:00","CTA|IE","3299.98","n/e"," ","2526.88"
"21/02/2025 14:00:00 - 21/02/2025 15:00:00","CTA|IE","3345.71","n/e"," ","2559.76"
"21/02/2025 15:00:00 - 21/02/2025 16:00:00","CTA|IE","3304.62","n/e"," ","2349.35"
"21/02/2025 16:00:00 - 21/02/2025 17:00:00","CTA|IE","3251.33","n/e"," ","2378.61"
"21/02/2025 17:00:00 - 21/02/2025 18:00:00","CTA|IE","3245.70","n/e"," ","2475.69"
"21/02/2025 18:00:00 - 21/02/2025 19:00:00","CTA|IE","3236.17","n/e"," ","2665.37"
"21/02/2025 19:00:00 - 21/02/2025 20:00:00","CTA|IE","3044.03","n/e"," ","2629.67"
"21/02/2025 20:00:00 - 21/02/2025 21:00:00","CTA|IE","3097.34","n/e"," ","2632.54"
"21/02/2025 21:00:00 - 21/02/2025 22:00:00","CTA|IE","3122.57","n/e"," ","2698.09"
"21/02/2025 22:00:00 - 21/02/2025 23:00:00","CTA|IE","3198.20","n/e"," ","2603.72"
"21/02/2025 23:00:00 - 22/02/2025 00:00:00","CTA|IE","3299.14","n/e"," ","2376.15"
"22/02/2025 00:00:00 - 22/02/2025 01:00:00","CTA|IE","3280.18","n/e"," ","2343.46"
"22/02/2025 01:00:00 - 22/02/2025 02:00:00","CTA|IE","3049.68","n/e"," ","2290.19"
"22/02/2025 02:00:00 - 22/02/2025 03:00:00","CTA|IE","2862.47","n/e"," ","2108.68"
"22/02/2025 03:00:00 - 22/02/2025 04:00:00","CTA|IE","2661.53","n/e"," ","1838.64"
"22/02/2025 04:00:00 - 22/02/2025 05:00:00","CTA|IE","2494.26","n/e"," ","1590.94"
"22/02/2025 05:00:00 - 22/02/2025 06:00:00","CTA|IE","2346.88","n/e"," ","1531.03"
"22/02/2025 06:00:00 - 22/02/2025 07:00:00","CTA|IE","2243.34","n/e"," ","1656.52"
"22/02/2025 07:00:00 - 22/02/2025 08:00:00","CTA|IE","2063.42","n/e"," ","1471.33"
"22/02/2025 08:00:00 - 22/02/2025 09:00:00","CTA|IE","2121.23","n/e"," ","1603.61"
"22/02/2025 09:00:00 - 22/02/2025 10:00:00","CTA|IE","2096.35","n/e"," ","1893.90"
"22/02/2025 10:00:00 - 22/02/2025 11:00:00","CTA|IE","2010.35","n/e"," ","1671.30"
"22/02/2025 11:00:00 - 22/02/2025 12:00:00","CTA|IE","1879.66","n/e"," ","1523.39"
"22/02/2025 12:00:00 - 22/02/2025 13:00:00","CTA|IE","1821.32","n/e"," ","1783.23"
"22/02/2025 13:00:00 - 22/02/2025 14:00:00","CTA|IE","1843.49","n/e"," ","1837.90"
"22/02/2025 14:00:00 - 22/02/2025 15:00:00","CTA|IE","1893.96","n/e"," ","1856.43"
"22/02/2025 15:00:00 - 22/02/2025 16:00:00","CTA|IE","1811.44","n/e"," ","1957.72"
"22/02/2025 16:00:00 - 22/02/2025 17:00:00","CTA|IE","1668.26","n/e"," ","1915.13"
"22/02/2025 17:00:00 - 22/02/2025 18:00:00","CTA|IE","1512.31","n/e"," ","1636.91"
"22/02/2025 18:00:00 - 22/02/2025 19:00:00","CTA|IE","1439.79","n/e"," ","1399.63"
"22/02/2025 19:00:00 - 22/02/2025 20:00:00","CTA|IE","1591.43","n/e"," ","1708.17"
"22/02/2025 20:00:00 - 22/02/2025 21:00:00","CTA|IE","1924.57","n/e"," ","2218.73"
"22/02/2025 21:00:00 - 22/02/2025 22:00:00","CTA|IE","2214.87","n/e"," ","2463.26"
"22/02/2025 22:00:00 - 22/02/2025 23:00:00","CTA|IE","2704.05","n/e"," ","2728.05"
"22/02/2025 23:00:00 - 23/02/2025 00:00:00","CTA|IE","3245.12","n/e"," ","2894.96"
"23/02/2025 00:00:00 - 23/02/2025 01:00:00","CTA|IE","3620.00","n/e"," ","3169.78"
"23/02/2025 01:00:00 - 23/02/2025 02:00:00","CTA|IE","3934.42","n/e"," ","3285.65"
"23/02/2025 02:00:00 - 23/02/2025 03:00:00","CTA|IE","4186.14","n/e"," ","3387.60"
"23/02/2025 03:00:00 - 23/02/2025 04:00:00","CTA|IE","4367.13","n/e"," ","3308.57"
"23/02/2025 04:00:00 - 23/02/2025 05:00:00","CTA|IE","4445.71","n/e"," ","3287.63"
"23/02/2025 05:00:00 - 23/02/2025 06:00:00","CTA|IE","4444.61","n/e"," ","3230.51"
"23/02/2025 06:00:00 - 23/02/2025 07:00:00","CTA|IE","4456.94","n/e"," ","3207.30"
"23/02/2025 07:00:00 - 23/02/2025 08:00:00","CTA|IE","4476.91","n/e"," ","3274.78"
"23/02/2025 08:00:00 - 23/02/2025 09:00:00","CTA|IE","4490.07","n/e"," ","3272.02"
"23/02/2025 09:00:00 - 23/02/2025 10:00:00","CTA|IE","4495.32","n/e"," ","3284.02"
"23/02/2025 10:00:00 - 23/02/2025 11:00:00","CTA|IE","4477.73","n/e"," ","3354.94"
"23/02/2025 11:00:00 - 23/02/2025 12:00:00","CTA|IE","4444.20","n/e"," ","3399.40"
"23/02/2025 12:00:00 - 23/02/2025 13:00:00","CTA|IE","4434.51","n/e"," ","3416.93"
"23/02/2025 13:00:00 - 23/02/2025 14:00:00","CTA|IE","4409.51","n/e"," ","3444.90"
"23/02/2025 14:00:00 - 23/02/2025 15:00:00","CTA|IE","4399.08","n/e"," ","3231.78"
"23/02/2025 15:00:00 - 23/02/2025 16:00:00","CTA|IE","4384.76","n/e"," ","3302.55"
"23/02/2025 16:00:00 - 23/02/2025 17:00:00","CTA|IE","4355.49","n/e"," ","3488.14"
"23/02/2025 17:00:00 - 23/02/2025 18:00:00","CTA|IE","4310.60","n/e"," ","3460.65"
"23/02/2025 18:00:00 - 23/02/2025 19:00:00","CTA|IE","4259.13","n/e"," ","3436.04"
"23/02/2025 19:00:00 - 23/02/2025 20:00:00","CTA|IE","4173.23","n/e"," ","3342.31"
"23/02/2025 20:00:00 - 23/02/2025 21:00:00","CTA|IE","4078.29","n/e"," ","3346.65"
"23/02/2025 21:00:00 - 23/02/2025 22:00:00","CTA|IE","3980.12","n/e"," ","3165.85"
"23/02/2025 22:00:00 - 23/02/2025 23:00:00","CTA|IE","3836.65","n/e"," ","3099.40"
"23/02/2025 23:00:00 - 24/02/2025 00:00:00","CTA|IE","3655.55","n/e"," ","3024.60"
"24/02/2025 00:00:00 - 24/02/2025 01:00:00","CTA|IE","3486.49","n/e"," ","2719.12"
"24/02/2025 01:00:00 - 24/02/2025 02:00:00","CTA|IE","3245.71","n/e"," ","2554.30"
"24/02/2025 02:00:00 - 24/02/2025 03:00:00","CTA|IE","3094.11","n/e"," ","2649.56"
"24/02/2025 03:00:00 - 24/02/2025 04:00:00","CTA|IE","2935.76","n/e"," ","2410.22"
"24/02/2025 04:00:00 - 24/02/2025 05:00:00","CTA|IE","2831.07","n/e"," ","2296.09"
"24/02/2025 05:00:00 - 24/02/2025 06:00:00","CTA|IE","2710.00","n/e"," ","2281.93"
"24/02/2025 06:00:00 - 24/02/2025 07:00:00","CTA|IE","2584.53","n/e"," ","2179.63"
"24/02/2025 07:00:00 - 24/02/2025 08:00:00","CTA|IE","2496.22","n/e"," ","2057.98"
"24/02/2025 08:00:00 - 24/02/2025 09:00:00","CTA|IE","2368.40","n/e"," ","2236.76"
"24/02/2025 09:00:00 - 24/02/2025 10:00:00","CTA|IE","2325.09","n/e"," ","2157.68"
"24/02/2025 10:00:00 - 24/02/2025 11:00:00","CTA|IE","2338.74","n/e"," ","1943.09"
"24/02/2025 11:00:00 - 24/02/2025 12:00:00","CTA|IE","2486.12","n/e"," ","1996.65"
"24/02/2025 12:00:00 - 24/02/2025 13:00:00","CTA|IE","2727.58","n/e"," ","2055.14"
"24/02/2025 13:00:00 - 24/02/2025 14:00:00","CTA|IE","2668.00","n/e"," ","2225.91"
"24/02/2025 14:00:00 - 24/02/2025 15:00:00","CTA|IE","2825.14","n/e"," ","2285.84"
"24/02/2025 15:00:00 - 24/02/2025 16:00:00","CTA|IE","2867.30","n/e"," ","2401.83"
"24/02/2025 16:00:00 - 24/02/2025 17:00:00","CTA|IE","2772.94","n/e"," ","2558.80"
"24/02/2025 17:00:00 - 24/02/2025 18:00:00","CTA|IE","2674.90","n/e"," ","2427.97"
"24/02/2025 18:00:00 - 24/02/2025 19:00:00","CTA|IE","2613.32","n/e"," ","2394.41"
"24/02/2025 19:00:00 - 24/02/2025 20:00:00","CTA|IE","2467.28","n/e"," ","2308.15"
"24/02/2025 20:00:00 - 24/02/2025 21:00:00","CTA|IE","2417.06","n/e"," ","2095.16"
"24/02/2025 21:00:00 - 24/02/2025 22:00:00","CTA|IE","2402.37","n/e"," ","2191.83"
"24/02/2025 22:00:00 - 24/02/2025 23:00:00","CTA|IE","2423.13","n/e"," ","2198.57"
"24/02/2025 23:00:00 - 25/02/2025 00:00:00","CTA|IE","2410.19","n/e"," ","2165.20"
"25/02/2025 00:00:00 - 25/02/2025 01:00:00","CTA|IE","2355.51","n/e"," ","2119.24"
"25/02/2025 01:00:00 - 25/02/2025 02:00:00","CTA|IE","2387.03","n/e"," ","1975.11"
"25/02/2025 02:00:00 - 25/02/2025 03:00:00","CTA|IE","2309.40","n/e"," ","2005.13"
"25/02/2025 03:00:00 - 25/02/2025 04:00:00","CTA|IE","2220.54","n/e"," ","1909.09"
"25/02/2025 04:00:00 - 25/02/2025 05:00:00","CTA|IE","2137.39","n/e"," ","1854.39"
"25/02/2025 05:00:00 - 25/02/2025 06:00:00","CTA|IE","2057.19","n/e"," ","1825.30"
"25/02/2025 06:00:00 - 25/02/2025 07:00:00","CTA|IE","1977.77","n/e"," ","1914.69"
"25/02/2025 07:00:00 - 25/02/2025 08:00:00","CTA|IE","1991.30","n/e"," ","1699.92"
"25/02/2025 08:00:00 - 25/02/2025 09:00:00","CTA|IE","1931.11","n/e"," ","1693.14"
"25/02/2025 09:00:00 - 25/02/2025 10:00:00","CTA|IE","1803.26","n/e"," ","1510.98"
"25/02/2025 10:00:00 - 25/02/2025 11:00:00","CTA|IE","1685.58","n/e"," ","1532.53"
"25/02/2025 11:00:00 - 25/02/2025 12:00:00","CTA|IE","1656.97","n/e"," ","1380.87"
"25/02/2025 12:00:00 - 25/02/2025 13:00:00","CTA|IE","1787.60","n/e"," ","1493.37"
"25/02/2025 13:00:00 - 25/02/2025 14:00:00","CTA|IE","1940.90","n/e"," ","1638.70"
"25/02/2025 14:00:00 - 25/02/2025 15:00:00","CTA|IE","1911.75","n/e"," ","1834.80"
"25/02/2025 15:00:00 - 25/02/2025 16:00:00","CTA|IE","1794.20","n/e"," ","1797.53"
"25/02/2025 16:00:00 - 25/02/2025 17:00:00","CTA|IE","1635.97","n/e"," ","1605.19"
"25/02/2025 17:00:00 - 25/02/2025 18:00:00","CTA|IE","1389.63","n/e"," ","1371.63"
"25/02/2025 18:00:00 - 25/02/2025 19:00:00","CTA|IE","1063.73","n/e"," ","1034.41"
"25/02/2025 19:00:00 - 25/02/2025 20:00:00","CTA|IE","1002.49","n/e"," ","936.64"
"25/02/2025 20:00:00 - 25/02/2025 21:00:00","CTA|IE","957.60","n/e"," ","867.30"
"25/02/2025 21:00:00 - 25/02/2025 22:00:00","CTA|IE","1061.54","n/e"," ","1192.78"
"25/02/2025 22:00:00 - 25/02/2025 23:00:00","CTA|IE","1393.34","n/e"," ","1660.62"
"25/02/2025 23:00:00 - 26/02/2025 00:00:00","CTA|IE","1872.59","n/e"," ","2109.54"
"26/02/2025 00:00:00 - 26/02/2025 01:00:00","CTA|IE","2222.65","n/e"," ","2230.05"
"26/02/2025 01:00:00 - 26/02/2025 02:00:00","CTA|IE","2261.68","n/e"," ","2032.38"
"26/02/2025 02:00:00 - 26/02/2025 03:00:00","CTA|IE","2383.08","n/e"," ","2101.06"
"26/02/2025 03:00:00 - 26/02/2025 04:00:00","CTA|IE","2355.36","n/e"," ","2224.81"
"26/02/2025 04:00:00 - 26/02/2025 05:00:00","CTA|IE","2259.85","n/e"," ","2066.05"
"26/02/2025 05:00:00 - 26/02/2025 06:00:00","CTA|IE","2197.83","n/e"," ","1934.89"
"26/02/2025 06:00:00 - 26/02/2025 07:00:00","CTA|IE","2303.14","n/e"," ","2139.05"
"26/02/2025 07:00:00 - 26/02/2025 08:00:00","CTA|IE","2526.09","n/e"," ","2159.82"
"26/02/2025 08:00:00 - 26/02/2025 09:00:00","CTA|IE","2492.81","n/e"," ","2153.44"
"26/02/2025 09:00:00 - 26/02/2025 10:00:00","CTA|IE","2607.21","n/e"," ","2136.75"
"26/02/2025 10:00:00 - 26/02/2025 11:00:00","CTA|IE","2812.23","n/e"," ","2451.92"
"26/02/2025 11:00:00 - 26/02/2025 12:00:00","CTA|IE","3152.51","n/e"," ","2441.10"
"26/02/2025 12:00:00 - 26/02/2025 13:00:00","CTA|IE","3426.58","n/e"," ","2544.16"
"26/02/2025 13:00:00 - 26/02/2025 14:00:00","CTA|IE","3553.74","n/e"," ","2759.37"
"26/02/2025 14:00:00 - 26/02/2025 15:00:00","CTA|IE","3600.06","n/e"," ","3080.30"
"26/02/2025 15:00:00 - 26/02/2025 16:00:00","CTA|IE","3544.11","n/e"," ","3224.59"
"26/02/2025 16:00:00 - 26/02/2025 17:00:00","CTA|IE","3446.10","n/e"," ","3115.44"
"26/02/2025 17:00:00 - 26/02/2025 18:00:00","CTA|IE","3218.19","n/e"," ","3103.08"
"26/02/2025 18:00:00 - 26/02/2025 19:00:00","CTA|IE","2774.66","n/e"," ","2798.23"
"26/02/2025 19:00:00 - 26/02/2025 20:00:00","CTA|IE","2487.14","n/e"," ","2723.60"
"26/02/2025 20:00:00 - 26/02/2025 21:00:00","CTA|IE","2044.82","n/e"," ","2274.15"
"26/02/2025 21:00:00 - 26/02/2025 22:00:00","CTA|IE","1708.79","n/e"," ","1944.38"
"26/02/2025 22:00:00 - 26/02/2025 23:00:00","CTA|IE","1489.18","n/e"," ","1774.46"
"26/02/2025 23:00:00 - 27/02/2025 00:00:00","CTA|IE","1223.63","n/e"," ","1442.30"
"27/02/2025 00:00:00 - 27/02/2025 01:00:00","CTA|IE","1030.46","n/e"," ","1153.59"
"27/02/2025 01:00:00 - 27/02/2025 02:00:00","CTA|IE","1019.62","n/e"," ","980.25"
"27/02/2025 02:00:00 - 27/02/2025 03:00:00","CTA|IE","839.56","n/e"," ","879.17"
"27/02/2025 03:00:00 - 27/02/2025 04:00:00","CTA|IE","696.68","n/e"," ","710.05"
"27/02/2025 04:00:00 - 27/02/2025 05:00:00","CTA|IE","584.02","n/e"," ","522.85"
"27/02/2025 05:00:00 - 27/02/2025 06:00:00","CTA|IE","533.39","n/e"," ","525.91"
"27/02/2025 06:00:00 - 27/02/2025 07:00:00","CTA|IE","500.12","n/e"," ","500.52"
"27/02/2025 07:00:00 - 27/02/2025 08:00:00","CTA|IE","467.18","n/e"," ","497.78"
"27/02/2025 08:00:00 - 27/02/2025 09:00:00","CTA|IE","396.78","n/e"," ","450.91"
"27/02/2025 09:00:00 - 27/02/2025 10:00:00","CTA|IE","350.84","n/e"," ","378.68"
"27/02/2025 10:00:00 - 27/02/2025 11:00:00","CTA|IE","293.70","n/e"," ","307.41"
"27/02/2025 11:00:00 - 27/02/2025 12:00:00","CTA|IE","255.73","n/e"," ","221.63"
"27/02/2025 12:00:00 - 27/02/2025 13:00:00","CTA|IE","245.50","n/e"," ","261.49"
"27/02/2025 13:00:00 - 27/02/2025 14:00:00","CTA|IE","310.27","n/e"," ","334.61"
"27/02/2025 14:00:00 - 27/02/2025 15:00:00","CTA|IE","331.95","n/e"," ","377.15"
"27/02/2025 15:00:00 - 27/02/2025 16:00:00","CTA|IE","323.91","n/e"," ","408.28"
"27/02/2025 16:00:00 - 27/02/2025 17:00:00","CTA|IE","332.45","n/e"," ","410.38"
"27/02/2025 17:00:00 - 27/02/2025 18:00:00","CTA|IE","296.97","n/e"," ","249.91"
"27/02/2025 18:00:00 - 27/02/2025 19:00:00","CTA|IE","244.87","n/e"," ","215.40"
"27/02/2025 19:00:00 - 27/02/2025 20:00:00","CTA|IE","220.29","n/e"," ","264.40"
"27/02/2025 20:00:00 - 27/02/2025 21:00:00","CTA|IE","210.61","n/e"," ","266.99"
"27/02/2025 21:00:00 - 27/02/2025 22:00:00","CTA|IE","161.98","n/e"," ","242.46"
"27/02/2025 22:00:00 - 27/02/2025 23:00:00","CTA|IE","102.89","n/e"," ","193.92"
"27/02/2025 23:00:00 - 28/02/2025 00:00:00","CTA|IE","75.31","n/e"," ","165.23"
"28/02/2025 00:00:00 - 28/02/2025 01:00:00","CTA|IE","69.45","n/e"," ","193.42"
"28/02/2025 01:00:00 - 28/02/2025 02:00:00","CTA|IE","110.27","n/e"," ","201.18"
"28/02/2025 02:00:00 - 28/02/2025 03:00:00","CTA|IE","147.37","n/e"," ","246.87"
"28/02/2025 03:00:00 - 28/02/2025 04:00:00","CTA|IE","195.15","n/e"," ","311.92"
"28/02/2025 04:00:00 - 28/02/2025 05:00:00","CTA|IE","220.09","n/e"," ","436.45"
"28/02/2025 05:00:00 - 28/02/2025 06:00:00","CTA|IE","258.94","n/e"," ","508.28"
"28/02/2025 06:00:00 - 28/02/2025 07:00:00","CTA|IE","355.63","n/e"," ","566.87"
"28/02/2025 07:00:00 - 28/02/2025 08:00:00","CTA|IE","532.86","n/e"," ","725.45"
"28/02/2025 08:00:00 - 28/02/2025 09:00:00","CTA|IE","605.08","n/e"," ","864.46"
"28/02/2025 09:00:00 - 28/02/2025 10:00:00","CTA|IE","683.25","n/e"," ","962.81"
"28/02/2025 10:00:00 - 28/02/2025 11:00:00","CTA|IE","718.73","n/e"," ","906.84"
"28/02/2025 11:00:00 - 28/02/2025 12:00:00","CTA|IE","751.32","n/e"," ","873.48"
"28/02/2025 12:00:00 - 28/02/2025 13:00:00","CTA|IE","877.64","n/e"," ","1093.56"
"28/02/2025 13:00:00 - 28/02/2025 14:00:00","CTA|IE","1131.05","n/e"," ","1486.42"
"28/02/2025 14:00:00 - 28/02/2025 15:00:00","CTA|IE","1294.55","n/e"," ","1711.15"
"28/02/2025 15:00:00 - 28/02/2025 16:00:00","CTA|IE","1410.40","n/e"," ","1772.61"
"28/02/2025 16:00:00 - 28/02/2025 17:00:00","CTA|IE","1451.41","n/e"," ","1656.09"
"28/02/2025 17:00:00 - 28/02/2025 18:00:00","CTA|IE","1397.76","n/e"," ","1489.15"
"28/02/2025 18:00:00 - 28/02/2025 19:00:00","CTA|IE","1361.36","n/e"," ","1364.32"
"28/02/2025 19:00:00 - 28/02/2025 20:00:00","CTA|IE","1431.39","n/e"," ","1419.47"
"28/02/2025 20:00:00 - 28/02/2025 21:00:00","CTA|IE","1451.36","n/e"," ","1592.59"
"28/02/2025 21:00:00 - 28/02/2025 22:00:00","CTA|IE","1490.77","n/e"," ","1656.27"
"28/02/2025 22:00:00 - 28/02/2025 23:00:00","CTA|IE","1552.30","n/e"," ","1564.89"
"28/02/2025 23:00:00 - 01/03/2025 00:00:00","CTA|IE","1597.91","n/e"," ","1524.72"
"01/03/2025 00:00:00 - 01/03/2025 01:00:00","CTA|IE","1571.86","n/e"," ","1659.03"
"01/03/2025 01:00:00 - 01/03/2025 02:00:00","CTA|IE","1485.52","n/e"," ","1595.64"
"01/03/2025 02:00:00 - 01/03/2025 03:00:00","CTA|IE","1421.08","n/e"," ","1485.68"
"01/03/2025 03:00:00 - 01/03/2025 04:00:00","CTA|IE","1352.33","n/e"," ","1380.82"
"01/03/2025 04:00:00 - 01/03/2025 05:00:00","CTA|IE","1165.26","n/e"," ","1263.17"
"01/03/2025 05:00:00 - 01/03/2025 06:00:00","CTA|IE","987.47","n/e"," ","1080.50"
"01/03/2025 06:00:00 - 01/03/2025 07:00:00","CTA|IE","873.62","n/e"," ","928.30"
"01/03/2025 07:00:00 - 01/03/2025 08:00:00","CTA|IE","907.99","n/e"," ","790.53"
"01/03/2025 08:00:00 - 01/03/2025 09:00:00","CTA|IE","824.76","n/e"," ","662.20"
"01/03/2025 09:00:00 - 01/03/2025 10:00:00","CTA|IE","687.44","n/e"," ","565.38"
"01/03/2025 10:00:00 - 01/03/2025 11:00:00","CTA|IE","638.28","n/e"," ","399.28"
"01/03/2025 11:00:00 - 01/03/2025 12:00:00","CTA|IE","541.10","n/e"," ","319.46"
"01/03/2025 12:00:00 - 01/03/2025 13:00:00","CTA|IE","428.74","n/e"," ","274.37"
"01/03/2025 13:00:00 - 01/03/2025 14:00:00","CTA|IE","306.55","n/e"," ","273.92"
"01/03/2025 14:00:00 - 01/03/2025 15:00:00","CTA|IE","285.84","n/e"," ","292.95"
"01/03/2025 15:00:00 - 01/03/2025 16:00:00","CTA|IE","268.93","n/e"," ","286.93"
"01/03/2025 16:00:00 - 01/03/2025 17:00:00","CTA|IE","208.00","n/e"," ","214.54"
"01/03/2025 17:00:00 - 01/03/2025 18:00:00","CTA|IE","144.53","n/e"," ","161.29"
"01/03/2025 18:00:00 - 01/03/2025 19:00:00","CTA|IE","109.46","n/e"," ","123.00"
"01/03/2025 19:00:00 - 01/03/2025 20:00:00","CTA|IE","57.04","n/e"," ","101.45"
"01/03/2025 20:00:00 - 01/03/2025 21:00:00","CTA|IE","124.54","n/e"," ","83.23"
"01/03/2025 21:00:00 - 01/03/2025 22:00:00","CTA|IE","176.64","n/e"," ","77.82"
"01/03/2025 22:00:00 - 01/03/2025 23:00:00","CTA|IE","164.01","n/e"," ","99.60"
"01/03/2025 23:00:00 - 02/03/2025 00:00:00","CTA|IE","162.95","n/e"," ","127.88"
"02/03/2025 00:00:00 - 02/03/2025 01:00:00","CTA|IE","197.58","n/e"," ","170.18"
"02/03/2025 01:00:00 - 02/03/2025 02:00:00","CTA|IE","208.34","n/e"," ","199.91"
"02/03/2025 02:00:00 - 02/03/2025 03:00:00","CTA|IE","251.68","n/e"," ","258.99"
"02/03/2025 03:00:00 - 02/03/2025 04:00:00","CTA|IE","312.34","n/e"," ","332.47"
"02/03/2025 04:00:00 - 02/03/2025 05:00:00","CTA|IE","383.21","n/e"," ","468.55"
"02/03/2025 05:00:00 - 02/03/2025 06:00:00","CTA|IE","488.31","n/e"," ","618.93"
"02/03/2025 06:00:00 - 02/03/2025 07:00:00","CTA|IE","638.86","n/e"," ","708.96"
"02/03/2025 07:00:00 - 02/03/2025 08:00:00","CTA|IE","673.54","n/e"," ","823.14"
"02/03/2025 08:00:00 - 02/03/2025 09:00:00","CTA|IE","762.03","n/e"," ","970.79"
"02/03/2025 09:00:00 - 02/03/2025 10:00:00","CTA|IE","893.79","n/e"," ","1028.59"
"02/03/2025 10:00:00 - 02/03/2025 11:00:00","CTA|IE","987.89","n/e"," ","1056.53"
"02/03/2025 11:00:00 - 02/03/2025 12:00:00","CTA|IE","1065.09","n/e"," ","1099.49"
"02/03/2025 12:00:00 - 02/03/2025 13:00:00","CTA|IE","1159.96","n/e"," ","1358.43"
"02/03/2025 13:00:00 - 02/03/2025 14:00:00","CTA|IE","1338.26","n/e"," ","1526.40"
"02/03/2025 14:00:00 - 02/03/2025 15:00:00","CTA|IE","1367.49","n/e"," ","1548.80"
"02/03/2025 15:00:00 - 02/03/2025 16:00:00","CTA|IE","1367.47","n/e"," ","1556.50"
"02/03/2025 16:00:00 - 02/03/2025 17:00:00","CTA|IE","1380.99","n/e"," ","1591.07"
"02/03/2025 17:00:00 - 02/03/2025 18:00:00","CTA|IE","1422.44","n/e"," ","1562.04"
"02/03/2025 18:00:00 - 02/03/2025 19:00:00","CTA|IE","1439.38","n/e"," ","1359.07"
"02/03/2025 19:00:00 - 02/03/2025 20:00:00","CTA|IE","1470.80","n/e"," ","1384.09"
"02/03/2025 20:00:00 - 02/03/2025 21:00:00","CTA|IE","1434.96","n/e"," ","1365.11"
"02/03/2025 21:00:00 - 02/03/2025 22:00:00","CTA|IE","1440.39","n/e"," ","1442.69"
"02/03/2025 22:00:00 - 02/03/2025 23:00:00","CTA|IE","1421.06","n/e"," ","1425.59"
"02/03/2025 23:00:00 - 03/03/2025 00:00:00","CTA|IE","1374.93","n/e"," ","1395.05"
"03/03/2025 00:00:00 - 03/03/2025 01:00:00","CTA|IE","1281.14","n/e"," ","1348.44"
"03/03/2025 01:00:00 - 03/03/2025 02:00:00","CTA|IE","1275.50","n/e"," ","1382.12"
"03/03/2025 02:00:00 - 03/03/2025 03:00:00","CTA|IE","1221.40","n/e"," ","1420.20"
"03/03/2025 03:00:00 - 03/03/2025 04:00:00","CTA|IE","1110.52","n/e"," ","1316.46"
"03/03/2025 04:00:00 - 03/03/2025 05:00:00","CTA|IE","990.71","n/e"," ","1287.00"
"03/03/2025 05:00:00 - 03/03/2025 06:00:00","CTA|IE","949.46","n/e"," ","1121.36"
"03/03/2025 06:00:00 - 03/03/2025 07:00:00","CTA|IE","927.38","n/e"," ","974.06"
"03/03/2025 07:00:00 - 03/03/2025 08:00:00","CTA|IE","850.61","n/e"," ","918.80"
"03/03/2025 08:00:00 - 03/03/2025 09:00:00","CTA|IE","715.14","n/e"," ","847.05"
"03/03/2025 09:00:00 - 03/03/2025 10:00:00","CTA|IE","607.18","n/e"," ","798.11"
"03/03/2025 10:00:00 - 03/03/2025 11:00:00","CTA|IE","515.96","n/e"," ","709.57"
"03/03/2025 11:00:00 - 03/03/2025 12:00:00","CTA|IE","461.39","n/e"," ","745.94"
"03/03/2025 12:00:00 - 03/03/2025 13:00:00","CTA|IE","510.38","n/e"," ","796.63"
"03/03/2025 13:00:00 - 03/03/2025 14:00:00","CTA|IE","687.12","n/e"," ","844.44"
"03/03/2025 14:00:00 - 03/03/2025 15:00:00","CTA|IE","712.44","n/e"," ","836.13"
"03/03/2025 15:00:00 - 03/03/2025 16:00:00","CTA|IE","744.80","n/e"," ","825.71"
"03/03/2025 16:00:00 - 03/03/2025 17:00:00","CTA|IE","763.72","n/e"," ","853.35"
"03/03/2025 17:00:00 - 03/03/2025 18:00:00","CTA|IE","743.99","n/e"," ","850.61"
"03/03/2025 18:00:00 - 03/03/2025 19:00:00","CTA|IE","729.93","n/e"," ","795.06"
"03/03/2025 19:00:00 - 03/03/2025 20:00:00","CTA|IE","813.02","n/e"," ","804.40"
"03/03/2025 20:00:00 - 03/03/2025 21:00:00","CTA|IE","815.54","n/e"," ","800.19"
"03/03/2025 21:00:00 - 03/03/2025 22:00:00","CTA|IE","803.25","n/e"," ","804.33"
"03/03/2025 22:00:00 - 03/03/2025 23:00:00","CTA|IE","789.83","n/e"," ","785.77"
"03/03/2025 23:00:00 - 04/03/2025 00:00:00","CTA|IE","792.27","n/e"," ","769.34"
"04/03/2025 00:00:00 - 04/03/2025 01:00:00","CTA|IE","835.19","n/e"," ","827.21"
"04/03/2025 01:00:00 - 04/03/2025 02:00:00","CTA|IE","941.92","n/e"," ","869.75"
"04/03/2025 02:00:00 - 04/03/2025 03:00:00","CTA|IE","1028.83","n/e"," ","1080.22"
"04/03/2025 03:00:00 - 04/03/2025 04:00:00","CTA|IE","1070.44","n/e"," ","1344.84"
"04/03/2025 04:00:00 - 04/03/2025 05:00:00","CTA|IE","1104.66","n/e"," ","1538.04"
"04/03/2025 05:00:00 - 04/03/2025 06:00:00","CTA|IE","1203.12","n/e"," ","1841.66"
"04/03/2025 06:00:00 - 04/03/2025 07:00:00","CTA|IE","1368.81","n/e"," ","1894.42"
"04/03/2025 07:00:00 - 04/03/2025 08:00:00","CTA|IE","1457.59","n/e"," ","1724.75"
"04/03/2025 08:00:00 - 04/03/2025 09:00:00","CTA|IE","1459.96","n/e"," ","1810.30"
"04/03/2025 09:00:00 - 04/03/2025 10:00:00","CTA|IE","1586.52","n/e"," ","1836.00"
"04/03/2025 10:00:00 - 04/03/2025 11:00:00","CTA|IE","1779.46","n/e"," ","1874.96"
"04/03/2025 11:00:00 - 04/03/2025 12:00:00","CTA|IE","1963.05","n/e"," ","1904.76"
"04/03/2025 12:00:00 - 04/03/2025 13:00:00","CTA|IE","2112.97","n/e"," ","2172.96"
"04/03/2025 13:00:00 - 04/03/2025 14:00:00","CTA|IE","2315.65","n/e"," ","2063.59"
"04/03/2025 14:00:00 - 04/03/2025 15:00:00","CTA|IE","2353.40","n/e"," ","2146.24"
"04/03/2025 15:00:00 - 04/03/2025 16:00:00","CTA|IE","2448.43","n/e"," ","2219.60"
"04/03/2025 16:00:00 - 04/03/2025 17:00:00","CTA|IE","2496.35","n/e"," ","2546.66"
"04/03/2025 17:00:00 - 04/03/2025 18:00:00","CTA|IE","2525.35","n/e"," ","2679.18"
"04/03/2025 18:00:00 - 04/03/2025 19:00:00","CTA|IE","2530.83","n/e"," ","2611.02"
"04/03/2025 19:00:00 - 04/03/2025 20:00:00","CTA|IE","2779.70","n/e"," ","2623.11"
"04/03/2025 20:00:00 - 04/03/2025 21:00:00","CTA|IE","2747.86","n/e"," ","2721.84"
"04/03/2025 21:00:00 - 04/03/2025 22:00:00","CTA|IE","2785.78","n/e"," ","2742.13"
"04/03/2025 22:00:00 - 04/03/2025 23:00:00","CTA|IE","2835.08","n/e"," ","2844.27"
"04/03/2025 23:00:00 - 05/03/2025 00:00:00","CTA|IE","2863.89","n/e"," ","2815.71"
"05/03/2025 00:00:00 - 05/03/2025 01:00:00","CTA|IE","2915.44","n/e"," ","2818.98"
"05/03/2025 01:00:00 - 05/03/2025 02:00:00","CTA|IE","3004.48","n/e"," ","2722.76"
"05/03/2025 02:00:00 - 05/03/2025 03:00:00","CTA|IE","3017.22","n/e"," ","2728.40"
"05/03/2025 03:00:00 - 05/03/2025 04:00:00","CTA|IE","3104.35","n/e"," ","2737.22"
"05/03/2025 04:00:00 - 05/03/2025 05:00:00","CTA|IE","3126.57","n/e"," ","2776.28"
"05/03/2025 05:00:00 - 05/03/2025 06:00:00","CTA|IE","3106.11","n/e"," ","2780.73"
"05/03/2025 06:00:00 - 05/03/2025 07:00:00","CTA|IE","3130.85","n/e"," ","2849.29"
"05/03/2025 07:00:00 - 05/03/2025 08:00:00","CTA|IE","3222.03","n/e"," ","2939.11"
"05/03/2025 08:00:00 - 05/03/2025 09:00:00","CTA|IE","3247.09","n/e"," ","3017.51"
"05/03/2025 09:00:00 - 05/03/2025 10:00:00","CTA|IE","3206.25","n/e"," ","2986.45"
"05/03/2025 10:00:00 - 05/03/2025 11:00:00","CTA|IE","3132.32","n/e"," ","2844.96"
"05/03/2025 11:00:00 - 05/03/2025 12:00:00","CTA|IE","3040.62","n/e"," ","2677.68"
"05/03/2025 12:00:00 - 05/03/2025 13:00:00","CTA|IE","3023.94","n/e"," ","2655.52"
"05/03/2025 13:00:00 - 05/03/2025 14:00:00","CTA|IE","3203.88","n/e"," ","2602.29"
"05/03/2025 14:00:00 - 05/03/2025 15:00:00","CTA|IE","3194.74","n/e"," ","2397.27"
"05/03/2025 15:00:00 - 05/03/2025 16:00:00","CTA|IE","3074.44","n/e"," ","2477.91"
"05/03/2025 16:00:00 - 05/03/2025 17:00:00","CTA|IE","2973.51","n/e"," ","2582.33"
"05/03/2025 17:00:00 - 05/03/2025 18:00:00","CTA|IE","2909.93","n/e"," ","2685.59"
"05/03/2025 18:00:00 - 05/03/2025 19:00:00","CTA|IE","2834.12","n/e"," ","2683.19"
"05/03/2025 19:00:00 - 05/03/2025 20:00:00","CTA|IE","2758.91","n/e"," ","2666.79"
"05/03/2025 20:00:00 - 05/03/2025 21:00:00","CTA|IE","2635.76","n/e"," ","2557.09"
"05/03/2025 21:00:00 - 05/03/2025 22:00:00","CTA|IE","2563.22","n/e"," ","2427.25"
"05/03/2025 22:00:00 - 05/03/2025 23:00:00","CTA|IE","2572.47","n/e"," ","2394.75"
"05/03/2025 23:00:00 - 06/03/2025 00:00:00","CTA|IE","2603.38","n/e"," ","2546.92"
"06/03/2025 00:00:00 - 06/03/2025 01:00:00","CTA|IE","2569.83","n/e"," ","2623.22"
"06/03/2025 01:00:00 - 06/03/2025 02:00:00","CTA|IE","2481.96","n/e"," ","2580.85"
"06/03/2025 02:00:00 - 06/03/2025 03:00:00","CTA|IE","2374.38","n/e"," ","2408.07"
"06/03/2025 03:00:00 - 06/03/2025 04:00:00","CTA|IE","2417.88","n/e"," ","2366.15"
"06/03/2025 04:00:00 - 06/03/2025 05:00:00","CTA|IE","2477.16","n/e"," ","2470.06"
"06/03/2025 05:00:00 - 06/03/2025 06:00:00","CTA|IE","2512.80","n/e"," ","2543.82"
"06/03/2025 06:00:00 - 06/03/2025 07:00:00","CTA|IE","2529.75","n/e"," ","2561.87"
"06/03/2025 07:00:00 - 06/03/2025 08:00:00","CTA|IE","2566.37","n/e"," ","2553.81"
"06/03/2025 08:00:00 - 06/03/2025 09:00:00","CTA|IE","2577.97","n/e"," ","2688.95"
"06/03/2025 09:00:00 - 06/03/2025 10:00:00","CTA|IE","2667.17","n/e"," ","2677.03"
"06/03/2025 10:00:00 - 06/03/2025 11:00:00","CTA|IE","2840.04","n/e"," ","2724.02"
"06/03/2025 11:00:00 - 06/03/2025 12:00:00","CTA|IE","3042.74","n/e"," ","2762.98"
"06/03/2025 12:00:00 - 06/03/2025 13:00:00","CTA|IE","3145.97","n/e"," ","2798.96"
"06/03/2025 13:00:00 - 06/03/2025 14:00:00","CTA|IE","3252.10","n/e"," ","2834.03"
"06/03/2025 14:00:00 - 06/03/2025 15:00:00","CTA|IE","3237.82","n/e"," ","2717.43"
"06/03/2025 15:00:00 - 06/03/2025 16:00:00","CTA|IE","3154.25","n/e"," ","2624.47"
"06/03/2025 16:00:00 - 06/03/2025 17:00:00","CTA|IE","2897.74","n/e"," ","2518.11"
"06/03/2025 17:00:00 - 06/03/2025 18:00:00","CTA|IE","2514.94","n/e"," ","2543.82"
"06/03/2025 18:00:00 - 06/03/2025 19:00:00","CTA|IE","1949.51","n/e"," ","2121.93"
"06/03/2025 19:00:00 - 06/03/2025 20:00:00","CTA|IE","1544.41","n/e"," ","1693.22"
"06/03/2025 20:00:00 - 06/03/2025 21:00:00","CTA|IE","1151.80","n/e"," ","1138.77"
"06/03/2025 21:00:00 - 06/03/2025 22:00:00","CTA|IE","911.39","n/e"," ","929.32"
"06/03/2025 22:00:00 - 06/03/2025 23:00:00","CTA|IE","714.07","n/e"," ","635.86"
"06/03/2025 23:00:00 - 07/03/2025 00:00:00","CTA|IE","554.35","n/e"," ","471.93"
"07/03/2025 00:00:00 - 07/03/2025 01:00:00","CTA|IE","414.84","n/e"," ","339.97"
"07/03/2025 01:00:00 - 07/03/2025 02:00:00","CTA|IE","330.07","n/e"," ","280.15"
"07/03/2025 02:00:00 - 07/03/2025 03:00:00","CTA|IE","252.40","n/e"," ","220.52"
"07/03/2025 03:00:00 - 07/03/2025 04:00:00","CTA|IE","178.10","n/e"," ","162.99"
"07/03/2025 04:00:00 - 07/03/2025 05:00:00","CTA|IE","106.74","n/e"," ","114.73"
"07/03/2025 05:00:00 - 07/03/2025 06:00:00","CTA|IE","60.98","n/e"," ","117.65"
"07/03/2025 06:00:00 - 07/03/2025 07:00:00","CTA|IE","75.23","n/e"," ","183.44"
"07/03/2025 07:00:00 - 07/03/2025 08:00:00","CTA|IE","184.88","n/e"," ","302.66"
"07/03/2025 08:00:00 - 07/03/2025 09:00:00","CTA|IE","316.58","n/e"," ","467.93"
"07/03/2025 09:00:00 - 07/03/2025 10:00:00","CTA|IE","437.94","n/e"," ","547.47"
"07/03/2025 10:00:00 - 07/03/2025 11:00:00","CTA|IE","540.35","n/e"," ","582.26"
"07/03/2025 11:00:00 - 07/03/2025 12:00:00","CTA|IE","570.70","n/e"," ","732.03"
"07/03/2025 12:00:00 - 07/03/2025 13:00:00","CTA|IE","605.55","n/e"," ","913.27"
"07/03/2025 13:00:00 - 07/03/2025 14:00:00","CTA|IE","727.62","n/e"," ","907.16"
"07/03/2025 14:00:00 - 07/03/2025 15:00:00","CTA|IE","850.33","n/e"," ","950.81"
"07/03/2025 15:00:00 - 07/03/2025 16:00:00","CTA|IE","971.84","n/e"," ","1062.55"
"07/03/2025 16:00:00 - 07/03/2025 17:00:00","CTA|IE","1063.58","n/e"," ","1256.72"
"07/03/2025 17:00:00 - 07/03/2025 18:00:00","CTA|IE","1151.85","n/e"," ","1271.01"
"07/03/2025 18:00:00 - 07/03/2025 19:00:00","CTA|IE","1257.30","n/e"," ","1452.61"
"07/03/2025 19:00:00 - 07/03/2025 20:00:00","CTA|IE","1538.25","n/e"," ","1581.34"
"07/03/2025 20:00:00 - 07/03/2025 21:00:00","CTA|IE","1648.65","n/e"," ","1677.96"
"07/03/2025 21:00:00 - 07/03/2025 22:00:00","CTA|IE","1746.48","n/e"," ","1786.20"
"07/03/2025 22:00:00 - 07/03/2025 23:00:00","CTA|IE","1792.27","n/e"," ","1894.53"
"07/03/2025 23:00:00 - 08/03/2025 00:00:00","CTA|IE","1807.05","n/e"," ","1924.50"
"08/03/2025 00:00:00 - 08/03/2025 01:00:00","CTA|IE","1801.17","n/e"," ","1862.07"
"08/03/2025 01:00:00 - 08/03/2025 02:00:00","CTA|IE","1860.66","n/e"," ","1806.26"
"08/03/2025 02:00:00 - 08/03/2025 03:00:00","CTA|IE","1850.93","n/e"," ","1751.21"
"08/03/2025 03:00:00 - 08/03/2025 04:00:00","CTA|IE","1842.91","n/e"," ","1749.62"
"08/03/2025 04:00:00 - 08/03/2025 05:00:00","CTA|IE","1926.96","n/e"," ","1691.53"
"08/03/2025 05:00:00 - 08/03/2025 06:00:00","CTA|IE","2031.69","n/e"," ","1832.34"
"08/03/2025 06:00:00 - 08/03/2025 07:00:00","CTA|IE","2133.94","n/e"," ","1944.90"
"08/03/2025 07:00:00 - 08/03/2025 08:00:00","CTA|IE","2301.63","n/e"," ","2017.22"
"08/03/2025 08:00:00 - 08/03/2025 09:00:00","CTA|IE","2439.15","n/e"," ","2207.56"
"08/03/2025 09:00:00 - 08/03/2025 10:00:00","CTA|IE","2592.45","n/e"," ","2185.52"
"08/03/2025 10:00:00 - 08/03/2025 11:00:00","CTA|IE","2715.17","n/e"," ","2181.23"
"08/03/2025 11:00:00 - 08/03/2025 12:00:00","CTA|IE","2745.93","n/e"," ","2297.64"
"08/03/2025 12:00:00 - 08/03/2025 13:00:00","CTA|IE","2703.01","n/e"," ","2472.41"
"08/03/2025 13:00:00 - 08/03/2025 14:00:00","CTA|IE","2399.33","n/e"," ","2538.60"
"08/03/2025 14:00:00 - 08/03/2025 15:00:00","CTA|IE","2431.62","n/e"," ","2415.75"
"08/03/2025 15:00:00 - 08/03/2025 16:00:00","CTA|IE","2316.44","n/e"," ","2105.14"
"08/03/2025 16:00:00 - 08/03/2025 17:00:00","CTA|IE","2010.76","n/e"," ","1658.30"
"08/03/2025 17:00:00 - 08/03/2025 18:00:00","CTA|IE","1681.74","n/e"," ","1436.82"
"08/03/2025 18:00:00 - 08/03/2025 19:00:00","CTA|IE","1418.62","n/e"," ","1370.12"
"08/03/2025 19:00:00 - 08/03/2025 20:00:00","CTA|IE","1251.52","n/e"," ","1277.71"
"08/03/2025 20:00:00 - 08/03/2025 21:00:00","CTA|IE","1292.89","n/e"," ","1263.51"
"08/03/2025 21:00:00 - 08/03/2025 22:00:00","CTA|IE","1152.47","n/e"," ","1208.14"
"08/03/2025 22:00:00 - 08/03/2025 23:00:00","CTA|IE","1073.19","n/e"," ","1155.34"
"08/03/2025 23:00:00 - 09/03/2025 00:00:00","CTA|IE","990.96","n/e"," ","1026.57"
"09/03/2025 00:00:00 - 09/03/2025 01:00:00","CTA|IE","941.34","n/e"," ","945.12"
"09/03/2025 01:00:00 - 09/03/2025 02:00:00","CTA|IE","990.75","n/e"," ","996.09"
"09/03/2025 02:00:00 - 09/03/2025 03:00:00","CTA|IE","995.92","n/e"," ","1003.43"
"09/03/2025 03:00:00 - 09/03/2025 04:00:00","CTA|IE","1044.00","n/e"," ","1062.37"
"09/03/2025 04:00:00 - 09/03/2025 05:00:00","CTA|IE","1096.03","n/e"," ","1035.72"
"09/03/2025 05:00:00 - 09/03/2025 06:00:00","CTA|IE","1124.62","n/e"," ","1038.23"
"09/03/2025 06:00:00 - 09/03/2025 07:00:00","CTA|IE","1152.68","n/e"," ","1121.29"
"09/03/2025 07:00:00 - 09/03/2025 08:00:00","CTA|IE","1203.45","n/e"," ","1203.62"
"09/03/2025 08:00:00 - 09/03/2025 09:00:00","CTA|IE","1305.91","n/e"," ","1378.13"
"09/03/2025 09:00:00 - 09/03/2025 10:00:00","CTA|IE","1331.27","n/e"," ","1439.46"
"09/03/2025 10:00:00 - 09/03/2025 11:00:00","CTA|IE","1237.90","n/e"," ","1366.70"
"09/03/2025 11:00:00 - 09/03/2025 12:00:00","CTA|IE","1156.03","n/e"," ","1243.35"
"09/03/2025 12:00:00 - 09/03/2025 13:00:00","CTA|IE","1143.86","n/e"," ","1075.14"
"09/03/2025 13:00:00 - 09/03/2025 14:00:00","CTA|IE","941.43","n/e"," ","999.49"
"09/03/2025 14:00:00 - 09/03/2025 15:00:00","CTA|IE","980.25","n/e"," ","912.02"
"09/03/2025 15:00:00 - 09/03/2025 16:00:00","CTA|IE","1034.86","n/e"," ","915.56"
"09/03/2025 16:00:00 - 09/03/2025 17:00:00","CTA|IE","1072.02","n/e"," ","945.70"
"09/03/2025 17:00:00 - 09/03/2025 18:00:00","CTA|IE","1141.36","n/e"," ","955.91"
"09/03/2025 18:00:00 - 09/03/2025 19:00:00","CTA|IE","1167.53","n/e"," ","924.93"
"09/03/2025 19:00:00 - 09/03/2025 20:00:00","CTA|IE","973.92","n/e"," ","1075.51"
"09/03/2025 20:00:00 - 09/03/2025 21:00:00","CTA|IE","930.03","n/e"," ","1338.99"
"09/03/2025 21:00:00 - 09/03/2025 22:00:00","CTA|IE","926.85","n/e"," ","1439.28"
"09/03/2025 22:00:00 - 09/03/2025 23:00:00","CTA|IE","946.89","n/e"," ","1561.76"
"09/03/2025 23:00:00 - 10/03/2025 00:00:00","CTA|IE","967.51","n/e"," ","1470.69"
"10/03/2025 00:00:00 - 10/03/2025 01:00:00","CTA|IE","1020.16","n/e"," ","1585.98"
"10/03/2025 01:00:00 - 10/03/2025 02:00:00","CTA|IE","1070.27","n/e"," ","1669.82"
"10/03/2025 02:00:00 - 10/03/2025 03:00:00","CTA|IE","1126.36","n/e"," ","1662.52"
"10/03/2025 03:00:00 - 10/03/2025 04:00:00","CTA|IE","1189.76","n/e"," ","1574.44"
"10/03/2025 04:00:00 - 10/03/2025 05:00:00","CTA|IE","1303.64","n/e"," ","1499.17"
"10/03/2025 05:00:00 - 10/03/2025 06:00:00","CTA|IE","1304.43","n/e"," ","1523.18"
"10/03/2025 06:00:00 - 10/03/2025 07:00:00","CTA|IE","1296.85","n/e"," ","1666.37"
"10/03/2025 07:00:00 - 10/03/2025 08:00:00","CTA|IE","1213.77","n/e"," ","1654.16"
"10/03/2025 08:00:00 - 10/03/2025 09:00:00","CTA|IE","1176.69","n/e"," ","1604.28"
"10/03/2025 09:00:00 - 10/03/2025 10:00:00","CTA|IE","1117.25","n/e"," ","1466.37"
"10/03/2025 10:00:00 - 10/03/2025 11:00:00","CTA|IE","1058.87","n/e"," ","1249.64"
"10/03/2025 11:00:00 - 10/03/2025 12:00:00","CTA|IE","1048.33","n/e"," ","1140.44"
"10/03/2025 12:00:00 - 10/03/2025 13:00:00","CTA|IE","1132.98","n/e"," ","1162.50"
"10/03/2025 13:00:00 - 10/03/2025 14:00:00","CTA|IE","1308.04","n/e"," ","1293.87"
"10/03/2025 14:00:00 - 10/03/2025 15:00:00","CTA|IE","1547.62","n/e"," ","1373.59"
"10/03/2025 15:00:00 - 10/03/2025 16:00:00","CTA|IE","1733.39","n/e"," ","1458.34"
"10/03/2025 16:00:00 - 10/03/2025 17:00:00","CTA|IE","1887.04","n/e"," ","1630.08"
"10/03/2025 17:00:00 - 10/03/2025 18:00:00","CTA|IE","2000.13","n/e"," ","1666.42"
"10/03/2025 18:00:00 - 10/03/2025 19:00:00","CTA|IE","2082.55","n/e"," ","1663.91"
"10/03/2025 19:00:00 - 10/03/2025 20:00:00","CTA|IE","2061.47","n/e"," ","1653.46"
"10/03/2025 20:00:00 - 10/03/2025 21:00:00","CTA|IE","2094.88","n/e"," ","1874.57"
"10/03/2025 21:00:00 - 10/03/2025 22:00:00","CTA|IE","2103.40","n/e"," ","1901.99"
"10/03/2025 22:00:00 - 10/03/2025 23:00:00","CTA|IE","2223.30","n/e"," ","2004.38"
"10/03/2025 23:00:00 - 11/03/2025 00:00:00","CTA|IE","2292.81","n/e"," ","1976.91"
"11/03/2025 00:00:00 - 11/03/2025 01:00:00","CTA|IE","2278.05","n/e"," ","1756.43"
"11/03/2025 01:00:00 - 11/03/2025 02:00:00","CTA|IE","2009.05","n/e"," ","1603.90"
"11/03/2025 02:00:00 - 11/03/2025 03:00:00","CTA|IE","1925.75","n/e"," ","1663.93"
"11/03/2025 03:00:00 - 11/03/2025 04:00:00","CTA|IE","1885.97","n/e"," ","1632.76"
"11/03/2025 04:00:00 - 11/03/2025 05:00:00","CTA|IE","1835.96","n/e"," ","1559.92"
"11/03/2025 05:00:00 - 11/03/2025 06:00:00","CTA|IE","1704.40","n/e"," ","1472.41"
"11/03/2025 06:00:00 - 11/03/2025 07:00:00","CTA|IE","1522.78","n/e"," ","1416.14"
"11/03/2025 07:00:00 - 11/03/2025 08:00:00","CTA|IE","1385.04","n/e"," ","1396.45"
"11/03/2025 08:00:00 - 11/03/2025 09:00:00","CTA|IE","1400.74","n/e"," ","1240.73"
"11/03/2025 09:00:00 - 11/03/2025 10:00:00","CTA|IE","1290.10","n/e"," ","1024.95"
"11/03/2025 10:00:00 - 11/03/2025 11:00:00","CTA|IE","1121.63","n/e"," ","873.57"
"11/03/2025 11:00:00 - 11/03/2025 12:00:00","CTA|IE","969.15","n/e"," ","833.44"
"11/03/2025 12:00:00 - 11/03/2025 13:00:00","CTA|IE","849.28","n/e"," ","817.53"
"11/03/2025 13:00:00 - 11/03/2025 14:00:00","CTA|IE","719.70","n/e"," ","835.37"
"11/03/2025 14:00:00 - 11/03/2025 15:00:00","CTA|IE","753.72","n/e"," ","862.77"
"11/03/2025 15:00:00 - 11/03/2025 16:00:00","CTA|IE","796.43","n/e"," ","854.43"
"11/03/2025 16:00:00 - 11/03/2025 17:00:00","CTA|IE","786.32","n/e"," ","873.49"
"11/03/2025 17:00:00 - 11/03/2025 18:00:00","CTA|IE","731.08","n/e"," ","797.73"
"11/03/2025 18:00:00 - 11/03/2025 19:00:00","CTA|IE","697.86","n/e"," ","695.37"
"11/03/2025 19:00:00 - 11/03/2025 20:00:00","CTA|IE","647.57","n/e"," ","663.25"
"11/03/2025 20:00:00 - 11/03/2025 21:00:00","CTA|IE","633.51","n/e"," ","888.73"
"11/03/2025 21:00:00 - 11/03/2025 22:00:00","CTA|IE","702.25","n/e"," ","1104.67"
"11/03/2025 22:00:00 - 11/03/2025 23:00:00","CTA|IE","806.52","n/e"," ","1177.40"
"11/03/2025 23:00:00 - 12/03/2025 00:00:00","CTA|IE","900.43","n/e"," ","1149.30"
"12/03/2025 00:00:00 - 12/03/2025 01:00:00","CTA|IE","966.47","n/e"," ","1044.40"
"12/03/2025 01:00:00 - 12/03/2025 02:00:00","CTA|IE","1103.42","n/e"," ","971.12"
"12/03/2025 02:00:00 - 12/03/2025 03:00:00","CTA|IE","1156.14","n/e"," ","1076.63"
"12/03/2025 03:00:00 - 12/03/2025 04:00:00","CTA|IE","1184.41","n/e"," ","1182.86"
"12/03/2025 04:00:00 - 12/03/2025 05:00:00","CTA|IE","1269.41","n/e"," ","1221.65"
"12/03/2025 05:00:00 - 12/03/2025 06:00:00","CTA|IE","1366.23","n/e"," ","1276.25"
"12/03/2025 06:00:00 - 12/03/2025 07:00:00","CTA|IE","1380.21","n/e"," ","1300.11"
"12/03/2025 07:00:00 - 12/03/2025 08:00:00","CTA|IE","1502.18","n/e"," ","1280.34"
"12/03/2025 08:00:00 - 12/03/2025 09:00:00","CTA|IE","1564.17","n/e"," ","1371.09"
"12/03/2025 09:00:00 - 12/03/2025 10:00:00","CTA|IE","1663.64","n/e"," ","1394.87"
"12/03/2025 10:00:00 - 12/03/2025 11:00:00","CTA|IE","1698.96","n/e"," ","1492.44"
"12/03/2025 11:00:00 - 12/03/2025 12:00:00","CTA|IE","1611.74","n/e"," ","1816.37"
"12/03/2025 12:00:00 - 12/03/2025 13:00:00","CTA|IE","1593.85","n/e"," ","1922.12"
"12/03/2025 13:00:00 - 12/03/2025 14:00:00","CTA|IE","1643.13","n/e"," ","1759.95"
"12/03/2025 14:00:00 - 12/03/2025 15:00:00","CTA|IE","1629.52","n/e"," ","1584.05"
"12/03/2025 15:00:00 - 12/03/2025 16:00:00","CTA|IE","1588.88","n/e"," ","1558.44"
"12/03/2025 16:00:00 - 12/03/2025 17:00:00","CTA|IE","1643.58","n/e"," ","1604.00"
"12/03/2025 17:00:00 - 12/03/2025 18:00:00","CTA|IE","1606.60","n/e"," ","1555.76"
"12/03/2025 18:00:00 - 12/03/2025 19:00:00","CTA|IE","1534.90","n/e"," ","1253.41"
"12/03/2025 19:00:00 - 12/03/2025 20:00:00","CTA|IE","1241.35","n/e"," ","1130.97"
"12/03/2025 20:00:00 - 12/03/2025 21:00:00","CTA|IE","1161.61","n/e"," ","1205.64"
"12/03/2025 21:00:00 - 12/03/2025 22:00:00","CTA|IE","1128.92","n/e"," ","1212.32"
"12/03/2025 22:00:00 - 12/03/2025 23:00:00","CTA|IE","1157.73","n/e"," ","1301.22"
"12/03/2025 23:00:00 - 13/03/2025 00:00:00","CTA|IE","1233.18","n/e"," ","1194.14"
"13/03/2025 00:00:00 - 13/03/2025 01:00:00","CTA|IE","1279.11","n/e"," ","1119.30"
"13/03/2025 01:00:00 - 13/03/2025 02:00:00","CTA|IE","1200.75","n/e"," ","1081.12"
"13/03/2025 02:00:00 - 13/03/2025 03:00:00","CTA|IE","1135.46","n/e"," ","1205.09"
"13/03/2025 03:00:00 - 13/03/2025 04:00:00","CTA|IE","1086.41","n/e"," ","1205.49"
"13/03/2025 04:00:00 - 13/03/2025 05:00:00","CTA|IE","1021.35","n/e"," ","1226.68"
"13/03/2025 05:00:00 - 13/03/2025 06:00:00","CTA|IE","903.89","n/e"," ","1176.28"
"13/03/2025 06:00:00 - 13/03/2025 07:00:00","CTA|IE","772.85","n/e"," ","1075.85"
"13/03/2025 07:00:00 - 13/03/2025 08:00:00","CTA|IE","537.22","n/e"," ","958.88"
"13/03/2025 08:00:00 - 13/03/2025 09:00:00","CTA|IE","497.90","n/e"," ","863.36"
"13/03/2025 09:00:00 - 13/03/2025 10:00:00","CTA|IE","502.95","n/e"," ","664.34"
"13/03/2025 10:00:00 - 13/03/2025 11:00:00","CTA|IE","502.26","n/e"," ","619.90"
"13/03/2025 11:00:00 - 13/03/2025 12:00:00","CTA|IE","588.79","n/e"," ","673.71"
"13/03/2025 12:00:00 - 13/03/2025 13:00:00","CTA|IE","632.71","n/e"," ","744.79"
"13/03/2025 13:00:00 - 13/03/2025 14:00:00","CTA|IE","589.54","n/e"," ","839.51"
"13/03/2025 14:00:00 - 13/03/2025 15:00:00","CTA|IE","571.05","n/e"," ","770.02"
"13/03/2025 15:00:00 - 13/03/2025 16:00:00","CTA|IE","530.86","n/e"," ","665.55"
"13/03/2025 16:00:00 - 13/03/2025 17:00:00","CTA|IE","489.39","n/e"," ","540.80"
"13/03/2025 17:00:00 - 13/03/2025 18:00:00","CTA|IE","473.78","n/e"," ","431.67"
"13/03/2025 18:00:00 - 13/03/2025 19:00:00","CTA|IE","430.64","n/e"," ","277.38"
"13/03/2025 19:00:00 - 13/03/2025 20:00:00","CTA|IE","287.80","n/e"," ","242.97"
"13/03/2025 20:00:00 - 13/03/2025 21:00:00","CTA|IE","237.33","n/e"," ","234.78"
"13/03/2025 21:00:00 - 13/03/2025 22:00:00","CTA|IE","210.88","n/e"," ","213.16"
"13/03/2025 22:00:00 - 13/03/2025 23:00:00","CTA|IE","173.78","n/e"," ","214.57"
"13/03/2025 23:00:00 - 14/03/2025 00:00:00","CTA|IE","143.19","n/e"," ","188.53"
"14/03/2025 00:00:00 - 14/03/2025 01:00:00","CTA|IE","132.65","n/e"," ","191.53"
"14/03/2025 01:00:00 - 14/03/2025 02:00:00","CTA|IE","120.56","n/e"," ","204.82"
"14/03/2025 02:00:00 - 14/03/2025 03:00:00","CTA|IE","104.93","n/e"," ","173.94"
"14/03/2025 03:00:00 - 14/03/2025 04:00:00","CTA|IE","99.63","n/e"," ","197.20"
"14/03/2025 04:00:00 - 14/03/2025 05:00:00","CTA|IE","119.96","n/e"," ","251.02"
"14/03/2025 05:00:00 - 14/03/2025 06:00:00","CTA|IE","173.30","n/e"," ","361.02"
"14/03/2025 06:00:00 - 14/03/2025 07:00:00","CTA|IE","251.48","n/e"," ","477.16"
"14/03/2025 07:00:00 - 14/03/2025 08:00:00","CTA|IE","298.98","n/e"," ","680.36"
"14/03/2025 08:00:00 - 14/03/2025 09:00:00","CTA|IE","396.94","n/e"," ","861.48"
"14/03/2025 09:00:00 - 14/03/2025 10:00:00","CTA|IE","534.23","n/e"," ","1026.13"
"14/03/2025 10:00:00 - 14/03/2025 11:00:00","CTA|IE","693.03","n/e"," ","1411.41"
"14/03/2025 11:00:00 - 14/03/2025 12:00:00","CTA|IE","853.84","n/e"," ","1682.33"
"14/03/2025 12:00:00 - 14/03/2025 13:00:00","CTA|IE","1015.84","n/e"," ","1770.17"
"14/03/2025 13:00:00 - 14/03/2025 14:00:00","CTA|IE","1272.14","n/e"," ","1764.12"
"14/03/2025 14:00:00 - 14/03/2025 15:00:00","CTA|IE","1297.88","n/e"," ","1661.38"
"14/03/2025 15:00:00 - 14/03/2025 16:00:00","CTA|IE","1202.86","n/e"," ","1548.48"
"14/03/2025 16:00:00 - 14/03/2025 17:00:00","CTA|IE","1054.78","n/e"," ","1331.63"
"14/03/2025 17:00:00 - 14/03/2025 18:00:00","CTA|IE","978.89","n/e"," ","1103.04"
"14/03/2025 18:00:00 - 14/03/2025 19:00:00","CTA|IE","906.38","n/e"," ","884.69"
"14/03/2025 19:00:00 - 14/03/2025 20:00:00","CTA|IE","791.49","n/e"," ","662.92"
"14/03/2025 20:00:00 - 14/03/2025 21:00:00","CTA|IE","669.03","n/e"," ","607.54"
"14/03/2025 21:00:00 - 14/03/2025 22:00:00","CTA|IE","561.87","n/e"," ","535.60"
"14/03/2025 22:00:00 - 14/03/2025 23:00:00","CTA|IE","488.83","n/e"," ","467.81"
"14/03/2025 23:00:00 - 15/03/2025 00:00:00","CTA|IE","441.75","n/e"," ","445.16"
"15/03/2025 00:00:00 - 15/03/2025 01:00:00","CTA|IE","387.19","n/e"," ","361.21"
"15/03/2025 01:00:00 - 15/03/2025 02:00:00","CTA|IE","249.81","n/e"," ","320.23"
"15/03/2025 02:00:00 - 15/03/2025 03:00:00","CTA|IE","218.31","n/e"," ","262.90"
"15/03/2025 03:00:00 - 15/03/2025 04:00:00","CTA|IE","208.23","n/e"," ","213.58"
"15/03/2025 04:00:00 - 15/03/2025 05:00:00","CTA|IE","203.76","n/e"," ","149.10"
"15/03/2025 05:00:00 - 15/03/2025 06:00:00","CTA|IE","191.02","n/e"," ","121.70"
"15/03/2025 06:00:00 - 15/03/2025 07:00:00","CTA|IE","183.53","n/e"," ","114.88"
"15/03/2025 07:00:00 - 15/03/2025 08:00:00","CTA|IE","79.78","n/e"," ","118.56"
"15/03/2025 08:00:00 - 15/03/2025 09:00:00","CTA|IE","73.44","n/e"," ","116.16"
"15/03/2025 09:00:00 - 15/03/2025 10:00:00","CTA|IE","76.02","n/e"," ","104.01"
"15/03/2025 10:00:00 - 15/03/2025 11:00:00","CTA|IE","74.59","n/e"," ","72.05"
"15/03/2025 11:00:00 - 15/03/2025 12:00:00","CTA|IE","69.63","n/e"," ","71.45"
"15/03/2025 12:00:00 - 15/03/2025 13:00:00","CTA|IE","83.94","n/e"," ","90.73"
"15/03/2025 13:00:00 - 15/03/2025 14:00:00","CTA|IE","106.90","n/e"," ","106.04"
"15/03/2025 14:00:00 - 15/03/2025 15:00:00","CTA|IE","113.03","n/e"," ","118.41"
"15/03/2025 15:00:00 - 15/03/2025 16:00:00","CTA|IE","105.30","n/e"," ","119.09"
"15/03/2025 16:00:00 - 15/03/2025 17:00:00","CTA|IE","109.32","n/e"," ","144.16"
"15/03/2025 17:00:00 - 15/03/2025 18:00:00","CTA|IE","121.33","n/e"," ","162.00"
"15/03/2025 18:00:00 - 15/03/2025 19:00:00","CTA|IE","148.67","n/e"," ","167.43"
"15/03/2025 19:00:00 - 15/03/2025 20:00:00","CTA|IE","174.98","n/e"," ","207.38"
"15/03/2025 20:00:00 - 15/03/2025 21:00:00","CTA|IE","198.45","n/e"," ","312.30"
"15/03/2025 21:00:00 - 15/03/2025 22:00:00","CTA|IE","210.05","n/e"," ","356.87"
"15/03/2025 22:00:00 - 15/03/2025 23:00:00","CTA|IE","218.16","n/e"," ","326.40"
"15/03/2025 23:00:00 - 16/03/2025 00:00:00","CTA|IE","223.03","n/e"," ","313.98"
"16/03/2025 00:00:00 - 16/03/2025 01:00:00","CTA|IE","221.66","n/e"," ","255.55"
"16/03/2025 01:00:00 - 16/03/2025 02:00:00","CTA|IE","230.10","n/e"," ","197.99"
"16/03/2025 02:00:00 - 16/03/2025 03:00:00","CTA|IE","207.81","n/e"," ","165.22"
"16/03/2025 03:00:00 - 16/03/2025 04:00:00","CTA|IE","206.84","n/e"," ","162.64"
"16/03/2025 04:00:00 - 16/03/2025 05:00:00","CTA|IE","190.51","n/e"," ","167.16"
"16/03/2025 05:00:00 - 16/03/2025 06:00:00","CTA|IE","175.15","n/e"," ","165.05"
"16/03/2025 06:00:00 - 16/03/2025 07:00:00","CTA|IE","206.44","n/e"," ","170.07"
"16/03/2025 07:00:00 - 16/03/2025 08:00:00","CTA|IE","215.06","n/e"," ","181.40"
"16/03/2025 08:00:00 - 16/03/2025 09:00:00","CTA|IE","230.49","n/e"," ","194.45"
"16/03/2025 09:00:00 - 16/03/2025 10:00:00","CTA|IE","236.78","n/e"," ","192.74"
"16/03/2025 10:00:00 - 16/03/2025 11:00:00","CTA|IE","209.86","n/e"," ","163.80"
"16/03/2025 11:00:00 - 16/03/2025 12:00:00","CTA|IE","198.57","n/e"," ","234.87"
"16/03/2025 12:00:00 - 16/03/2025 13:00:00","CTA|IE","235.79","n/e"," ","251.53"
"16/03/2025 13:00:00 - 16/03/2025 14:00:00","CTA|IE","236.44","n/e"," ","265.02"
"16/03/2025 14:00:00 - 16/03/2025 15:00:00","CTA|IE","243.97","n/e"," ","263.87"
"16/03/2025 15:00:00 - 16/03/2025 16:00:00","CTA|IE","253.05","n/e"," ","260.17"
"16/03/2025 16:00:00 - 16/03/2025 17:00:00","CTA|IE","282.47","n/e"," ","252.11"
"16/03/2025 17:00:00 - 16/03/2025 18:00:00","CTA|IE","326.45","n/e"," ","272.44"
"16/03/2025 18:00:00 - 16/03/2025 19:00:00","CTA|IE","358.92","n/e"," ","288.23"
"16/03/2025 19:00:00 - 16/03/2025 20:00:00","CTA|IE","324.89","n/e"," ","301.42"
"16/03/2025 20:00:00 - 16/03/2025 21:00:00","CTA|IE","345.93","n/e"," ","399.29"
"16/03/2025 21:00:00 - 16/03/2025 22:00:00","CTA|IE","403.19","n/e"," ","453.61"
"16/03/2025 22:00:00 - 16/03/2025 23:00:00","CTA|IE","515.05","n/e"," ","574.43"
"16/03/2025 23:00:00 - 17/03/2025 00:00:00","CTA|IE","644.39","n/e"," ","718.91"
"17/03/2025 00:00:00 - 17/03/2025 01:00:00","CTA|IE","741.55","n/e"," ","779.68"
"17/03/2025 01:00:00 - 17/03/2025 02:00:00","CTA|IE","554.54","n/e"," ","761.46"
"17/03/2025 02:00:00 - 17/03/2025 03:00:00","CTA|IE","590.30","n/e"," ","830.11"
"17/03/2025 03:00:00 - 17/03/2025 04:00:00","CTA|IE","676.71","n/e"," ","877.87"
"17/03/2025 04:00:00 - 17/03/2025 05:00:00","CTA|IE","787.03","n/e"," ","865.05"
"17/03/2025 05:00:00 - 17/03/2025 06:00:00","CTA|IE","865.08","n/e"," ","830.54"
"17/03/2025 06:00:00 - 17/03/2025 07:00:00","CTA|IE","957.22","n/e"," ","788.83"
"17/03/2025 07:00:00 - 17/03/2025 08:00:00","CTA|IE","1006.91","n/e"," ","829.49"
"17/03/2025 08:00:00 - 17/03/2025 09:00:00","CTA|IE","1102.57","n/e"," ","895.13"
"17/03/2025 09:00:00 - 17/03/2025 10:00:00","CTA|IE","1177.93","n/e"," ","947.83"
"17/03/2025 10:00:00 - 17/03/2025 11:00:00","CTA|IE","1282.42","n/e"," ","1024.71"
"17/03/2025 11:00:00 - 17/03/2025 12:00:00","CTA|IE","1400.96","n/e"," ","1179.22"
"17/03/2025 12:00:00 - 17/03/2025 13:00:00","CTA|IE","1483.99","n/e"," ","1411.03"
"17/03/2025 13:00:00 - 17/03/2025 14:00:00","CTA|IE","1517.87","n/e"," ","1494.53"
"17/03/2025 14:00:00 - 17/03/2025 15:00:00","CTA|IE","1614.67","n/e"," ","1571.56"
"17/03/2025 15:00:00 - 17/03/2025 16:00:00","CTA|IE","1689.22","n/e"," ","1714.23"
"17/03/2025 16:00:00 - 17/03/2025 17:00:00","CTA|IE","1727.15","n/e"," ","1738.55"
"17/03/2025 17:00:00 - 17/03/2025 18:00:00","CTA|IE","1733.49","n/e"," ","1759.24"
"17/03/2025 18:00:00 - 17/03/2025 19:00:00","CTA|IE","1759.94","n/e"," ","1692.74"
"17/03/2025 19:00:00 - 17/03/2025 20:00:00","CTA|IE","1623.35","n/e"," ","1462.26"
"17/03/2025 20:00:00 - 17/03/2025 21:00:00","CTA|IE","1490.73","n/e"," ","1273.57"
"17/03/2025 21:00:00 - 17/03/2025 22:00:00","CTA|IE","1456.61","n/e"," ","1324.62"
"17/03/2025 22:00:00 - 17/03/2025 23:00:00","CTA|IE","1526.11","n/e"," ","1249.95"
"17/03/2025 23:00:00 - 18/03/2025 00:00:00","CTA|IE","1632.24","n/e"," ","1222.82"
"18/03/2025 00:00:00 - 18/03/2025 01:00:00","CTA|IE","1732.50","n/e"," ","1263.58"
"18/03/2025 01:00:00 - 18/03/2025 02:00:00","CTA|IE","1520.31","n/e"," ","1258.32"
"18/03/2025 02:00:00 - 18/03/2025 03:00:00","CTA|IE","1519.83","n/e"," ","1364.71"
"18/03/2025 03:00:00 - 18/03/2025 04:00:00","CTA|IE","1556.18","n/e"," ","1525.22"
"18/03/2025 04:00:00 - 18/03/2025 05:00:00","CTA|IE","1661.52","n/e"," ","1420.33"
"18/03/2025 05:00:00 - 18/03/2025 06:00:00","CTA|IE","1762.26","n/e"," ","1551.09"
"18/03/2025 06:00:00 - 18/03/2025 07:00:00","CTA|IE","1951.75","n/e"," ","1564.03"
"18/03/2025 07:00:00 - 18/03/2025 08:00:00","CTA|IE","2018.86","n/e"," ","1446.78"
"18/03/2025 08:00:00 - 18/03/2025 09:00:00","CTA|IE","2184.23","n/e"," ","1591.16"
"18/03/2025 09:00:00 - 18/03/2025 10:00:00","CTA|IE","2377.11","n/e"," ","1777.82"
"18/03/2025 10:00:00 - 18/03/2025 11:00:00","CTA|IE","2538.27","n/e"," ","2028.17"
"18/03/2025 11:00:00 - 18/03/2025 12:00:00","CTA|IE","2678.91","n/e"," ","2271.77"
"18/03/2025 12:00:00 - 18/03/2025 13:00:00","CTA|IE","2781.05","n/e"," ","2479.81"
"18/03/2025 13:00:00 - 18/03/2025 14:00:00","CTA|IE","2532.23","n/e"," ","2388.53"
"18/03/2025 14:00:00 - 18/03/2025 15:00:00","CTA|IE","2514.43","n/e"," ","2292.66"
"18/03/2025 15:00:00 - 18/03/2025 16:00:00","CTA|IE","2415.17","n/e"," ","2194.75"
"18/03/2025 16:00:00 - 18/03/2025 17:00:00","CTA|IE","2288.32","n/e"," ","2123.69"
"18/03/2025 17:00:00 - 18/03/2025 18:00:00","CTA|IE","2222.61","n/e"," ","1911.77"
"18/03/2025 18:00:00 - 18/03/2025 19:00:00","CTA|IE","2187.50","n/e"," ","1612.39"
"18/03/2025 19:00:00 - 18/03/2025 20:00:00","CTA|IE","1895.32","n/e"," ","1394.46"
"18/03/2025 20:00:00 - 18/03/2025 21:00:00","CTA|IE","1650.94","n/e"," ","1418.68"
"18/03/2025 21:00:00 - 18/03/2025 22:00:00","CTA|IE","1511.39","n/e"," ","1384.53"
"18/03/2025 22:00:00 - 18/03/2025 23:00:00","CTA|IE","1458.40","n/e"," ","1219.75"
"18/03/2025 23:00:00 - 19/03/2025 00:00:00","CTA|IE","1396.82","n/e"," ","1147.09"
"19/03/2025 00:00:00 - 19/03/2025 01:00:00","CTA|IE","1448.96","n/e"," ","1174.05"
"19/03/2025 01:00:00 - 19/03/2025 02:00:00","CTA|IE","1378.92","n/e"," ","1208.97"
"19/03/2025 02:00:00 - 19/03/2025 03:00:00","CTA|IE","1266.83","n/e"," ","1172.97"
"19/03/2025 03:00:00 - 19/03/2025 04:00:00","CTA|IE","1141.38","n/e"," ","1145.44"
"19/03/2025 04:00:00 - 19/03/2025 05:00:00","CTA|IE","1007.92","n/e"," ","1092.99"
"19/03/2025 05:00:00 - 19/03/2025 06:00:00","CTA|IE","938.30","n/e"," ","1120.15"
"19/03/2025 06:00:00 - 19/03/2025 07:00:00","CTA|IE","961.08","n/e"," ","1173.68"
"19/03/2025 07:00:00 - 19/03/2025 08:00:00","CTA|IE","959.54","n/e"," ","1164.08"
"19/03/2025 08:00:00 - 19/03/2025 09:00:00","CTA|IE","1004.84","n/e"," ","1154.33"
"19/03/2025 09:00:00 - 19/03/2025 10:00:00","CTA|IE","1004.21","n/e"," ","1097.88"
"19/03/2025 10:00:00 - 19/03/2025 11:00:00","CTA|IE","918.49","n/e"," ","904.70"
"19/03/2025 11:00:00 - 19/03/2025 12:00:00","CTA|IE","827.55","n/e"," ","810.11"
"19/03/2025 12:00:00 - 19/03/2025 13:00:00","CTA|IE","833.75","n/e"," ","767.58"
"19/03/2025 13:00:00 - 19/03/2025 14:00:00","CTA|IE","703.86","n/e"," ","807.05"
"19/03/2025 14:00:00 - 19/03/2025 15:00:00","CTA|IE","664.46","n/e"," ","760.57"
"19/03/2025 15:00:00 - 19/03/2025 16:00:00","CTA|IE","679.80","n/e"," ","762.63"
"19/03/2025 16:00:00 - 19/03/2025 17:00:00","CTA|IE","682.28","n/e"," ","806.80"
"19/03/2025 17:00:00 - 19/03/2025 18:00:00","CTA|IE","704.13","n/e"," ","808.86"
"19/03/2025 18:00:00 - 19/03/2025 19:00:00","CTA|IE","731.41","n/e"," ","816.10"
"19/03/2025 19:00:00 - 19/03/2025 20:00:00","CTA|IE","771.49","n/e"," ","886.01"
"19/03/2025 20:00:00 - 19/03/2025 21:00:00","CTA|IE","760.09","n/e"," ","1017.60"
"19/03/2025 21:00:00 - 19/03/2025 22:00:00","CTA|IE","799.11","n/e"," ","1026.60"
"19/03/2025 22:00:00 - 19/03/2025 23:00:00","CTA|IE","905.44","n/e"," ","999.96"
"19/03/2025 23:00:00 - 20/03/2025 00:00:00","CTA|IE","984.32","n/e"," ","966.12"
"20/03/2025 00:00:00 - 20/03/2025 01:00:00","CTA|IE","1021.13","n/e"," ","804.91"
"20/03/2025 01:00:00 - 20/03/2025 02:00:00","CTA|IE","908.34","n/e"," ","806.37"
"20/03/2025 02:00:00 - 20/03/2025 03:00:00","CTA|IE","828.62","n/e"," ","802.19"
"20/03/2025 03:00:00 - 20/03/2025 04:00:00","CTA|IE","812.93","n/e"," ","854.42"
"20/03/2025 04:00:00 - 20/03/2025 05:00:00","CTA|IE","847.54","n/e"," ","941.38"
"20/03/2025 05:00:00 - 20/03/2025 06:00:00","CTA|IE","966.88","n/e"," ","1026.30"
"20/03/2025 06:00:00 - 20/03/2025 07:00:00","CTA|IE","1091.04","n/e"," ","1064.78"
"20/03/2025 07:00:00 - 20/03/2025 08:00:00","CTA|IE","1036.99","n/e"," ","1187.03"
"20/03/2025 08:00:00 - 20/03/2025 09:00:00","CTA|IE","1091.10","n/e"," ","1371.91"
"20/03/2025 09:00:00 - 20/03/2025 10:00:00","CTA|IE","1215.12","n/e"," ","1440.47"
"20/03/2025 10:00:00 - 20/03/2025 11:00:00","CTA|IE","1312.85","n/e"," ","1262.25"
"20/03/2025 11:00:00 - 20/03/2025 12:00:00","CTA|IE","1451.76","n/e"," ","1379.26"
"20/03/2025 12:00:00 - 20/03/2025 13:00:00","CTA|IE","1658.57","n/e"," ","1575.07"
"20/03/2025 13:00:00 - 20/03/2025 14:00:00","CTA|IE","1838.39","n/e"," ","1868.25"
"20/03/2025 14:00:00 - 20/03/2025 15:00:00","CTA|IE","2268.65","n/e"," ","2101.69"
"20/03/2025 15:00:00 - 20/03/2025 16:00:00","CTA|IE","2641.89","n/e"," ","N/A"
"20/03/2025 16:00:00 - 20/03/2025 17:00:00","CTA|IE","2893.55","n/e"," ","2429.87"
"20/03/2025 17:00:00 - 20/03/2025 18:00:00","CTA|IE","2925.44","n/e"," ","2538.17"
"20/03/2025 18:00:00 - 20/03/2025 19:00:00","CTA|IE","2881.05","n/e"," ","2460.73"
"20/03/2025 19:00:00 - 20/03/2025 20:00:00","CTA|IE","2855.43","n/e"," ","2413.54"
"20/03/2025 20:00:00 - 20/03/2025 21:00:00","CTA|IE","2855.04","n/e"," ","2498.24"
"20/03/2025 21:00:00 - 20/03/2025 22:00:00","CTA|IE","2881.17","n/e"," ","2579.70"
"20/03/2025 22:00:00 - 20/03/2025 23:00:00","CTA|IE","2927.66","n/e"," ","2783.85"
"20/03/2025 23:00:00 - 21/03/2025 00:00:00","CTA|IE","2943.91","n/e"," ","2820.84"
"21/03/2025 00:00:00 - 21/03/2025 01:00:00","CTA|IE","2877.94","n/e"," ","2841.36"
"21/03/2025 01:00:00 - 21/03/2025 02:00:00","CTA|IE","2576.37","n/e"," ","2546.30"
"21/03/2025 02:00:00 - 21/03/2025 03:00:00","CTA|IE","2515.37","n/e"," ","2397.24"
"21/03/2025 03:00:00 - 21/03/2025 04:00:00","CTA|IE","2567.58","n/e"," ","2405.10"
"21/03/2025 04:00:00 - 21/03/2025 05:00:00","CTA|IE","2520.09","n/e"," ","2370.53"
"21/03/2025 05:00:00 - 21/03/2025 06:00:00","CTA|IE","2321.28","n/e"," ","2170.44"
"21/03/2025 06:00:00 - 21/03/2025 07:00:00","CTA|IE","2106.30","n/e"," ","2075.64"
"21/03/2025 07:00:00 - 21/03/2025 08:00:00","CTA|IE","1939.98","n/e"," ","1964.90"
"21/03/2025 08:00:00 - 21/03/2025 09:00:00","CTA|IE","1890.67","n/e"," ","1798.23"
"21/03/2025 09:00:00 - 21/03/2025 10:00:00","CTA|IE","1612.39","n/e"," ","1510.46"
"21/03/2025 10:00:00 - 21/03/2025 11:00:00","CTA|IE","1199.82","n/e"," ","1382.75"
"21/03/2025 11:00:00 - 21/03/2025 12:00:00","CTA|IE","931.87","n/e"," ","1306.61"
"21/03/2025 12:00:00 - 21/03/2025 13:00:00","CTA|IE","804.79","n/e"," ","1321.32"
"21/03/2025 13:00:00 - 21/03/2025 14:00:00","CTA|IE","750.23","n/e"," ","1045.96"
"21/03/2025 14:00:00 - 21/03/2025 15:00:00","CTA|IE","669.04","n/e"," ","794.78"
"21/03/2025 15:00:00 - 21/03/2025 16:00:00","CTA|IE","591.03","n/e"," ","631.55"
"21/03/2025 16:00:00 - 21/03/2025 17:00:00","CTA|IE","629.13","n/e"," ","610.63"
"21/03/2025 17:00:00 - 21/03/2025 18:00:00","CTA|IE","678.51","n/e"," ","622.54"
"21/03/2025 18:00:00 - 21/03/2025 19:00:00","CTA|IE","680.65","n/e"," ","660.43"
"21/03/2025 19:00:00 - 21/03/2025 20:00:00","CTA|IE","652.99","n/e"," ","586.83"
"21/03/2025 20:00:00 - 21/03/2025 21:00:00","CTA|IE","613.73","n/e"," ","592.21"
"21/03/2025 21:00:00 - 21/03/2025 22:00:00","CTA|IE","570.43","n/e"," ","645.93"
"21/03/2025 22:00:00 - 21/03/2025 23:00:00","CTA|IE","548.13","n/e"," ","646.34"
"21/03/2025 23:00:00 - 22/03/2025 00:00:00","CTA|IE","587.66","n/e"," ","734.18"
"22/03/2025 00:00:00 - 22/03/2025 01:00:00","CTA|IE","704.34","n/e"," ","727.02"
"22/03/2025 01:00:00 - 22/03/2025 02:00:00","CTA|IE","828.31","n/e"," ","694.13"
"22/03/2025 02:00:00 - 22/03/2025 03:00:00","CTA|IE","1320.33","n/e"," ","783.77"
"22/03/2025 03:00:00 - 22/03/2025 04:00:00","CTA|IE","1913.19","n/e"," ","1110.65"
"22/03/2025 04:00:00 - 22/03/2025 05:00:00","CTA|IE","2308.44","n/e"," ","1639.14"
"22/03/2025 05:00:00 - 22/03/2025 06:00:00","CTA|IE","2498.60","n/e"," ","1776.81"
"22/03/2025 06:00:00 - 22/03/2025 07:00:00","CTA|IE","2645.13","n/e"," ","1752.28"
"22/03/2025 07:00:00 - 22/03/2025 08:00:00","CTA|IE","2627.23","n/e"," ","2013.50"
"22/03/2025 08:00:00 - 22/03/2025 09:00:00","CTA|IE","2731.86","n/e"," ","2385.49"
"22/03/2025 09:00:00 - 22/03/2025 10:00:00","CTA|IE","2757.21","n/e"," ","2515.31"
"22/03/2025 10:00:00 - 22/03/2025 11:00:00","CTA|IE","2781.23","n/e"," ","2431.86"
"22/03/2025 11:00:00 - 22/03/2025 12:00:00","CTA|IE","2836.00","n/e"," ","2440.01"
"22/03/2025 12:00:00 - 22/03/2025 13:00:00","CTA|IE","2917.21","n/e"," ","2485.88"
"22/03/2025 13:00:00 - 22/03/2025 14:00:00","CTA|IE","3028.45","n/e"," ","2686.56"
"22/03/2025 14:00:00 - 22/03/2025 15:00:00","CTA|IE","3116.57","n/e"," ","2789.32"
"22/03/2025 15:00:00 - 22/03/2025 16:00:00","CTA|IE","3164.96","n/e"," ","2847.25"
"22/03/2025 16:00:00 - 22/03/2025 17:00:00","CTA|IE","3196.47","n/e"," ","2734.59"
"22/03/2025 17:00:00 - 22/03/2025 18:00:00","CTA|IE","3216.85","n/e"," ","2801.52"
"22/03/2025 18:00:00 - 22/03/2025 19:00:00","CTA|IE","3210.13","n/e"," ","2786.63"
"22/03/2025 19:00:00 - 22/03/2025 20:00:00","CTA|IE","3201.41","n/e"," ","2790.90"
"22/03/2025 20:00:00 - 22/03/2025 21:00:00","CTA|IE","3197.01","n/e"," ","2777.04"
"22/03/2025 21:00:00 - 22/03/2025 22:00:00","CTA|IE","3242.04","n/e"," ","2855.55"
"22/03/2025 22:00:00 - 22/03/2025 23:00:00","CTA|IE","3300.44","n/e"," ","2917.59"
"22/03/2025 23:00:00 - 23/03/2025 00:00:00","CTA|IE","3345.44","n/e"," ","2837.20"
"23/03/2025 00:00:00 - 23/03/2025 01:00:00","CTA|IE","3421.05","n/e"," ","2866.47"
"23/03/2025 01:00:00 - 23/03/2025 02:00:00","CTA|IE","3397.10","n/e"," ","2923.81"
"23/03/2025 02:00:00 - 23/03/2025 03:00:00","CTA|IE","3411.75","n/e"," ","2944.27"
"23/03/2025 03:00:00 - 23/03/2025 04:00:00","CTA|IE","3460.01","n/e"," ","2918.76"
"23/03/2025 04:00:00 - 23/03/2025 05:00:00","CTA|IE","3486.44","n/e"," ","2869.29"
"23/03/2025 05:00:00 - 23/03/2025 06:00:00","CTA|IE","3450.23","n/e"," ","2787.75"
"23/03/2025 06:00:00 - 23/03/2025 07:00:00","CTA|IE","3413.72","n/e"," ","2794.71"
"23/03/2025 07:00:00 - 23/03/2025 08:00:00","CTA|IE","3160.78","n/e"," ","2825.13"
"23/03/2025 08:00:00 - 23/03/2025 09:00:00","CTA|IE","3111.69","n/e"," ","2831.00"
"23/03/2025 09:00:00 - 23/03/2025 10:00:00","CTA|IE","3134.28","n/e"," ","2880.92"
"23/03/2025 10:00:00 - 23/03/2025 11:00:00","CTA|IE","3165.93","n/e"," ","3005.42"
"23/03/2025 11:00:00 - 23/03/2025 12:00:00","CTA|IE","3147.78","n/e"," ","2973.53"
"23/03/2025 12:00:00 - 23/03/2025 13:00:00","CTA|IE","2919.03","n/e"," ","2868.89"
"23/03/2025 13:00:00 - 23/03/2025 14:00:00","CTA|IE","3056.09","n/e"," ","2743.33"
"23/03/2025 14:00:00 - 23/03/2025 15:00:00","CTA|IE","2999.49","n/e"," ","2836.53"
"23/03/2025 15:00:00 - 23/03/2025 16:00:00","CTA|IE","2834.46","n/e"," ","2779.32"
"23/03/2025 16:00:00 - 23/03/2025 17:00:00","CTA|IE","2733.78","n/e"," ","2618.89"
"23/03/2025 17:00:00 - 23/03/2025 18:00:00","CTA|IE","2549.61","n/e"," ","2462.23"
"23/03/2025 18:00:00 - 23/03/2025 19:00:00","CTA|IE","2228.22","n/e"," ","2218.54"
"23/03/2025 19:00:00 - 23/03/2025 20:00:00","CTA|IE","1586.70","n/e"," ","1684.67"
"23/03/2025 20:00:00 - 23/03/2025 21:00:00","CTA|IE","1393.85","n/e"," ","1422.12"
"23/03/2025 21:00:00 - 23/03/2025 22:00:00","CTA|IE","1270.90","n/e"," ","1184.81"
"23/03/2025 22:00:00 - 23/03/2025 23:00:00","CTA|IE","1129.31","n/e"," ","1129.39"
"23/03/2025 23:00:00 - 24/03/2025 00:00:00","CTA|IE","987.54","n/e"," ","992.61"
"24/03/2025 00:00:00 - 24/03/2025 01:00:00","CTA|IE","827.10","n/e"," ","849.58"
"24/03/2025 01:00:00 - 24/03/2025 02:00:00","CTA|IE","721.43","n/e"," ","669.81"
"24/03/2025 02:00:00 - 24/03/2025 03:00:00","CTA|IE","595.84","n/e"," ","562.20"
"24/03/2025 03:00:00 - 24/03/2025 04:00:00","CTA|IE","480.35","n/e"," ","456.42"
"24/03/2025 04:00:00 - 24/03/2025 05:00:00","CTA|IE","347.65","n/e"," ","404.10"
"24/03/2025 05:00:00 - 24/03/2025 06:00:00","CTA|IE","262.86","n/e"," ","360.87"
"24/03/2025 06:00:00 - 24/03/2025 07:00:00","CTA|IE","215.33","n/e"," ","329.52"
"24/03/2025 07:00:00 - 24/03/2025 08:00:00","CTA|IE","145.68","n/e"," ","330.78"
"24/03/2025 08:00:00 - 24/03/2025 09:00:00","CTA|IE","180.68","n/e"," ","348.16"
"24/03/2025 09:00:00 - 24/03/2025 10:00:00","CTA|IE","200.67","n/e"," ","276.91"
"24/03/2025 10:00:00 - 24/03/2025 11:00:00","CTA|IE","175.89","n/e"," ","246.95"
"24/03/2025 11:00:00 - 24/03/2025 12:00:00","CTA|IE","168.51","n/e"," ","276.64"
"24/03/2025 12:00:00 - 24/03/2025 13:00:00","CTA|IE","211.74","n/e"," ","403.19"
"24/03/2025 13:00:00 - 24/03/2025 14:00:00","CTA|IE","234.66","n/e"," ","464.90"
"24/03/2025 14:00:00 - 24/03/2025 15:00:00","CTA|IE","283.15","n/e"," ","524.58"
"24/03/2025 15:00:00 - 24/03/2025 16:00:00","CTA|IE","377.21","n/e"," ","574.34"
"24/03/2025 16:00:00 - 24/03/2025 17:00:00","CTA|IE","487.85","n/e"," ","786.11"
"24/03/2025 17:00:00 - 24/03/2025 18:00:00","CTA|IE","608.59","n/e"," ","889.14"
"24/03/2025 18:00:00 - 24/03/2025 19:00:00","CTA|IE","692.50","n/e"," ","921.66"
"24/03/2025 19:00:00 - 24/03/2025 20:00:00","CTA|IE","674.80","n/e"," ","917.60"
"24/03/2025 20:00:00 - 24/03/2025 21:00:00","CTA|IE","718.12","n/e"," ","946.92"
"24/03/2025 21:00:00 - 24/03/2025 22:00:00","CTA|IE","786.13","n/e"," ","974.61"
"24/03/2025 22:00:00 - 24/03/2025 23:00:00","CTA|IE","805.08","n/e"," ","982.53"
"24/03/2025 23:00:00 - 25/03/2025 00:00:00","CTA|IE","792.57","n/e"," ","843.67"
"25/03/2025 00:00:00 - 25/03/2025 01:00:00","CTA|IE","726.77","n/e"," ","755.64"
"25/03/2025 01:00:00 - 25/03/2025 02:00:00","CTA|IE","840.51","n/e"," ","715.12"
"25/03/2025 02:00:00 - 25/03/2025 03:00:00","CTA|IE","799.39","n/e"," ","619.80"
"25/03/2025 03:00:00 - 25/03/2025 04:00:00","CTA|IE","668.71","n/e"," ","503.97"
"25/03/2025 04:00:00 - 25/03/2025 05:00:00","CTA|IE","544.03","n/e"," ","538.44"
"25/03/2025 05:00:00 - 25/03/2025 06:00:00","CTA|IE","459.28","n/e"," ","547.17"
"25/03/2025 06:00:00 - 25/03/2025 07:00:00","CTA|IE","423.91","n/e"," ","480.73"
"25/03/2025 07:00:00 - 25/03/2025 08:00:00","CTA|IE","376.73","n/e"," ","476.19"
"25/03/2025 08:00:00 - 25/03/2025 09:00:00","CTA|IE","286.82","n/e"," ","483.66"
"25/03/2025 09:00:00 - 25/03/2025 10:00:00","CTA|IE","212.56","n/e"," ","449.31"
"25/03/2025 10:00:00 - 25/03/2025 11:00:00","CTA|IE","181.66","n/e"," ","326.03"
"25/03/2025 11:00:00 - 25/03/2025 12:00:00","CTA|IE","147.37","n/e"," ","195.10"
"25/03/2025 12:00:00 - 25/03/2025 13:00:00","CTA|IE","107.90","n/e"," ","139.27"
"25/03/2025 13:00:00 - 25/03/2025 14:00:00","CTA|IE","74.56","n/e"," ","132.35"
"25/03/2025 14:00:00 - 25/03/2025 15:00:00","CTA|IE","70.76","n/e"," ","130.55"
"25/03/2025 15:00:00 - 25/03/2025 16:00:00","CTA|IE","61.93","n/e"," ","128.11"
"25/03/2025 16:00:00 - 25/03/2025 17:00:00","CTA|IE","46.82","n/e"," ","97.16"
"25/03/2025 17:00:00 - 25/03/2025 18:00:00","CTA|IE","32.01","n/e"," ","60.08"
"25/03/2025 18:00:00 - 25/03/2025 19:00:00","CTA|IE","27.40","n/e"," ","45.02"
"25/03/2025 19:00:00 - 25/03/2025 20:00:00","CTA|IE","18.89","n/e"," ","41.24"
"25/03/2025 20:00:00 - 25/03/2025 21:00:00","CTA|IE","18.78","n/e"," ","45.47"
"25/03/2025 21:00:00 - 25/03/2025 22:00:00","CTA|IE","20.05","n/e"," ","37.12"
"25/03/2025 22:00:00 - 25/03/2025 23:00:00","CTA|IE","26.09","n/e"," ","55.53"
"25/03/2025 23:00:00 - 26/03/2025 00:00:00","CTA|IE","40.53","n/e"," ","78.30"
"26/03/2025 00:00:00 - 26/03/2025 01:00:00","CTA|IE","69.37","n/e"," ","103.63"
"26/03/2025 01:00:00 - 26/03/2025 02:00:00","CTA|IE","63.50","n/e"," ","169.58"
"26/03/2025 02:00:00 - 26/03/2025 03:00:00","CTA|IE","88.57","n/e"," ","279.61"
"26/03/2025 03:00:00 - 26/03/2025 04:00:00","CTA|IE","155.42","n/e"," ","337.29"
"26/03/2025 04:00:00 - 26/03/2025 05:00:00","CTA|IE","241.86","n/e"," ","351.23"
"26/03/2025 05:00:00 - 26/03/2025 06:00:00","CTA|IE","329.31","n/e"," ","393.64"
"26/03/2025 06:00:00 - 26/03/2025 07:00:00","CTA|IE","404.89","n/e"," ","449.47"
"26/03/2025 07:00:00 - 26/03/2025 08:00:00","CTA|IE","364.33","n/e"," ","458.85"
"26/03/2025 08:00:00 - 26/03/2025 09:00:00","CTA|IE","449.63","n/e"," ","535.28"
"26/03/2025 09:00:00 - 26/03/2025 10:00:00","CTA|IE","539.35","n/e"," ","607.15"
"26/03/2025 10:00:00 - 26/03/2025 11:00:00","CTA|IE","651.87","n/e"," ","691.03"
"26/03/2025 11:00:00 - 26/03/2025 12:00:00","CTA|IE","744.83","n/e"," ","739.42"
"26/03/2025 12:00:00 - 26/03/2025 13:00:00","CTA|IE","790.86","n/e"," ","813.22"
"26/03/2025 13:00:00 - 26/03/2025 14:00:00","CTA|IE","776.97","n/e"," ","929.10"
"26/03/2025 14:00:00 - 26/03/2025 15:00:00","CTA|IE","889.68","n/e"," ","1101.45"
"26/03/2025 15:00:00 - 26/03/2025 16:00:00","CTA|IE","1004.22","n/e"," ","1227.96"
"26/03/2025 16:00:00 - 26/03/2025 17:00:00","CTA|IE","1071.77","n/e"," ","1338.94"
"26/03/2025 17:00:00 - 26/03/2025 18:00:00","CTA|IE","1102.64","n/e"," ","1144.84"
"26/03/2025 18:00:00 - 26/03/2025 19:00:00","CTA|IE","1098.38","n/e"," ","1000.63"
"26/03/2025 19:00:00 - 26/03/2025 20:00:00","CTA|IE","1206.52","n/e"," ","1011.35"
"26/03/2025 20:00:00 - 26/03/2025 21:00:00","CTA|IE","1187.92","n/e"," ","1177.06"
"26/03/2025 21:00:00 - 26/03/2025 22:00:00","CTA|IE","1156.62","n/e"," ","1117.78"
"26/03/2025 22:00:00 - 26/03/2025 23:00:00","CTA|IE","1093.54","n/e"," ","1002.30"
"26/03/2025 23:00:00 - 27/03/2025 00:00:00","CTA|IE","1089.66","n/e"," ","1013.53"
"27/03/2025 00:00:00 - 27/03/2025 01:00:00","CTA|IE","1131.63","n/e"," ","948.06"
"27/03/2025 01:00:00 - 27/03/2025 02:00:00","CTA|IE","1337.43","n/e"," ","1011.26"
"27/03/2025 02:00:00 - 27/03/2025 03:00:00","CTA|IE","1370.52","n/e"," ","1226.85"
"27/03/2025 03:00:00 - 27/03/2025 04:00:00","CTA|IE","1422.30","n/e"," ","1493.94"
"27/03/2025 04:00:00 - 27/03/2025 05:00:00","CTA|IE","1520.99","n/e"," ","1706.09"
"27/03/2025 05:00:00 - 27/03/2025 06:00:00","CTA|IE","1628.74","n/e"," ","1777.18"
"27/03/2025 06:00:00 - 27/03/2025 07:00:00","CTA|IE","1849.53","n/e"," ","1823.50"
"27/03/2025 07:00:00 - 27/03/2025 08:00:00","CTA|IE","2242.19","n/e"," ","2020.33"
"27/03/2025 08:00:00 - 27/03/2025 09:00:00","CTA|IE","2417.72","n/e"," ","2202.84"
"27/03/2025 09:00:00 - 27/03/2025 10:00:00","CTA|IE","2604.07","n/e"," ","2420.17"
"27/03/2025 10:00:00 - 27/03/2025 11:00:00","CTA|IE","2810.50","n/e"," ","2647.25"
"27/03/2025 11:00:00 - 27/03/2025 12:00:00","CTA|IE","2979.44","n/e"," ","2928.58"
"27/03/2025 12:00:00 - 27/03/2025 13:00:00","CTA|IE","3179.07","n/e"," ","3000.69"
"27/03/2025 13:00:00 - 27/03/2025 14:00:00","CTA|IE","3284.35","n/e"," ","3148.99"
"27/03/2025 14:00:00 - 27/03/2025 15:00:00","CTA|IE","3436.02","n/e"," ","3258.69"
"27/03/2025 15:00:00 - 27/03/2025 16:00:00","CTA|IE","3546.61","n/e"," ","3280.69"
"27/03/2025 16:00:00 - 27/03/2025 17:00:00","CTA|IE","3620.93","n/e"," ","3295.18"
"27/03/2025 17:00:00 - 27/03/2025 18:00:00","CTA|IE","3654.04","n/e"," ","3380.29"
"27/03/2025 18:00:00 - 27/03/2025 19:00:00","CTA|IE","3612.28","n/e"," ","3508.62"
"27/03/2025 19:00:00 - 27/03/2025 20:00:00","CTA|IE","3611.89","n/e"," ","3344.70"
"27/03/2025 20:00:00 - 27/03/2025 21:00:00","CTA|IE","3583.32","n/e"," ","3254.27"
"27/03/2025 21:00:00 - 27/03/2025 22:00:00","CTA|IE","3510.63","n/e"," ","3207.75"
"27/03/2025 22:00:00 - 27/03/2025 23:00:00","CTA|IE","3399.86","n/e"," ","3113.28"
"27/03/2025 23:00:00 - 28/03/2025 00:00:00","CTA|IE","3244.68","n/e"," ","2918.56"
"28/03/2025 00:00:00 - 28/03/2025 01:00:00","CTA|IE","3143.17","n/e"," ","2783.59"
"28/03/2025 01:00:00 - 28/03/2025 02:00:00","CTA|IE","3013.32","n/e"," ","2466.04"
"28/03/2025 02:00:00 - 28/03/2025 03:00:00","CTA|IE","2889.31","n/e"," ","2489.63"
"28/03/2025 03:00:00 - 28/03/2025 04:00:00","CTA|IE","2871.64","n/e"," ","2337.68"
"28/03/2025 04:00:00 - 28/03/2025 05:00:00","CTA|IE","2982.59","n/e"," ","2433.30"
"28/03/2025 05:00:00 - 28/03/2025 06:00:00","CTA|IE","3019.47","n/e"," ","2459.36"
"28/03/2025 06:00:00 - 28/03/2025 07:00:00","CTA|IE","3097.97","n/e"," ","2622.90"
"28/03/2025 07:00:00 - 28/03/2025 08:00:00","CTA|IE","3208.49","n/e"," ","2714.32"
"28/03/2025 08:00:00 - 28/03/2025 09:00:00","CTA|IE","3278.90","n/e"," ","2635.68"
"28/03/2025 09:00:00 - 28/03/2025 10:00:00","CTA|IE","3328.66","n/e"," ","2559.11"
"28/03/2025 10:00:00 - 28/03/2025 11:00:00","CTA|IE","3485.21","n/e"," ","2639.66"
"28/03/2025 11:00:00 - 28/03/2025 12:00:00","CTA|IE","3587.82","n/e"," ","2701.23"
"28/03/2025 12:00:00 - 28/03/2025 13:00:00","CTA|IE","3567.98","n/e"," ","2686.10"
"28/03/2025 13:00:00 - 28/03/2025 14:00:00","CTA|IE","3680.52","n/e"," ","2619.89"
"28/03/2025 14:00:00 - 28/03/2025 15:00:00","CTA|IE","3695.83","n/e"," ","2477.13"
"28/03/2025 15:00:00 - 28/03/2025 16:00:00","CTA|IE","3568.85","n/e"," ","2618.21"
"28/03/2025 16:00:00 - 28/03/2025 17:00:00","CTA|IE","3451.79","n/e"," ","2625.44"
"28/03/2025 17:00:00 - 28/03/2025 18:00:00","CTA|IE","3244.76","n/e"," ","2586.18"
"28/03/2025 18:00:00 - 28/03/2025 19:00:00","CTA|IE","2874.16","n/e"," ","2365.39"
"28/03/2025 19:00:00 - 28/03/2025 20:00:00","CTA|IE","2303.33","n/e"," ","1930.92"
"28/03/2025 20:00:00 - 28/03/2025 21:00:00","CTA|IE","1764.44","n/e"," ","1425.12"
"28/03/2025 21:00:00 - 28/03/2025 22:00:00","CTA|IE","1321.55","n/e"," ","1164.76"
"28/03/2025 22:00:00 - 28/03/2025 23:00:00","CTA|IE","1107.45","n/e"," ","908.72"
"28/03/2025 23:00:00 - 29/03/2025 00:00:00","CTA|IE","993.38","n/e"," ","839.43"
"29/03/2025 00:00:00 - 29/03/2025 01:00:00","CTA|IE","890.90","n/e"," ","798.13"
"29/03/2025 01:00:00 - 29/03/2025 02:00:00","CTA|IE","759.77","n/e"," ","791.41"
"29/03/2025 02:00:00 - 29/03/2025 03:00:00","CTA|IE","693.25","n/e"," ","812.99"
"29/03/2025 03:00:00 - 29/03/2025 04:00:00","CTA|IE","729.37","n/e"," ","916.41"
"29/03/2025 04:00:00 - 29/03/2025 05:00:00","CTA|IE","868.57","n/e"," ","1052.11"
"29/03/2025 05:00:00 - 29/03/2025 06:00:00","CTA|IE","1096.80","n/e"," ","1286.47"
"29/03/2025 06:00:00 - 29/03/2025 07:00:00","CTA|IE","1342.59","n/e"," ","1558.83"
"29/03/2025 07:00:00 - 29/03/2025 08:00:00","CTA|IE","1725.82","n/e"," ","1954.06"
"29/03/2025 08:00:00 - 29/03/2025 09:00:00","CTA|IE","2113.47","n/e"," ","2339.07"
"29/03/2025 09:00:00 - 29/03/2025 10:00:00","CTA|IE","2481.42","n/e"," ","2588.68"
"29/03/2025 10:00:00 - 29/03/2025 11:00:00","CTA|IE","2773.78","n/e"," ","2790.23"
"29/03/2025 11:00:00 - 29/03/2025 12:00:00","CTA|IE","2903.19","n/e"," ","2729.94"
"29/03/2025 12:00:00 - 29/03/2025 13:00:00","CTA|IE","2805.28","n/e"," ","2431.87"
"29/03/2025 13:00:00 - 29/03/2025 14:00:00","CTA|IE","2621.40","n/e"," ","2215.47"
"29/03/2025 14:00:00 - 29/03/2025 15:00:00","CTA|IE","2740.58","n/e"," ","2198.23"
"29/03/2025 15:00:00 - 29/03/2025 16:00:00","CTA|IE","2909.96","n/e"," ","2262.24"
"29/03/2025 16:00:00 - 29/03/2025 17:00:00","CTA|IE","3046.39","n/e"," ","2440.86"
"29/03/2025 17:00:00 - 29/03/2025 18:00:00","CTA|IE","3190.76","n/e"," ","2613.39"
"29/03/2025 18:00:00 - 29/03/2025 19:00:00","CTA|IE","3306.69","n/e"," ","2916.11"
"29/03/2025 19:00:00 - 29/03/2025 20:00:00","CTA|IE","3395.53","n/e"," ","2983.77"
"29/03/2025 20:00:00 - 29/03/2025 21:00:00","CTA|IE","3358.45","n/e"," ","3011.62"
"29/03/2025 21:00:00 - 29/03/2025 22:00:00","CTA|IE","3347.83","n/e"," ","2861.33"
"29/03/2025 22:00:00 - 29/03/2025 23:00:00","CTA|IE","3270.25","n/e"," ","2761.77"
"29/03/2025 23:00:00 - 30/03/2025 00:00:00","CTA|IE","3095.19","n/e"," ","2642.01"
"30/03/2025 00:00:00 - 30/03/2025 01:00:00 (CET)","CTA|IE","2901.06","n/e"," ","2286.77"
"30/03/2025 01:00:00 (CET) - 30/03/2025 03:00:00 (CEST)","CTA|IE","2341.56","n/e"," ","2040.06"
"30/03/2025 03:00:00 (CEST) - 30/03/2025 04:00:00","CTA|IE","2069.35","n/e"," ","2005.31"
"30/03/2025 04:00:00 - 30/03/2025 05:00:00","CTA|IE","1895.66","n/e"," ","1812.20"
"30/03/2025 05:00:00 - 30/03/2025 06:00:00","CTA|IE","1758.23","n/e"," ","1566.12"
"30/03/2025 06:00:00 - 30/03/2025 07:00:00","CTA|IE","1579.67","n/e"," ","1349.51"
"30/03/2025 07:00:00 - 30/03/2025 08:00:00","CTA|IE","1364.31","n/e"," ","1281.44"
"30/03/2025 08:00:00 - 30/03/2025 09:00:00","CTA|IE","969.44","n/e"," ","1205.41"
"30/03/2025 09:00:00 - 30/03/2025 10:00:00","CTA|IE","815.97","n/e"," ","1044.74"
"30/03/2025 10:00:00 - 30/03/2025 11:00:00","CTA|IE","666.73","n/e"," ","857.83"
"30/03/2025 11:00:00 - 30/03/2025 12:00:00","CTA|IE","528.06","n/e"," ","832.55"
"30/03/2025 12:00:00 - 30/03/2025 13:00:00","CTA|IE","438.32","n/e"," ","706.98"
"30/03/2025 13:00:00 - 30/03/2025 14:00:00","CTA|IE","360.64","n/e"," ","533.68"
"30/03/2025 14:00:00 - 30/03/2025 15:00:00","CTA|IE","379.59","n/e"," ","483.95"
"30/03/2025 15:00:00 - 30/03/2025 16:00:00","CTA|IE","401.28","n/e"," ","471.54"
"30/03/2025 16:00:00 - 30/03/2025 17:00:00","CTA|IE","412.93","n/e"," ","491.00"
"30/03/2025 17:00:00 - 30/03/2025 18:00:00","CTA|IE","419.59","n/e"," ","450.40"
"30/03/2025 18:00:00 - 30/03/2025 19:00:00","CTA|IE","387.91","n/e"," ","457.37"
"30/03/2025 19:00:00 - 30/03/2025 20:00:00","CTA|IE","374.07","n/e"," ","418.11"
"30/03/2025 20:00:00 - 30/03/2025 21:00:00","CTA|IE","391.19","n/e"," ","331.08"
"30/03/2025 21:00:00 - 30/03/2025 22:00:00","CTA|IE","361.19","n/e"," ","240.09"
"30/03/2025 22:00:00 - 30/03/2025 23:00:00","CTA|IE","319.99","n/e"," ","269.92"
"30/03/2025 23:00:00 - 31/03/2025 00:00:00","CTA|IE","303.44","n/e"," ","278.49"
"31/03/2025 00:00:00 - 31/03/2025 01:00:00","CTA|IE","292.25","n/e"," ","188.72"
"31/03/2025 01:00:00 - 31/03/2025 02:00:00","CTA|IE","285.50","n/e"," ","175.47"
"31/03/2025 02:00:00 - 31/03/2025 03:00:00","CTA|IE","319.02","n/e"," ","200.26"
"31/03/2025 03:00:00 - 31/03/2025 04:00:00","CTA|IE","306.81","n/e"," ","206.00"
"31/03/2025 04:00:00 - 31/03/2025 05:00:00","CTA|IE","287.06","n/e"," ","208.09"
"31/03/2025 05:00:00 - 31/03/2025 06:00:00","CTA|IE","254.61","n/e"," ","180.79"
"31/03/2025 06:00:00 - 31/03/2025 07:00:00","CTA|IE","229.17","n/e"," ","175.44"
"31/03/2025 07:00:00 - 31/03/2025 08:00:00","CTA|IE","232.10","n/e"," ","180.72"
"31/03/2025 08:00:00 - 31/03/2025 09:00:00","CTA|IE","284.95","n/e"," ","204.34"
"31/03/2025 09:00:00 - 31/03/2025 10:00:00","CTA|IE","310.69","n/e"," ","200.20"
"31/03/2025 10:00:00 - 31/03/2025 11:00:00","CTA|IE","334.75","n/e"," ","276.46"
"31/03/2025 11:00:00 - 31/03/2025 12:00:00","CTA|IE","352.74","n/e"," ","336.63"
"31/03/2025 12:00:00 - 31/03/2025 13:00:00","CTA|IE","379.45","n/e"," ","682.78"
"31/03/2025 13:00:00 - 31/03/2025 14:00:00","CTA|IE","419.69","n/e"," ","1002.75"
"31/03/2025 14:00:00 - 31/03/2025 15:00:00","CTA|IE","420.02","n/e"," ","1148.51"
"31/03/2025 15:00:00 - 31/03/2025 16:00:00","CTA|IE","414.99","n/e"," ","1173.44"
"31/03/2025 16:00:00 - 31/03/2025 17:00:00","CTA|IE","484.84","n/e"," ","1228.53"
"31/03/2025 17:00:00 - 31/03/2025 18:00:00","CTA|IE","602.93","n/e"," ","1200.14"
"31/03/2025 18:00:00 - 31/03/2025 19:00:00","CTA|IE","691.34","n/e"," ","1251.37"
"31/03/2025 19:00:00 - 31/03/2025 20:00:00","CTA|IE","864.56","n/e"," ","1194.61"
"31/03/2025 20:00:00 - 31/03/2025 21:00:00","CTA|IE","1070.84","n/e"," ","1208.76"
"31/03/2025 21:00:00 - 31/03/2025 22:00:00","CTA|IE","1252.74","n/e"," ","1452.07"
"31/03/2025 22:00:00 - 31/03/2025 23:00:00","CTA|IE","1434.04","n/e"," ","1734.89"
"31/03/2025 23:00:00 - 01/04/2025 00:00:00","CTA|IE","1638.68","n/e"," ","2176.79"
"01/04/2025 00:00:00 - 01/04/2025 01:00:00","CTA|IE","1817.83","n/e"," ","2276.50"
"01/04/2025 01:00:00 - 01/04/2025 02:00:00","CTA|IE","2016.59","n/e"," ","2394.80"
"01/04/2025 02:00:00 - 01/04/2025 03:00:00","CTA|IE","2104.10","n/e"," ","2307.11"
"01/04/2025 03:00:00 - 01/04/2025 04:00:00","CTA|IE","2114.07","n/e"," ","2254.11"
"01/04/2025 04:00:00 - 01/04/2025 05:00:00","CTA|IE","2133.09","n/e"," ","2278.04"
"01/04/2025 05:00:00 - 01/04/2025 06:00:00","CTA|IE","2143.52","n/e"," ","2332.42"
"01/04/2025 06:00:00 - 01/04/2025 07:00:00","CTA|IE","2202.58","n/e"," ","2413.00"
"01/04/2025 07:00:00 - 01/04/2025 08:00:00","CTA|IE","2329.89","n/e"," ","2451.79"
"01/04/2025 08:00:00 - 01/04/2025 09:00:00","CTA|IE","2599.55","n/e"," ","2350.77"
"01/04/2025 09:00:00 - 01/04/2025 10:00:00","CTA|IE","2665.35","n/e"," ","2354.59"
"01/04/2025 10:00:00 - 01/04/2025 11:00:00","CTA|IE","2716.38","n/e"," ","2428.77"
"01/04/2025 11:00:00 - 01/04/2025 12:00:00","CTA|IE","2883.52","n/e"," ","2350.22"
"01/04/2025 12:00:00 - 01/04/2025 13:00:00","CTA|IE","3084.99","n/e"," ","2424.15"
"01/04/2025 13:00:00 - 01/04/2025 14:00:00","CTA|IE","3220.61","n/e"," ","2599.26"
"01/04/2025 14:00:00 - 01/04/2025 15:00:00","CTA|IE","3191.55","n/e"," ","2444.07"
"01/04/2025 15:00:00 - 01/04/2025 16:00:00","CTA|IE","3213.14","n/e"," ","2360.15"
"01/04/2025 16:00:00 - 01/04/2025 17:00:00","CTA|IE","3306.69","n/e"," ","2365.89"
"01/04/2025 17:00:00 - 01/04/2025 18:00:00","CTA|IE","3313.92","n/e"," ","2687.61"
"01/04/2025 18:00:00 - 01/04/2025 19:00:00","CTA|IE","3326.84","n/e"," ","2692.82"
"01/04/2025 19:00:00 - 01/04/2025 20:00:00","CTA|IE","3328.90","n/e"," ","2487.67"
"01/04/2025 20:00:00 - 01/04/2025 21:00:00","CTA|IE","3292.99","n/e"," ","2348.06"
"01/04/2025 21:00:00 - 01/04/2025 22:00:00","CTA|IE","2916.68","n/e"," ","2374.14"
"01/04/2025 22:00:00 - 01/04/2025 23:00:00","CTA|IE","2705.16","n/e"," ","2280.30"
"01/04/2025 23:00:00 - 02/04/2025 00:00:00","CTA|IE","2765.03","n/e"," ","2317.94"
"02/04/2025 00:00:00 - 02/04/2025 01:00:00","CTA|IE","2788.17","n/e"," ","2113.22"
"02/04/2025 01:00:00 - 02/04/2025 02:00:00","CTA|IE","2795.10","n/e"," ","2154.02"
"02/04/2025 02:00:00 - 02/04/2025 03:00:00","CTA|IE","2630.05","n/e"," ","2136.45"
"02/04/2025 03:00:00 - 02/04/2025 04:00:00","CTA|IE","2646.84","n/e"," ","2046.49"
"02/04/2025 04:00:00 - 02/04/2025 05:00:00","CTA|IE","2622.56","n/e"," ","1935.93"
"02/04/2025 05:00:00 - 02/04/2025 06:00:00","CTA|IE","2532.98","n/e"," ","1739.96"
"02/04/2025 06:00:00 - 02/04/2025 07:00:00","CTA|IE","2377.81","n/e"," ","1867.83"
"02/04/2025 07:00:00 - 02/04/2025 08:00:00","CTA|IE","2094.19","n/e"," ","2058.57"
"02/04/2025 08:00:00 - 02/04/2025 09:00:00","CTA|IE","1965.98","n/e"," ","2255.08"
"02/04/2025 09:00:00 - 02/04/2025 10:00:00","CTA|IE","1999.99","n/e"," ","1902.31"
"02/04/2025 10:00:00 - 02/04/2025 11:00:00","CTA|IE","1965.38","n/e"," ","1577.86"
"02/04/2025 11:00:00 - 02/04/2025 12:00:00","CTA|IE","1916.17","n/e"," ","1626.43"
"02/04/2025 12:00:00 - 02/04/2025 13:00:00","CTA|IE","1803.13","n/e"," ","1539.86"
"02/04/2025 13:00:00 - 02/04/2025 14:00:00","CTA|IE","1778.53","n/e"," ","1360.88"
"02/04/2025 14:00:00 - 02/04/2025 15:00:00","CTA|IE","1732.29","n/e"," ","1296.07"
"02/04/2025 15:00:00 - 02/04/2025 16:00:00","CTA|IE","1532.73","n/e"," ","1139.71"
"02/04/2025 16:00:00 - 02/04/2025 17:00:00","CTA|IE","1319.87","n/e"," ","1018.37"
"02/04/2025 17:00:00 - 02/04/2025 18:00:00","CTA|IE","1348.99","n/e"," ","1073.13"
"02/04/2025 18:00:00 - 02/04/2025 19:00:00","CTA|IE","1427.61","n/e"," ","1326.48"
"02/04/2025 19:00:00 - 02/04/2025 20:00:00","CTA|IE","1554.78","n/e"," ","1327.38"
"02/04/2025 20:00:00 - 02/04/2025 21:00:00","CTA|IE","1359.87","n/e"," ","1179.00"
"02/04/2025 21:00:00 - 02/04/2025 22:00:00","CTA|IE","1115.36","n/e"," ","1348.73"
"02/04/2025 22:00:00 - 02/04/2025 23:00:00","CTA|IE","1080.84","n/e"," ","1397.37"
"02/04/2025 23:00:00 - 03/04/2025 00:00:00","CTA|IE","1280.73","n/e"," ","1354.65"
"03/04/2025 00:00:00 - 03/04/2025 01:00:00","CTA|IE","1387.34","n/e"," ","1631.49"
"03/04/2025 01:00:00 - 03/04/2025 02:00:00","CTA|IE","1473.34","n/e"," ","1525.86"
"03/04/2025 02:00:00 - 03/04/2025 03:00:00","CTA|IE","1457.34","n/e"," ","1417.37"
"03/04/2025 03:00:00 - 03/04/2025 04:00:00","CTA|IE","1504.37","n/e"," ","1467.18"
"03/04/2025 04:00:00 - 03/04/2025 05:00:00","CTA|IE","1534.29","n/e"," ","1397.53"
"03/04/2025 05:00:00 - 03/04/2025 06:00:00","CTA|IE","1562.87","n/e"," ","1389.87"
"03/04/2025 06:00:00 - 03/04/2025 07:00:00","CTA|IE","1596.30","n/e"," ","1526.41"
"03/04/2025 07:00:00 - 03/04/2025 08:00:00","CTA|IE","1645.74","n/e"," ","1589.10"
"03/04/2025 08:00:00 - 03/04/2025 09:00:00","CTA|IE","1604.32","n/e"," ","1771.55"
"03/04/2025 09:00:00 - 03/04/2025 10:00:00","CTA|IE","1651.74","n/e"," ","1863.99"
"03/04/2025 10:00:00 - 03/04/2025 11:00:00","CTA|IE","1718.39","n/e"," ","1770.85"
"03/04/2025 11:00:00 - 03/04/2025 12:00:00","CTA|IE","1894.08","n/e"," ","1716.37"
"03/04/2025 12:00:00 - 03/04/2025 13:00:00","CTA|IE","2128.11","n/e"," ","1595.36"
"03/04/2025 13:00:00 - 03/04/2025 14:00:00","CTA|IE","2293.85","n/e"," ","1548.30"
"03/04/2025 14:00:00 - 03/04/2025 15:00:00","CTA|IE","2352.96","n/e"," ","1773.33"
"03/04/2025 15:00:00 - 03/04/2025 16:00:00","CTA|IE","2472.88","n/e"," ","1916.92"
"03/04/2025 16:00:00 - 03/04/2025 17:00:00","CTA|IE","2595.26","n/e"," ","2045.54"
"03/04/2025 17:00:00 - 03/04/2025 18:00:00","CTA|IE","2685.50","n/e"," ","2406.19"
"03/04/2025 18:00:00 - 03/04/2025 19:00:00","CTA|IE","2749.40","n/e"," ","2737.99"
"03/04/2025 19:00:00 - 03/04/2025 20:00:00","CTA|IE","2724.09","n/e"," ","2437.50"
"03/04/2025 20:00:00 - 03/04/2025 21:00:00","CTA|IE","2412.56","n/e"," ","2225.78"
"03/04/2025 21:00:00 - 03/04/2025 22:00:00","CTA|IE","2252.02","n/e"," ","2066.94"
"03/04/2025 22:00:00 - 03/04/2025 23:00:00","CTA|IE","2220.62","n/e"," ","2278.00"
"03/04/2025 23:00:00 - 04/04/2025 00:00:00","CTA|IE","2358.09","n/e"," ","2503.21"
"04/04/2025 00:00:00 - 04/04/2025 01:00:00","CTA|IE","2508.07","n/e"," ","2550.72"
"04/04/2025 01:00:00 - 04/04/2025 02:00:00","CTA|IE","2675.28","n/e"," ","2689.11"
"04/04/2025 02:00:00 - 04/04/2025 03:00:00","CTA|IE","2886.75","n/e"," ","2801.58"
"04/04/2025 03:00:00 - 04/04/2025 04:00:00","CTA|IE","2781.39","n/e"," ","2736.84"
"04/04/2025 04:00:00 - 04/04/2025 05:00:00","CTA|IE","2644.21","n/e"," ","2743.92"
"04/04/2025 05:00:00 - 04/04/2025 06:00:00","CTA|IE","2517.98","n/e"," ","2667.40"
"04/04/2025 06:00:00 - 04/04/2025 07:00:00","CTA|IE","2368.88","n/e"," ","2574.96"
"04/04/2025 07:00:00 - 04/04/2025 08:00:00","CTA|IE","2181.72","n/e"," ","2453.17"
"04/04/2025 08:00:00 - 04/04/2025 09:00:00","CTA|IE","2093.68","n/e"," ","2113.31"
"04/04/2025 09:00:00 - 04/04/2025 10:00:00","CTA|IE","1727.26","n/e"," ","1821.39"
"04/04/2025 10:00:00 - 04/04/2025 11:00:00","CTA|IE","1490.14","n/e"," ","1585.84"
"04/04/2025 11:00:00 - 04/04/2025 12:00:00","CTA|IE","1371.31","n/e"," ","1355.85"
"04/04/2025 12:00:00 - 04/04/2025 13:00:00","CTA|IE","1317.43","n/e"," ","1408.04"
"04/04/2025 13:00:00 - 04/04/2025 14:00:00","CTA|IE","1234.55","n/e"," ","1453.72"
"04/04/2025 14:00:00 - 04/04/2025 15:00:00","CTA|IE","1173.47","n/e"," ","1471.91"
"04/04/2025 15:00:00 - 04/04/2025 16:00:00","CTA|IE","1305.43","n/e"," ","1497.45"
"04/04/2025 16:00:00 - 04/04/2025 17:00:00","CTA|IE","1506.78","n/e"," ","1401.30"
"04/04/2025 17:00:00 - 04/04/2025 18:00:00","CTA|IE","1652.79","n/e"," ","1399.92"
"04/04/2025 18:00:00 - 04/04/2025 19:00:00","CTA|IE","1665.84","n/e"," ","1455.53"
"04/04/2025 19:00:00 - 04/04/2025 20:00:00","CTA|IE","1628.80","n/e"," ","1634.57"
"04/04/2025 20:00:00 - 04/04/2025 21:00:00","CTA|IE","1937.61","n/e"," ","1796.01"
"04/04/2025 21:00:00 - 04/04/2025 22:00:00","CTA|IE","2100.32","n/e"," ","1804.31"
"04/04/2025 22:00:00 - 04/04/2025 23:00:00","CTA|IE","2324.83","n/e"," ","2112.98"
"04/04/2025 23:00:00 - 05/04/2025 00:00:00","CTA|IE","2506.47","n/e"," ","2312.75"
"05/04/2025 00:00:00 - 05/04/2025 01:00:00","CTA|IE","2632.59","n/e"," ","2190.06"
"05/04/2025 01:00:00 - 05/04/2025 02:00:00","CTA|IE","2834.14","n/e"," ","2081.00"
"05/04/2025 02:00:00 - 05/04/2025 03:00:00","CTA|IE","3096.19","n/e"," ","2183.58"
"05/04/2025 03:00:00 - 05/04/2025 04:00:00","CTA|IE","3065.19","n/e"," ","2300.91"
"05/04/2025 04:00:00 - 05/04/2025 05:00:00","CTA|IE","3038.52","n/e"," ","2222.93"
"05/04/2025 05:00:00 - 05/04/2025 06:00:00","CTA|IE","3016.13","n/e"," ","2134.68"
"05/04/2025 06:00:00 - 05/04/2025 07:00:00","CTA|IE","2971.08","n/e"," ","2269.80"
"05/04/2025 07:00:00 - 05/04/2025 08:00:00","CTA|IE","2925.11","n/e"," ","2218.85"
"05/04/2025 08:00:00 - 05/04/2025 09:00:00","CTA|IE","2916.33","n/e"," ","2103.85"
"05/04/2025 09:00:00 - 05/04/2025 10:00:00","CTA|IE","2926.65","n/e"," ","2160.06"
"05/04/2025 10:00:00 - 05/04/2025 11:00:00","CTA|IE","2912.31","n/e"," ","2207.66"
"05/04/2025 11:00:00 - 05/04/2025 12:00:00","CTA|IE","2891.29","n/e"," ","1978.69"
"05/04/2025 12:00:00 - 05/04/2025 13:00:00","CTA|IE","2964.53","n/e"," ","1707.91"
"05/04/2025 13:00:00 - 05/04/2025 14:00:00","CTA|IE","2995.21","n/e"," ","1525.85"
"05/04/2025 14:00:00 - 05/04/2025 15:00:00","CTA|IE","3187.12","n/e"," ","1359.93"
"05/04/2025 15:00:00 - 05/04/2025 16:00:00","CTA|IE","3208.82","n/e"," ","1261.01"
"05/04/2025 16:00:00 - 05/04/2025 17:00:00","CTA|IE","3166.46","n/e"," ","1277.82"
"05/04/2025 17:00:00 - 05/04/2025 18:00:00","CTA|IE","3113.97","n/e"," ","1815.71"
"05/04/2025 18:00:00 - 05/04/2025 19:00:00","CTA|IE","3049.14","n/e"," ","2288.00"
"05/04/2025 19:00:00 - 05/04/2025 20:00:00","CTA|IE","2953.84","n/e"," ","2290.46"
"05/04/2025 20:00:00 - 05/04/2025 21:00:00","CTA|IE","2927.35","n/e"," ","2289.40"
"05/04/2025 21:00:00 - 05/04/2025 22:00:00","CTA|IE","2797.64","n/e"," ","2422.94"
"05/04/2025 22:00:00 - 05/04/2025 23:00:00","CTA|IE","2825.30","n/e"," ","2460.52"
"05/04/2025 23:00:00 - 06/04/2025 00:00:00","CTA|IE","2827.69","n/e"," ","2334.62"
"06/04/2025 00:00:00 - 06/04/2025 01:00:00","CTA|IE","2785.03","n/e"," ","2019.10"
"06/04/2025 01:00:00 - 06/04/2025 02:00:00","CTA|IE","2745.82","n/e"," ","1846.47"
"06/04/2025 02:00:00 - 06/04/2025 03:00:00","CTA|IE","2755.29","n/e"," ","1759.69"
"06/04/2025 03:00:00 - 06/04/2025 04:00:00","CTA|IE","2677.91","n/e"," ","1687.62"
"06/04/2025 04:00:00 - 06/04/2025 05:00:00","CTA|IE","2567.09","n/e"," ","1544.52"
"06/04/2025 05:00:00 - 06/04/2025 06:00:00","CTA|IE","2449.28","n/e"," ","1492.62"
"06/04/2025 06:00:00 - 06/04/2025 07:00:00","CTA|IE","2318.27","n/e"," ","1494.88"
"06/04/2025 07:00:00 - 06/04/2025 08:00:00","CTA|IE","2241.58","n/e"," ","1606.03"
"06/04/2025 08:00:00 - 06/04/2025 09:00:00","CTA|IE","2351.36","n/e"," ","1606.58"
"06/04/2025 09:00:00 - 06/04/2025 10:00:00","CTA|IE","2284.45","n/e"," ","1842.38"
"06/04/2025 10:00:00 - 06/04/2025 11:00:00","CTA|IE","2138.66","n/e"," ","1764.43"
"06/04/2025 11:00:00 - 06/04/2025 12:00:00","CTA|IE","2000.40","n/e"," ","1715.91"
"06/04/2025 12:00:00 - 06/04/2025 13:00:00","CTA|IE","1832.63","n/e"," ","1569.48"
"06/04/2025 13:00:00 - 06/04/2025 14:00:00","CTA|IE","1666.85","n/e"," ","1355.77"
"06/04/2025 14:00:00 - 06/04/2025 15:00:00","CTA|IE","1485.69","n/e"," ","1177.85"
"06/04/2025 15:00:00 - 06/04/2025 16:00:00","CTA|IE","1299.14","n/e"," ","1079.95"
"06/04/2025 16:00:00 - 06/04/2025 17:00:00","CTA|IE","1092.20","n/e"," ","1081.81"
"06/04/2025 17:00:00 - 06/04/2025 18:00:00","CTA|IE","927.91","n/e"," ","1007.91"
"06/04/2025 18:00:00 - 06/04/2025 19:00:00","CTA|IE","791.62","n/e"," ","754.24"
"06/04/2025 19:00:00 - 06/04/2025 20:00:00","CTA|IE","694.01","n/e"," ","482.14"
"06/04/2025 20:00:00 - 06/04/2025 21:00:00","CTA|IE","567.69","n/e"," ","309.46"
"06/04/2025 21:00:00 - 06/04/2025 22:00:00","CTA|IE","536.13","n/e"," ","363.48"
"06/04/2025 22:00:00 - 06/04/2025 23:00:00","CTA|IE","514.66","n/e"," ","426.87"
"06/04/2025 23:00:00 - 07/04/2025 00:00:00","CTA|IE","527.26","n/e"," ","462.77"
"07/04/2025 00:00:00 - 07/04/2025 01:00:00","CTA|IE","555.63","n/e"," ","429.44"
"07/04/2025 01:00:00 - 07/04/2025 02:00:00","CTA|IE","541.66","n/e"," ","355.36"
"07/04/2025 02:00:00 - 07/04/2025 03:00:00","CTA|IE","296.92","n/e"," ","287.81"
"07/04/2025 03:00:00 - 07/04/2025 04:00:00","CTA|IE","235.72","n/e"," ","208.31"
"07/04/2025 04:00:00 - 07/04/2025 05:00:00","CTA|IE","219.69","n/e"," ","165.08"
"07/04/2025 05:00:00 - 07/04/2025 06:00:00","CTA|IE","208.30","n/e"," ","151.81"
"07/04/2025 06:00:00 - 07/04/2025 07:00:00","CTA|IE","197.05","n/e"," ","141.08"
"07/04/2025 07:00:00 - 07/04/2025 08:00:00","CTA|IE","210.37","n/e"," ","112.30"
"07/04/2025 08:00:00 - 07/04/2025 09:00:00","CTA|IE","162.84","n/e"," ","131.64"
"07/04/2025 09:00:00 - 07/04/2025 10:00:00","CTA|IE","179.51","n/e"," ","119.38"
"07/04/2025 10:00:00 - 07/04/2025 11:00:00","CTA|IE","171.03","n/e"," ","101.59"
"07/04/2025 11:00:00 - 07/04/2025 12:00:00","CTA|IE","121.71","n/e"," ","101.03"
"07/04/2025 12:00:00 - 07/04/2025 13:00:00","CTA|IE","127.26","n/e"," ","144.34"
"07/04/2025 13:00:00 - 07/04/2025 14:00:00","CTA|IE","172.93","n/e"," ","171.95"
"07/04/2025 14:00:00 - 07/04/2025 15:00:00","CTA|IE","152.93","n/e"," ","185.36"
"07/04/2025 15:00:00 - 07/04/2025 16:00:00","CTA|IE","188.87","n/e"," ","223.41"
"07/04/2025 16:00:00 - 07/04/2025 17:00:00","CTA|IE","209.59","n/e"," ","297.91"
"07/04/2025 17:00:00 - 07/04/2025 18:00:00","CTA|IE","231.43","n/e"," ","363.85"
"07/04/2025 18:00:00 - 07/04/2025 19:00:00","CTA|IE","265.14","n/e"," ","386.93"
"07/04/2025 19:00:00 - 07/04/2025 20:00:00","CTA|IE","322.71","n/e"," ","376.03"
"07/04/2025 20:00:00 - 07/04/2025 21:00:00","CTA|IE","334.82","n/e"," ","330.05"
"07/04/2025 21:00:00 - 07/04/2025 22:00:00","CTA|IE","325.14","n/e"," ","448.19"
"07/04/2025 22:00:00 - 07/04/2025 23:00:00","CTA|IE","361.68","n/e"," ","584.62"
"07/04/2025 23:00:00 - 08/04/2025 00:00:00","CTA|IE","454.41","n/e"," ","646.00"
"08/04/2025 00:00:00 - 08/04/2025 01:00:00","CTA|IE","552.97","n/e"," ","731.62"
"08/04/2025 01:00:00 - 08/04/2025 02:00:00","CTA|IE","562.86","n/e"," ","710.66"
"08/04/2025 02:00:00 - 08/04/2025 03:00:00","CTA|IE","504.50","n/e"," ","689.90"
"08/04/2025 03:00:00 - 08/04/2025 04:00:00","CTA|IE","510.06","n/e"," ","686.17"
"08/04/2025 04:00:00 - 08/04/2025 05:00:00","CTA|IE","512.83","n/e"," ","647.34"
"08/04/2025 05:00:00 - 08/04/2025 06:00:00","CTA|IE","526.36","n/e"," ","639.14"
"08/04/2025 06:00:00 - 08/04/2025 07:00:00","CTA|IE","561.50","n/e"," ","685.40"
"08/04/2025 07:00:00 - 08/04/2025 08:00:00","CTA|IE","602.32","n/e"," ","694.65"
"08/04/2025 08:00:00 - 08/04/2025 09:00:00","CTA|IE","607.80","n/e"," ","561.63"
"08/04/2025 09:00:00 - 08/04/2025 10:00:00","CTA|IE","543.89","n/e"," ","533.40"
"08/04/2025 10:00:00 - 08/04/2025 11:00:00","CTA|IE","433.34","n/e"," ","418.21"
"08/04/2025 11:00:00 - 08/04/2025 12:00:00","CTA|IE","324.49","n/e"," ","367.08"
"08/04/2025 12:00:00 - 08/04/2025 13:00:00","CTA|IE","296.00","n/e"," ","396.67"
"08/04/2025 13:00:00 - 08/04/2025 14:00:00","CTA|IE","324.18","n/e"," ","451.96"
"08/04/2025 14:00:00 - 08/04/2025 15:00:00","CTA|IE","257.07","n/e"," ","413.22"
"08/04/2025 15:00:00 - 08/04/2025 16:00:00","CTA|IE","250.98","n/e"," ","363.87"
"08/04/2025 16:00:00 - 08/04/2025 17:00:00","CTA|IE","225.28","n/e"," ","291.12"
"08/04/2025 17:00:00 - 08/04/2025 18:00:00","CTA|IE","171.11","n/e"," ","212.29"
"08/04/2025 18:00:00 - 08/04/2025 19:00:00","CTA|IE","128.18","n/e"," ","184.39"
"08/04/2025 19:00:00 - 08/04/2025 20:00:00","CTA|IE","112.22","n/e"," ","184.55"
"08/04/2025 20:00:00 - 08/04/2025 21:00:00","CTA|IE","128.79","n/e"," ","208.89"
"08/04/2025 21:00:00 - 08/04/2025 22:00:00","CTA|IE","164.62","n/e"," ","237.69"
"08/04/2025 22:00:00 - 08/04/2025 23:00:00","CTA|IE","202.14","n/e"," ","312.28"
"08/04/2025 23:00:00 - 09/04/2025 00:00:00","CTA|IE","238.26","n/e"," ","324.55"
"09/04/2025 00:00:00 - 09/04/2025 01:00:00","CTA|IE","272.56","n/e"," ","330.81"
"09/04/2025 01:00:00 - 09/04/2025 02:00:00","CTA|IE","282.57","n/e"," ","244.78"
"09/04/2025 02:00:00 - 09/04/2025 03:00:00","CTA|IE","163.75","n/e"," ","166.77"
"09/04/2025 03:00:00 - 09/04/2025 04:00:00","CTA|IE","148.90","n/e"," ","151.83"
"09/04/2025 04:00:00 - 09/04/2025 05:00:00","CTA|IE","144.30","n/e"," ","149.61"
"09/04/2025 05:00:00 - 09/04/2025 06:00:00","CTA|IE","141.68","n/e"," ","133.39"
"09/04/2025 06:00:00 - 09/04/2025 07:00:00","CTA|IE","182.12","n/e"," ","133.39"
"09/04/2025 07:00:00 - 09/04/2025 08:00:00","CTA|IE","248.83","n/e"," ","177.66"
"09/04/2025 08:00:00 - 09/04/2025 09:00:00","CTA|IE","245.07","n/e"," ","217.25"
"09/04/2025 09:00:00 - 09/04/2025 10:00:00","CTA|IE","280.96","n/e"," ","227.93"
"09/04/2025 10:00:00 - 09/04/2025 11:00:00","CTA|IE","258.07","n/e"," ","169.66"
"09/04/2025 11:00:00 - 09/04/2025 12:00:00","CTA|IE","182.69","n/e"," ","154.45"
"09/04/2025 12:00:00 - 09/04/2025 13:00:00","CTA|IE","141.31","n/e"," ","174.20"
"09/04/2025 13:00:00 - 09/04/2025 14:00:00","CTA|IE","190.31","n/e"," ","253.36"
"09/04/2025 14:00:00 - 09/04/2025 15:00:00","CTA|IE","167.05","n/e"," ","396.01"
"09/04/2025 15:00:00 - 09/04/2025 16:00:00","CTA|IE","212.40","n/e"," ","390.66"
"09/04/2025 16:00:00 - 09/04/2025 17:00:00","CTA|IE","243.73","n/e"," ","294.54"
"09/04/2025 17:00:00 - 09/04/2025 18:00:00","CTA|IE","244.19","n/e"," ","223.63"
"09/04/2025 18:00:00 - 09/04/2025 19:00:00","CTA|IE","240.70","n/e"," ","228.19"
"09/04/2025 19:00:00 - 09/04/2025 20:00:00","CTA|IE","237.73","n/e"," ","231.70"
"09/04/2025 20:00:00 - 09/04/2025 21:00:00","CTA|IE","227.53","n/e"," ","215.38"
"09/04/2025 21:00:00 - 09/04/2025 22:00:00","CTA|IE","212.62","n/e"," ","257.09"
"09/04/2025 22:00:00 - 09/04/2025 23:00:00","CTA|IE","217.04","n/e"," ","271.77"
"09/04/2025 23:00:00 - 10/04/2025 00:00:00","CTA|IE","228.51","n/e"," ","262.54"
"10/04/2025 00:00:00 - 10/04/2025 01:00:00","CTA|IE","239.82","n/e"," ","236.98"
"10/04/2025 01:00:00 - 10/04/2025 02:00:00","CTA|IE","250.94","n/e"," ","230.76"
"10/04/2025 02:00:00 - 10/04/2025 03:00:00","CTA|IE","181.11","n/e"," ","219.88"
"10/04/2025 03:00:00 - 10/04/2025 04:00:00","CTA|IE","175.27","n/e"," ","202.27"
"10/04/2025 04:00:00 - 10/04/2025 05:00:00","CTA|IE","165.01","n/e"," ","219.68"
"10/04/2025 05:00:00 - 10/04/2025 06:00:00","CTA|IE","166.61","n/e"," ","170.87"
"10/04/2025 06:00:00 - 10/04/2025 07:00:00","CTA|IE","142.08","n/e"," ","129.48"
"10/04/2025 07:00:00 - 10/04/2025 08:00:00","CTA|IE","119.74","n/e"," ","79.46"
"10/04/2025 08:00:00 - 10/04/2025 09:00:00","CTA|IE","89.33","n/e"," ","52.10"
"10/04/2025 09:00:00 - 10/04/2025 10:00:00","CTA|IE","74.34","n/e"," ","50.70"
"10/04/2025 10:00:00 - 10/04/2025 11:00:00","CTA|IE","58.25","n/e"," ","41.13"
"10/04/2025 11:00:00 - 10/04/2025 12:00:00","CTA|IE","44.18","n/e"," ","29.09"
"10/04/2025 12:00:00 - 10/04/2025 13:00:00","CTA|IE","33.70","n/e"," ","35.25"
"10/04/2025 13:00:00 - 10/04/2025 14:00:00","CTA|IE","30.69","n/e"," ","37.30"
"10/04/2025 14:00:00 - 10/04/2025 15:00:00","CTA|IE","29.05","n/e"," ","48.05"
"10/04/2025 15:00:00 - 10/04/2025 16:00:00","CTA|IE","30.03","n/e"," ","66.52"
"10/04/2025 16:00:00 - 10/04/2025 17:00:00","CTA|IE","33.08","n/e"," ","104.66"
"10/04/2025 17:00:00 - 10/04/2025 18:00:00","CTA|IE","35.82","n/e"," ","136.01"
"10/04/2025 18:00:00 - 10/04/2025 19:00:00","CTA|IE","39.91","n/e"," ","131.94"
"10/04/2025 19:00:00 - 10/04/2025 20:00:00","CTA|IE","50.65","n/e"," ","96.04"
"10/04/2025 20:00:00 - 10/04/2025 21:00:00","CTA|IE","49.26","n/e"," ","66.57"
"10/04/2025 21:00:00 - 10/04/2025 22:00:00","CTA|IE","54.53","n/e"," ","72.78"
"10/04/2025 22:00:00 - 10/04/2025 23:00:00","CTA|IE","54.20","n/e"," ","64.73"
"10/04/2025 23:00:00 - 11/04/2025 00:00:00","CTA|IE","52.70","n/e"," ","57.90"
"11/04/2025 00:00:00 - 11/04/2025 01:00:00","CTA|IE","60.35","n/e"," ","62.28"
"11/04/2025 01:00:00 - 11/04/2025 02:00:00","CTA|IE","85.31","n/e"," ","43.68"
"11/04/2025 02:00:00 - 11/04/2025 03:00:00","CTA|IE","119.66","n/e"," ","38.94"
"11/04/2025 03:00:00 - 11/04/2025 04:00:00","CTA|IE","105.07","n/e"," ","34.61"
"11/04/2025 04:00:00 - 11/04/2025 05:00:00","CTA|IE","60.32","n/e"," ","31.42"
"11/04/2025 05:00:00 - 11/04/2025 06:00:00","CTA|IE","48.70","n/e"," ","34.13"
"11/04/2025 06:00:00 - 11/04/2025 07:00:00","CTA|IE","42.12","n/e"," ","34.52"
"11/04/2025 07:00:00 - 11/04/2025 08:00:00","CTA|IE","41.45","n/e"," ","36.13"
"11/04/2025 08:00:00 - 11/04/2025 09:00:00","CTA|IE","45.98","n/e"," ","51.89"
"11/04/2025 09:00:00 - 11/04/2025 10:00:00","CTA|IE","37.33","n/e"," ","70.94"
"11/04/2025 10:00:00 - 11/04/2025 11:00:00","CTA|IE","32.13","n/e"," ","45.13"
"11/04/2025 11:00:00 - 11/04/2025 12:00:00","CTA|IE","30.44","n/e"," ","44.28"
"11/04/2025 12:00:00 - 11/04/2025 13:00:00","CTA|IE","26.12","n/e"," ","55.40"
"11/04/2025 13:00:00 - 11/04/2025 14:00:00","CTA|IE","26.90","n/e"," ","78.18"
"11/04/2025 14:00:00 - 11/04/2025 15:00:00","CTA|IE","34.21","n/e"," ","119.55"
"11/04/2025 15:00:00 - 11/04/2025 16:00:00","CTA|IE","48.77","n/e"," ","156.63"
"11/04/2025 16:00:00 - 11/04/2025 17:00:00","CTA|IE","73.00","n/e"," ","222.76"
"11/04/2025 17:00:00 - 11/04/2025 18:00:00","CTA|IE","101.02","n/e"," ","252.50"
"11/04/2025 18:00:00 - 11/04/2025 19:00:00","CTA|IE","143.76","n/e"," ","248.35"
"11/04/2025 19:00:00 - 11/04/2025 20:00:00","CTA|IE","180.23","n/e"," ","220.37"
"11/04/2025 20:00:00 - 11/04/2025 21:00:00","CTA|IE","147.25","n/e"," ","163.08"
"11/04/2025 21:00:00 - 11/04/2025 22:00:00","CTA|IE","165.32","n/e"," ","180.50"
"11/04/2025 22:00:00 - 11/04/2025 23:00:00","CTA|IE","163.43","n/e"," ","226.50"
"11/04/2025 23:00:00 - 12/04/2025 00:00:00","CTA|IE","176.05","n/e"," ","200.31"
"12/04/2025 00:00:00 - 12/04/2025 01:00:00","CTA|IE","207.59","n/e"," ","192.68"
"12/04/2025 01:00:00 - 12/04/2025 02:00:00","CTA|IE","230.67","n/e"," ","218.69"
"12/04/2025 02:00:00 - 12/04/2025 03:00:00","CTA|IE","210.58","n/e"," ","231.30"
"12/04/2025 03:00:00 - 12/04/2025 04:00:00","CTA|IE","198.71","n/e"," ","273.64"
"12/04/2025 04:00:00 - 12/04/2025 05:00:00","CTA|IE","177.55","n/e"," ","300.29"
"12/04/2025 05:00:00 - 12/04/2025 06:00:00","CTA|IE","165.22","n/e"," ","292.89"
"12/04/2025 06:00:00 - 12/04/2025 07:00:00","CTA|IE","163.43","n/e"," ","288.15"
"12/04/2025 07:00:00 - 12/04/2025 08:00:00","CTA|IE","181.85","n/e"," ","267.38"
"12/04/2025 08:00:00 - 12/04/2025 09:00:00","CTA|IE","249.92","n/e"," ","225.38"
"12/04/2025 09:00:00 - 12/04/2025 10:00:00","CTA|IE","265.96","n/e"," ","229.07"
"12/04/2025 10:00:00 - 12/04/2025 11:00:00","CTA|IE","241.84","n/e"," ","181.10"
"12/04/2025 11:00:00 - 12/04/2025 12:00:00","CTA|IE","207.86","n/e"," ","256.77"
"12/04/2025 12:00:00 - 12/04/2025 13:00:00","CTA|IE","219.93","n/e"," ","337.61"
"12/04/2025 13:00:00 - 12/04/2025 14:00:00","CTA|IE","287.54","n/e"," ","421.63"
"12/04/2025 14:00:00 - 12/04/2025 15:00:00","CTA|IE","471.58","n/e"," ","506.97"
"12/04/2025 15:00:00 - 12/04/2025 16:00:00","CTA|IE","577.50","n/e"," ","729.73"
"12/04/2025 16:00:00 - 12/04/2025 17:00:00","CTA|IE","679.81","n/e"," ","863.90"
"12/04/2025 17:00:00 - 12/04/2025 18:00:00","CTA|IE","836.14","n/e"," ","922.43"
"12/04/2025 18:00:00 - 12/04/2025 19:00:00","CTA|IE","1046.81","n/e"," ","1028.27"
"12/04/2025 19:00:00 - 12/04/2025 20:00:00","CTA|IE","1255.97","n/e"," ","1065.01"
"12/04/2025 20:00:00 - 12/04/2025 21:00:00","CTA|IE","1336.05","n/e"," ","1127.69"
"12/04/2025 21:00:00 - 12/04/2025 22:00:00","CTA|IE","1327.51","n/e"," ","1041.94"
"12/04/2025 22:00:00 - 12/04/2025 23:00:00","CTA|IE","1240.90","n/e"," ","984.87"
"12/04/2025 23:00:00 - 13/04/2025 00:00:00","CTA|IE","1218.85","n/e"," ","943.57"
"13/04/2025 00:00:00 - 13/04/2025 01:00:00","CTA|IE","1263.98","n/e"," ","825.36"
"13/04/2025 01:00:00 - 13/04/2025 02:00:00","CTA|IE","1237.06","n/e"," ","869.48"
"13/04/2025 02:00:00 - 13/04/2025 03:00:00","CTA|IE","957.16","n/e"," ","774.23"
"13/04/2025 03:00:00 - 13/04/2025 04:00:00","CTA|IE","861.70","n/e"," ","826.94"
"13/04/2025 04:00:00 - 13/04/2025 05:00:00","CTA|IE","797.19","n/e"," ","719.67"
"13/04/2025 05:00:00 - 13/04/2025 06:00:00","CTA|IE","762.41","n/e"," ","675.61"
"13/04/2025 06:00:00 - 13/04/2025 07:00:00","CTA|IE","695.40","n/e"," ","544.47"
"13/04/2025 07:00:00 - 13/04/2025 08:00:00","CTA|IE","646.29","n/e"," ","511.48"
"13/04/2025 08:00:00 - 13/04/2025 09:00:00","CTA|IE","481.88","n/e"," ","484.24"
"13/04/2025 09:00:00 - 13/04/2025 10:00:00","CTA|IE","586.61","n/e"," ","407.82"
"13/04/2025 10:00:00 - 13/04/2025 11:00:00","CTA|IE","762.20","n/e"," ","376.58"
"13/04/2025 11:00:00 - 13/04/2025 12:00:00","CTA|IE","1012.94","n/e"," ","611.13"
"13/04/2025 12:00:00 - 13/04/2025 13:00:00","CTA|IE","1233.14","n/e"," ","868.92"
"13/04/2025 13:00:00 - 13/04/2025 14:00:00","CTA|IE","1331.95","n/e"," ","1057.35"
"13/04/2025 14:00:00 - 13/04/2025 15:00:00","CTA|IE","1269.47","n/e"," ","1347.03"
"13/04/2025 15:00:00 - 13/04/2025 16:00:00","CTA|IE","1399.35","n/e"," ","1482.84"
"13/04/2025 16:00:00 - 13/04/2025 17:00:00","CTA|IE","1611.98","n/e"," ","1946.21"
"13/04/2025 17:00:00 - 13/04/2025 18:00:00","CTA|IE","1759.85","n/e"," ","1951.02"
"13/04/2025 18:00:00 - 13/04/2025 19:00:00","CTA|IE","1877.59","n/e"," ","1862.74"
"13/04/2025 19:00:00 - 13/04/2025 20:00:00","CTA|IE","1922.98","n/e"," ","1920.65"
"13/04/2025 20:00:00 - 13/04/2025 21:00:00","CTA|IE","1785.11","n/e"," ","1615.37"
"13/04/2025 21:00:00 - 13/04/2025 22:00:00","CTA|IE","1694.54","n/e"," ","1551.73"
"13/04/2025 22:00:00 - 13/04/2025 23:00:00","CTA|IE","1590.47","n/e"," ","1642.57"
"13/04/2025 23:00:00 - 14/04/2025 00:00:00","CTA|IE","1483.81","n/e"," ","1615.28"
"14/04/2025 00:00:00 - 14/04/2025 01:00:00","CTA|IE","1379.19","n/e"," ","1460.61"
"14/04/2025 01:00:00 - 14/04/2025 02:00:00","CTA|IE","1237.55","n/e"," ","1254.76"
"14/04/2025 02:00:00 - 14/04/2025 03:00:00","CTA|IE","1193.29","n/e"," ","1243.46"
"14/04/2025 03:00:00 - 14/04/2025 04:00:00","CTA|IE","1081.93","n/e"," ","1147.09"
"14/04/2025 04:00:00 - 14/04/2025 05:00:00","CTA|IE","953.12","n/e"," ","1024.00"
"14/04/2025 05:00:00 - 14/04/2025 06:00:00","CTA|IE","897.56","n/e"," ","1026.06"
"14/04/2025 06:00:00 - 14/04/2025 07:00:00","CTA|IE","856.71","n/e"," ","942.94"
"14/04/2025 07:00:00 - 14/04/2025 08:00:00","CTA|IE","813.73","n/e"," ","848.61"
"14/04/2025 08:00:00 - 14/04/2025 09:00:00","CTA|IE","679.28","n/e"," ","793.64"
"14/04/2025 09:00:00 - 14/04/2025 10:00:00","CTA|IE","674.55","n/e"," ","730.69"
"14/04/2025 10:00:00 - 14/04/2025 11:00:00","CTA|IE","678.84","n/e"," ","680.66"
"14/04/2025 11:00:00 - 14/04/2025 12:00:00","CTA|IE","721.39","n/e"," ","835.78"
"14/04/2025 12:00:00 - 14/04/2025 13:00:00","CTA|IE","744.67","n/e"," ","964.23"
"14/04/2025 13:00:00 - 14/04/2025 14:00:00","CTA|IE","728.38","n/e"," ","1087.54"
"14/04/2025 14:00:00 - 14/04/2025 15:00:00","CTA|IE","912.87","n/e"," ","1159.26"
"14/04/2025 15:00:00 - 14/04/2025 16:00:00","CTA|IE","880.43","n/e"," ","1190.53"
"14/04/2025 16:00:00 - 14/04/2025 17:00:00","CTA|IE","865.62","n/e"," ","1230.32"
"14/04/2025 17:00:00 - 14/04/2025 18:00:00","CTA|IE","852.78","n/e"," ","1290.19"
"14/04/2025 18:00:00 - 14/04/2025 19:00:00","CTA|IE","819.43","n/e"," ","1291.26"
"14/04/2025 19:00:00 - 14/04/2025 20:00:00","CTA|IE","781.02","n/e"," ","1220.44"
"14/04/2025 20:00:00 - 14/04/2025 21:00:00","CTA|IE","608.59","n/e"," ","887.26"
"14/04/2025 21:00:00 - 14/04/2025 22:00:00","CTA|IE","542.55","n/e"," ","679.96"
"14/04/2025 22:00:00 - 14/04/2025 23:00:00","CTA|IE","482.91","n/e"," ","674.94"
"14/04/2025 23:00:00 - 15/04/2025 00:00:00","CTA|IE","470.72","n/e"," ","661.48"
"15/04/2025 00:00:00 - 15/04/2025 01:00:00","CTA|IE","473.04","n/e"," ","656.85"
"15/04/2025 01:00:00 - 15/04/2025 02:00:00","CTA|IE","466.12","n/e"," ","669.95"
"15/04/2025 02:00:00 - 15/04/2025 03:00:00","CTA|IE","570.43","n/e"," ","679.35"
"15/04/2025 03:00:00 - 15/04/2025 04:00:00","CTA|IE","587.19","n/e"," ","803.30"
"15/04/2025 04:00:00 - 15/04/2025 05:00:00","CTA|IE","646.56","n/e"," ","877.10"
"15/04/2025 05:00:00 - 15/04/2025 06:00:00","CTA|IE","750.57","n/e"," ","942.91"
"15/04/2025 06:00:00 - 15/04/2025 07:00:00","CTA|IE","872.66","n/e"," ","1041.22"
"15/04/2025 07:00:00 - 15/04/2025 08:00:00","CTA|IE","947.48","n/e"," ","1059.34"
"15/04/2025 08:00:00 - 15/04/2025 09:00:00","CTA|IE","1078.59","n/e"," ","1118.55"
"15/04/2025 09:00:00 - 15/04/2025 10:00:00","CTA|IE","1070.62","n/e"," ","1082.30"
"15/04/2025 10:00:00 - 15/04/2025 11:00:00","CTA|IE","1126.53","n/e"," ","1117.11"
"15/04/2025 11:00:00 - 15/04/2025 12:00:00","CTA|IE","1264.77","n/e"," ","1392.68"
"15/04/2025 12:00:00 - 15/04/2025 13:00:00","CTA|IE","1305.46","n/e"," ","1510.89"
"15/04/2025 13:00:00 - 15/04/2025 14:00:00","CTA|IE","1256.13","n/e"," ","1385.63"
"15/04/2025 14:00:00 - 15/04/2025 15:00:00","CTA|IE","1260.43","n/e"," ","1276.29"
"15/04/2025 15:00:00 - 15/04/2025 16:00:00","CTA|IE","1197.14","n/e"," ","1258.57"
"15/04/2025 16:00:00 - 15/04/2025 17:00:00","CTA|IE","1172.31","n/e"," ","1293.43"
"15/04/2025 17:00:00 - 15/04/2025 18:00:00","CTA|IE","1156.36","n/e"," ","1297.45"
"15/04/2025 18:00:00 - 15/04/2025 19:00:00","CTA|IE","1129.80","n/e"," ","1279.36"
"15/04/2025 19:00:00 - 15/04/2025 20:00:00","CTA|IE","1024.83","n/e"," ","1253.66"
"15/04/2025 20:00:00 - 15/04/2025 21:00:00","CTA|IE","851.86","n/e"," ","1172.23"
"15/04/2025 21:00:00 - 15/04/2025 22:00:00","CTA|IE","772.89","n/e"," ","1009.50"
"15/04/2025 22:00:00 - 15/04/2025 23:00:00","CTA|IE","732.43","n/e"," ","1048.08"
"15/04/2025 23:00:00 - 16/04/2025 00:00:00","CTA|IE","732.18","n/e"," ","1034.61"
"16/04/2025 00:00:00 - 16/04/2025 01:00:00","CTA|IE","784.35","n/e"," ","982.59"
"16/04/2025 01:00:00 - 16/04/2025 02:00:00","CTA|IE","814.86","n/e"," ","962.99"
"16/04/2025 02:00:00 - 16/04/2025 03:00:00","CTA|IE","869.52","n/e"," ","932.32"
"16/04/2025 03:00:00 - 16/04/2025 04:00:00","CTA|IE","955.99","n/e"," ","921.32"
"16/04/2025 04:00:00 - 16/04/2025 05:00:00","CTA|IE","1042.77","n/e"," ","959.69"
"16/04/2025 05:00:00 - 16/04/2025 06:00:00","CTA|IE","1149.30","n/e"," ","1027.62"
"16/04/2025 06:00:00 - 16/04/2025 07:00:00","CTA|IE","1263.34","n/e"," ","1118.80"
"16/04/2025 07:00:00 - 16/04/2025 08:00:00","CTA|IE","1363.28","n/e"," ","1203.47"
"16/04/2025 08:00:00 - 16/04/2025 09:00:00","CTA|IE","1516.30","n/e"," ","1277.28"
"16/04/2025 09:00:00 - 16/04/2025 10:00:00","CTA|IE","1589.95","n/e"," ","1352.30"
"16/04/2025 10:00:00 - 16/04/2025 11:00:00","CTA|IE","1686.88","n/e"," ","1500.18"
"16/04/2025 11:00:00 - 16/04/2025 12:00:00","CTA|IE","1825.22","n/e"," ","1754.78"
"16/04/2025 12:00:00 - 16/04/2025 13:00:00","CTA|IE","1906.37","n/e"," ","1873.93"
"16/04/2025 13:00:00 - 16/04/2025 14:00:00","CTA|IE","1959.46","n/e"," ","1837.03"
"16/04/2025 14:00:00 - 16/04/2025 15:00:00","CTA|IE","1759.35","n/e"," ","1845.72"
"16/04/2025 15:00:00 - 16/04/2025 16:00:00","CTA|IE","1723.98","n/e"," ","1782.49"
"16/04/2025 16:00:00 - 16/04/2025 17:00:00","CTA|IE","1611.10","n/e"," ","1730.74"
"16/04/2025 17:00:00 - 16/04/2025 18:00:00","CTA|IE","1529.97","n/e"," ","1664.30"
"16/04/2025 18:00:00 - 16/04/2025 19:00:00","CTA|IE","1408.12","n/e"," ","1511.51"
"16/04/2025 19:00:00 - 16/04/2025 20:00:00","CTA|IE","1204.03","n/e"," ","1170.97"
"16/04/2025 20:00:00 - 16/04/2025 21:00:00","CTA|IE","778.61","n/e"," ","909.08"
"16/04/2025 21:00:00 - 16/04/2025 22:00:00","CTA|IE","573.15","n/e"," ","654.94"
"16/04/2025 22:00:00 - 16/04/2025 23:00:00","CTA|IE","415.14","n/e"," ","525.32"
"16/04/2025 23:00:00 - 17/04/2025 00:00:00","CTA|IE","333.63","n/e"," ","388.83"
"17/04/2025 00:00:00 - 17/04/2025 01:00:00","CTA|IE","283.84","n/e"," ","277.62"
"17/04/2025 01:00:00 - 17/04/2025 02:00:00","CTA|IE","232.10","n/e"," ","214.13"
"17/04/2025 02:00:00 - 17/04/2025 03:00:00","CTA|IE","121.84","n/e"," ","181.52"
"17/04/2025 03:00:00 - 17/04/2025 04:00:00","CTA|IE","87.91","n/e"," ","189.39"
"17/04/2025 04:00:00 - 17/04/2025 05:00:00","CTA|IE","71.90","n/e"," ","141.36"
"17/04/2025 05:00:00 - 17/04/2025 06:00:00","CTA|IE","55.31","n/e"," ","109.71"
"17/04/2025 06:00:00 - 17/04/2025 07:00:00","CTA|IE","45.26","n/e"," ","123.50"
"17/04/2025 07:00:00 - 17/04/2025 08:00:00","CTA|IE","40.95","n/e"," ","172.39"
"17/04/2025 08:00:00 - 17/04/2025 09:00:00","CTA|IE","48.88","n/e"," ","186.61"
"17/04/2025 09:00:00 - 17/04/2025 10:00:00","CTA|IE","63.83","n/e"," ","168.76"
"17/04/2025 10:00:00 - 17/04/2025 11:00:00","CTA|IE","76.97","n/e"," ","124.68"
"17/04/2025 11:00:00 - 17/04/2025 12:00:00","CTA|IE","72.21","n/e"," ","149.68"
"17/04/2025 12:00:00 - 17/04/2025 13:00:00","CTA|IE","88.68","n/e"," ","224.44"
"17/04/2025 13:00:00 - 17/04/2025 14:00:00","CTA|IE","86.57","n/e"," ","256.20"
"17/04/2025 14:00:00 - 17/04/2025 15:00:00","CTA|IE","127.02","n/e"," ","309.31"
"17/04/2025 15:00:00 - 17/04/2025 16:00:00","CTA|IE","158.86","n/e"," ","353.98"
"17/04/2025 16:00:00 - 17/04/2025 17:00:00","CTA|IE","187.27","n/e"," ","465.27"
"17/04/2025 17:00:00 - 17/04/2025 18:00:00","CTA|IE","192.62","n/e"," ","552.75"
"17/04/2025 18:00:00 - 17/04/2025 19:00:00","CTA|IE","224.32","n/e"," ","660.44"
"17/04/2025 19:00:00 - 17/04/2025 20:00:00","CTA|IE","270.33","n/e"," ","625.93"
"17/04/2025 20:00:00 - 17/04/2025 21:00:00","CTA|IE","425.56","n/e"," ","565.00"
"17/04/2025 21:00:00 - 17/04/2025 22:00:00","CTA|IE","501.52","n/e"," ","648.25"
"17/04/2025 22:00:00 - 17/04/2025 23:00:00","CTA|IE","531.88","n/e"," ","787.78"
"17/04/2025 23:00:00 - 18/04/2025 00:00:00","CTA|IE","598.18","n/e"," ","811.68"
"18/04/2025 00:00:00 - 18/04/2025 01:00:00","CTA|IE","714.58","n/e"," ","942.61"
"18/04/2025 01:00:00 - 18/04/2025 02:00:00","CTA|IE","866.75","n/e"," ","1026.09"
"18/04/2025 02:00:00 - 18/04/2025 03:00:00","CTA|IE","1105.54","n/e"," ","1204.30"
"18/04/2025 03:00:00 - 18/04/2025 04:00:00","CTA|IE","1283.81","n/e"," ","1354.51"
"18/04/2025 04:00:00 - 18/04/2025 05:00:00","CTA|IE","1470.69","n/e"," ","1479.27"
"18/04/2025 05:00:00 - 18/04/2025 06:00:00","CTA|IE","1642.06","n/e"," ","1731.11"
"18/04/2025 06:00:00 - 18/04/2025 07:00:00","CTA|IE","1781.46","n/e"," ","1955.64"
"18/04/2025 07:00:00 - 18/04/2025 08:00:00","CTA|IE","1900.94","n/e"," ","2143.44"
"18/04/2025 08:00:00 - 18/04/2025 09:00:00","CTA|IE","2200.73","n/e"," ","2348.29"
"18/04/2025 09:00:00 - 18/04/2025 10:00:00","CTA|IE","2150.14","n/e"," ","2445.00"
"18/04/2025 10:00:00 - 18/04/2025 11:00:00","CTA|IE","2077.70","n/e"," ","2428.90"
"18/04/2025 11:00:00 - 18/04/2025 12:00:00","CTA|IE","2035.68","n/e"," ","2414.30"
"18/04/2025 12:00:00 - 18/04/2025 13:00:00","CTA|IE","1982.47","n/e"," ","2437.51"
"18/04/2025 13:00:00 - 18/04/2025 14:00:00","CTA|IE","1891.75","n/e"," ","2357.07"
"18/04/2025 14:00:00 - 18/04/2025 15:00:00","CTA|IE","1972.98","n/e"," ","2371.20"
"18/04/2025 15:00:00 - 18/04/2025 16:00:00","CTA|IE","1860.90","n/e"," ","2346.39"
"18/04/2025 16:00:00 - 18/04/2025 17:00:00","CTA|IE","1777.47","n/e"," ","2219.44"
"18/04/2025 17:00:00 - 18/04/2025 18:00:00","CTA|IE","1700.49","n/e"," ","2127.30"
"18/04/2025 18:00:00 - 18/04/2025 19:00:00","CTA|IE","1571.76","n/e"," ","2069.08"
"18/04/2025 19:00:00 - 18/04/2025 20:00:00","CTA|IE","1443.25","n/e"," ","2092.27"
"18/04/2025 20:00:00 - 18/04/2025 21:00:00","CTA|IE","1678.04","n/e"," ","1918.45"
"18/04/2025 21:00:00 - 18/04/2025 22:00:00","CTA|IE","1503.73","n/e"," ","1871.27"
"18/04/2025 22:00:00 - 18/04/2025 23:00:00","CTA|IE","1354.24","n/e"," ","1844.75"
"18/04/2025 23:00:00 - 19/04/2025 00:00:00","CTA|IE","1292.13","n/e"," ","1724.19"
"19/04/2025 00:00:00 - 19/04/2025 01:00:00","CTA|IE","1230.08","n/e"," ","1656.49"
"19/04/2025 01:00:00 - 19/04/2025 02:00:00","CTA|IE","1153.75","n/e"," ","1551.17"
"19/04/2025 02:00:00 - 19/04/2025 03:00:00","CTA|IE","1316.28","n/e"," ","1488.26"
"19/04/2025 03:00:00 - 19/04/2025 04:00:00","CTA|IE","1213.94","n/e"," ","1406.68"
"19/04/2025 04:00:00 - 19/04/2025 05:00:00","CTA|IE","1110.39","n/e"," ","1256.69"
"19/04/2025 05:00:00 - 19/04/2025 06:00:00","CTA|IE","1050.01","n/e"," ","1175.47"
"19/04/2025 06:00:00 - 19/04/2025 07:00:00","CTA|IE","972.21","n/e"," ","1165.01"
"19/04/2025 07:00:00 - 19/04/2025 08:00:00","CTA|IE","895.84","n/e"," ","1154.06"
"19/04/2025 08:00:00 - 19/04/2025 09:00:00","CTA|IE","887.36","n/e"," ","1145.98"
"19/04/2025 09:00:00 - 19/04/2025 10:00:00","CTA|IE","838.26","n/e"," ","1190.42"
"19/04/2025 10:00:00 - 19/04/2025 11:00:00","CTA|IE","794.32","n/e"," ","1081.26"
"19/04/2025 11:00:00 - 19/04/2025 12:00:00","CTA|IE","748.41","n/e"," ","939.84"
"19/04/2025 12:00:00 - 19/04/2025 13:00:00","CTA|IE","694.26","n/e"," ","784.94"
"19/04/2025 13:00:00 - 19/04/2025 14:00:00","CTA|IE","665.02","n/e"," ","675.57"
"19/04/2025 14:00:00 - 19/04/2025 15:00:00","CTA|IE","622.54","n/e"," ","564.29"
"19/04/2025 15:00:00 - 19/04/2025 16:00:00","CTA|IE","552.19","n/e"," ","496.63"
"19/04/2025 16:00:00 - 19/04/2025 17:00:00","CTA|IE","495.34","n/e"," ","439.33"
"19/04/2025 17:00:00 - 19/04/2025 18:00:00","CTA|IE","520.93","n/e"," ","377.84"
"19/04/2025 18:00:00 - 19/04/2025 19:00:00","CTA|IE","582.25","n/e"," ","348.82"
"19/04/2025 19:00:00 - 19/04/2025 20:00:00","CTA|IE","610.32","n/e"," ","307.79"
"19/04/2025 20:00:00 - 19/04/2025 21:00:00","CTA|IE","497.57","n/e"," ","314.28"
"19/04/2025 21:00:00 - 19/04/2025 22:00:00","CTA|IE","484.07","n/e"," ","316.22"
"19/04/2025 22:00:00 - 19/04/2025 23:00:00","CTA|IE","501.80","n/e"," ","301.53"
"19/04/2025 23:00:00 - 20/04/2025 00:00:00","CTA|IE","539.89","n/e"," ","309.98"
"20/04/2025 00:00:00 - 20/04/2025 01:00:00","CTA|IE","561.09","n/e"," ","357.04"
"20/04/2025 01:00:00 - 20/04/2025 02:00:00","CTA|IE","536.09","n/e"," ","435.85"
"20/04/2025 02:00:00 - 20/04/2025 03:00:00","CTA|IE","337.98","n/e"," ","397.01"
"20/04/2025 03:00:00 - 20/04/2025 04:00:00","CTA|IE","312.83","n/e"," ","412.47"
"20/04/2025 04:00:00 - 20/04/2025 05:00:00","CTA|IE","288.59","n/e"," ","327.90"
"20/04/2025 05:00:00 - 20/04/2025 06:00:00","CTA|IE","272.05","n/e"," ","267.59"
"20/04/2025 06:00:00 - 20/04/2025 07:00:00","CTA|IE","236.27","n/e"," ","253.70"
"20/04/2025 07:00:00 - 20/04/2025 08:00:00","CTA|IE","223.00","n/e"," ","278.67"
"20/04/2025 08:00:00 - 20/04/2025 09:00:00","CTA|IE","217.15","n/e"," ","296.50"
"20/04/2025 09:00:00 - 20/04/2025 10:00:00","CTA|IE","218.42","n/e"," ","274.47"
"20/04/2025 10:00:00 - 20/04/2025 11:00:00","CTA|IE","215.98","n/e"," ","267.47"
"20/04/2025 11:00:00 - 20/04/2025 12:00:00","CTA|IE","215.70","n/e"," ","267.22"
"20/04/2025 12:00:00 - 20/04/2025 13:00:00","CTA|IE","213.06","n/e"," ","287.77"
"20/04/2025 13:00:00 - 20/04/2025 14:00:00","CTA|IE","232.21","n/e"," ","318.13"
"20/04/2025 14:00:00 - 20/04/2025 15:00:00","CTA|IE","336.66","n/e"," ","443.96"
"20/04/2025 15:00:00 - 20/04/2025 16:00:00","CTA|IE","356.86","n/e"," ","531.16"
"20/04/2025 16:00:00 - 20/04/2025 17:00:00","CTA|IE","400.07","n/e"," ","569.36"
"20/04/2025 17:00:00 - 20/04/2025 18:00:00","CTA|IE","490.16","n/e"," ","591.68"
"20/04/2025 18:00:00 - 20/04/2025 19:00:00","CTA|IE","530.63","n/e"," ","604.33"
"20/04/2025 19:00:00 - 20/04/2025 20:00:00","CTA|IE","542.72","n/e"," ","558.35"
"20/04/2025 20:00:00 - 20/04/2025 21:00:00","CTA|IE","507.35","n/e"," ","490.39"
"20/04/2025 21:00:00 - 20/04/2025 22:00:00","CTA|IE","508.86","n/e"," ","546.40"
"20/04/2025 22:00:00 - 20/04/2025 23:00:00","CTA|IE","568.55","n/e"," ","504.27"
"20/04/2025 23:00:00 - 21/04/2025 00:00:00","CTA|IE","606.67","n/e"," ","494.27"
"21/04/2025 00:00:00 - 21/04/2025 01:00:00","CTA|IE","603.69","n/e"," ","545.69"
"21/04/2025 01:00:00 - 21/04/2025 02:00:00","CTA|IE","619.03","n/e"," ","431.72"
"21/04/2025 02:00:00 - 21/04/2025 03:00:00","CTA|IE","570.37","n/e"," ","386.68"
"21/04/2025 03:00:00 - 21/04/2025 04:00:00","CTA|IE","682.77","n/e"," ","501.78"
"21/04/2025 04:00:00 - 21/04/2025 05:00:00","CTA|IE","734.11","n/e"," ","610.03"
"21/04/2025 05:00:00 - 21/04/2025 06:00:00","CTA|IE","746.32","n/e"," ","704.36"
"21/04/2025 06:00:00 - 21/04/2025 07:00:00","CTA|IE","773.23","n/e"," ","827.15"
"21/04/2025 07:00:00 - 21/04/2025 08:00:00","CTA|IE","782.28","n/e"," ","822.20"
"21/04/2025 08:00:00 - 21/04/2025 09:00:00","CTA|IE","727.21","n/e"," ","746.96"
"21/04/2025 09:00:00 - 21/04/2025 10:00:00","CTA|IE","754.29","n/e"," ","702.16"
"21/04/2025 10:00:00 - 21/04/2025 11:00:00","CTA|IE","781.34","n/e"," ","866.69"
"21/04/2025 11:00:00 - 21/04/2025 12:00:00","CTA|IE","801.11","n/e"," ","1028.85"
"21/04/2025 12:00:00 - 21/04/2025 13:00:00","CTA|IE","790.39","n/e"," ","1212.28"
"21/04/2025 13:00:00 - 21/04/2025 14:00:00","CTA|IE","816.16","n/e"," ","1357.79"
"21/04/2025 14:00:00 - 21/04/2025 15:00:00","CTA|IE","810.35","n/e"," ","1417.01"
"21/04/2025 15:00:00 - 21/04/2025 16:00:00","CTA|IE","852.26","n/e"," ","1328.14"
"21/04/2025 16:00:00 - 21/04/2025 17:00:00","CTA|IE","916.31","n/e"," ","1493.97"
"21/04/2025 17:00:00 - 21/04/2025 18:00:00","CTA|IE","956.20","n/e"," ","1543.80"
"21/04/2025 18:00:00 - 21/04/2025 19:00:00","CTA|IE","873.49","n/e"," ","1391.25"
"21/04/2025 19:00:00 - 21/04/2025 20:00:00","CTA|IE","766.69","n/e"," ","1214.24"
"21/04/2025 20:00:00 - 21/04/2025 21:00:00","CTA|IE","651.97","n/e"," ","893.43"
"21/04/2025 21:00:00 - 21/04/2025 22:00:00","CTA|IE","589.75","n/e"," ","634.58"
"21/04/2025 22:00:00 - 21/04/2025 23:00:00","CTA|IE","572.05","n/e"," ","519.00"
"21/04/2025 23:00:00 - 22/04/2025 00:00:00","CTA|IE","554.43","n/e"," ","539.55"
"22/04/2025 00:00:00 - 22/04/2025 01:00:00","CTA|IE","558.30","n/e"," ","543.44"
"22/04/2025 01:00:00 - 22/04/2025 02:00:00","CTA|IE","596.33","n/e"," ","584.84"
"22/04/2025 02:00:00 - 22/04/2025 03:00:00","CTA|IE","514.82","n/e"," ","669.16"
"22/04/2025 03:00:00 - 22/04/2025 04:00:00","CTA|IE","620.50","n/e"," ","758.57"
"22/04/2025 04:00:00 - 22/04/2025 05:00:00","CTA|IE","749.19","n/e"," ","817.01"
"22/04/2025 05:00:00 - 22/04/2025 06:00:00","CTA|IE","944.55","n/e"," ","963.85"
"22/04/2025 06:00:00 - 22/04/2025 07:00:00","CTA|IE","1169.10","n/e"," ","1187.30"
"22/04/2025 07:00:00 - 22/04/2025 08:00:00","CTA|IE","1415.40","n/e"," ","1472.96"
"22/04/2025 08:00:00 - 22/04/2025 09:00:00","CTA|IE","1711.84","n/e"," ","1715.00"
"22/04/2025 09:00:00 - 22/04/2025 10:00:00","CTA|IE","2022.01","n/e"," ","2056.69"
"22/04/2025 10:00:00 - 22/04/2025 11:00:00","CTA|IE","2322.45","n/e"," ","2285.21"
"22/04/2025 11:00:00 - 22/04/2025 12:00:00","CTA|IE","2691.23","n/e"," ","2366.84"
"22/04/2025 12:00:00 - 22/04/2025 13:00:00","CTA|IE","3035.20","n/e"," ","2407.87"
"22/04/2025 13:00:00 - 22/04/2025 14:00:00","CTA|IE","3280.59","n/e"," ","2691.92"
"22/04/2025 14:00:00 - 22/04/2025 15:00:00","CTA|IE","3478.68","n/e"," ","2740.25"
"22/04/2025 15:00:00 - 22/04/2025 16:00:00","CTA|IE","3457.12","n/e"," ","2742.35"
"22/04/2025 16:00:00 - 22/04/2025 17:00:00","CTA|IE","3148.28","n/e"," ","2622.41"
"22/04/2025 17:00:00 - 22/04/2025 18:00:00","CTA|IE","2886.06","n/e"," ","2564.17"
"22/04/2025 18:00:00 - 22/04/2025 19:00:00","CTA|IE","2710.45","n/e"," ","2552.12"
"22/04/2025 19:00:00 - 22/04/2025 20:00:00","CTA|IE","2377.43","n/e"," ","2510.23"
"22/04/2025 20:00:00 - 22/04/2025 21:00:00","CTA|IE","2076.31","n/e"," ","2546.71"
"22/04/2025 21:00:00 - 22/04/2025 22:00:00","CTA|IE","1947.22","n/e"," ","2303.72"
"22/04/2025 22:00:00 - 22/04/2025 23:00:00","CTA|IE","1882.21","n/e"," ","2238.35"
"22/04/2025 23:00:00 - 23/04/2025 00:00:00","CTA|IE","1779.41","n/e"," ","2052.74"
"23/04/2025 00:00:00 - 23/04/2025 01:00:00","CTA|IE","1688.87","n/e"," ","1839.50"
"23/04/2025 01:00:00 - 23/04/2025 02:00:00","CTA|IE","1586.40","n/e"," ","1857.50"
"23/04/2025 02:00:00 - 23/04/2025 03:00:00","CTA|IE","1405.20","n/e"," ","1806.62"
"23/04/2025 03:00:00 - 23/04/2025 04:00:00","CTA|IE","1320.43","n/e"," ","1591.75"
"23/04/2025 04:00:00 - 23/04/2025 05:00:00","CTA|IE","1174.77","n/e"," ","1411.76"
"23/04/2025 05:00:00 - 23/04/2025 06:00:00","CTA|IE","995.63","n/e"," ","1200.29"
"23/04/2025 06:00:00 - 23/04/2025 07:00:00","CTA|IE","824.26","n/e"," ","952.48"
"23/04/2025 07:00:00 - 23/04/2025 08:00:00","CTA|IE","680.60","n/e"," ","815.08"
"23/04/2025 08:00:00 - 23/04/2025 09:00:00","CTA|IE","622.94","n/e"," ","797.83"
"23/04/2025 09:00:00 - 23/04/2025 10:00:00","CTA|IE","506.60","n/e"," ","630.97"
"23/04/2025 10:00:00 - 23/04/2025 11:00:00","CTA|IE","438.44","n/e"," ","594.93"
"23/04/2025 11:00:00 - 23/04/2025 12:00:00","CTA|IE","392.01","n/e"," ","569.68"
"23/04/2025 12:00:00 - 23/04/2025 13:00:00","CTA|IE","405.77","n/e"," ","533.78"
"23/04/2025 13:00:00 - 23/04/2025 14:00:00","CTA|IE","420.32","n/e"," ","479.04"
"23/04/2025 14:00:00 - 23/04/2025 15:00:00","CTA|IE","426.91","n/e"," ","385.57"
"23/04/2025 15:00:00 - 23/04/2025 16:00:00","CTA|IE","372.03","n/e"," ","313.66"
"23/04/2025 16:00:00 - 23/04/2025 17:00:00","CTA|IE","314.58","n/e"," ","239.61"
"23/04/2025 17:00:00 - 23/04/2025 18:00:00","CTA|IE","287.69","n/e"," ","205.66"
"23/04/2025 18:00:00 - 23/04/2025 19:00:00","CTA|IE","264.83","n/e"," ","173.05"
"23/04/2025 19:00:00 - 23/04/2025 20:00:00","CTA|IE","251.94","n/e"," ","168.52"
"23/04/2025 20:00:00 - 23/04/2025 21:00:00","CTA|IE","189.38","n/e"," ","129.11"
"23/04/2025 21:00:00 - 23/04/2025 22:00:00","CTA|IE","154.65","n/e"," ","96.28"
"23/04/2025 22:00:00 - 23/04/2025 23:00:00","CTA|IE","149.23","n/e"," ","128.40"
"23/04/2025 23:00:00 - 24/04/2025 00:00:00","CTA|IE","172.81","n/e"," ","177.64"
"24/04/2025 00:00:00 - 24/04/2025 01:00:00","CTA|IE","207.33","n/e"," ","217.91"
"24/04/2025 01:00:00 - 24/04/2025 02:00:00","CTA|IE","237.02","n/e"," ","277.32"
"24/04/2025 02:00:00 - 24/04/2025 03:00:00","CTA|IE","249.28","n/e"," ","388.14"
"24/04/2025 03:00:00 - 24/04/2025 04:00:00","CTA|IE","280.23","n/e"," ","481.61"
"24/04/2025 04:00:00 - 24/04/2025 05:00:00","CTA|IE","326.34","n/e"," ","472.34"
"24/04/2025 05:00:00 - 24/04/2025 06:00:00","CTA|IE","353.63","n/e"," ","535.07"
"24/04/2025 06:00:00 - 24/04/2025 07:00:00","CTA|IE","384.80","n/e"," ","629.85"
"24/04/2025 07:00:00 - 24/04/2025 08:00:00","CTA|IE","461.03","n/e"," ","707.30"
"24/04/2025 08:00:00 - 24/04/2025 09:00:00","CTA|IE","641.78","n/e"," ","864.33"
"24/04/2025 09:00:00 - 24/04/2025 10:00:00","CTA|IE","714.00","n/e"," ","949.64"
"24/04/2025 10:00:00 - 24/04/2025 11:00:00","CTA|IE","725.69","n/e"," ","1093.75"
"24/04/2025 11:00:00 - 24/04/2025 12:00:00","CTA|IE","796.89","n/e"," ","1280.78"
"24/04/2025 12:00:00 - 24/04/2025 13:00:00","CTA|IE","997.96","n/e"," ","1530.76"
"24/04/2025 13:00:00 - 24/04/2025 14:00:00","CTA|IE","1198.54","n/e"," ","1758.30"
"24/04/2025 14:00:00 - 24/04/2025 15:00:00","CTA|IE","1281.58","n/e"," ","1926.84"
"24/04/2025 15:00:00 - 24/04/2025 16:00:00","CTA|IE","1368.11","n/e"," ","1901.78"
"24/04/2025 16:00:00 - 24/04/2025 17:00:00","CTA|IE","1414.36","n/e"," ","1866.41"
"24/04/2025 17:00:00 - 24/04/2025 18:00:00","CTA|IE","1420.25","n/e"," ","1811.61"
"24/04/2025 18:00:00 - 24/04/2025 19:00:00","CTA|IE","1420.24","n/e"," ","1738.17"
"24/04/2025 19:00:00 - 24/04/2025 20:00:00","CTA|IE","1407.36","n/e"," ","1743.42"
"24/04/2025 20:00:00 - 24/04/2025 21:00:00","CTA|IE","1587.85","n/e"," ","1740.90"
"24/04/2025 21:00:00 - 24/04/2025 22:00:00","CTA|IE","1528.85","n/e"," ","1648.18"
"24/04/2025 22:00:00 - 24/04/2025 23:00:00","CTA|IE","1502.20","n/e"," ","1627.66"
"24/04/2025 23:00:00 - 25/04/2025 00:00:00","CTA|IE","1514.12","n/e"," ","1676.63"
"25/04/2025 00:00:00 - 25/04/2025 01:00:00","CTA|IE","1472.90","n/e"," ","1636.37"
"25/04/2025 01:00:00 - 25/04/2025 02:00:00","CTA|IE","1429.17","n/e"," ","1625.07"
"25/04/2025 02:00:00 - 25/04/2025 03:00:00","CTA|IE","1326.28","n/e"," ","1621.03"
"25/04/2025 03:00:00 - 25/04/2025 04:00:00","CTA|IE","1253.83","n/e"," ","1441.82"
"25/04/2025 04:00:00 - 25/04/2025 05:00:00","CTA|IE","1240.11","n/e"," ","1133.57"
"25/04/2025 05:00:00 - 25/04/2025 06:00:00","CTA|IE","1188.36","n/e"," ","1029.35"
"25/04/2025 06:00:00 - 25/04/2025 07:00:00","CTA|IE","1143.43","n/e"," ","996.08"
"25/04/2025 07:00:00 - 25/04/2025 08:00:00","CTA|IE","1099.66","n/e"," ","1044.95"
"25/04/2025 08:00:00 - 25/04/2025 09:00:00","CTA|IE","970.03","n/e"," ","1060.22"
"25/04/2025 09:00:00 - 25/04/2025 10:00:00","CTA|IE","901.80","n/e"," ","1047.70"
"25/04/2025 10:00:00 - 25/04/2025 11:00:00","CTA|IE","851.69","n/e"," ","951.14"
"25/04/2025 11:00:00 - 25/04/2025 12:00:00","CTA|IE","812.14","n/e"," ","925.15"
"25/04/2025 12:00:00 - 25/04/2025 13:00:00","CTA|IE","782.23","n/e"," ","905.14"
"25/04/2025 13:00:00 - 25/04/2025 14:00:00","CTA|IE","749.42","n/e"," ","962.25"
"25/04/2025 14:00:00 - 25/04/2025 15:00:00","CTA|IE","680.40","n/e"," ","903.33"
"25/04/2025 15:00:00 - 25/04/2025 16:00:00","CTA|IE","657.45","n/e"," ","888.88"
"25/04/2025 16:00:00 - 25/04/2025 17:00:00","CTA|IE","669.59","n/e"," ","840.36"
"25/04/2025 17:00:00 - 25/04/2025 18:00:00","CTA|IE","682.18","n/e"," ","875.94"
"25/04/2025 18:00:00 - 25/04/2025 19:00:00","CTA|IE","660.67","n/e"," ","694.04"
"25/04/2025 19:00:00 - 25/04/2025 20:00:00","CTA|IE","625.68","n/e"," ","498.19"
"25/04/2025 20:00:00 - 25/04/2025 21:00:00","CTA|IE","497.95","n/e"," ","361.33"
"25/04/2025 21:00:00 - 25/04/2025 22:00:00","CTA|IE","431.17","n/e"," ","328.86"
"25/04/2025 22:00:00 - 25/04/2025 23:00:00","CTA|IE","358.07","n/e"," ","285.65"
"25/04/2025 23:00:00 - 26/04/2025 00:00:00","CTA|IE","334.49","n/e"," ","248.38"
"26/04/2025 00:00:00 - 26/04/2025 01:00:00","CTA|IE","327.23","n/e"," ","227.58"
"26/04/2025 01:00:00 - 26/04/2025 02:00:00","CTA|IE","311.12","n/e"," ","218.49"
"26/04/2025 02:00:00 - 26/04/2025 03:00:00","CTA|IE","307.45","n/e"," ","244.24"
"26/04/2025 03:00:00 - 26/04/2025 04:00:00","CTA|IE","268.12","n/e"," ","271.96"
"26/04/2025 04:00:00 - 26/04/2025 05:00:00","CTA|IE","221.82","n/e"," ","248.46"
"26/04/2025 05:00:00 - 26/04/2025 06:00:00","CTA|IE","195.12","n/e"," ","190.98"
"26/04/2025 06:00:00 - 26/04/2025 07:00:00","CTA|IE","169.87","n/e"," ","164.25"
"26/04/2025 07:00:00 - 26/04/2025 08:00:00","CTA|IE","167.10","n/e"," ","139.40"
"26/04/2025 08:00:00 - 26/04/2025 09:00:00","CTA|IE","154.64","n/e"," ","158.99"
"26/04/2025 09:00:00 - 26/04/2025 10:00:00","CTA|IE","168.95","n/e"," ","157.12"
"26/04/2025 10:00:00 - 26/04/2025 11:00:00","CTA|IE","184.82","n/e"," ","226.03"
"26/04/2025 11:00:00 - 26/04/2025 12:00:00","CTA|IE","230.99","n/e"," ","281.54"
"26/04/2025 12:00:00 - 26/04/2025 13:00:00","CTA|IE","308.12","n/e"," ","501.22"
"26/04/2025 13:00:00 - 26/04/2025 14:00:00","CTA|IE","448.98","n/e"," ","737.90"
"26/04/2025 14:00:00 - 26/04/2025 15:00:00","CTA|IE","559.55","n/e"," ","932.23"
"26/04/2025 15:00:00 - 26/04/2025 16:00:00","CTA|IE","793.49","n/e"," ","1013.29"
"26/04/2025 16:00:00 - 26/04/2025 17:00:00","CTA|IE","1086.06","n/e"," ","1232.93"
"26/04/2025 17:00:00 - 26/04/2025 18:00:00","CTA|IE","1348.13","n/e"," ","1511.51"
"26/04/2025 18:00:00 - 26/04/2025 19:00:00","CTA|IE","1554.18","n/e"," ","1925.05"
"26/04/2025 19:00:00 - 26/04/2025 20:00:00","CTA|IE","1734.30","n/e"," ","1975.94"
"26/04/2025 20:00:00 - 26/04/2025 21:00:00","CTA|IE","2004.46","n/e"," ","2081.92"
"26/04/2025 21:00:00 - 26/04/2025 22:00:00","CTA|IE","2075.19","n/e"," ","1973.20"
"26/04/2025 22:00:00 - 26/04/2025 23:00:00","CTA|IE","2147.78","n/e"," ","2051.96"
"26/04/2025 23:00:00 - 27/04/2025 00:00:00","CTA|IE","2221.60","n/e"," ","2151.44"
"27/04/2025 00:00:00 - 27/04/2025 01:00:00","CTA|IE","2267.39","n/e"," ","2161.28"
"27/04/2025 01:00:00 - 27/04/2025 02:00:00","CTA|IE","2284.69","n/e"," ","1753.60"
"27/04/2025 02:00:00 - 27/04/2025 03:00:00","CTA|IE","2421.16","n/e"," ","2095.30"
"27/04/2025 03:00:00 - 27/04/2025 04:00:00","CTA|IE","2336.15","n/e"," ","2227.74"
"27/04/2025 04:00:00 - 27/04/2025 05:00:00","CTA|IE","2254.44","n/e"," ","1962.44"
"27/04/2025 05:00:00 - 27/04/2025 06:00:00","CTA|IE","2105.35","n/e"," ","1755.01"
"27/04/2025 06:00:00 - 27/04/2025 07:00:00","CTA|IE","1972.26","n/e"," ","1747.21"
"27/04/2025 07:00:00 - 27/04/2025 08:00:00","CTA|IE","1902.81","n/e"," ","1588.26"
"27/04/2025 08:00:00 - 27/04/2025 09:00:00","CTA|IE","2017.38","n/e"," ","1338.19"
"27/04/2025 09:00:00 - 27/04/2025 10:00:00","CTA|IE","2117.22","n/e"," ","1648.99"
"27/04/2025 10:00:00 - 27/04/2025 11:00:00","CTA|IE","2184.75","n/e"," ","1699.72"
"27/04/2025 11:00:00 - 27/04/2025 12:00:00","CTA|IE","2188.77","n/e"," ","1831.77"
"27/04/2025 12:00:00 - 27/04/2025 13:00:00","CTA|IE","2202.20","n/e"," ","1874.99"
"27/04/2025 13:00:00 - 27/04/2025 14:00:00","CTA|IE","2267.02","n/e"," ","1807.48"
"27/04/2025 14:00:00 - 27/04/2025 15:00:00","CTA|IE","2462.80","n/e"," ","1917.60"
"27/04/2025 15:00:00 - 27/04/2025 16:00:00","CTA|IE","2693.88","n/e"," ","1879.21"
"27/04/2025 16:00:00 - 27/04/2025 17:00:00","CTA|IE","2859.83","n/e"," ","2127.61"
"27/04/2025 17:00:00 - 27/04/2025 18:00:00","CTA|IE","2895.05","n/e"," ","2483.73"
"27/04/2025 18:00:00 - 27/04/2025 19:00:00","CTA|IE","2746.61","n/e"," ","2595.08"
"27/04/2025 19:00:00 - 27/04/2025 20:00:00","CTA|IE","2549.61","n/e"," ","2449.39"
"27/04/2025 20:00:00 - 27/04/2025 21:00:00","CTA|IE","2340.13","n/e"," ","2273.46"
"27/04/2025 21:00:00 - 27/04/2025 22:00:00","CTA|IE","2124.32","n/e"," ","2117.89"
"27/04/2025 22:00:00 - 27/04/2025 23:00:00","CTA|IE","1953.29","n/e"," ","2003.89"
"27/04/2025 23:00:00 - 28/04/2025 00:00:00","CTA|IE","1853.44","n/e"," ","1923.32"
"28/04/2025 00:00:00 - 28/04/2025 01:00:00","CTA|IE","1781.93","n/e"," ","1675.27"
"28/04/2025 01:00:00 - 28/04/2025 02:00:00","CTA|IE","1633.16","n/e"," ","1656.09"
"28/04/2025 02:00:00 - 28/04/2025 03:00:00","CTA|IE","1434.37","n/e"," ","1576.50"
"28/04/2025 03:00:00 - 28/04/2025 04:00:00","CTA|IE","1421.22","n/e"," ","1548.11"
"28/04/2025 04:00:00 - 28/04/2025 05:00:00","CTA|IE","1324.99","n/e"," ","1486.65"
"28/04/2025 05:00:00 - 28/04/2025 06:00:00","CTA|IE","1206.06","n/e"," ","1412.82"
"28/04/2025 06:00:00 - 28/04/2025 07:00:00","CTA|IE","1097.23","n/e"," ","1305.15"
"28/04/2025 07:00:00 - 28/04/2025 08:00:00","CTA|IE","1035.08","n/e"," ","1264.72"
"28/04/2025 08:00:00 - 28/04/2025 09:00:00","CTA|IE","973.49","n/e"," ","1251.14"
"28/04/2025 09:00:00 - 28/04/2025 10:00:00","CTA|IE","913.18","n/e"," ","1102.35"
"28/04/2025 10:00:00 - 28/04/2025 11:00:00","CTA|IE","850.07","n/e"," ","1104.90"
"28/04/2025 11:00:00 - 28/04/2025 12:00:00","CTA|IE","849.25","n/e"," ","1125.36"
"28/04/2025 12:00:00 - 28/04/2025 13:00:00","CTA|IE","885.86","n/e"," ","1101.06"
"28/04/2025 13:00:00 - 28/04/2025 14:00:00","CTA|IE","958.65","n/e"," ","1123.08"
"28/04/2025 14:00:00 - 28/04/2025 15:00:00","CTA|IE","860.28","n/e"," ","1238.16"
"28/04/2025 15:00:00 - 28/04/2025 16:00:00","CTA|IE","924.83","n/e"," ","1201.19"
"28/04/2025 16:00:00 - 28/04/2025 17:00:00","CTA|IE","1025.77","n/e"," ","1208.03"
"28/04/2025 17:00:00 - 28/04/2025 18:00:00","CTA|IE","1082.83","n/e"," ","1156.94"
"28/04/2025 18:00:00 - 28/04/2025 19:00:00","CTA|IE","1072.31","n/e"," ","1071.10"
"28/04/2025 19:00:00 - 28/04/2025 20:00:00","CTA|IE","1042.42","n/e"," ","958.42"
"28/04/2025 20:00:00 - 28/04/2025 21:00:00","CTA|IE","979.01","n/e"," ","798.38"
"28/04/2025 21:00:00 - 28/04/2025 22:00:00","CTA|IE","950.21","n/e"," ","797.75"
"28/04/2025 22:00:00 - 28/04/2025 23:00:00","CTA|IE","976.61","n/e"," ","936.19"
"28/04/2025 23:00:00 - 29/04/2025 00:00:00","CTA|IE","1082.30","n/e"," ","975.94"
"29/04/2025 00:00:00 - 29/04/2025 01:00:00","CTA|IE","1166.71","n/e"," ","1041.97"
"29/04/2025 01:00:00 - 29/04/2025 02:00:00","CTA|IE","1164.40","n/e"," ","1069.17"
"29/04/2025 02:00:00 - 29/04/2025 03:00:00","CTA|IE","1075.16","n/e"," ","1026.93"
"29/04/2025 03:00:00 - 29/04/2025 04:00:00","CTA|IE","1082.71","n/e"," ","1029.79"
"29/04/2025 04:00:00 - 29/04/2025 05:00:00","CTA|IE","1084.09","n/e"," ","898.32"
"29/04/2025 05:00:00 - 29/04/2025 06:00:00","CTA|IE","1090.07","n/e"," ","780.42"
"29/04/2025 06:00:00 - 29/04/2025 07:00:00","CTA|IE","1079.41","n/e"," ","720.32"
"29/04/2025 07:00:00 - 29/04/2025 08:00:00","CTA|IE","1041.78","n/e"," ","721.31"
"29/04/2025 08:00:00 - 29/04/2025 09:00:00","CTA|IE","1080.69","n/e"," ","777.19"
"29/04/2025 09:00:00 - 29/04/2025 10:00:00","CTA|IE","1022.12","n/e"," ","683.79"
"29/04/2025 10:00:00 - 29/04/2025 11:00:00","CTA|IE","880.91","n/e"," ","543.97"
"29/04/2025 11:00:00 - 29/04/2025 12:00:00","CTA|IE","824.43","n/e"," ","474.71"
"29/04/2025 12:00:00 - 29/04/2025 13:00:00","CTA|IE","850.25","n/e"," ","643.65"
"29/04/2025 13:00:00 - 29/04/2025 14:00:00","CTA|IE","916.34","n/e"," ","710.56"
"29/04/2025 14:00:00 - 29/04/2025 15:00:00","CTA|IE","867.33","n/e"," ","793.97"
"29/04/2025 15:00:00 - 29/04/2025 16:00:00","CTA|IE","949.40","n/e"," ","845.56"
"29/04/2025 16:00:00 - 29/04/2025 17:00:00","CTA|IE","1033.87","n/e"," ","895.76"
"29/04/2025 17:00:00 - 29/04/2025 18:00:00","CTA|IE","1050.44","n/e"," ","875.81"
"29/04/2025 18:00:00 - 29/04/2025 19:00:00","CTA|IE","1008.54","n/e"," ","780.63"
"29/04/2025 19:00:00 - 29/04/2025 20:00:00","CTA|IE","952.10","n/e"," ","706.18"
"29/04/2025 20:00:00 - 29/04/2025 21:00:00","CTA|IE","820.00","n/e"," ","621.91"
"29/04/2025 21:00:00 - 29/04/2025 22:00:00","CTA|IE","779.71","n/e"," ","623.93"
"29/04/2025 22:00:00 - 29/04/2025 23:00:00","CTA|IE","776.67","n/e"," ","753.32"
"29/04/2025 23:00:00 - 30/04/2025 00:00:00","CTA|IE","842.60","n/e"," ","831.28"
"30/04/2025 00:00:00 - 30/04/2025 01:00:00","CTA|IE","843.15","n/e"," ","797.49"
"30/04/2025 01:00:00 - 30/04/2025 02:00:00","CTA|IE","843.34","n/e"," ","845.28"
"30/04/2025 02:00:00 - 30/04/2025 03:00:00","CTA|IE","823.72","n/e"," ","878.39"
"30/04/2025 03:00:00 - 30/04/2025 04:00:00","CTA|IE","789.20","n/e"," ","790.62"
"30/04/2025 04:00:00 - 30/04/2025 05:00:00","CTA|IE","769.91","n/e"," ","803.11"
"30/04/2025 05:00:00 - 30/04/2025 06:00:00","CTA|IE","806.20","n/e"," ","822.38"
"30/04/2025 06:00:00 - 30/04/2025 07:00:00","CTA|IE","851.49","n/e"," ","746.51"
"30/04/2025 07:00:00 - 30/04/2025 08:00:00","CTA|IE","853.29","n/e"," ","775.42"
"30/04/2025 08:00:00 - 30/04/2025 09:00:00","CTA|IE","842.55","n/e"," ","755.86"
"30/04/2025 09:00:00 - 30/04/2025 10:00:00","CTA|IE","833.52","n/e"," ","672.20"
"30/04/2025 10:00:00 - 30/04/2025 11:00:00","CTA|IE","747.19","n/e"," ","582.33"
"30/04/2025 11:00:00 - 30/04/2025 12:00:00","CTA|IE","714.52","n/e"," ","528.31"
"30/04/2025 12:00:00 - 30/04/2025 13:00:00","CTA|IE","704.34","n/e"," ","651.63"
"30/04/2025 13:00:00 - 30/04/2025 14:00:00","CTA|IE","657.88","n/e"," ","737.85"
"30/04/2025 14:00:00 - 30/04/2025 15:00:00","CTA|IE","489.85","n/e"," ","677.76"
"30/04/2025 15:00:00 - 30/04/2025 16:00:00","CTA|IE","398.85","n/e"," ","538.42"
"30/04/2025 16:00:00 - 30/04/2025 17:00:00","CTA|IE","345.11","n/e"," ","371.31"
"30/04/2025 17:00:00 - 30/04/2025 18:00:00","CTA|IE","317.45","n/e"," ","283.99"
"30/04/2025 18:00:00 - 30/04/2025 19:00:00","CTA|IE","248.57","n/e"," ","252.64"
"30/04/2025 19:00:00 - 30/04/2025 20:00:00","CTA|IE","173.76","n/e"," ","221.19"
"30/04/2025 20:00:00 - 30/04/2025 21:00:00","CTA|IE","107.37","n/e"," ","192.49"
"30/04/2025 21:00:00 - 30/04/2025 22:00:00","CTA|IE","90.71","n/e"," ","195.98"
"30/04/2025 22:00:00 - 30/04/2025 23:00:00","CTA|IE","124.84","n/e"," ","244.87"
"30/04/2025 23:00:00 - 01/05/2025 00:00:00","CTA|IE","141.63","n/e"," ","253.32"
"01/05/2025 00:00:00 - 01/05/2025 01:00:00","CTA|IE","142.79","n/e"," ","240.08"
"01/05/2025 01:00:00 - 01/05/2025 02:00:00","CTA|IE","157.81","n/e"," ","203.83"
"01/05/2025 02:00:00 - 01/05/2025 03:00:00","CTA|IE","152.36","n/e"," ","170.98"
"01/05/2025 03:00:00 - 01/05/2025 04:00:00","CTA|IE","167.50","n/e"," ","143.07"
"01/05/2025 04:00:00 - 01/05/2025 05:00:00","CTA|IE","156.59","n/e"," ","144.56"
"01/05/2025 05:00:00 - 01/05/2025 06:00:00","CTA|IE","175.42","n/e"," ","144.56"
"01/05/2025 06:00:00 - 01/05/2025 07:00:00","CTA|IE","190.79","n/e"," ","144.56"
"01/05/2025 07:00:00 - 01/05/2025 08:00:00","CTA|IE","181.59","n/e"," ","144.56"
"01/05/2025 08:00:00 - 01/05/2025 09:00:00","CTA|IE","220.73","n/e"," ","144.56"
"01/05/2025 09:00:00 - 01/05/2025 10:00:00","CTA|IE","236.29","n/e"," ","144.56"
"01/05/2025 10:00:00 - 01/05/2025 11:00:00","CTA|IE","262.84","n/e"," ","144.56"
"01/05/2025 11:00:00 - 01/05/2025 12:00:00","CTA|IE","264.73","n/e"," ","209.86"
"01/05/2025 12:00:00 - 01/05/2025 13:00:00","CTA|IE","288.56","n/e"," ","260.72"
"01/05/2025 13:00:00 - 01/05/2025 14:00:00","CTA|IE","334.23","n/e"," ","294.45"
"01/05/2025 14:00:00 - 01/05/2025 15:00:00","CTA|IE","339.09","n/e"," ","437.78"
"01/05/2025 15:00:00 - 01/05/2025 16:00:00","CTA|IE","366.78","n/e"," ","460.11"
"01/05/2025 16:00:00 - 01/05/2025 17:00:00","CTA|IE","435.40","n/e"," ","509.66"
"01/05/2025 17:00:00 - 01/05/2025 18:00:00","CTA|IE","542.79","n/e"," ","620.59"
"01/05/2025 18:00:00 - 01/05/2025 19:00:00","CTA|IE","691.37","n/e"," ","704.99"
"01/05/2025 19:00:00 - 01/05/2025 20:00:00","CTA|IE","847.39","n/e"," ","883.43"
"01/05/2025 20:00:00 - 01/05/2025 21:00:00","CTA|IE","877.29","n/e"," ","936.02"
"01/05/2025 21:00:00 - 01/05/2025 22:00:00","CTA|IE","914.33","n/e"," ","964.43"
"01/05/2025 22:00:00 - 01/05/2025 23:00:00","CTA|IE","996.86","n/e"," ","1006.63"
"01/05/2025 23:00:00 - 02/05/2025 00:00:00","CTA|IE","1112.69","n/e"," ","1093.70"
"02/05/2025 00:00:00 - 02/05/2025 01:00:00","CTA|IE","1128.79","n/e"," ","1139.64"
"02/05/2025 01:00:00 - 02/05/2025 02:00:00","CTA|IE","1080.61","n/e"," ","1133.75"
"02/05/2025 02:00:00 - 02/05/2025 03:00:00","CTA|IE","925.47","n/e"," ","1126.55"
"02/05/2025 03:00:00 - 02/05/2025 04:00:00","CTA|IE","826.99","n/e"," ","1070.16"
"02/05/2025 04:00:00 - 02/05/2025 05:00:00","CTA|IE","823.11","n/e"," ","946.14"
"02/05/2025 05:00:00 - 02/05/2025 06:00:00","CTA|IE","853.07","n/e"," ","928.94"
"02/05/2025 06:00:00 - 02/05/2025 07:00:00","CTA|IE","780.13","n/e"," ","942.31"
"02/05/2025 07:00:00 - 02/05/2025 08:00:00","CTA|IE","710.33","n/e"," ","890.51"
"02/05/2025 08:00:00 - 02/05/2025 09:00:00","CTA|IE","632.21","n/e"," ","732.67"
"02/05/2025 09:00:00 - 02/05/2025 10:00:00","CTA|IE","618.14","n/e"," ","521.59"
"02/05/2025 10:00:00 - 02/05/2025 11:00:00","CTA|IE","633.69","n/e"," ","577.47"
"02/05/2025 11:00:00 - 02/05/2025 12:00:00","CTA|IE","603.47","n/e"," ","637.36"
"02/05/2025 12:00:00 - 02/05/2025 13:00:00","CTA|IE","515.04","n/e"," ","517.46"
"02/05/2025 13:00:00 - 02/05/2025 14:00:00","CTA|IE","429.98","n/e"," ","456.05"
"02/05/2025 14:00:00 - 02/05/2025 15:00:00","CTA|IE","437.04","n/e"," ","525.74"
"02/05/2025 15:00:00 - 02/05/2025 16:00:00","CTA|IE","525.36","n/e"," ","626.45"
"02/05/2025 16:00:00 - 02/05/2025 17:00:00","CTA|IE","613.02","n/e"," ","648.82"
"02/05/2025 17:00:00 - 02/05/2025 18:00:00","CTA|IE","627.93","n/e"," ","698.01"
"02/05/2025 18:00:00 - 02/05/2025 19:00:00","CTA|IE","628.70","n/e"," ","729.21"
"02/05/2025 19:00:00 - 02/05/2025 20:00:00","CTA|IE","699.85","n/e"," ","705.88"
"02/05/2025 20:00:00 - 02/05/2025 21:00:00","CTA|IE","700.82","n/e"," ","613.18"
"02/05/2025 21:00:00 - 02/05/2025 22:00:00","CTA|IE","747.39","n/e"," ","494.56"
"02/05/2025 22:00:00 - 02/05/2025 23:00:00","CTA|IE","706.21","n/e"," ","516.31"
"02/05/2025 23:00:00 - 03/05/2025 00:00:00","CTA|IE","651.35","n/e"," ","636.59"
"03/05/2025 00:00:00 - 03/05/2025 01:00:00","CTA|IE","687.76","n/e"," ","809.91"
"03/05/2025 01:00:00 - 03/05/2025 02:00:00","CTA|IE","779.65","n/e"," ","1013.67"
"03/05/2025 02:00:00 - 03/05/2025 03:00:00","CTA|IE","760.88","n/e"," ","878.61"
"03/05/2025 03:00:00 - 03/05/2025 04:00:00","CTA|IE","675.69","n/e"," ","810.73"
"03/05/2025 04:00:00 - 03/05/2025 05:00:00","CTA|IE","591.19","n/e"," ","878.21"
"03/05/2025 05:00:00 - 03/05/2025 06:00:00","CTA|IE","613.55","n/e"," ","898.85"
"03/05/2025 06:00:00 - 03/05/2025 07:00:00","CTA|IE","672.19","n/e"," ","823.93"
"03/05/2025 07:00:00 - 03/05/2025 08:00:00","CTA|IE","734.22","n/e"," ","839.44"
"03/05/2025 08:00:00 - 03/05/2025 09:00:00","CTA|IE","678.54","n/e"," ","819.13"
"03/05/2025 09:00:00 - 03/05/2025 10:00:00","CTA|IE","659.49","n/e"," ","805.90"
"03/05/2025 10:00:00 - 03/05/2025 11:00:00","CTA|IE","759.34","n/e"," ","967.65"
"03/05/2025 11:00:00 - 03/05/2025 12:00:00","CTA|IE","881.62","n/e"," ","1062.30"
"03/05/2025 12:00:00 - 03/05/2025 13:00:00","CTA|IE","947.44","n/e"," ","1066.15"
"03/05/2025 13:00:00 - 03/05/2025 14:00:00","CTA|IE","1011.08","n/e"," ","1164.14"
"03/05/2025 14:00:00 - 03/05/2025 15:00:00","CTA|IE","1183.51","n/e"," ","1285.25"
"03/05/2025 15:00:00 - 03/05/2025 16:00:00","CTA|IE","1326.84","n/e"," ","1405.84"
"03/05/2025 16:00:00 - 03/05/2025 17:00:00","CTA|IE","1318.54","n/e"," ","1451.75"
"03/05/2025 17:00:00 - 03/05/2025 18:00:00","CTA|IE","1321.99","n/e"," ","1386.32"
"03/05/2025 18:00:00 - 03/05/2025 19:00:00","CTA|IE","1292.80","n/e"," ","1249.66"
"03/05/2025 19:00:00 - 03/05/2025 20:00:00","CTA|IE","1264.73","n/e"," ","1215.73"
"03/05/2025 20:00:00 - 03/05/2025 21:00:00","CTA|IE","1140.35","n/e"," ","1251.23"
"03/05/2025 21:00:00 - 03/05/2025 22:00:00","CTA|IE","1042.97","n/e"," ","1208.71"
"03/05/2025 22:00:00 - 03/05/2025 23:00:00","CTA|IE","1018.90","n/e"," ","1292.55"
"03/05/2025 23:00:00 - 04/05/2025 00:00:00","CTA|IE","1095.11","n/e"," ","1468.43"
"04/05/2025 00:00:00 - 04/05/2025 01:00:00","CTA|IE","1167.25","n/e"," ","1337.82"
"04/05/2025 01:00:00 - 04/05/2025 02:00:00","CTA|IE","1185.96","n/e"," ","1289.31"
"04/05/2025 02:00:00 - 04/05/2025 03:00:00","CTA|IE","1056.28","n/e"," ","1359.61"
"04/05/2025 03:00:00 - 04/05/2025 04:00:00","CTA|IE","997.27","n/e"," ","1360.08"
"04/05/2025 04:00:00 - 04/05/2025 05:00:00","CTA|IE","980.37","n/e"," ","1313.44"
"04/05/2025 05:00:00 - 04/05/2025 06:00:00","CTA|IE","1025.45","n/e"," ","1270.15"
"04/05/2025 06:00:00 - 04/05/2025 07:00:00","CTA|IE","1061.83","n/e"," ","1266.17"
"04/05/2025 07:00:00 - 04/05/2025 08:00:00","CTA|IE","1036.45","n/e"," ","1211.15"
"04/05/2025 08:00:00 - 04/05/2025 09:00:00","CTA|IE","965.00","n/e"," ","1158.96"
"04/05/2025 09:00:00 - 04/05/2025 10:00:00","CTA|IE","856.58","n/e"," ","1123.75"
"04/05/2025 10:00:00 - 04/05/2025 11:00:00","CTA|IE","741.69","n/e"," ","1062.84"
"04/05/2025 11:00:00 - 04/05/2025 12:00:00","CTA|IE","647.85","n/e"," ","868.49"
"04/05/2025 12:00:00 - 04/05/2025 13:00:00","CTA|IE","591.35","n/e"," ","772.18"
"04/05/2025 13:00:00 - 04/05/2025 14:00:00","CTA|IE","584.61","n/e"," ","819.34"
"04/05/2025 14:00:00 - 04/05/2025 15:00:00","CTA|IE","634.64","n/e"," ","818.59"
"04/05/2025 15:00:00 - 04/05/2025 16:00:00","CTA|IE","606.83","n/e"," ","857.11"
"04/05/2025 16:00:00 - 04/05/2025 17:00:00","CTA|IE","560.04","n/e"," ","888.55"
"04/05/2025 17:00:00 - 04/05/2025 18:00:00","CTA|IE","547.62","n/e"," ","820.27"
"04/05/2025 18:00:00 - 04/05/2025 19:00:00","CTA|IE","563.99","n/e"," ","730.83"
"04/05/2025 19:00:00 - 04/05/2025 20:00:00","CTA|IE","627.43","n/e"," ","657.35"
"04/05/2025 20:00:00 - 04/05/2025 21:00:00","CTA|IE","683.11","n/e"," ","599.06"
"04/05/2025 21:00:00 - 04/05/2025 22:00:00","CTA|IE","667.99","n/e"," ","613.94"
"04/05/2025 22:00:00 - 04/05/2025 23:00:00","CTA|IE","619.80","n/e"," ","675.98"
"04/05/2025 23:00:00 - 05/05/2025 00:00:00","CTA|IE","584.24","n/e"," ","748.18"
"05/05/2025 00:00:00 - 05/05/2025 01:00:00","CTA|IE","585.64","n/e"," ","665.35"
"05/05/2025 01:00:00 - 05/05/2025 02:00:00","CTA|IE","559.64","n/e"," ","584.89"
"05/05/2025 02:00:00 - 05/05/2025 03:00:00","CTA|IE","513.02","n/e"," ","559.42"
"05/05/2025 03:00:00 - 05/05/2025 04:00:00","CTA|IE","461.10","n/e"," ","527.34"
"05/05/2025 04:00:00 - 05/05/2025 05:00:00","CTA|IE","420.15","n/e"," ","501.53"
"05/05/2025 05:00:00 - 05/05/2025 06:00:00","CTA|IE","370.94","n/e"," ","507.76"
"05/05/2025 06:00:00 - 05/05/2025 07:00:00","CTA|IE","355.85","n/e"," ","451.88"
"05/05/2025 07:00:00 - 05/05/2025 08:00:00","CTA|IE","346.90","n/e"," ","383.40"
"05/05/2025 08:00:00 - 05/05/2025 09:00:00","CTA|IE","328.94","n/e"," ","307.95"
"05/05/2025 09:00:00 - 05/05/2025 10:00:00","CTA|IE","284.29","n/e"," ","226.85"
"05/05/2025 10:00:00 - 05/05/2025 11:00:00","CTA|IE","251.71","n/e"," ","249.03"
"05/05/2025 11:00:00 - 05/05/2025 12:00:00","CTA|IE","256.55","n/e"," ","298.06"
"05/05/2025 12:00:00 - 05/05/2025 13:00:00","CTA|IE","229.97","n/e"," ","275.56"
"05/05/2025 13:00:00 - 05/05/2025 14:00:00","CTA|IE","233.80","n/e"," ","269.61"
"05/05/2025 14:00:00 - 05/05/2025 15:00:00","CTA|IE","230.15","n/e"," ","244.05"
"05/05/2025 15:00:00 - 05/05/2025 16:00:00","CTA|IE","230.30","n/e"," ","265.77"
"05/05/2025 16:00:00 - 05/05/2025 17:00:00","CTA|IE","216.07","n/e"," ","257.49"
"05/05/2025 17:00:00 - 05/05/2025 18:00:00","CTA|IE","190.40","n/e"," ","242.29"
"05/05/2025 18:00:00 - 05/05/2025 19:00:00","CTA|IE","173.75","n/e"," ","202.76"
"05/05/2025 19:00:00 - 05/05/2025 20:00:00","CTA|IE","164.60","n/e"," ","195.71"
"05/05/2025 20:00:00 - 05/05/2025 21:00:00","CTA|IE","137.47","n/e"," ","172.40"
"05/05/2025 21:00:00 - 05/05/2025 22:00:00","CTA|IE","125.96","n/e"," ","182.50"
"05/05/2025 22:00:00 - 05/05/2025 23:00:00","CTA|IE","134.76","n/e"," ","209.64"
"05/05/2025 23:00:00 - 06/05/2025 00:00:00","CTA|IE","162.86","n/e"," ","212.44"
"06/05/2025 00:00:00 - 06/05/2025 01:00:00","CTA|IE","141.39","n/e"," ","178.92"
"06/05/2025 01:00:00 - 06/05/2025 02:00:00","CTA|IE","102.83","n/e"," ","137.53"
"06/05/2025 02:00:00 - 06/05/2025 03:00:00","CTA|IE","42.37","n/e"," ","102.71"
"06/05/2025 03:00:00 - 06/05/2025 04:00:00","CTA|IE","29.44","n/e"," ","76.54"
"06/05/2025 04:00:00 - 06/05/2025 05:00:00","CTA|IE","20.20","n/e"," ","44.94"
"06/05/2025 05:00:00 - 06/05/2025 06:00:00","CTA|IE","18.25","n/e"," ","24.54"
"06/05/2025 06:00:00 - 06/05/2025 07:00:00","CTA|IE","18.18","n/e"," ","21.87"
"06/05/2025 07:00:00 - 06/05/2025 08:00:00","CTA|IE","18.83","n/e"," ","14.13"
"06/05/2025 08:00:00 - 06/05/2025 09:00:00","CTA|IE","15.77","n/e"," ","15.24"
"06/05/2025 09:00:00 - 06/05/2025 10:00:00","CTA|IE","17.31","n/e"," ","16.62"
"06/05/2025 10:00:00 - 06/05/2025 11:00:00","CTA|IE","16.44","n/e"," ","18.51"
"06/05/2025 11:00:00 - 06/05/2025 12:00:00","CTA|IE","12.02","n/e"," ","22.53"
"06/05/2025 12:00:00 - 06/05/2025 13:00:00","CTA|IE","12.36","n/e"," ","54.68"
"06/05/2025 13:00:00 - 06/05/2025 14:00:00","CTA|IE","18.86","n/e"," ","58.72"
"06/05/2025 14:00:00 - 06/05/2025 15:00:00","CTA|IE","22.54","n/e"," ","54.07"
"06/05/2025 15:00:00 - 06/05/2025 16:00:00","CTA|IE","23.86","n/e"," ","68.63"
"06/05/2025 16:00:00 - 06/05/2025 17:00:00","CTA|IE","26.06","n/e"," ","90.59"
"06/05/2025 17:00:00 - 06/05/2025 18:00:00","CTA|IE","27.73","n/e"," ","111.95"
"06/05/2025 18:00:00 - 06/05/2025 19:00:00","CTA|IE","28.41","n/e"," ","142.35"
"06/05/2025 19:00:00 - 06/05/2025 20:00:00","CTA|IE","32.82","n/e"," ","132.52"
"06/05/2025 20:00:00 - 06/05/2025 21:00:00","CTA|IE","51.13","n/e"," ","155.10"
"06/05/2025 21:00:00 - 06/05/2025 22:00:00","CTA|IE","76.70","n/e"," ","173.75"
"06/05/2025 22:00:00 - 06/05/2025 23:00:00","CTA|IE","137.98","n/e"," ","208.10"
"06/05/2025 23:00:00 - 07/05/2025 00:00:00","CTA|IE","187.16","n/e"," ","200.77"
"07/05/2025 00:00:00 - 07/05/2025 01:00:00","CTA|IE","215.53","n/e"," ","295.35"
"07/05/2025 01:00:00 - 07/05/2025 02:00:00","CTA|IE","220.28","n/e"," ","295.09"
"07/05/2025 02:00:00 - 07/05/2025 03:00:00","CTA|IE","176.40","n/e"," ","284.97"
"07/05/2025 03:00:00 - 07/05/2025 04:00:00","CTA|IE","155.04","n/e"," ","247.82"
"07/05/2025 04:00:00 - 07/05/2025 05:00:00","CTA|IE","129.05","n/e"," ","200.86"
"07/05/2025 05:00:00 - 07/05/2025 06:00:00","CTA|IE","99.90","n/e"," ","142.85"
"07/05/2025 06:00:00 - 07/05/2025 07:00:00","CTA|IE","77.64","n/e"," ","112.62"
"07/05/2025 07:00:00 - 07/05/2025 08:00:00","CTA|IE","71.51","n/e"," ","123.22"
"07/05/2025 08:00:00 - 07/05/2025 09:00:00","CTA|IE","59.34","n/e"," ","128.34"
"07/05/2025 09:00:00 - 07/05/2025 10:00:00","CTA|IE","58.05","n/e"," ","82.13"
"07/05/2025 10:00:00 - 07/05/2025 11:00:00","CTA|IE","53.75","n/e"," ","57.42"
"07/05/2025 11:00:00 - 07/05/2025 12:00:00","CTA|IE","42.35","n/e"," ","51.45"
"07/05/2025 12:00:00 - 07/05/2025 13:00:00","CTA|IE","40.63","n/e"," ","64.72"
"07/05/2025 13:00:00 - 07/05/2025 14:00:00","CTA|IE","46.15","n/e"," ","111.43"
"07/05/2025 14:00:00 - 07/05/2025 15:00:00","CTA|IE","42.03","n/e"," ","115.14"
"07/05/2025 15:00:00 - 07/05/2025 16:00:00","CTA|IE","45.74","n/e"," ","118.39"
"07/05/2025 16:00:00 - 07/05/2025 17:00:00","CTA|IE","55.19","n/e"," ","149.03"
"07/05/2025 17:00:00 - 07/05/2025 18:00:00","CTA|IE","73.64","n/e"," ","166.92"
"07/05/2025 18:00:00 - 07/05/2025 19:00:00","CTA|IE","101.34","n/e"," ","192.95"
"07/05/2025 19:00:00 - 07/05/2025 20:00:00","CTA|IE","127.21","n/e"," ","240.44"
"07/05/2025 20:00:00 - 07/05/2025 21:00:00","CTA|IE","173.93","n/e"," ","327.65"
"07/05/2025 21:00:00 - 07/05/2025 22:00:00","CTA|IE","216.50","n/e"," ","354.90"
"07/05/2025 22:00:00 - 07/05/2025 23:00:00","CTA|IE","272.80","n/e"," ","419.73"
"07/05/2025 23:00:00 - 08/05/2025 00:00:00","CTA|IE","312.18","n/e"," ","516.41"
"08/05/2025 00:00:00 - 08/05/2025 01:00:00","CTA|IE","328.74","n/e"," ","505.80"
"08/05/2025 01:00:00 - 08/05/2025 02:00:00","CTA|IE","305.12","n/e"," ","518.89"
"08/05/2025 02:00:00 - 08/05/2025 03:00:00","CTA|IE","276.56","n/e"," ","501.98"
"08/05/2025 03:00:00 - 08/05/2025 04:00:00","CTA|IE","222.43","n/e"," ","472.63"
"08/05/2025 04:00:00 - 08/05/2025 05:00:00","CTA|IE","180.47","n/e"," ","368.67"
"08/05/2025 05:00:00 - 08/05/2025 06:00:00","CTA|IE","163.36","n/e"," ","331.19"
"08/05/2025 06:00:00 - 08/05/2025 07:00:00","CTA|IE","160.56","n/e"," ","336.78"
"08/05/2025 07:00:00 - 08/05/2025 08:00:00","CTA|IE","160.32","n/e"," ","338.25"
"08/05/2025 08:00:00 - 08/05/2025 09:00:00","CTA|IE","190.69","n/e"," ","273.90"
"08/05/2025 09:00:00 - 08/05/2025 10:00:00","CTA|IE","167.11","n/e"," ","171.31"
"08/05/2025 10:00:00 - 08/05/2025 11:00:00","CTA|IE","134.44","n/e"," ","175.54"
"08/05/2025 11:00:00 - 08/05/2025 12:00:00","CTA|IE","112.19","n/e"," ","198.76"
"08/05/2025 12:00:00 - 08/05/2025 13:00:00","CTA|IE","131.01","n/e"," ","230.27"
"08/05/2025 13:00:00 - 08/05/2025 14:00:00","CTA|IE","159.38","n/e"," ","215.69"
"08/05/2025 14:00:00 - 08/05/2025 15:00:00","CTA|IE","146.09","n/e"," ","194.56"
"08/05/2025 15:00:00 - 08/05/2025 16:00:00","CTA|IE","114.98","n/e"," ","174.59"
"08/05/2025 16:00:00 - 08/05/2025 17:00:00","CTA|IE","86.35","n/e"," ","184.16"
"08/05/2025 17:00:00 - 08/05/2025 18:00:00","CTA|IE","68.24","n/e"," ","170.43"
"08/05/2025 18:00:00 - 08/05/2025 19:00:00","CTA|IE","76.44","n/e"," ","165.32"
"08/05/2025 19:00:00 - 08/05/2025 20:00:00","CTA|IE","97.38","n/e"," ","156.91"
"08/05/2025 20:00:00 - 08/05/2025 21:00:00","CTA|IE","127.08","n/e"," ","125.09"
"08/05/2025 21:00:00 - 08/05/2025 22:00:00","CTA|IE","139.28","n/e"," ","97.17"
"08/05/2025 22:00:00 - 08/05/2025 23:00:00","CTA|IE","140.90","n/e"," ","115.38"
"08/05/2025 23:00:00 - 09/05/2025 00:00:00","CTA|IE","135.41","n/e"," ","122.77"
"09/05/2025 00:00:00 - 09/05/2025 01:00:00","CTA|IE","109.77","n/e"," ","101.96"
"09/05/2025 01:00:00 - 09/05/2025 02:00:00","CTA|IE","93.51","n/e"," ","73.97"
"09/05/2025 02:00:00 - 09/05/2025 03:00:00","CTA|IE","79.64","n/e"," ","79.98"
"09/05/2025 03:00:00 - 09/05/2025 04:00:00","CTA|IE","76.67","n/e"," ","83.77"
"09/05/2025 04:00:00 - 09/05/2025 05:00:00","CTA|IE","67.29","n/e"," ","91.28"
"09/05/2025 05:00:00 - 09/05/2025 06:00:00","CTA|IE","40.83","n/e"," ","92.88"
"09/05/2025 06:00:00 - 09/05/2025 07:00:00","CTA|IE","34.19","n/e"," ","99.98"
"09/05/2025 07:00:00 - 09/05/2025 08:00:00","CTA|IE","27.52","n/e"," ","97.06"
"09/05/2025 08:00:00 - 09/05/2025 09:00:00","CTA|IE","28.97","n/e"," ","73.49"
"09/05/2025 09:00:00 - 09/05/2025 10:00:00","CTA|IE","29.61","n/e"," ","35.85"
"09/05/2025 10:00:00 - 09/05/2025 11:00:00","CTA|IE","27.01","n/e"," ","29.12"
"09/05/2025 11:00:00 - 09/05/2025 12:00:00","CTA|IE","22.58","n/e"," ","26.56"
"09/05/2025 12:00:00 - 09/05/2025 13:00:00","CTA|IE","25.83","n/e"," ","30.68"
"09/05/2025 13:00:00 - 09/05/2025 14:00:00","CTA|IE","26.11","n/e"," ","41.24"
"09/05/2025 14:00:00 - 09/05/2025 15:00:00","CTA|IE","30.99","n/e"," ","53.62"
"09/05/2025 15:00:00 - 09/05/2025 16:00:00","CTA|IE","38.34","n/e"," ","65.71"
"09/05/2025 16:00:00 - 09/05/2025 17:00:00","CTA|IE","37.51","n/e"," ","79.44"
"09/05/2025 17:00:00 - 09/05/2025 18:00:00","CTA|IE","36.00","n/e"," ","100.50"
"09/05/2025 18:00:00 - 09/05/2025 19:00:00","CTA|IE","46.97","n/e"," ","128.12"
"09/05/2025 19:00:00 - 09/05/2025 20:00:00","CTA|IE","90.04","n/e"," ","172.78"
"09/05/2025 20:00:00 - 09/05/2025 21:00:00","CTA|IE","134.21","n/e"," ","226.58"
"09/05/2025 21:00:00 - 09/05/2025 22:00:00","CTA|IE","201.97","n/e"," ","249.58"
"09/05/2025 22:00:00 - 09/05/2025 23:00:00","CTA|IE","276.41","n/e"," ","273.67"
"09/05/2025 23:00:00 - 10/05/2025 00:00:00","CTA|IE","308.48","n/e"," ","287.08"
"10/05/2025 00:00:00 - 10/05/2025 01:00:00","CTA|IE","284.57","n/e"," ","274.22"
"10/05/2025 01:00:00 - 10/05/2025 02:00:00","CTA|IE","232.31","n/e"," ","252.36"
"10/05/2025 02:00:00 - 10/05/2025 03:00:00","CTA|IE","178.80","n/e"," ","216.63"
"10/05/2025 03:00:00 - 10/05/2025 04:00:00","CTA|IE","141.21","n/e"," ","195.45"
"10/05/2025 04:00:00 - 10/05/2025 05:00:00","CTA|IE","105.97","n/e"," ","156.71"
"10/05/2025 05:00:00 - 10/05/2025 06:00:00","CTA|IE","88.76","n/e"," ","160.65"
"10/05/2025 06:00:00 - 10/05/2025 07:00:00","CTA|IE","86.19","n/e"," ","148.97"
"10/05/2025 07:00:00 - 10/05/2025 08:00:00","CTA|IE","76.74","n/e"," ","141.40"
"10/05/2025 08:00:00 - 10/05/2025 09:00:00","CTA|IE","59.15","n/e"," ","119.75"
"10/05/2025 09:00:00 - 10/05/2025 10:00:00","CTA|IE","52.66","n/e"," ","71.38"
"10/05/2025 10:00:00 - 10/05/2025 11:00:00","CTA|IE","51.25","n/e"," ","59.85"
"10/05/2025 11:00:00 - 10/05/2025 12:00:00","CTA|IE","61.01","n/e"," ","86.63"
"10/05/2025 12:00:00 - 10/05/2025 13:00:00","CTA|IE","80.41","n/e"," ","121.74"
"10/05/2025 13:00:00 - 10/05/2025 14:00:00","CTA|IE","124.20","n/e"," ","207.47"
"10/05/2025 14:00:00 - 10/05/2025 15:00:00","CTA|IE","184.44","n/e"," ","269.56"
"10/05/2025 15:00:00 - 10/05/2025 16:00:00","CTA|IE","210.42","n/e"," ","261.30"
"10/05/2025 16:00:00 - 10/05/2025 17:00:00","CTA|IE","228.56","n/e"," ","293.01"
"10/05/2025 17:00:00 - 10/05/2025 18:00:00","CTA|IE","254.95","n/e"," ","323.18"
"10/05/2025 18:00:00 - 10/05/2025 19:00:00","CTA|IE","251.32","n/e"," ","335.62"
"10/05/2025 19:00:00 - 10/05/2025 20:00:00","CTA|IE","233.10","n/e"," ","330.59"
"10/05/2025 20:00:00 - 10/05/2025 21:00:00","CTA|IE","207.49","n/e"," ","339.14"
"10/05/2025 21:00:00 - 10/05/2025 22:00:00","CTA|IE","187.30","n/e"," ","268.58"
"10/05/2025 22:00:00 - 10/05/2025 23:00:00","CTA|IE","186.77","n/e"," ","258.70"
"10/05/2025 23:00:00 - 11/05/2025 00:00:00","CTA|IE","194.18","n/e"," ","183.33"
"11/05/2025 00:00:00 - 11/05/2025 01:00:00","CTA|IE","177.16","n/e"," ","148.10"
"11/05/2025 01:00:00 - 11/05/2025 02:00:00","CTA|IE","154.84","n/e"," ","110.88"
"11/05/2025 02:00:00 - 11/05/2025 03:00:00","CTA|IE","126.56","n/e"," ","104.72"
"11/05/2025 03:00:00 - 11/05/2025 04:00:00","CTA|IE","101.70","n/e"," ","88.04"
"11/05/2025 04:00:00 - 11/05/2025 05:00:00","CTA|IE","114.34","n/e"," ","92.54"
"11/05/2025 05:00:00 - 11/05/2025 06:00:00","CTA|IE","142.97","n/e"," ","65.11"
"11/05/2025 06:00:00 - 11/05/2025 07:00:00","CTA|IE","159.65","n/e"," ","74.27"
"11/05/2025 07:00:00 - 11/05/2025 08:00:00","CTA|IE","169.56","n/e"," ","92.91"
"11/05/2025 08:00:00 - 11/05/2025 09:00:00","CTA|IE","151.02","n/e"," ","106.04"
"11/05/2025 09:00:00 - 11/05/2025 10:00:00","CTA|IE","118.17","n/e"," ","89.00"
"11/05/2025 10:00:00 - 11/05/2025 11:00:00","CTA|IE","108.15","n/e"," ","107.98"
"11/05/2025 11:00:00 - 11/05/2025 12:00:00","CTA|IE","109.09","n/e"," ","135.57"
"11/05/2025 12:00:00 - 11/05/2025 13:00:00","CTA|IE","109.79","n/e"," ","163.98"
"11/05/2025 13:00:00 - 11/05/2025 14:00:00","CTA|IE","133.11","n/e"," ","167.79"
"11/05/2025 14:00:00 - 11/05/2025 15:00:00","CTA|IE","105.10","n/e"," ","193.37"
"11/05/2025 15:00:00 - 11/05/2025 16:00:00","CTA|IE","196.73","n/e"," ","250.33"
"11/05/2025 16:00:00 - 11/05/2025 17:00:00","CTA|IE","351.90","n/e"," ","473.78"
"11/05/2025 17:00:00 - 11/05/2025 18:00:00","CTA|IE","584.63","n/e"," ","651.06"
"11/05/2025 18:00:00 - 11/05/2025 19:00:00","CTA|IE","778.34","n/e"," ","844.61"
"11/05/2025 19:00:00 - 11/05/2025 20:00:00","CTA|IE","943.80","n/e"," ","1079.77"
"11/05/2025 20:00:00 - 11/05/2025 21:00:00","CTA|IE","961.22","n/e"," ","1174.54"
"11/05/2025 21:00:00 - 11/05/2025 22:00:00","CTA|IE","1001.28","n/e"," ","1135.09"
"11/05/2025 22:00:00 - 11/05/2025 23:00:00","CTA|IE","1037.93","n/e"," ","1116.33"
"11/05/2025 23:00:00 - 12/05/2025 00:00:00","CTA|IE","1106.52","n/e"," ","1142.38"
"12/05/2025 00:00:00 - 12/05/2025 01:00:00","CTA|IE","1177.89","n/e"," ","1042.26"
"12/05/2025 01:00:00 - 12/05/2025 02:00:00","CTA|IE","1290.12","n/e"," ","919.54"
"12/05/2025 02:00:00 - 12/05/2025 03:00:00","CTA|IE","1253.00","n/e"," ","880.76"
"12/05/2025 03:00:00 - 12/05/2025 04:00:00","CTA|IE","1236.87","n/e"," ","950.82"
"12/05/2025 04:00:00 - 12/05/2025 05:00:00","CTA|IE","1251.45","n/e"," ","971.42"
"12/05/2025 05:00:00 - 12/05/2025 06:00:00","CTA|IE","1337.76","n/e"," ","1062.51"
"12/05/2025 06:00:00 - 12/05/2025 07:00:00","CTA|IE","1462.81","n/e"," ","1055.72"
"12/05/2025 07:00:00 - 12/05/2025 08:00:00","CTA|IE","1544.07","n/e"," ","1133.36"
"12/05/2025 08:00:00 - 12/05/2025 09:00:00","CTA|IE","1253.21","n/e"," ","1152.11"
"12/05/2025 09:00:00 - 12/05/2025 10:00:00","CTA|IE","1181.80","n/e"," ","1013.36"
"12/05/2025 10:00:00 - 12/05/2025 11:00:00","CTA|IE","1214.76","n/e"," ","1030.61"
"12/05/2025 11:00:00 - 12/05/2025 12:00:00","CTA|IE","1213.30","n/e"," ","1049.34"
"12/05/2025 12:00:00 - 12/05/2025 13:00:00","CTA|IE","1200.18","n/e"," ","982.29"
"12/05/2025 13:00:00 - 12/05/2025 14:00:00","CTA|IE","1171.69","n/e"," ","878.89"
"12/05/2025 14:00:00 - 12/05/2025 15:00:00","CTA|IE","912.13","n/e"," ","707.93"
"12/05/2025 15:00:00 - 12/05/2025 16:00:00","CTA|IE","846.61","n/e"," ","516.26"
"12/05/2025 16:00:00 - 12/05/2025 17:00:00","CTA|IE","841.83","n/e"," ","406.35"
"12/05/2025 17:00:00 - 12/05/2025 18:00:00","CTA|IE","792.47","n/e"," ","344.22"
"12/05/2025 18:00:00 - 12/05/2025 19:00:00","CTA|IE","664.39","n/e"," ","337.21"
"12/05/2025 19:00:00 - 12/05/2025 20:00:00","CTA|IE","595.14","n/e"," ","355.83"
"12/05/2025 20:00:00 - 12/05/2025 21:00:00","CTA|IE","433.66","n/e"," ","367.72"
"12/05/2025 21:00:00 - 12/05/2025 22:00:00","CTA|IE","373.75","n/e"," ","468.84"
"12/05/2025 22:00:00 - 12/05/2025 23:00:00","CTA|IE","428.30","n/e"," ","613.85"
"12/05/2025 23:00:00 - 13/05/2025 00:00:00","CTA|IE","537.01","n/e"," ","674.71"
"13/05/2025 00:00:00 - 13/05/2025 01:00:00","CTA|IE","597.52","n/e"," ","732.25"
"13/05/2025 01:00:00 - 13/05/2025 02:00:00","CTA|IE","640.27","n/e"," ","729.18"
"13/05/2025 02:00:00 - 13/05/2025 03:00:00","CTA|IE","772.05","n/e"," ","796.83"
"13/05/2025 03:00:00 - 13/05/2025 04:00:00","CTA|IE","760.21","n/e"," ","826.13"
"13/05/2025 04:00:00 - 13/05/2025 05:00:00","CTA|IE","760.36","n/e"," ","831.56"
"13/05/2025 05:00:00 - 13/05/2025 06:00:00","CTA|IE","751.52","n/e"," ","882.56"
"13/05/2025 06:00:00 - 13/05/2025 07:00:00","CTA|IE","754.97","n/e"," ","926.36"
"13/05/2025 07:00:00 - 13/05/2025 08:00:00","CTA|IE","786.90","n/e"," ","894.62"
"13/05/2025 08:00:00 - 13/05/2025 09:00:00","CTA|IE","900.11","n/e"," ","739.43"
"13/05/2025 09:00:00 - 13/05/2025 10:00:00","CTA|IE","791.23","n/e"," ","563.78"
"13/05/2025 10:00:00 - 13/05/2025 11:00:00","CTA|IE","671.93","n/e"," ","459.88"
"13/05/2025 11:00:00 - 13/05/2025 12:00:00","CTA|IE","734.83","n/e"," ","620.42"
"13/05/2025 12:00:00 - 13/05/2025 13:00:00","CTA|IE","916.07","n/e"," ","835.93"
"13/05/2025 13:00:00 - 13/05/2025 14:00:00","CTA|IE","1134.16","n/e"," ","1061.93"
"13/05/2025 14:00:00 - 13/05/2025 15:00:00","CTA|IE","1276.79","n/e"," ","1250.62"
"13/05/2025 15:00:00 - 13/05/2025 16:00:00","CTA|IE","1383.93","n/e"," ","1305.39"
"13/05/2025 16:00:00 - 13/05/2025 17:00:00","CTA|IE","1519.89","n/e"," ","1470.50"
"13/05/2025 17:00:00 - 13/05/2025 18:00:00","CTA|IE","1574.50","n/e"," ","1616.94"
"13/05/2025 18:00:00 - 13/05/2025 19:00:00","CTA|IE","1523.74","n/e"," ","1567.30"
"13/05/2025 19:00:00 - 13/05/2025 20:00:00","CTA|IE","1482.43","n/e"," ","1431.90"
"13/05/2025 20:00:00 - 13/05/2025 21:00:00","CTA|IE","1310.48","n/e"," ","1135.18"
"13/05/2025 21:00:00 - 13/05/2025 22:00:00","CTA|IE","1053.39","n/e"," ","798.59"
"13/05/2025 22:00:00 - 13/05/2025 23:00:00","CTA|IE","807.10","n/e"," ","717.47"
"13/05/2025 23:00:00 - 14/05/2025 00:00:00","CTA|IE","715.19","n/e"," ","673.14"
"14/05/2025 00:00:00 - 14/05/2025 01:00:00","CTA|IE","694.50","n/e"," ","653.77"
"14/05/2025 01:00:00 - 14/05/2025 02:00:00","CTA|IE","695.22","n/e"," ","647.35"
"14/05/2025 02:00:00 - 14/05/2025 03:00:00","CTA|IE","780.03","n/e"," ","703.98"
"14/05/2025 03:00:00 - 14/05/2025 04:00:00","CTA|IE","822.86","n/e"," ","695.41"
"14/05/2025 04:00:00 - 14/05/2025 05:00:00","CTA|IE","844.69","n/e"," ","692.23"
"14/05/2025 05:00:00 - 14/05/2025 06:00:00","CTA|IE","822.12","n/e"," ","682.71"
"14/05/2025 06:00:00 - 14/05/2025 07:00:00","CTA|IE","771.54","n/e"," ","722.29"
"14/05/2025 07:00:00 - 14/05/2025 08:00:00","CTA|IE","752.52","n/e"," ","690.88"
"14/05/2025 08:00:00 - 14/05/2025 09:00:00","CTA|IE","726.53","n/e"," ","650.97"
"14/05/2025 09:00:00 - 14/05/2025 10:00:00","CTA|IE","601.84","n/e"," ","543.34"
"14/05/2025 10:00:00 - 14/05/2025 11:00:00","CTA|IE","504.55","n/e"," ","423.23"
"14/05/2025 11:00:00 - 14/05/2025 12:00:00","CTA|IE","524.90","n/e"," ","418.74"
"14/05/2025 12:00:00 - 14/05/2025 13:00:00","CTA|IE","580.39","n/e"," ","444.07"
"14/05/2025 13:00:00 - 14/05/2025 14:00:00","CTA|IE","616.73","n/e"," ","428.67"
"14/05/2025 14:00:00 - 14/05/2025 15:00:00","CTA|IE","637.94","n/e"," ","444.29"
"14/05/2025 15:00:00 - 14/05/2025 16:00:00","CTA|IE","603.04","n/e"," ","495.03"
"14/05/2025 16:00:00 - 14/05/2025 17:00:00","CTA|IE","572.62","n/e"," ","572.34"
"14/05/2025 17:00:00 - 14/05/2025 18:00:00","CTA|IE","553.17","n/e"," ","597.77"
"14/05/2025 18:00:00 - 14/05/2025 19:00:00","CTA|IE","524.91","n/e"," ","555.85"
"14/05/2025 19:00:00 - 14/05/2025 20:00:00","CTA|IE","487.62","n/e"," ","488.84"
"14/05/2025 20:00:00 - 14/05/2025 21:00:00","CTA|IE","458.01","n/e"," ","377.26"
"14/05/2025 21:00:00 - 14/05/2025 22:00:00","CTA|IE","410.50","n/e"," ","356.70"
"14/05/2025 22:00:00 - 14/05/2025 23:00:00","CTA|IE","375.90","n/e"," ","400.24"
"14/05/2025 23:00:00 - 15/05/2025 00:00:00","CTA|IE","399.66","n/e"," ","491.91"
"15/05/2025 00:00:00 - 15/05/2025 01:00:00","CTA|IE","447.36","n/e"," ","501.46"
"15/05/2025 01:00:00 - 15/05/2025 02:00:00","CTA|IE","433.55","n/e"," ","464.87"
"15/05/2025 02:00:00 - 15/05/2025 03:00:00","CTA|IE","385.61","n/e"," ","386.73"
"15/05/2025 03:00:00 - 15/05/2025 04:00:00","CTA|IE","354.60","n/e"," ","319.73"
"15/05/2025 04:00:00 - 15/05/2025 05:00:00","CTA|IE","372.69","n/e"," ","321.19"
"15/05/2025 05:00:00 - 15/05/2025 06:00:00","CTA|IE","424.09","n/e"," ","333.52"
"15/05/2025 06:00:00 - 15/05/2025 07:00:00","CTA|IE","480.81","n/e"," ","351.77"
"15/05/2025 07:00:00 - 15/05/2025 08:00:00","CTA|IE","531.21","n/e"," ","332.12"
"15/05/2025 08:00:00 - 15/05/2025 09:00:00","CTA|IE","511.13","n/e"," ","301.11"
"15/05/2025 09:00:00 - 15/05/2025 10:00:00","CTA|IE","420.51","n/e"," ","217.45"
"15/05/2025 10:00:00 - 15/05/2025 11:00:00","CTA|IE","318.21","n/e"," ","159.97"
"15/05/2025 11:00:00 - 15/05/2025 12:00:00","CTA|IE","248.63","n/e"," ","122.31"
"15/05/2025 12:00:00 - 15/05/2025 13:00:00","CTA|IE","213.45","n/e"," ","139.42"
"15/05/2025 13:00:00 - 15/05/2025 14:00:00","CTA|IE","185.92","n/e"," ","164.43"
"15/05/2025 14:00:00 - 15/05/2025 15:00:00","CTA|IE","128.26","n/e"," ","159.87"
"15/05/2025 15:00:00 - 15/05/2025 16:00:00","CTA|IE","132.55","n/e"," ","193.21"
"15/05/2025 16:00:00 - 15/05/2025 17:00:00","CTA|IE","151.29","n/e"," ","203.98"
"15/05/2025 17:00:00 - 15/05/2025 18:00:00","CTA|IE","168.59","n/e"," ","246.55"
"15/05/2025 18:00:00 - 15/05/2025 19:00:00","CTA|IE","213.68","n/e"," ","275.06"
"15/05/2025 19:00:00 - 15/05/2025 20:00:00","CTA|IE","270.73","n/e"," ","292.63"
"15/05/2025 20:00:00 - 15/05/2025 21:00:00","CTA|IE","335.98","n/e"," ","300.83"
"15/05/2025 21:00:00 - 15/05/2025 22:00:00","CTA|IE","354.51","n/e"," ","322.76"
"15/05/2025 22:00:00 - 15/05/2025 23:00:00","CTA|IE","340.01","n/e"," ","408.67"
"15/05/2025 23:00:00 - 16/05/2025 00:00:00","CTA|IE","347.93","n/e"," ","527.96"
"16/05/2025 00:00:00 - 16/05/2025 01:00:00","CTA|IE","392.89","n/e"," ","557.38"
"16/05/2025 01:00:00 - 16/05/2025 02:00:00","CTA|IE","440.95","n/e"," ","547.62"
"16/05/2025 02:00:00 - 16/05/2025 03:00:00","CTA|IE","335.39","n/e"," ","539.53"
"16/05/2025 03:00:00 - 16/05/2025 04:00:00","CTA|IE","322.46","n/e"," ","505.74"
"16/05/2025 04:00:00 - 16/05/2025 05:00:00","CTA|IE","333.54","n/e"," ","424.54"
"16/05/2025 05:00:00 - 16/05/2025 06:00:00","CTA|IE","339.19","n/e"," ","396.36"
"16/05/2025 06:00:00 - 16/05/2025 07:00:00","CTA|IE","335.53","n/e"," ","390.66"
"16/05/2025 07:00:00 - 16/05/2025 08:00:00","CTA|IE","339.44","n/e"," ","395.01"
"16/05/2025 08:00:00 - 16/05/2025 09:00:00","CTA|IE","312.60","n/e"," ","347.03"
"16/05/2025 09:00:00 - 16/05/2025 10:00:00","CTA|IE","280.99","n/e"," ","240.58"
"16/05/2025 10:00:00 - 16/05/2025 11:00:00","CTA|IE","238.96","n/e"," ","184.06"
"16/05/2025 11:00:00 - 16/05/2025 12:00:00","CTA|IE","224.26","n/e"," ","225.29"
"16/05/2025 12:00:00 - 16/05/2025 13:00:00","CTA|IE","247.49","n/e"," ","292.21"
"16/05/2025 13:00:00 - 16/05/2025 14:00:00","CTA|IE","297.82","n/e"," ","302.26"
"16/05/2025 14:00:00 - 16/05/2025 15:00:00","CTA|IE","275.51","n/e"," ","311.14"
"16/05/2025 15:00:00 - 16/05/2025 16:00:00","CTA|IE","287.93","n/e"," ","303.00"
"16/05/2025 16:00:00 - 16/05/2025 17:00:00","CTA|IE","278.01","n/e"," ","272.40"
"16/05/2025 17:00:00 - 16/05/2025 18:00:00","CTA|IE","226.67","n/e"," ","255.94"
"16/05/2025 18:00:00 - 16/05/2025 19:00:00","CTA|IE","172.61","n/e"," ","239.89"
"16/05/2025 19:00:00 - 16/05/2025 20:00:00","CTA|IE","185.37","n/e"," ","236.43"
"16/05/2025 20:00:00 - 16/05/2025 21:00:00","CTA|IE","250.67","n/e"," ","228.11"
"16/05/2025 21:00:00 - 16/05/2025 22:00:00","CTA|IE","305.82","n/e"," ","235.60"
"16/05/2025 22:00:00 - 16/05/2025 23:00:00","CTA|IE","342.20","n/e"," ","323.14"
"16/05/2025 23:00:00 - 17/05/2025 00:00:00","CTA|IE","366.71","n/e"," ","389.37"
"17/05/2025 00:00:00 - 17/05/2025 01:00:00","CTA|IE","366.62","n/e"," ","351.22"
"17/05/2025 01:00:00 - 17/05/2025 02:00:00","CTA|IE","357.57","n/e"," ","306.08"
"17/05/2025 02:00:00 - 17/05/2025 03:00:00","CTA|IE","265.79","n/e"," ","291.67"
"17/05/2025 03:00:00 - 17/05/2025 04:00:00","CTA|IE","249.66","n/e"," ","231.99"
"17/05/2025 04:00:00 - 17/05/2025 05:00:00","CTA|IE","230.97","n/e"," ","183.70"
"17/05/2025 05:00:00 - 17/05/2025 06:00:00","CTA|IE","213.38","n/e"," ","152.09"
"17/05/2025 06:00:00 - 17/05/2025 07:00:00","CTA|IE","211.73","n/e"," ","175.28"
"17/05/2025 07:00:00 - 17/05/2025 08:00:00","CTA|IE","227.10","n/e"," ","205.54"
"17/05/2025 08:00:00 - 17/05/2025 09:00:00","CTA|IE","281.56","n/e"," ","209.70"
"17/05/2025 09:00:00 - 17/05/2025 10:00:00","CTA|IE","255.84","n/e"," ","138.96"
"17/05/2025 10:00:00 - 17/05/2025 11:00:00","CTA|IE","201.50","n/e"," ","98.32"
"17/05/2025 11:00:00 - 17/05/2025 12:00:00","CTA|IE","168.94","n/e"," ","133.52"
"17/05/2025 12:00:00 - 17/05/2025 13:00:00","CTA|IE","194.81","n/e"," ","208.45"
"17/05/2025 13:00:00 - 17/05/2025 14:00:00","CTA|IE","246.45","n/e"," ","330.86"
"17/05/2025 14:00:00 - 17/05/2025 15:00:00","CTA|IE","284.42","n/e"," ","462.37"
"17/05/2025 15:00:00 - 17/05/2025 16:00:00","CTA|IE","320.93","n/e"," ","560.27"
"17/05/2025 16:00:00 - 17/05/2025 17:00:00","CTA|IE","380.15","n/e"," ","550.91"
"17/05/2025 17:00:00 - 17/05/2025 18:00:00","CTA|IE","438.55","n/e"," ","526.40"
"17/05/2025 18:00:00 - 17/05/2025 19:00:00","CTA|IE","468.54","n/e"," ","487.31"
"17/05/2025 19:00:00 - 17/05/2025 20:00:00","CTA|IE","518.35","n/e"," ","490.25"
"17/05/2025 20:00:00 - 17/05/2025 21:00:00","CTA|IE","570.52","n/e"," ","497.33"
"17/05/2025 21:00:00 - 17/05/2025 22:00:00","CTA|IE","580.79","n/e"," ","404.04"
"17/05/2025 22:00:00 - 17/05/2025 23:00:00","CTA|IE","586.19","n/e"," ","450.96"
"17/05/2025 23:00:00 - 18/05/2025 00:00:00","CTA|IE","547.60","n/e"," ","486.00"
"18/05/2025 00:00:00 - 18/05/2025 01:00:00","CTA|IE","489.41","n/e"," ","508.53"
"18/05/2025 01:00:00 - 18/05/2025 02:00:00","CTA|IE","475.24","n/e"," ","507.74"
"18/05/2025 02:00:00 - 18/05/2025 03:00:00","CTA|IE","429.54","n/e"," ","516.07"
"18/05/2025 03:00:00 - 18/05/2025 04:00:00","CTA|IE","419.63","n/e"," ","578.25"
"18/05/2025 04:00:00 - 18/05/2025 05:00:00","CTA|IE","415.86","n/e"," ","519.29"
"18/05/2025 05:00:00 - 18/05/2025 06:00:00","CTA|IE","415.40","n/e"," ","505.33"
"18/05/2025 06:00:00 - 18/05/2025 07:00:00","CTA|IE","458.04","n/e"," ","500.23"
"18/05/2025 07:00:00 - 18/05/2025 08:00:00","CTA|IE","579.30","n/e"," ","519.57"
"18/05/2025 08:00:00 - 18/05/2025 09:00:00","CTA|IE","672.05","n/e"," ","542.13"
"18/05/2025 09:00:00 - 18/05/2025 10:00:00","CTA|IE","566.57","n/e"," ","361.41"
"18/05/2025 10:00:00 - 18/05/2025 11:00:00","CTA|IE","416.26","n/e"," ","273.37"
"18/05/2025 11:00:00 - 18/05/2025 12:00:00","CTA|IE","427.84","n/e"," ","357.91"
"18/05/2025 12:00:00 - 18/05/2025 13:00:00","CTA|IE","563.76","n/e"," ","457.58"
"18/05/2025 13:00:00 - 18/05/2025 14:00:00","CTA|IE","688.63","n/e"," ","561.90"
"18/05/2025 14:00:00 - 18/05/2025 15:00:00","CTA|IE","770.25","n/e"," ","742.57"
"18/05/2025 15:00:00 - 18/05/2025 16:00:00","CTA|IE","765.07","n/e"," ","756.00"
"18/05/2025 16:00:00 - 18/05/2025 17:00:00","CTA|IE","769.60","n/e"," ","746.46"
"18/05/2025 17:00:00 - 18/05/2025 18:00:00","CTA|IE","743.62","n/e"," ","707.23"
"18/05/2025 18:00:00 - 18/05/2025 19:00:00","CTA|IE","674.48","n/e"," ","667.85"
"18/05/2025 19:00:00 - 18/05/2025 20:00:00","CTA|IE","679.53","n/e"," ","673.04"
"18/05/2025 20:00:00 - 18/05/2025 21:00:00","CTA|IE","720.08","n/e"," ","753.14"
"18/05/2025 21:00:00 - 18/05/2025 22:00:00","CTA|IE","666.88","n/e"," ","725.87"
"18/05/2025 22:00:00 - 18/05/2025 23:00:00","CTA|IE","566.09","n/e"," ","651.73"
"18/05/2025 23:00:00 - 19/05/2025 00:00:00","CTA|IE","482.13","n/e"," ","613.17"
"19/05/2025 00:00:00 - 19/05/2025 01:00:00","CTA|IE","394.28","n/e"," ","426.01"
"19/05/2025 01:00:00 - 19/05/2025 02:00:00","CTA|IE","319.71","n/e"," ","310.75"
"19/05/2025 02:00:00 - 19/05/2025 03:00:00","CTA|IE","218.95","n/e"," ","227.93"
"19/05/2025 03:00:00 - 19/05/2025 04:00:00","CTA|IE","192.50","n/e"," ","234.24"
"19/05/2025 04:00:00 - 19/05/2025 05:00:00","CTA|IE","192.10","n/e"," ","314.67"
"19/05/2025 05:00:00 - 19/05/2025 06:00:00","CTA|IE","212.36","n/e"," ","412.83"
"19/05/2025 06:00:00 - 19/05/2025 07:00:00","CTA|IE","244.64","n/e"," ","482.00"
"19/05/2025 07:00:00 - 19/05/2025 08:00:00","CTA|IE","312.61","n/e"," ","540.82"
"19/05/2025 08:00:00 - 19/05/2025 09:00:00","CTA|IE","447.36","n/e"," ","576.73"
"19/05/2025 09:00:00 - 19/05/2025 10:00:00","CTA|IE","471.65","n/e"," ","506.16"
"19/05/2025 10:00:00 - 19/05/2025 11:00:00","CTA|IE","412.40","n/e"," ","525.28"
"19/05/2025 11:00:00 - 19/05/2025 12:00:00","CTA|IE","419.29","n/e"," ","560.58"
"19/05/2025 12:00:00 - 19/05/2025 13:00:00","CTA|IE","444.80","n/e"," ","660.43"
"19/05/2025 13:00:00 - 19/05/2025 14:00:00","CTA|IE","444.92","n/e"," ","717.41"
"19/05/2025 14:00:00 - 19/05/2025 15:00:00","CTA|IE","410.41","n/e"," ","788.57"
"19/05/2025 15:00:00 - 19/05/2025 16:00:00","CTA|IE","390.92","n/e"," ","790.93"
"19/05/2025 16:00:00 - 19/05/2025 17:00:00","CTA|IE","403.83","n/e"," ","833.70"
"19/05/2025 17:00:00 - 19/05/2025 18:00:00","CTA|IE","429.08","n/e"," ","911.65"
"19/05/2025 18:00:00 - 19/05/2025 19:00:00","CTA|IE","460.69","n/e"," ","1004.72"
"19/05/2025 19:00:00 - 19/05/2025 20:00:00","CTA|IE","473.15","n/e"," ","931.35"
"19/05/2025 20:00:00 - 19/05/2025 21:00:00","CTA|IE","438.74","n/e"," ","757.11"
"19/05/2025 21:00:00 - 19/05/2025 22:00:00","CTA|IE","411.57","n/e"," ","510.08"
"19/05/2025 22:00:00 - 19/05/2025 23:00:00","CTA|IE","396.70","n/e"," ","390.40"
"19/05/2025 23:00:00 - 20/05/2025 00:00:00","CTA|IE","380.92","n/e"," ","387.83"
"20/05/2025 00:00:00 - 20/05/2025 01:00:00","CTA|IE","340.73","n/e"," ","342.57"
"20/05/2025 01:00:00 - 20/05/2025 02:00:00","CTA|IE","324.75","n/e"," ","348.98"
"20/05/2025 02:00:00 - 20/05/2025 03:00:00","CTA|IE","253.74","n/e"," ","291.79"
"20/05/2025 03:00:00 - 20/05/2025 04:00:00","CTA|IE","235.54","n/e"," ","198.56"
"20/05/2025 04:00:00 - 20/05/2025 05:00:00","CTA|IE","206.62","n/e"," ","141.18"
"20/05/2025 05:00:00 - 20/05/2025 06:00:00","CTA|IE","180.39","n/e"," ","131.08"
"20/05/2025 06:00:00 - 20/05/2025 07:00:00","CTA|IE","166.56","n/e"," ","151.83"
"20/05/2025 07:00:00 - 20/05/2025 08:00:00","CTA|IE","167.00","n/e"," ","143.32"
"20/05/2025 08:00:00 - 20/05/2025 09:00:00","CTA|IE","132.56","n/e"," ","125.09"
"20/05/2025 09:00:00 - 20/05/2025 10:00:00","CTA|IE","103.35","n/e"," ","95.81"
"20/05/2025 10:00:00 - 20/05/2025 11:00:00","CTA|IE","82.20","n/e"," ","82.40"
"20/05/2025 11:00:00 - 20/05/2025 12:00:00","CTA|IE","67.37","n/e"," ","78.72"
"20/05/2025 12:00:00 - 20/05/2025 13:00:00","CTA|IE","67.08","n/e"," ","89.35"
"20/05/2025 13:00:00 - 20/05/2025 14:00:00","CTA|IE","78.62","n/e"," ","143.68"
"20/05/2025 14:00:00 - 20/05/2025 15:00:00","CTA|IE","86.64","n/e"," ","278.99"
"20/05/2025 15:00:00 - 20/05/2025 16:00:00","CTA|IE","112.60","n/e"," ","277.75"
"20/05/2025 16:00:00 - 20/05/2025 17:00:00","CTA|IE","133.91","n/e"," ","319.21"
"20/05/2025 17:00:00 - 20/05/2025 18:00:00","CTA|IE","133.48","n/e"," ","339.90"
"20/05/2025 18:00:00 - 20/05/2025 19:00:00","CTA|IE","127.95","n/e"," ","343.63"
"20/05/2025 19:00:00 - 20/05/2025 20:00:00","CTA|IE","123.00","n/e"," ","321.45"
"20/05/2025 20:00:00 - 20/05/2025 21:00:00","CTA|IE","127.16","n/e"," ","330.77"
"20/05/2025 21:00:00 - 20/05/2025 22:00:00","CTA|IE","126.40","n/e"," ","268.97"
"20/05/2025 22:00:00 - 20/05/2025 23:00:00","CTA|IE","122.22","n/e"," ","221.02"
"20/05/2025 23:00:00 - 21/05/2025 00:00:00","CTA|IE","124.57","n/e"," ","243.29"
"21/05/2025 00:00:00 - 21/05/2025 01:00:00","CTA|IE","134.91","n/e"," ","195.64"
"21/05/2025 01:00:00 - 21/05/2025 02:00:00","CTA|IE","134.48","n/e"," ","182.49"
"21/05/2025 02:00:00 - 21/05/2025 03:00:00","CTA|IE","160.26","n/e"," ","156.41"
"21/05/2025 03:00:00 - 21/05/2025 04:00:00","CTA|IE","157.32","n/e"," ","152.20"
"21/05/2025 04:00:00 - 21/05/2025 05:00:00","CTA|IE","151.71","n/e"," ","189.06"
"21/05/2025 05:00:00 - 21/05/2025 06:00:00","CTA|IE","171.61","n/e"," ","255.61"
"21/05/2025 06:00:00 - 21/05/2025 07:00:00","CTA|IE","198.62","n/e"," ","322.33"
"21/05/2025 07:00:00 - 21/05/2025 08:00:00","CTA|IE","224.28","n/e"," ","384.88"
"21/05/2025 08:00:00 - 21/05/2025 09:00:00","CTA|IE","259.69","n/e"," ","380.83"
"21/05/2025 09:00:00 - 21/05/2025 10:00:00","CTA|IE","285.17","n/e"," ","300.41"
"21/05/2025 10:00:00 - 21/05/2025 11:00:00","CTA|IE","286.27","n/e"," ","244.94"
"21/05/2025 11:00:00 - 21/05/2025 12:00:00","CTA|IE","291.19","n/e"," ","238.74"
"21/05/2025 12:00:00 - 21/05/2025 13:00:00","CTA|IE","302.98","n/e"," ","264.96"
"21/05/2025 13:00:00 - 21/05/2025 14:00:00","CTA|IE","309.99","n/e"," ","279.43"
"21/05/2025 14:00:00 - 21/05/2025 15:00:00","CTA|IE","332.86","n/e"," ","315.70"
"21/05/2025 15:00:00 - 21/05/2025 16:00:00","CTA|IE","333.69","n/e"," ","355.96"
"21/05/2025 16:00:00 - 21/05/2025 17:00:00","CTA|IE","352.02","n/e"," ","386.67"
"21/05/2025 17:00:00 - 21/05/2025 18:00:00","CTA|IE","427.11","n/e"," ","454.94"
"21/05/2025 18:00:00 - 21/05/2025 19:00:00","CTA|IE","520.96","n/e"," ","561.76"
"21/05/2025 19:00:00 - 21/05/2025 20:00:00","CTA|IE","616.58","n/e"," ","705.10"
"21/05/2025 20:00:00 - 21/05/2025 21:00:00","CTA|IE","642.30","n/e"," ","789.13"
"21/05/2025 21:00:00 - 21/05/2025 22:00:00","CTA|IE","705.50","n/e"," ","792.97"
"21/05/2025 22:00:00 - 21/05/2025 23:00:00","CTA|IE","775.71","n/e"," ","822.97"
"21/05/2025 23:00:00 - 22/05/2025 00:00:00","CTA|IE","800.64","n/e"," ","821.54"
"22/05/2025 00:00:00 - 22/05/2025 01:00:00","CTA|IE","741.87","n/e"," ","743.85"
"22/05/2025 01:00:00 - 22/05/2025 02:00:00","CTA|IE","683.16","n/e"," ","641.19"
"22/05/2025 02:00:00 - 22/05/2025 03:00:00","CTA|IE","594.48","n/e"," ","550.10"
"22/05/2025 03:00:00 - 22/05/2025 04:00:00","CTA|IE","507.14","n/e"," ","491.20"
"22/05/2025 04:00:00 - 22/05/2025 05:00:00","CTA|IE","431.41","n/e"," ","463.41"
"22/05/2025 05:00:00 - 22/05/2025 06:00:00","CTA|IE","405.62","n/e"," ","464.98"
"22/05/2025 06:00:00 - 22/05/2025 07:00:00","CTA|IE","401.15","n/e"," ","423.96"
"22/05/2025 07:00:00 - 22/05/2025 08:00:00","CTA|IE","395.03","n/e"," ","368.85"
"22/05/2025 08:00:00 - 22/05/2025 09:00:00","CTA|IE","280.70","n/e"," ","272.55"
"22/05/2025 09:00:00 - 22/05/2025 10:00:00","CTA|IE","227.92","n/e"," ","187.46"
"22/05/2025 10:00:00 - 22/05/2025 11:00:00","CTA|IE","206.06","n/e"," ","155.02"
"22/05/2025 11:00:00 - 22/05/2025 12:00:00","CTA|IE","211.63","n/e"," ","127.59"
"22/05/2025 12:00:00 - 22/05/2025 13:00:00","CTA|IE","229.06","n/e"," ","147.49"
"22/05/2025 13:00:00 - 22/05/2025 14:00:00","CTA|IE","262.58","n/e"," ","191.05"
"22/05/2025 14:00:00 - 22/05/2025 15:00:00","CTA|IE","266.44","n/e"," ","233.87"
"22/05/2025 15:00:00 - 22/05/2025 16:00:00","CTA|IE","280.38","n/e"," ","280.44"
"22/05/2025 16:00:00 - 22/05/2025 17:00:00","CTA|IE","273.66","n/e"," ","311.00"
"22/05/2025 17:00:00 - 22/05/2025 18:00:00","CTA|IE","290.47","n/e"," ","313.53"
"22/05/2025 18:00:00 - 22/05/2025 19:00:00","CTA|IE","311.11","n/e"," ","360.20"
"22/05/2025 19:00:00 - 22/05/2025 20:00:00","CTA|IE","292.55","n/e"," ","365.70"
"22/05/2025 20:00:00 - 22/05/2025 21:00:00","CTA|IE","240.57","n/e"," ","410.31"
"22/05/2025 21:00:00 - 22/05/2025 22:00:00","CTA|IE","283.76","n/e"," ","392.86"
"22/05/2025 22:00:00 - 22/05/2025 23:00:00","CTA|IE","345.66","n/e"," ","428.03"
"22/05/2025 23:00:00 - 23/05/2025 00:00:00","CTA|IE","334.89","n/e"," ","429.42"
"23/05/2025 00:00:00 - 23/05/2025 01:00:00","CTA|IE","313.11","n/e"," ","411.37"
"23/05/2025 01:00:00 - 23/05/2025 02:00:00","CTA|IE","287.74","n/e"," ","288.74"
"23/05/2025 02:00:00 - 23/05/2025 03:00:00","CTA|IE","255.86","n/e"," ","197.08"
"23/05/2025 03:00:00 - 23/05/2025 04:00:00","CTA|IE","204.88","n/e"," ","135.25"
"23/05/2025 04:00:00 - 23/05/2025 05:00:00","CTA|IE","133.77","n/e"," ","116.77"
"23/05/2025 05:00:00 - 23/05/2025 06:00:00","CTA|IE","68.89","n/e"," ","93.01"
"23/05/2025 06:00:00 - 23/05/2025 07:00:00","CTA|IE","71.85","n/e"," ","64.19"
"23/05/2025 07:00:00 - 23/05/2025 08:00:00","CTA|IE","85.00","n/e"," ","77.62"
"23/05/2025 08:00:00 - 23/05/2025 09:00:00","CTA|IE","121.19","n/e"," ","113.05"
"23/05/2025 09:00:00 - 23/05/2025 10:00:00","CTA|IE","165.92","n/e"," ","151.22"
"23/05/2025 10:00:00 - 23/05/2025 11:00:00","CTA|IE","202.14","n/e"," ","198.03"
"23/05/2025 11:00:00 - 23/05/2025 12:00:00","CTA|IE","253.46","n/e"," ","228.08"
"23/05/2025 12:00:00 - 23/05/2025 13:00:00","CTA|IE","338.13","n/e"," ","313.01"
"23/05/2025 13:00:00 - 23/05/2025 14:00:00","CTA|IE","395.25","n/e"," ","475.69"
"23/05/2025 14:00:00 - 23/05/2025 15:00:00","CTA|IE","503.28","n/e"," ","595.32"
"23/05/2025 15:00:00 - 23/05/2025 16:00:00","CTA|IE","612.57","n/e"," ","792.51"
"23/05/2025 16:00:00 - 23/05/2025 17:00:00","CTA|IE","735.93","n/e"," ","1072.02"
"23/05/2025 17:00:00 - 23/05/2025 18:00:00","CTA|IE","891.47","n/e"," ","1231.17"
"23/05/2025 18:00:00 - 23/05/2025 19:00:00","CTA|IE","1105.88","n/e"," ","1375.49"
"23/05/2025 19:00:00 - 23/05/2025 20:00:00","CTA|IE","1258.32","n/e"," ","1513.68"
"23/05/2025 20:00:00 - 23/05/2025 21:00:00","CTA|IE","1338.54","n/e"," ","1699.17"
"23/05/2025 21:00:00 - 23/05/2025 22:00:00","CTA|IE","1462.80","n/e"," ","2009.09"
"23/05/2025 22:00:00 - 23/05/2025 23:00:00","CTA|IE","1628.91","n/e"," ","2130.76"
"23/05/2025 23:00:00 - 24/05/2025 00:00:00","CTA|IE","1738.00","n/e"," ","2209.67"
"24/05/2025 00:00:00 - 24/05/2025 01:00:00","CTA|IE","1806.99","n/e"," ","2221.35"
"24/05/2025 01:00:00 - 24/05/2025 02:00:00","CTA|IE","1814.78","n/e"," ","2151.77"
"24/05/2025 02:00:00 - 24/05/2025 03:00:00","CTA|IE","1957.14","n/e"," ","2127.98"
"24/05/2025 03:00:00 - 24/05/2025 04:00:00","CTA|IE","1942.53","n/e"," ","2027.45"
"24/05/2025 04:00:00 - 24/05/2025 05:00:00","CTA|IE","1950.81","n/e"," ","2091.88"
"24/05/2025 05:00:00 - 24/05/2025 06:00:00","CTA|IE","1919.14","n/e"," ","1846.98"
"24/05/2025 06:00:00 - 24/05/2025 07:00:00","CTA|IE","1781.83","n/e"," ","1802.76"
"24/05/2025 07:00:00 - 24/05/2025 08:00:00","CTA|IE","1746.11","n/e"," ","1741.78"
"24/05/2025 08:00:00 - 24/05/2025 09:00:00","CTA|IE","1873.92","n/e"," ","1743.33"
"24/05/2025 09:00:00 - 24/05/2025 10:00:00","CTA|IE","1895.83","n/e"," ","1868.79"
"24/05/2025 10:00:00 - 24/05/2025 11:00:00","CTA|IE","1845.68","n/e"," ","1927.71"
"24/05/2025 11:00:00 - 24/05/2025 12:00:00","CTA|IE","1790.77","n/e"," ","1871.30"
"24/05/2025 12:00:00 - 24/05/2025 13:00:00","CTA|IE","1853.39","n/e"," ","1726.56"
"24/05/2025 13:00:00 - 24/05/2025 14:00:00","CTA|IE","2016.61","n/e"," ","1697.95"
"24/05/2025 14:00:00 - 24/05/2025 15:00:00","CTA|IE","2269.15","n/e"," ","1815.04"
"24/05/2025 15:00:00 - 24/05/2025 16:00:00","CTA|IE","2465.96","n/e"," ","1758.66"
"24/05/2025 16:00:00 - 24/05/2025 17:00:00","CTA|IE","2715.93","n/e"," ","1952.35"
"24/05/2025 17:00:00 - 24/05/2025 18:00:00","CTA|IE","2908.83","n/e"," ","2387.33"
"24/05/2025 18:00:00 - 24/05/2025 19:00:00","CTA|IE","3060.80","n/e"," ","2681.60"
"24/05/2025 19:00:00 - 24/05/2025 20:00:00","CTA|IE","3187.09","n/e"," ","2833.55"
"24/05/2025 20:00:00 - 24/05/2025 21:00:00","CTA|IE","3131.06","n/e"," ","2918.05"
"24/05/2025 21:00:00 - 24/05/2025 22:00:00","CTA|IE","3125.13","n/e"," ","2949.72"
"24/05/2025 22:00:00 - 24/05/2025 23:00:00","CTA|IE","3116.73","n/e"," ","2678.23"
"24/05/2025 23:00:00 - 25/05/2025 00:00:00","CTA|IE","3019.21","n/e"," ","2576.47"
"25/05/2025 00:00:00 - 25/05/2025 01:00:00","CTA|IE","3133.62","n/e"," ","2461.75"
"25/05/2025 01:00:00 - 25/05/2025 02:00:00","CTA|IE","3338.12","n/e"," ","2324.89"
"25/05/2025 02:00:00 - 25/05/2025 03:00:00","CTA|IE","3487.68","n/e"," ","2115.34"
"25/05/2025 03:00:00 - 25/05/2025 04:00:00","CTA|IE","3417.44","n/e"," ","2285.64"
"25/05/2025 04:00:00 - 25/05/2025 05:00:00","CTA|IE","3195.33","n/e"," ","2239.80"
"25/05/2025 05:00:00 - 25/05/2025 06:00:00","CTA|IE","2977.11","n/e"," ","2193.61"
"25/05/2025 06:00:00 - 25/05/2025 07:00:00","CTA|IE","2813.51","n/e"," ","2063.86"
"25/05/2025 07:00:00 - 25/05/2025 08:00:00","CTA|IE","2761.87","n/e"," ","1898.72"
"25/05/2025 08:00:00 - 25/05/2025 09:00:00","CTA|IE","2835.39","n/e"," ","1621.53"
"25/05/2025 09:00:00 - 25/05/2025 10:00:00","CTA|IE","3047.10","n/e"," ","1672.84"
"25/05/2025 10:00:00 - 25/05/2025 11:00:00","CTA|IE","3320.28","n/e"," ","N/A"
"25/05/2025 11:00:00 - 25/05/2025 12:00:00","CTA|IE","3420.19","n/e"," ","1871.98"
"25/05/2025 12:00:00 - 25/05/2025 13:00:00","CTA|IE","3428.19","n/e"," ","1812.22"
"25/05/2025 13:00:00 - 25/05/2025 14:00:00","CTA|IE","3438.98","n/e"," ","1637.79"
"25/05/2025 14:00:00 - 25/05/2025 15:00:00","CTA|IE","3528.40","n/e"," ","1521.44"
"25/05/2025 15:00:00 - 25/05/2025 16:00:00","CTA|IE","3576.37","n/e"," ","1586.91"
"25/05/2025 16:00:00 - 25/05/2025 17:00:00","CTA|IE","3621.64","n/e"," ","1767.44"
"25/05/2025 17:00:00 - 25/05/2025 18:00:00","CTA|IE","3645.53","n/e"," ","1944.29"
"25/05/2025 18:00:00 - 25/05/2025 19:00:00","CTA|IE","3634.38","n/e"," ","2320.11"
"25/05/2025 19:00:00 - 25/05/2025 20:00:00","CTA|IE","3634.35","n/e"," ","2486.14"
"25/05/2025 20:00:00 - 25/05/2025 21:00:00","CTA|IE","3406.17","n/e"," ","2493.10"
"25/05/2025 21:00:00 - 25/05/2025 22:00:00","CTA|IE","3210.22","n/e"," ","2516.85"
"25/05/2025 22:00:00 - 25/05/2025 23:00:00","CTA|IE","3010.94","n/e"," ","2332.07"
"25/05/2025 23:00:00 - 26/05/2025 00:00:00","CTA|IE","2850.19","n/e"," ","2197.36"
"26/05/2025 00:00:00 - 26/05/2025 01:00:00","CTA|IE","2687.41","n/e"," ","2014.01"
"26/05/2025 01:00:00 - 26/05/2025 02:00:00","CTA|IE","2514.49","n/e"," ","2027.08"
"26/05/2025 02:00:00 - 26/05/2025 03:00:00","CTA|IE","2422.92","n/e"," ","1985.74"
"26/05/2025 03:00:00 - 26/05/2025 04:00:00","CTA|IE","2244.63","n/e"," ","1925.18"
"26/05/2025 04:00:00 - 26/05/2025 05:00:00","CTA|IE","2063.63","n/e"," ","1925.45"
"26/05/2025 05:00:00 - 26/05/2025 06:00:00","CTA|IE","1911.23","n/e"," ","1827.37"
"26/05/2025 06:00:00 - 26/05/2025 07:00:00","CTA|IE","1865.23","n/e"," ","1705.61"
"26/05/2025 07:00:00 - 26/05/2025 08:00:00","CTA|IE","1857.63","n/e"," ","1408.09"
"26/05/2025 08:00:00 - 26/05/2025 09:00:00","CTA|IE","1906.44","n/e"," ","1524.62"
"26/05/2025 09:00:00 - 26/05/2025 10:00:00","CTA|IE","1971.85","n/e"," ","1642.65"
"26/05/2025 10:00:00 - 26/05/2025 11:00:00","CTA|IE","2092.38","n/e"," ","1647.96"
"26/05/2025 11:00:00 - 26/05/2025 12:00:00","CTA|IE","2226.52","n/e"," ","1592.07"
"26/05/2025 12:00:00 - 26/05/2025 13:00:00","CTA|IE","2497.02","n/e"," ","1571.06"
"26/05/2025 13:00:00 - 26/05/2025 14:00:00","CTA|IE","2689.75","n/e"," ","1681.47"
"26/05/2025 14:00:00 - 26/05/2025 15:00:00","CTA|IE","2698.45","n/e"," ","1668.21"
"26/05/2025 15:00:00 - 26/05/2025 16:00:00","CTA|IE","2803.68","n/e"," ","1739.47"
"26/05/2025 16:00:00 - 26/05/2025 17:00:00","CTA|IE","2840.64","n/e"," ","1882.52"
"26/05/2025 17:00:00 - 26/05/2025 18:00:00","CTA|IE","2956.20","n/e"," ","2065.93"
"26/05/2025 18:00:00 - 26/05/2025 19:00:00","CTA|IE","3043.58","n/e"," ","2532.78"
"26/05/2025 19:00:00 - 26/05/2025 20:00:00","CTA|IE","3082.56","n/e"," ","2586.90"
"26/05/2025 20:00:00 - 26/05/2025 21:00:00","CTA|IE","3070.71","n/e"," ","2722.63"
"26/05/2025 21:00:00 - 26/05/2025 22:00:00","CTA|IE","3075.66","n/e"," ","2659.71"
"26/05/2025 22:00:00 - 26/05/2025 23:00:00","CTA|IE","2925.07","n/e"," ","2444.51"
"26/05/2025 23:00:00 - 27/05/2025 00:00:00","CTA|IE","2727.99","n/e"," ","2094.26"
"27/05/2025 00:00:00 - 27/05/2025 01:00:00","CTA|IE","2378.84","n/e"," ","1631.28"
"27/05/2025 01:00:00 - 27/05/2025 02:00:00","CTA|IE","2032.45","n/e"," ","1372.04"
"27/05/2025 02:00:00 - 27/05/2025 03:00:00","CTA|IE","1524.14","n/e"," ","1222.66"
"27/05/2025 03:00:00 - 27/05/2025 04:00:00","CTA|IE","1405.35","n/e"," ","1097.05"
"27/05/2025 04:00:00 - 27/05/2025 05:00:00","CTA|IE","1173.52","n/e"," ","1065.87"
"27/05/2025 05:00:00 - 27/05/2025 06:00:00","CTA|IE","986.84","n/e"," ","872.50"
"27/05/2025 06:00:00 - 27/05/2025 07:00:00","CTA|IE","786.00","n/e"," ","639.79"
"27/05/2025 07:00:00 - 27/05/2025 08:00:00","CTA|IE","702.24","n/e"," ","494.15"
"27/05/2025 08:00:00 - 27/05/2025 09:00:00","CTA|IE","651.53","n/e"," ","511.77"
"27/05/2025 09:00:00 - 27/05/2025 10:00:00","CTA|IE","841.98","n/e"," ","649.06"
"27/05/2025 10:00:00 - 27/05/2025 11:00:00","CTA|IE","1074.51","n/e"," ","810.71"
"27/05/2025 11:00:00 - 27/05/2025 12:00:00","CTA|IE","1318.98","n/e"," ","1072.94"
"27/05/2025 12:00:00 - 27/05/2025 13:00:00","CTA|IE","1534.68","n/e"," ","1227.84"
"27/05/2025 13:00:00 - 27/05/2025 14:00:00","CTA|IE","1740.62","n/e"," ","1345.53"
"27/05/2025 14:00:00 - 27/05/2025 15:00:00","CTA|IE","1705.76","n/e"," ","1373.47"
"27/05/2025 15:00:00 - 27/05/2025 16:00:00","CTA|IE","1808.76","n/e"," ","1413.93"
"27/05/2025 16:00:00 - 27/05/2025 17:00:00","CTA|IE","1841.02","n/e"," ","1511.19"
"27/05/2025 17:00:00 - 27/05/2025 18:00:00","CTA|IE","1835.91","n/e"," ","1547.70"
"27/05/2025 18:00:00 - 27/05/2025 19:00:00","CTA|IE","1842.60","n/e"," ","1465.56"
"27/05/2025 19:00:00 - 27/05/2025 20:00:00","CTA|IE","1852.03","n/e"," ","1532.83"
"27/05/2025 20:00:00 - 27/05/2025 21:00:00","CTA|IE","1503.46","n/e"," ","1557.63"
"27/05/2025 21:00:00 - 27/05/2025 22:00:00","CTA|IE","1501.28","n/e"," ","1459.73"
"27/05/2025 22:00:00 - 27/05/2025 23:00:00","CTA|IE","1532.93","n/e"," ","1487.21"
"27/05/2025 23:00:00 - 28/05/2025 00:00:00","CTA|IE","1534.19","n/e"," ","1551.22"
"28/05/2025 00:00:00 - 28/05/2025 01:00:00","CTA|IE","1561.76","n/e"," ","1563.76"
"28/05/2025 01:00:00 - 28/05/2025 02:00:00","CTA|IE","1455.58","n/e"," ","1661.32"
"28/05/2025 02:00:00 - 28/05/2025 03:00:00","CTA|IE","1446.49","n/e"," ","1556.22"
"28/05/2025 03:00:00 - 28/05/2025 04:00:00","CTA|IE","1328.25","n/e"," ","1399.78"
"28/05/2025 04:00:00 - 28/05/2025 05:00:00","CTA|IE","1146.08","n/e"," ","1195.99"
"28/05/2025 05:00:00 - 28/05/2025 06:00:00","CTA|IE","942.07","n/e"," ","874.20"
"28/05/2025 06:00:00 - 28/05/2025 07:00:00","CTA|IE","806.99","n/e"," ","715.31"
"28/05/2025 07:00:00 - 28/05/2025 08:00:00","CTA|IE","732.00","n/e"," ","729.08"
"28/05/2025 08:00:00 - 28/05/2025 09:00:00","CTA|IE","644.65","n/e"," ","708.58"
"28/05/2025 09:00:00 - 28/05/2025 10:00:00","CTA|IE","591.14","n/e"," ","562.68"
"28/05/2025 10:00:00 - 28/05/2025 11:00:00","CTA|IE","580.51","n/e"," ","581.47"
"28/05/2025 11:00:00 - 28/05/2025 12:00:00","CTA|IE","586.82","n/e"," ","510.84"
"28/05/2025 12:00:00 - 28/05/2025 13:00:00","CTA|IE","643.64","n/e"," ","615.40"
"28/05/2025 13:00:00 - 28/05/2025 14:00:00","CTA|IE","673.81","n/e"," ","771.17"
"28/05/2025 14:00:00 - 28/05/2025 15:00:00","CTA|IE","742.16","n/e"," ","820.76"
"28/05/2025 15:00:00 - 28/05/2025 16:00:00","CTA|IE","835.51","n/e"," ","950.30"
"28/05/2025 16:00:00 - 28/05/2025 17:00:00","CTA|IE","797.05","n/e"," ","1099.35"
"28/05/2025 17:00:00 - 28/05/2025 18:00:00","CTA|IE","788.42","n/e"," ","1246.42"
"28/05/2025 18:00:00 - 28/05/2025 19:00:00","CTA|IE","759.02","n/e"," ","1094.84"
"28/05/2025 19:00:00 - 28/05/2025 20:00:00","CTA|IE","740.41","n/e"," ","934.42"
"28/05/2025 20:00:00 - 28/05/2025 21:00:00","CTA|IE","675.86","n/e"," ","831.12"
"28/05/2025 21:00:00 - 28/05/2025 22:00:00","CTA|IE","997.91","n/e"," ","1095.25"
"28/05/2025 22:00:00 - 28/05/2025 23:00:00","CTA|IE","1585.47","n/e"," ","1652.97"
"28/05/2025 23:00:00 - 29/05/2025 00:00:00","CTA|IE","2179.66","n/e"," ","2004.63"
"29/05/2025 00:00:00 - 29/05/2025 01:00:00","CTA|IE","2639.95","n/e"," ","2559.94"
"29/05/2025 01:00:00 - 29/05/2025 02:00:00","CTA|IE","2972.08","n/e"," ","2398.89"
"29/05/2025 02:00:00 - 29/05/2025 03:00:00","CTA|IE","3234.59","n/e"," ","2623.66"
"29/05/2025 03:00:00 - 29/05/2025 04:00:00","CTA|IE","3324.53","n/e"," ","2614.78"
"29/05/2025 04:00:00 - 29/05/2025 05:00:00","CTA|IE","3361.81","n/e"," ","2603.21"
"29/05/2025 05:00:00 - 29/05/2025 06:00:00","CTA|IE","3339.93","n/e"," ","2724.72"
"29/05/2025 06:00:00 - 29/05/2025 07:00:00","CTA|IE","3271.60","n/e"," ","2785.15"
"29/05/2025 07:00:00 - 29/05/2025 08:00:00","CTA|IE","3281.24","n/e"," ","2741.69"
"29/05/2025 08:00:00 - 29/05/2025 09:00:00","CTA|IE","3284.32","n/e"," ","2832.24"
"29/05/2025 09:00:00 - 29/05/2025 10:00:00","CTA|IE","3267.76","n/e"," ","2727.51"
"29/05/2025 10:00:00 - 29/05/2025 11:00:00","CTA|IE","3223.82","n/e"," ","2494.47"
"29/05/2025 11:00:00 - 29/05/2025 12:00:00","CTA|IE","3151.86","n/e"," ","2376.82"
"29/05/2025 12:00:00 - 29/05/2025 13:00:00","CTA|IE","3029.03","n/e"," ","2282.70"
"29/05/2025 13:00:00 - 29/05/2025 14:00:00","CTA|IE","2923.94","n/e"," ","2254.73"
"29/05/2025 14:00:00 - 29/05/2025 15:00:00","CTA|IE","2947.31","n/e"," ","2222.40"
"29/05/2025 15:00:00 - 29/05/2025 16:00:00","CTA|IE","2914.31","n/e"," ","2113.34"
"29/05/2025 16:00:00 - 29/05/2025 17:00:00","CTA|IE","2854.05","n/e"," ","2130.75"
"29/05/2025 17:00:00 - 29/05/2025 18:00:00","CTA|IE","2679.75","n/e"," ","2210.98"
"29/05/2025 18:00:00 - 29/05/2025 19:00:00","CTA|IE","2463.74","n/e"," ","2314.59"
"29/05/2025 19:00:00 - 29/05/2025 20:00:00","CTA|IE","2303.16","n/e"," ","2199.65"
"29/05/2025 20:00:00 - 29/05/2025 21:00:00","CTA|IE","2231.63","n/e"," ","2153.58"
"29/05/2025 21:00:00 - 29/05/2025 22:00:00","CTA|IE","2112.47","n/e"," ","2130.95"
"29/05/2025 22:00:00 - 29/05/2025 23:00:00","CTA|IE","2037.36","n/e"," ","2120.26"
"29/05/2025 23:00:00 - 30/05/2025 00:00:00","CTA|IE","1998.64","n/e"," ","2031.93"
"30/05/2025 00:00:00 - 30/05/2025 01:00:00","CTA|IE","1953.83","n/e"," ","1720.46"
"30/05/2025 01:00:00 - 30/05/2025 02:00:00","CTA|IE","1839.48","n/e"," ","1647.11"
"30/05/2025 02:00:00 - 30/05/2025 03:00:00","CTA|IE","1880.63","n/e"," ","1629.23"
"30/05/2025 03:00:00 - 30/05/2025 04:00:00","CTA|IE","1774.62","n/e"," ","1468.01"
"30/05/2025 04:00:00 - 30/05/2025 05:00:00","CTA|IE","1589.76","n/e"," ","1395.45"
"30/05/2025 05:00:00 - 30/05/2025 06:00:00","CTA|IE","1407.49","n/e"," ","1332.36"
"30/05/2025 06:00:00 - 30/05/2025 07:00:00","CTA|IE","1190.54","n/e"," ","1287.78"
"30/05/2025 07:00:00 - 30/05/2025 08:00:00","CTA|IE","1011.89","n/e"," ","1160.84"
"30/05/2025 08:00:00 - 30/05/2025 09:00:00","CTA|IE","864.88","n/e"," ","969.81"
"30/05/2025 09:00:00 - 30/05/2025 10:00:00","CTA|IE","791.06","n/e"," ","999.35"
"30/05/2025 10:00:00 - 30/05/2025 11:00:00","CTA|IE","744.53","n/e"," ","1040.65"
"30/05/2025 11:00:00 - 30/05/2025 12:00:00","CTA|IE","717.94","n/e"," ","1103.94"
"30/05/2025 12:00:00 - 30/05/2025 13:00:00","CTA|IE","720.27","n/e"," ","1025.28"
"30/05/2025 13:00:00 - 30/05/2025 14:00:00","CTA|IE","734.10","n/e"," ","1060.02"
"30/05/2025 14:00:00 - 30/05/2025 15:00:00","CTA|IE","738.46","n/e"," ","1090.17"
"30/05/2025 15:00:00 - 30/05/2025 16:00:00","CTA|IE","797.07","n/e"," ","1105.76"
"30/05/2025 16:00:00 - 30/05/2025 17:00:00","CTA|IE","876.97","n/e"," ","1161.20"
"30/05/2025 17:00:00 - 30/05/2025 18:00:00","CTA|IE","941.69","n/e"," ","1256.80"
"30/05/2025 18:00:00 - 30/05/2025 19:00:00","CTA|IE","970.61","n/e"," ","1263.44"
"30/05/2025 19:00:00 - 30/05/2025 20:00:00","CTA|IE","976.52","n/e"," ","1109.61"
"30/05/2025 20:00:00 - 30/05/2025 21:00:00","CTA|IE","931.93","n/e"," ","984.77"
"30/05/2025 21:00:00 - 30/05/2025 22:00:00","CTA|IE","906.57","n/e"," ","873.67"
"30/05/2025 22:00:00 - 30/05/2025 23:00:00","CTA|IE","918.81","n/e"," ","805.72"
"30/05/2025 23:00:00 - 31/05/2025 00:00:00","CTA|IE","1001.00","n/e"," ","778.08"
"31/05/2025 00:00:00 - 31/05/2025 01:00:00","CTA|IE","1177.56","n/e"," ","923.76"
"31/05/2025 01:00:00 - 31/05/2025 02:00:00","CTA|IE","1374.17","n/e"," ","933.15"
"31/05/2025 02:00:00 - 31/05/2025 03:00:00","CTA|IE","1493.99","n/e"," ","1131.19"
"31/05/2025 03:00:00 - 31/05/2025 04:00:00","CTA|IE","1716.90","n/e"," ","1415.21"
"31/05/2025 04:00:00 - 31/05/2025 05:00:00","CTA|IE","1904.72","n/e"," ","1701.37"
"31/05/2025 05:00:00 - 31/05/2025 06:00:00","CTA|IE","2066.37","n/e"," ","1959.72"
"31/05/2025 06:00:00 - 31/05/2025 07:00:00","CTA|IE","2186.44","n/e"," ","1983.62"
"31/05/2025 07:00:00 - 31/05/2025 08:00:00","CTA|IE","2301.12","n/e"," ","2082.51"
"31/05/2025 08:00:00 - 31/05/2025 09:00:00","CTA|IE","2464.02","n/e"," ","2243.87"
"31/05/2025 09:00:00 - 31/05/2025 10:00:00","CTA|IE","2539.04","n/e"," ","2448.15"
"31/05/2025 10:00:00 - 31/05/2025 11:00:00","CTA|IE","2520.30","n/e"," ","2408.56"
"31/05/2025 11:00:00 - 31/05/2025 12:00:00","CTA|IE","2508.96","n/e"," ","2149.29"
"31/05/2025 12:00:00 - 31/05/2025 13:00:00","CTA|IE","2577.37","n/e"," ","1945.50"
"31/05/2025 13:00:00 - 31/05/2025 14:00:00","CTA|IE","2723.82","n/e"," ","1895.25"
"31/05/2025 14:00:00 - 31/05/2025 15:00:00","CTA|IE","2893.56","n/e"," ","2016.14"
"31/05/2025 15:00:00 - 31/05/2025 16:00:00","CTA|IE","2990.89","n/e"," ","1900.46"
"31/05/2025 16:00:00 - 31/05/2025 17:00:00","CTA|IE","3053.19","n/e"," ","2051.21"
"31/05/2025 17:00:00 - 31/05/2025 18:00:00","CTA|IE","3109.38","n/e"," ","2323.73"
"31/05/2025 18:00:00 - 31/05/2025 19:00:00","CTA|IE","3009.93","n/e"," ","2520.30"
"31/05/2025 19:00:00 - 31/05/2025 20:00:00","CTA|IE","2834.52","n/e"," ","2487.64"
"31/05/2025 20:00:00 - 31/05/2025 21:00:00","CTA|IE","2570.45","n/e"," ","2373.64"
"31/05/2025 21:00:00 - 31/05/2025 22:00:00","CTA|IE","2553.61","n/e"," ","2195.33"
"31/05/2025 22:00:00 - 31/05/2025 23:00:00","CTA|IE","2540.49","n/e"," ","2124.11"
"31/05/2025 23:00:00 - 01/06/2025 00:00:00","CTA|IE","2568.65","n/e"," ","1960.21"
"01/06/2025 00:00:00 - 01/06/2025 01:00:00","CTA|IE","2701.22","n/e"," ","1983.48"
"01/06/2025 01:00:00 - 01/06/2025 02:00:00","CTA|IE","2829.28","n/e"," ","2197.62"
"01/06/2025 02:00:00 - 01/06/2025 03:00:00","CTA|IE","2917.70","n/e"," ","2282.37"
"01/06/2025 03:00:00 - 01/06/2025 04:00:00","CTA|IE","2916.10","n/e"," ","2384.87"
"01/06/2025 04:00:00 - 01/06/2025 05:00:00","CTA|IE","2907.66","n/e"," ","2308.55"
"01/06/2025 05:00:00 - 01/06/2025 06:00:00","CTA|IE","2841.43","n/e"," ","2027.11"
"01/06/2025 06:00:00 - 01/06/2025 07:00:00","CTA|IE","2659.71","n/e"," ","1718.41"
"01/06/2025 07:00:00 - 01/06/2025 08:00:00","CTA|IE","2380.26","n/e"," ","1563.55"
"01/06/2025 08:00:00 - 01/06/2025 09:00:00","CTA|IE","1986.57","n/e"," ","1451.82"
"01/06/2025 09:00:00 - 01/06/2025 10:00:00","CTA|IE","1836.79","n/e"," ","1440.53"
"01/06/2025 10:00:00 - 01/06/2025 11:00:00","CTA|IE","1783.93","n/e"," ","1512.21"
"01/06/2025 11:00:00 - 01/06/2025 12:00:00","CTA|IE","1893.93","n/e"," ","1548.56"
"01/06/2025 12:00:00 - 01/06/2025 13:00:00","CTA|IE","2212.03","n/e"," ","1554.96"
"01/06/2025 13:00:00 - 01/06/2025 14:00:00","CTA|IE","2599.22","n/e"," ","1666.11"
"01/06/2025 14:00:00 - 01/06/2025 15:00:00","CTA|IE","2678.72","n/e"," ","1700.40"
"01/06/2025 15:00:00 - 01/06/2025 16:00:00","CTA|IE","2925.97","n/e"," ","1695.55"
"01/06/2025 16:00:00 - 01/06/2025 17:00:00","CTA|IE","2920.54","n/e"," ","1622.82"
"01/06/2025 17:00:00 - 01/06/2025 18:00:00","CTA|IE","2759.38","n/e"," ","1821.10"
"01/06/2025 18:00:00 - 01/06/2025 19:00:00","CTA|IE","2670.12","n/e"," ","1917.76"
"01/06/2025 19:00:00 - 01/06/2025 20:00:00","CTA|IE","2508.27","n/e"," ","1916.87"
"01/06/2025 20:00:00 - 01/06/2025 21:00:00","CTA|IE","2207.52","n/e"," ","1802.03"
"01/06/2025 21:00:00 - 01/06/2025 22:00:00","CTA|IE","1829.50","n/e"," ","1623.98"
"01/06/2025 22:00:00 - 01/06/2025 23:00:00","CTA|IE","1471.78","n/e"," ","1328.69"
"01/06/2025 23:00:00 - 02/06/2025 00:00:00","CTA|IE","1155.54","n/e"," ","1160.30"
"02/06/2025 00:00:00 - 02/06/2025 01:00:00","CTA|IE","832.02","n/e"," ","1033.20"
"02/06/2025 01:00:00 - 02/06/2025 02:00:00","CTA|IE","671.59","n/e"," ","941.79"
"02/06/2025 02:00:00 - 02/06/2025 03:00:00","CTA|IE","679.22","n/e"," ","794.29"
"02/06/2025 03:00:00 - 02/06/2025 04:00:00","CTA|IE","588.79","n/e"," ","698.27"
"02/06/2025 04:00:00 - 02/06/2025 05:00:00","CTA|IE","477.85","n/e"," ","571.45"
"02/06/2025 05:00:00 - 02/06/2025 06:00:00","CTA|IE","460.64","n/e"," ","543.73"
"02/06/2025 06:00:00 - 02/06/2025 07:00:00","CTA|IE","441.11","n/e"," ","469.84"
"02/06/2025 07:00:00 - 02/06/2025 08:00:00","CTA|IE","406.49","n/e"," ","439.11"
"02/06/2025 08:00:00 - 02/06/2025 09:00:00","CTA|IE","460.01","n/e"," ","401.98"
"02/06/2025 09:00:00 - 02/06/2025 10:00:00","CTA|IE","575.16","n/e"," ","560.84"
"02/06/2025 10:00:00 - 02/06/2025 11:00:00","CTA|IE","735.64","n/e"," ","945.22"
"02/06/2025 11:00:00 - 02/06/2025 12:00:00","CTA|IE","1064.36","n/e"," ","1146.53"
"02/06/2025 12:00:00 - 02/06/2025 13:00:00","CTA|IE","1592.36","n/e"," ","1583.57"
"02/06/2025 13:00:00 - 02/06/2025 14:00:00","CTA|IE","2221.61","n/e"," ","1768.34"
"02/06/2025 14:00:00 - 02/06/2025 15:00:00","CTA|IE","2826.59","n/e"," ","2091.89"
"02/06/2025 15:00:00 - 02/06/2025 16:00:00","CTA|IE","3262.58","n/e"," ","2341.00"
"02/06/2025 16:00:00 - 02/06/2025 17:00:00","CTA|IE","3527.98","n/e"," ","2553.59"
"02/06/2025 17:00:00 - 02/06/2025 18:00:00","CTA|IE","3770.21","n/e"," ","2853.80"
"02/06/2025 18:00:00 - 02/06/2025 19:00:00","CTA|IE","3917.11","n/e"," ","3142.61"
"02/06/2025 19:00:00 - 02/06/2025 20:00:00","CTA|IE","4007.36","n/e"," ","3260.80"
"02/06/2025 20:00:00 - 02/06/2025 21:00:00","CTA|IE","4063.02","n/e"," ","3190.78"
"02/06/2025 21:00:00 - 02/06/2025 22:00:00","CTA|IE","4032.02","n/e"," ","3186.75"
"02/06/2025 22:00:00 - 02/06/2025 23:00:00","CTA|IE","3839.52","n/e"," ","3093.85"
"02/06/2025 23:00:00 - 03/06/2025 00:00:00","CTA|IE","3590.48","n/e"," ","2827.90"
"03/06/2025 00:00:00 - 03/06/2025 01:00:00","CTA|IE","3272.78","n/e"," ","2478.34"
"03/06/2025 01:00:00 - 03/06/2025 02:00:00","CTA|IE","2949.80","n/e"," ","2220.84"
"03/06/2025 02:00:00 - 03/06/2025 03:00:00","CTA|IE","2406.59","n/e"," ","1945.29"
"03/06/2025 03:00:00 - 03/06/2025 04:00:00","CTA|IE","2336.68","n/e"," ","1801.86"
"03/06/2025 04:00:00 - 03/06/2025 05:00:00","CTA|IE","2465.75","n/e"," ","1790.48"
"03/06/2025 05:00:00 - 03/06/2025 06:00:00","CTA|IE","2583.13","n/e"," ","1752.18"
"03/06/2025 06:00:00 - 03/06/2025 07:00:00","CTA|IE","2591.91","n/e"," ","1691.88"
"03/06/2025 07:00:00 - 03/06/2025 08:00:00","CTA|IE","2637.28","n/e"," ","1935.01"
"03/06/2025 08:00:00 - 03/06/2025 09:00:00","CTA|IE","2566.91","n/e"," ","2025.63"
"03/06/2025 09:00:00 - 03/06/2025 10:00:00","CTA|IE","2419.53","n/e"," ","2159.89"
"03/06/2025 10:00:00 - 03/06/2025 11:00:00","CTA|IE","2337.83","n/e"," ","2230.79"
"03/06/2025 11:00:00 - 03/06/2025 12:00:00","CTA|IE","2392.49","n/e"," ","2180.89"
"03/06/2025 12:00:00 - 03/06/2025 13:00:00","CTA|IE","2393.67","n/e"," ","1874.27"
"03/06/2025 13:00:00 - 03/06/2025 14:00:00","CTA|IE","2367.85","n/e"," ","1592.59"
"03/06/2025 14:00:00 - 03/06/2025 15:00:00","CTA|IE","2174.26","n/e"," ","1375.15"
"03/06/2025 15:00:00 - 03/06/2025 16:00:00","CTA|IE","2062.37","n/e"," ","1384.64"
"03/06/2025 16:00:00 - 03/06/2025 17:00:00","CTA|IE","2124.89","n/e"," ","1545.12"
"03/06/2025 17:00:00 - 03/06/2025 18:00:00","CTA|IE","2071.51","n/e"," ","1549.80"
"03/06/2025 18:00:00 - 03/06/2025 19:00:00","CTA|IE","2034.00","n/e"," ","1916.80"
"03/06/2025 19:00:00 - 03/06/2025 20:00:00","CTA|IE","1965.40","n/e"," ","2072.05"
"03/06/2025 20:00:00 - 03/06/2025 21:00:00","CTA|IE","1777.41","n/e"," ","1888.98"
"03/06/2025 21:00:00 - 03/06/2025 22:00:00","CTA|IE","1626.17","n/e"," ","1506.81"
"03/06/2025 22:00:00 - 03/06/2025 23:00:00","CTA|IE","1524.18","n/e"," ","1552.24"
"03/06/2025 23:00:00 - 04/06/2025 00:00:00","CTA|IE","1487.95","n/e"," ","1508.91"
"04/06/2025 00:00:00 - 04/06/2025 01:00:00","CTA|IE","1452.81","n/e"," ","1469.76"
"04/06/2025 01:00:00 - 04/06/2025 02:00:00","CTA|IE","1434.14","n/e"," ","1480.85"
"04/06/2025 02:00:00 - 04/06/2025 03:00:00","CTA|IE","1404.86","n/e"," ","1340.78"
"04/06/2025 03:00:00 - 04/06/2025 04:00:00","CTA|IE","1465.67","n/e"," ","1283.64"
"04/06/2025 04:00:00 - 04/06/2025 05:00:00","CTA|IE","1487.16","n/e"," ","1273.05"
"04/06/2025 05:00:00 - 04/06/2025 06:00:00","CTA|IE","1476.43","n/e"," ","1237.19"
"04/06/2025 06:00:00 - 04/06/2025 07:00:00","CTA|IE","1392.13","n/e"," ","1169.42"
"04/06/2025 07:00:00 - 04/06/2025 08:00:00","CTA|IE","1253.47","n/e"," ","1109.45"
"04/06/2025 08:00:00 - 04/06/2025 09:00:00","CTA|IE","1134.30","n/e"," ","1046.87"
"04/06/2025 09:00:00 - 04/06/2025 10:00:00","CTA|IE","1286.91","n/e"," ","1057.56"
"04/06/2025 10:00:00 - 04/06/2025 11:00:00","CTA|IE","1501.73","n/e"," ","1225.29"
"04/06/2025 11:00:00 - 04/06/2025 12:00:00","CTA|IE","1647.07","n/e"," ","1321.85"
"04/06/2025 12:00:00 - 04/06/2025 13:00:00","CTA|IE","1763.25","n/e"," ","1475.81"
"04/06/2025 13:00:00 - 04/06/2025 14:00:00","CTA|IE","1914.01","n/e"," ","1686.33"
"04/06/2025 14:00:00 - 04/06/2025 15:00:00","CTA|IE","1856.24","n/e"," ","1744.98"
"04/06/2025 15:00:00 - 04/06/2025 16:00:00","CTA|IE","1879.33","n/e"," ","1861.12"
"04/06/2025 16:00:00 - 04/06/2025 17:00:00","CTA|IE","1776.28","n/e"," ","1903.01"
"04/06/2025 17:00:00 - 04/06/2025 18:00:00","CTA|IE","1673.42","n/e"," ","1679.57"
"04/06/2025 18:00:00 - 04/06/2025 19:00:00","CTA|IE","1539.95","n/e"," ","1568.15"
"04/06/2025 19:00:00 - 04/06/2025 20:00:00","CTA|IE","1370.98","n/e"," ","1513.77"
"04/06/2025 20:00:00 - 04/06/2025 21:00:00","CTA|IE","1100.89","n/e"," ","1366.81"
"04/06/2025 21:00:00 - 04/06/2025 22:00:00","CTA|IE","964.70","n/e"," ","1033.90"
"04/06/2025 22:00:00 - 04/06/2025 23:00:00","CTA|IE","912.60","n/e"," ","763.56"
"04/06/2025 23:00:00 - 05/06/2025 00:00:00","CTA|IE","964.91","n/e"," ","647.90"
"05/06/2025 00:00:00 - 05/06/2025 01:00:00","CTA|IE","951.97","n/e"," ","579.52"
"05/06/2025 01:00:00 - 05/06/2025 02:00:00","CTA|IE","903.82","n/e"," ","600.42"
"05/06/2025 02:00:00 - 05/06/2025 03:00:00","CTA|IE","886.24","n/e"," ","640.86"
"05/06/2025 03:00:00 - 05/06/2025 04:00:00","CTA|IE","896.78","n/e"," ","737.20"
"05/06/2025 04:00:00 - 05/06/2025 05:00:00","CTA|IE","946.78","n/e"," ","634.82"
"05/06/2025 05:00:00 - 05/06/2025 06:00:00","CTA|IE","989.17","n/e"," ","678.44"
"05/06/2025 06:00:00 - 05/06/2025 07:00:00","CTA|IE","980.69","n/e"," ","711.59"
"05/06/2025 07:00:00 - 05/06/2025 08:00:00","CTA|IE","897.55","n/e"," ","727.39"
"05/06/2025 08:00:00 - 05/06/2025 09:00:00","CTA|IE","815.73","n/e"," ","781.84"
"05/06/2025 09:00:00 - 05/06/2025 10:00:00","CTA|IE","778.46","n/e"," ","728.28"
"05/06/2025 10:00:00 - 05/06/2025 11:00:00","CTA|IE","730.34","n/e"," ","785.61"
"05/06/2025 11:00:00 - 05/06/2025 12:00:00","CTA|IE","667.13","n/e"," ","830.51"
"05/06/2025 12:00:00 - 05/06/2025 13:00:00","CTA|IE","657.03","n/e"," ","925.14"
"05/06/2025 13:00:00 - 05/06/2025 14:00:00","CTA|IE","705.56","n/e"," ","1032.12"
"05/06/2025 14:00:00 - 05/06/2025 15:00:00","CTA|IE","752.81","n/e"," ","1036.21"
"05/06/2025 15:00:00 - 05/06/2025 16:00:00","CTA|IE","764.61","n/e"," ","1084.57"
"05/06/2025 16:00:00 - 05/06/2025 17:00:00","CTA|IE","812.52","n/e"," ","1070.15"
"05/06/2025 17:00:00 - 05/06/2025 18:00:00","CTA|IE","928.18","n/e"," ","1116.99"
"05/06/2025 18:00:00 - 05/06/2025 19:00:00","CTA|IE","1000.72","n/e"," ","1077.78"
"05/06/2025 19:00:00 - 05/06/2025 20:00:00","CTA|IE","1008.41","n/e"," ","894.56"
"05/06/2025 20:00:00 - 05/06/2025 21:00:00","CTA|IE","952.24","n/e"," ","774.20"
"05/06/2025 21:00:00 - 05/06/2025 22:00:00","CTA|IE","930.69","n/e"," ","628.78"
"05/06/2025 22:00:00 - 05/06/2025 23:00:00","CTA|IE","918.11","n/e"," ","566.00"
"05/06/2025 23:00:00 - 06/06/2025 00:00:00","CTA|IE","858.19","n/e"," ","558.42"
"06/06/2025 00:00:00 - 06/06/2025 01:00:00","CTA|IE","899.07","n/e"," ","626.58"
"06/06/2025 01:00:00 - 06/06/2025 02:00:00","CTA|IE","984.51","n/e"," ","827.60"
"06/06/2025 02:00:00 - 06/06/2025 03:00:00","CTA|IE","1060.08","n/e"," ","786.82"
"06/06/2025 03:00:00 - 06/06/2025 04:00:00","CTA|IE","1052.76","n/e"," ","799.15"
"06/06/2025 04:00:00 - 06/06/2025 05:00:00","CTA|IE","1093.22","n/e"," ","976.00"
"06/06/2025 05:00:00 - 06/06/2025 06:00:00","CTA|IE","1145.80","n/e"," ","954.75"
"06/06/2025 06:00:00 - 06/06/2025 07:00:00","CTA|IE","1106.22","n/e"," ","921.03"
"06/06/2025 07:00:00 - 06/06/2025 08:00:00","CTA|IE","989.95","n/e"," ","914.28"
"06/06/2025 08:00:00 - 06/06/2025 09:00:00","CTA|IE","897.83","n/e"," ","683.47"
"06/06/2025 09:00:00 - 06/06/2025 10:00:00","CTA|IE","794.32","n/e"," ","605.91"
"06/06/2025 10:00:00 - 06/06/2025 11:00:00","CTA|IE","743.86","n/e"," ","659.11"
"06/06/2025 11:00:00 - 06/06/2025 12:00:00","CTA|IE","775.03","n/e"," ","679.97"
"06/06/2025 12:00:00 - 06/06/2025 13:00:00","CTA|IE","823.42","n/e"," ","659.08"
"06/06/2025 13:00:00 - 06/06/2025 14:00:00","CTA|IE","892.09","n/e"," ","765.11"
"06/06/2025 14:00:00 - 06/06/2025 15:00:00","CTA|IE","961.62","n/e"," ","896.36"
"06/06/2025 15:00:00 - 06/06/2025 16:00:00","CTA|IE","1095.08","n/e"," ","1105.62"
"06/06/2025 16:00:00 - 06/06/2025 17:00:00","CTA|IE","1215.01","n/e"," ","1007.31"
"06/06/2025 17:00:00 - 06/06/2025 18:00:00","CTA|IE","1282.10","n/e"," ","1011.19"
"06/06/2025 18:00:00 - 06/06/2025 19:00:00","CTA|IE","1333.69","n/e"," ","905.92"
"06/06/2025 19:00:00 - 06/06/2025 20:00:00","CTA|IE","1410.74","n/e"," ","751.39"
"06/06/2025 20:00:00 - 06/06/2025 21:00:00","CTA|IE","1478.77","n/e"," ","619.69"
"06/06/2025 21:00:00 - 06/06/2025 22:00:00","CTA|IE","1567.22","n/e"," ","432.66"
"06/06/2025 22:00:00 - 06/06/2025 23:00:00","CTA|IE","1766.89","n/e"," ","295.66"
"06/06/2025 23:00:00 - 07/06/2025 00:00:00","CTA|IE","2034.76","n/e"," ","377.58"
"07/06/2025 00:00:00 - 07/06/2025 01:00:00","CTA|IE","2264.09","n/e"," ","357.87"
"07/06/2025 01:00:00 - 07/06/2025 02:00:00","CTA|IE","756.87","n/e"," ","357.41"
"07/06/2025 02:00:00 - 07/06/2025 03:00:00","CTA|IE","788.15","n/e"," ","321.50"
"07/06/2025 03:00:00 - 07/06/2025 04:00:00","CTA|IE","782.33","n/e"," ","260.49"
"07/06/2025 04:00:00 - 07/06/2025 05:00:00","CTA|IE","728.77","n/e"," ","247.15"
"07/06/2025 05:00:00 - 07/06/2025 06:00:00","CTA|IE","687.26","n/e"," ","238.97"
"07/06/2025 06:00:00 - 07/06/2025 07:00:00","CTA|IE","700.94","n/e"," ","N/A"
"07/06/2025 07:00:00 - 07/06/2025 08:00:00","CTA|IE","723.73","n/e"," ","205.90"
"07/06/2025 08:00:00 - 07/06/2025 09:00:00","CTA|IE","803.52","n/e"," ","193.46"
"07/06/2025 09:00:00 - 07/06/2025 10:00:00","CTA|IE","966.58","n/e"," ","220.13"
"07/06/2025 10:00:00 - 07/06/2025 11:00:00","CTA|IE","1190.96","n/e"," ","341.38"
"07/06/2025 11:00:00 - 07/06/2025 12:00:00","CTA|IE","1394.13","n/e"," ","496.28"
"07/06/2025 12:00:00 - 07/06/2025 13:00:00","CTA|IE","1606.53","n/e"," ","797.00"
"07/06/2025 13:00:00 - 07/06/2025 14:00:00","CTA|IE","1817.14","n/e"," ","1126.85"
"07/06/2025 14:00:00 - 07/06/2025 15:00:00","CTA|IE","1990.48","n/e"," ","1462.51"
"07/06/2025 15:00:00 - 07/06/2025 16:00:00","CTA|IE","2163.05","n/e"," ","1635.53"
"07/06/2025 16:00:00 - 07/06/2025 17:00:00","CTA|IE","2316.46","n/e"," ","1745.28"
"07/06/2025 17:00:00 - 07/06/2025 18:00:00","CTA|IE","2422.51","n/e"," ","1987.70"
"07/06/2025 18:00:00 - 07/06/2025 19:00:00","CTA|IE","2419.23","n/e"," ","1914.48"
"07/06/2025 19:00:00 - 07/06/2025 20:00:00","CTA|IE","2300.58","n/e"," ","1900.62"
"07/06/2025 20:00:00 - 07/06/2025 21:00:00","CTA|IE","2079.57","n/e"," ","1544.17"
"07/06/2025 21:00:00 - 07/06/2025 22:00:00","CTA|IE","1745.28","n/e"," ","1057.23"
"07/06/2025 22:00:00 - 07/06/2025 23:00:00","CTA|IE","1371.35","n/e"," ","842.08"
"07/06/2025 23:00:00 - 08/06/2025 00:00:00","CTA|IE","1065.25","n/e"," ","896.94"
"08/06/2025 00:00:00 - 08/06/2025 01:00:00","CTA|IE","904.37","n/e"," ","809.89"
"08/06/2025 01:00:00 - 08/06/2025 02:00:00","CTA|IE","662.84","n/e"," ","792.38"
"08/06/2025 02:00:00 - 08/06/2025 03:00:00","CTA|IE","672.14","n/e"," ","884.10"
"08/06/2025 03:00:00 - 08/06/2025 04:00:00","CTA|IE","736.64","n/e"," ","947.94"
"08/06/2025 04:00:00 - 08/06/2025 05:00:00","CTA|IE","813.18","n/e"," ","884.52"
"08/06/2025 05:00:00 - 08/06/2025 06:00:00","CTA|IE","864.02","n/e"," ","896.37"
"08/06/2025 06:00:00 - 08/06/2025 07:00:00","CTA|IE","907.46","n/e"," ","885.95"
"08/06/2025 07:00:00 - 08/06/2025 08:00:00","CTA|IE","929.22","n/e"," ","892.09"
"08/06/2025 08:00:00 - 08/06/2025 09:00:00","CTA|IE","897.54","n/e"," ","960.44"
"08/06/2025 09:00:00 - 08/06/2025 10:00:00","CTA|IE","847.55","n/e"," ","931.57"
"08/06/2025 10:00:00 - 08/06/2025 11:00:00","CTA|IE","928.19","n/e"," ","997.70"
"08/06/2025 11:00:00 - 08/06/2025 12:00:00","CTA|IE","1037.54","n/e"," ","1058.58"
"08/06/2025 12:00:00 - 08/06/2025 13:00:00","CTA|IE","1112.29","n/e"," ","1189.05"
"08/06/2025 13:00:00 - 08/06/2025 14:00:00","CTA|IE","1141.97","n/e"," ","1237.00"
"08/06/2025 14:00:00 - 08/06/2025 15:00:00","CTA|IE","1161.26","n/e"," ","1206.09"
"08/06/2025 15:00:00 - 08/06/2025 16:00:00","CTA|IE","1204.93","n/e"," ","1139.82"
"08/06/2025 16:00:00 - 08/06/2025 17:00:00","CTA|IE","1233.54","n/e"," ","1175.96"
"08/06/2025 17:00:00 - 08/06/2025 18:00:00","CTA|IE","1217.42","n/e"," ","1042.37"
"08/06/2025 18:00:00 - 08/06/2025 19:00:00","CTA|IE","1135.57","n/e"," ","1090.67"
"08/06/2025 19:00:00 - 08/06/2025 20:00:00","CTA|IE","1019.16","n/e"," ","980.94"
"08/06/2025 20:00:00 - 08/06/2025 21:00:00","CTA|IE","886.47","n/e"," ","896.14"
"08/06/2025 21:00:00 - 08/06/2025 22:00:00","CTA|IE","732.48","n/e"," ","736.69"
"08/06/2025 22:00:00 - 08/06/2025 23:00:00","CTA|IE","589.51","n/e"," ","595.92"
"08/06/2025 23:00:00 - 09/06/2025 00:00:00","CTA|IE","476.75","n/e"," ","556.98"
"09/06/2025 00:00:00 - 09/06/2025 01:00:00","CTA|IE","418.88","n/e"," ","532.95"
"09/06/2025 01:00:00 - 09/06/2025 02:00:00","CTA|IE","347.81","n/e"," ","514.78"
"09/06/2025 02:00:00 - 09/06/2025 03:00:00","CTA|IE","308.21","n/e"," ","504.59"
"09/06/2025 03:00:00 - 09/06/2025 04:00:00","CTA|IE","278.56","n/e"," ","454.92"
"09/06/2025 04:00:00 - 09/06/2025 05:00:00","CTA|IE","245.53","n/e"," ","374.88"
"09/06/2025 05:00:00 - 09/06/2025 06:00:00","CTA|IE","228.13","n/e"," ","300.47"
"09/06/2025 06:00:00 - 09/06/2025 07:00:00","CTA|IE","210.44","n/e"," ","337.51"
"09/06/2025 07:00:00 - 09/06/2025 08:00:00","CTA|IE","205.16","n/e"," ","364.88"
"09/06/2025 08:00:00 - 09/06/2025 09:00:00","CTA|IE","208.02","n/e"," ","381.79"
"09/06/2025 09:00:00 - 09/06/2025 10:00:00","CTA|IE","226.52","n/e"," ","466.62"
"09/06/2025 10:00:00 - 09/06/2025 11:00:00","CTA|IE","275.13","n/e"," ","699.48"
"09/06/2025 11:00:00 - 09/06/2025 12:00:00","CTA|IE","354.18","n/e"," ","913.06"
"09/06/2025 12:00:00 - 09/06/2025 13:00:00","CTA|IE","458.20","n/e"," ","1217.12"
"09/06/2025 13:00:00 - 09/06/2025 14:00:00","CTA|IE","576.28","n/e"," ","1474.09"
"09/06/2025 14:00:00 - 09/06/2025 15:00:00","CTA|IE","700.53","n/e"," ","1814.32"
"09/06/2025 15:00:00 - 09/06/2025 16:00:00","CTA|IE","824.32","n/e"," ","1947.65"
"09/06/2025 16:00:00 - 09/06/2025 17:00:00","CTA|IE","941.15","n/e"," ","2218.78"
"09/06/2025 17:00:00 - 09/06/2025 18:00:00","CTA|IE","1036.80","n/e"," ","2199.10"
"09/06/2025 18:00:00 - 09/06/2025 19:00:00","CTA|IE","1114.17","n/e"," ","2217.73"
"09/06/2025 19:00:00 - 09/06/2025 20:00:00","CTA|IE","1152.06","n/e"," ","2450.77"
"09/06/2025 20:00:00 - 09/06/2025 21:00:00","CTA|IE","1144.85","n/e"," ","2599.02"
"09/06/2025 21:00:00 - 09/06/2025 22:00:00","CTA|IE","1109.99","n/e"," ","2553.48"
"09/06/2025 22:00:00 - 09/06/2025 23:00:00","CTA|IE","1080.96","n/e"," ","2495.29"
"09/06/2025 23:00:00 - 10/06/2025 00:00:00","CTA|IE","1078.00","n/e"," ","2275.18"
"10/06/2025 00:00:00 - 10/06/2025 01:00:00","CTA|IE","1095.37","n/e"," ","1966.34"
"10/06/2025 01:00:00 - 10/06/2025 02:00:00","CTA|IE","1322.86","n/e"," ","1907.62"
"10/06/2025 02:00:00 - 10/06/2025 03:00:00","CTA|IE","1187.20","n/e"," ","1520.55"
"10/06/2025 03:00:00 - 10/06/2025 04:00:00","CTA|IE","1094.97","n/e"," ","982.09"
"10/06/2025 04:00:00 - 10/06/2025 05:00:00","CTA|IE","951.29","n/e"," ","851.86"
"10/06/2025 05:00:00 - 10/06/2025 06:00:00","CTA|IE","815.80","n/e"," ","781.39"
"10/06/2025 06:00:00 - 10/06/2025 07:00:00","CTA|IE","674.47","n/e"," ","704.07"
"10/06/2025 07:00:00 - 10/06/2025 08:00:00","CTA|IE","560.09","n/e"," ","465.74"
"10/06/2025 08:00:00 - 10/06/2025 09:00:00","CTA|IE","473.82","n/e"," ","309.17"
"10/06/2025 09:00:00 - 10/06/2025 10:00:00","CTA|IE","369.54","n/e"," ","220.58"
"10/06/2025 10:00:00 - 10/06/2025 11:00:00","CTA|IE","290.53","n/e"," ","170.06"
"10/06/2025 11:00:00 - 10/06/2025 12:00:00","CTA|IE","243.64","n/e"," ","125.16"
"10/06/2025 12:00:00 - 10/06/2025 13:00:00","CTA|IE","236.88","n/e"," ","82.19"
"10/06/2025 13:00:00 - 10/06/2025 14:00:00","CTA|IE","251.04","n/e"," ","20.52"
"10/06/2025 14:00:00 - 10/06/2025 15:00:00","CTA|IE","283.53","n/e"," ","12.87"
"10/06/2025 15:00:00 - 10/06/2025 16:00:00","CTA|IE","333.02","n/e"," ","27.05"
"10/06/2025 16:00:00 - 10/06/2025 17:00:00","CTA|IE","376.93","n/e"," ","43.79"
"10/06/2025 17:00:00 - 10/06/2025 18:00:00","CTA|IE","397.92","n/e"," ","79.54"
"10/06/2025 18:00:00 - 10/06/2025 19:00:00","CTA|IE","386.26","n/e"," ","112.00"
"10/06/2025 19:00:00 - 10/06/2025 20:00:00","CTA|IE","369.75","n/e"," ","166.99"
"10/06/2025 20:00:00 - 10/06/2025 21:00:00","CTA|IE","361.28","n/e"," ","210.95"
"10/06/2025 21:00:00 - 10/06/2025 22:00:00","CTA|IE","340.39","n/e"," ","194.05"
"10/06/2025 22:00:00 - 10/06/2025 23:00:00","CTA|IE","312.01","n/e"," ","188.16"
"10/06/2025 23:00:00 - 11/06/2025 00:00:00","CTA|IE","292.70","n/e"," ","226.75"
"11/06/2025 00:00:00 - 11/06/2025 01:00:00","CTA|IE","307.33","n/e"," ","273.11"
"11/06/2025 01:00:00 - 11/06/2025 02:00:00","CTA|IE","343.25","n/e"," ","375.32"
"11/06/2025 02:00:00 - 11/06/2025 03:00:00","CTA|IE","358.34","n/e"," ","493.70"
"11/06/2025 03:00:00 - 11/06/2025 04:00:00","CTA|IE","330.38","n/e"," ","446.80"
"11/06/2025 04:00:00 - 11/06/2025 05:00:00","CTA|IE","328.53","n/e"," ","459.64"
"11/06/2025 05:00:00 - 11/06/2025 06:00:00","CTA|IE","407.79","n/e"," ","555.04"
"11/06/2025 06:00:00 - 11/06/2025 07:00:00","CTA|IE","501.88","n/e"," ","581.75"
"11/06/2025 07:00:00 - 11/06/2025 08:00:00","CTA|IE","577.93","n/e"," ","631.79"
"11/06/2025 08:00:00 - 11/06/2025 09:00:00","CTA|IE","609.83","n/e"," ","715.57"
"11/06/2025 09:00:00 - 11/06/2025 10:00:00","CTA|IE","592.45","n/e"," ","613.15"
"11/06/2025 10:00:00 - 11/06/2025 11:00:00","CTA|IE","596.89","n/e"," ","601.69"
"11/06/2025 11:00:00 - 11/06/2025 12:00:00","CTA|IE","677.04","n/e"," ","749.03"
"11/06/2025 12:00:00 - 11/06/2025 13:00:00","CTA|IE","783.98","n/e"," ","753.97"
"11/06/2025 13:00:00 - 11/06/2025 14:00:00","CTA|IE","889.08","n/e"," ","1100.16"
"11/06/2025 14:00:00 - 11/06/2025 15:00:00","CTA|IE","976.64","n/e"," ","1376.37"
"11/06/2025 15:00:00 - 11/06/2025 16:00:00","CTA|IE","1026.91","n/e"," ","1417.95"
"11/06/2025 16:00:00 - 11/06/2025 17:00:00","CTA|IE","1053.59","n/e"," ","1256.45"
"11/06/2025 17:00:00 - 11/06/2025 18:00:00","CTA|IE","1052.64","n/e"," ","1426.26"
"11/06/2025 18:00:00 - 11/06/2025 19:00:00","CTA|IE","1119.01","n/e"," ","1430.31"
"11/06/2025 19:00:00 - 11/06/2025 20:00:00","CTA|IE","1170.19","n/e"," ","1322.09"
"11/06/2025 20:00:00 - 11/06/2025 21:00:00","CTA|IE","1230.17","n/e"," ","1366.29"
"11/06/2025 21:00:00 - 11/06/2025 22:00:00","CTA|IE","1308.09","n/e"," ","1424.67"
"11/06/2025 22:00:00 - 11/06/2025 23:00:00","CTA|IE","1442.87","n/e"," ","1316.99"
"11/06/2025 23:00:00 - 12/06/2025 00:00:00","CTA|IE","1650.35","n/e"," ","1469.75"
"12/06/2025 00:00:00 - 12/06/2025 01:00:00","CTA|IE","1894.61","n/e"," ","1458.16"
"12/06/2025 01:00:00 - 12/06/2025 02:00:00","CTA|IE","1641.44","n/e"," ","1453.15"
"12/06/2025 02:00:00 - 12/06/2025 03:00:00","CTA|IE","1925.13","n/e"," ","1393.07"
"12/06/2025 03:00:00 - 12/06/2025 04:00:00","CTA|IE","2096.79","n/e"," ","1453.95"
"12/06/2025 04:00:00 - 12/06/2025 05:00:00","CTA|IE","2193.31","n/e"," ","1533.30"
"12/06/2025 05:00:00 - 12/06/2025 06:00:00","CTA|IE","2312.91","n/e"," ","1283.70"
"12/06/2025 06:00:00 - 12/06/2025 07:00:00","CTA|IE","2292.61","n/e"," ","1091.16"
"12/06/2025 07:00:00 - 12/06/2025 08:00:00","CTA|IE","2253.93","n/e"," ","1123.64"
"12/06/2025 08:00:00 - 12/06/2025 09:00:00","CTA|IE","2148.49","n/e"," ","1093.22"
"12/06/2025 09:00:00 - 12/06/2025 10:00:00","CTA|IE","1969.63","n/e"," ","1035.38"
"12/06/2025 10:00:00 - 12/06/2025 11:00:00","CTA|IE","1777.59","n/e"," ","1073.20"
"12/06/2025 11:00:00 - 12/06/2025 12:00:00","CTA|IE","1625.12","n/e"," ","1165.40"
"12/06/2025 12:00:00 - 12/06/2025 13:00:00","CTA|IE","1521.98","n/e"," ","1106.76"
"12/06/2025 13:00:00 - 12/06/2025 14:00:00","CTA|IE","1438.65","n/e"," ","933.47"
"12/06/2025 14:00:00 - 12/06/2025 15:00:00","CTA|IE","1396.25","n/e"," ","789.19"
"12/06/2025 15:00:00 - 12/06/2025 16:00:00","CTA|IE","1358.90","n/e"," ","642.05"
"12/06/2025 16:00:00 - 12/06/2025 17:00:00","CTA|IE","1299.84","n/e"," ","646.02"
"12/06/2025 17:00:00 - 12/06/2025 18:00:00","CTA|IE","1221.46","n/e"," ","511.36"
"12/06/2025 18:00:00 - 12/06/2025 19:00:00","CTA|IE","1139.44","n/e"," ","567.71"
"12/06/2025 19:00:00 - 12/06/2025 20:00:00","CTA|IE","1050.78","n/e"," ","715.51"
"12/06/2025 20:00:00 - 12/06/2025 21:00:00","CTA|IE","960.85","n/e"," ","774.67"
"12/06/2025 21:00:00 - 12/06/2025 22:00:00","CTA|IE","882.02","n/e"," ","855.83"
"12/06/2025 22:00:00 - 12/06/2025 23:00:00","CTA|IE","820.57","n/e"," ","925.88"
"12/06/2025 23:00:00 - 13/06/2025 00:00:00","CTA|IE","769.37","n/e"," ","949.63"
"13/06/2025 00:00:00 - 13/06/2025 01:00:00","CTA|IE","710.03","n/e"," ","1003.85"
"13/06/2025 01:00:00 - 13/06/2025 02:00:00","CTA|IE","920.16","n/e"," ","1117.57"
"13/06/2025 02:00:00 - 13/06/2025 03:00:00","CTA|IE","919.51","n/e"," ","1206.59"
"13/06/2025 03:00:00 - 13/06/2025 04:00:00","CTA|IE","968.42","n/e"," ","1260.98"
"13/06/2025 04:00:00 - 13/06/2025 05:00:00","CTA|IE","1012.47","n/e"," ","1266.25"
"13/06/2025 05:00:00 - 13/06/2025 06:00:00","CTA|IE","941.09","n/e"," ","1409.51"
"13/06/2025 06:00:00 - 13/06/2025 07:00:00","CTA|IE","846.76","n/e"," ","1283.22"
"13/06/2025 07:00:00 - 13/06/2025 08:00:00","CTA|IE","737.98","n/e"," ","1184.70"
"13/06/2025 08:00:00 - 13/06/2025 09:00:00","CTA|IE","661.46","n/e"," ","1210.99"
"13/06/2025 09:00:00 - 13/06/2025 10:00:00","CTA|IE","619.87","n/e"," ","1317.95"
"13/06/2025 10:00:00 - 13/06/2025 11:00:00","CTA|IE","640.99","n/e"," ","1296.76"
"13/06/2025 11:00:00 - 13/06/2025 12:00:00","CTA|IE","761.65","n/e"," ","1313.01"
"13/06/2025 12:00:00 - 13/06/2025 13:00:00","CTA|IE","884.42","n/e"," ","1330.28"
"13/06/2025 13:00:00 - 13/06/2025 14:00:00","CTA|IE","946.07","n/e"," ","1414.30"
"13/06/2025 14:00:00 - 13/06/2025 15:00:00","CTA|IE","970.45","n/e"," ","1393.50"
"13/06/2025 15:00:00 - 13/06/2025 16:00:00","CTA|IE","982.73","n/e"," ","1330.11"
"13/06/2025 16:00:00 - 13/06/2025 17:00:00","CTA|IE","986.91","n/e"," ","1265.80"
"13/06/2025 17:00:00 - 13/06/2025 18:00:00","CTA|IE","959.31","n/e"," ","1106.45"
"13/06/2025 18:00:00 - 13/06/2025 19:00:00","CTA|IE","901.84","n/e"," ","1008.99"
"13/06/2025 19:00:00 - 13/06/2025 20:00:00","CTA|IE","789.46","n/e"," ","790.00"
"13/06/2025 20:00:00 - 13/06/2025 21:00:00","CTA|IE","651.41","n/e"," ","599.86"
"13/06/2025 21:00:00 - 13/06/2025 22:00:00","CTA|IE","542.23","n/e"," ","468.58"
"13/06/2025 22:00:00 - 13/06/2025 23:00:00","CTA|IE","465.81","n/e"," ","432.86"
"13/06/2025 23:00:00 - 14/06/2025 00:00:00","CTA|IE","413.01","n/e"," ","342.09"
"14/06/2025 00:00:00 - 14/06/2025 01:00:00","CTA|IE","380.72","n/e"," ","223.24"
"14/06/2025 01:00:00 - 14/06/2025 02:00:00","CTA|IE","558.03","n/e"," ","181.58"
"14/06/2025 02:00:00 - 14/06/2025 03:00:00","CTA|IE","512.25","n/e"," ","147.71"
"14/06/2025 03:00:00 - 14/06/2025 04:00:00","CTA|IE","444.16","n/e"," ","105.40"
"14/06/2025 04:00:00 - 14/06/2025 05:00:00","CTA|IE","338.52","n/e"," ","49.24"
"14/06/2025 05:00:00 - 14/06/2025 06:00:00","CTA|IE","286.18","n/e"," ","22.51"
"14/06/2025 06:00:00 - 14/06/2025 07:00:00","CTA|IE","224.31","n/e"," ","19.52"
"14/06/2025 07:00:00 - 14/06/2025 08:00:00","CTA|IE","178.07","n/e"," ","41.90"
"14/06/2025 08:00:00 - 14/06/2025 09:00:00","CTA|IE","150.26","n/e"," ","88.68"
"14/06/2025 09:00:00 - 14/06/2025 10:00:00","CTA|IE","133.65","n/e"," ","161.35"
"14/06/2025 10:00:00 - 14/06/2025 11:00:00","CTA|IE","124.03","n/e"," ","231.97"
"14/06/2025 11:00:00 - 14/06/2025 12:00:00","CTA|IE","136.78","n/e"," ","316.97"
"14/06/2025 12:00:00 - 14/06/2025 13:00:00","CTA|IE","170.46","n/e"," ","413.15"
"14/06/2025 13:00:00 - 14/06/2025 14:00:00","CTA|IE","227.95","n/e"," ","535.83"
"14/06/2025 14:00:00 - 14/06/2025 15:00:00","CTA|IE","307.35","n/e"," ","641.87"
"14/06/2025 15:00:00 - 14/06/2025 16:00:00","CTA|IE","411.70","n/e"," ","734.80"
"14/06/2025 16:00:00 - 14/06/2025 17:00:00","CTA|IE","535.34","n/e"," ","855.97"
"14/06/2025 17:00:00 - 14/06/2025 18:00:00","CTA|IE","662.35","n/e"," ","932.30"
"14/06/2025 18:00:00 - 14/06/2025 19:00:00","CTA|IE","748.57","n/e"," ","1098.19"
"14/06/2025 19:00:00 - 14/06/2025 20:00:00","CTA|IE","770.53","n/e"," ","1107.91"
"14/06/2025 20:00:00 - 14/06/2025 21:00:00","CTA|IE","755.61","n/e"," ","1009.92"
"14/06/2025 21:00:00 - 14/06/2025 22:00:00","CTA|IE","705.47","n/e"," ","968.57"
"14/06/2025 22:00:00 - 14/06/2025 23:00:00","CTA|IE","645.58","n/e"," ","800.87"
"14/06/2025 23:00:00 - 15/06/2025 00:00:00","CTA|IE","607.49","n/e"," ","876.92"
"15/06/2025 00:00:00 - 15/06/2025 01:00:00","CTA|IE","614.28","n/e"," ","951.01"
"15/06/2025 01:00:00 - 15/06/2025 02:00:00","CTA|IE","690.10","n/e"," ","1113.41"
"15/06/2025 02:00:00 - 15/06/2025 03:00:00","CTA|IE","760.45","n/e"," ","1211.99"
"15/06/2025 03:00:00 - 15/06/2025 04:00:00","CTA|IE","843.02","n/e"," ","1267.34"
"15/06/2025 04:00:00 - 15/06/2025 05:00:00","CTA|IE","897.00","n/e"," ","1278.30"
"15/06/2025 05:00:00 - 15/06/2025 06:00:00","CTA|IE","903.78","n/e"," ","1264.40"
"15/06/2025 06:00:00 - 15/06/2025 07:00:00","CTA|IE","920.13","n/e"," ","1161.41"
"15/06/2025 07:00:00 - 15/06/2025 08:00:00","CTA|IE","922.13","n/e"," ","1020.64"
"15/06/2025 08:00:00 - 15/06/2025 09:00:00","CTA|IE","900.48","n/e"," ","868.59"
"15/06/2025 09:00:00 - 15/06/2025 10:00:00","CTA|IE","862.78","n/e"," ","888.94"
"15/06/2025 10:00:00 - 15/06/2025 11:00:00","CTA|IE","880.56","n/e"," ","979.14"
"15/06/2025 11:00:00 - 15/06/2025 12:00:00","CTA|IE","982.49","n/e"," ","1167.82"
"15/06/2025 12:00:00 - 15/06/2025 13:00:00","CTA|IE","1099.30","n/e"," ","1209.30"
"15/06/2025 13:00:00 - 15/06/2025 14:00:00","CTA|IE","1158.48","n/e"," ","1181.84"
"15/06/2025 14:00:00 - 15/06/2025 15:00:00","CTA|IE","1162.29","n/e"," ","1158.45"
"15/06/2025 15:00:00 - 15/06/2025 16:00:00","CTA|IE","1165.48","n/e"," ","1153.16"
"15/06/2025 16:00:00 - 15/06/2025 17:00:00","CTA|IE","1195.38","n/e"," ","1020.20"
"15/06/2025 17:00:00 - 15/06/2025 18:00:00","CTA|IE","1219.44","n/e"," ","953.65"
"15/06/2025 18:00:00 - 15/06/2025 19:00:00","CTA|IE","1180.98","n/e"," ","926.63"
"15/06/2025 19:00:00 - 15/06/2025 20:00:00","CTA|IE","1063.73","n/e"," ","862.54"
"15/06/2025 20:00:00 - 15/06/2025 21:00:00","CTA|IE","910.90","n/e"," ","785.06"
"15/06/2025 21:00:00 - 15/06/2025 22:00:00","CTA|IE","747.61","n/e"," ","671.55"
"15/06/2025 22:00:00 - 15/06/2025 23:00:00","CTA|IE","637.33","n/e"," ","649.21"
"15/06/2025 23:00:00 - 16/06/2025 00:00:00","CTA|IE","618.50","n/e"," ","841.55"
"16/06/2025 00:00:00 - 16/06/2025 01:00:00","CTA|IE","673.79","n/e"," ","1091.44"
"16/06/2025 01:00:00 - 16/06/2025 02:00:00","CTA|IE","749.53","n/e"," ","1147.80"
"16/06/2025 02:00:00 - 16/06/2025 03:00:00","CTA|IE","728.28","n/e"," ","1072.86"
"16/06/2025 03:00:00 - 16/06/2025 04:00:00","CTA|IE","735.87","n/e"," ","983.14"
"16/06/2025 04:00:00 - 16/06/2025 05:00:00","CTA|IE","736.34","n/e"," ","966.12"
"16/06/2025 05:00:00 - 16/06/2025 06:00:00","CTA|IE","717.59","n/e"," ","944.89"
"16/06/2025 06:00:00 - 16/06/2025 07:00:00","CTA|IE","689.06","n/e"," ","992.00"
"16/06/2025 07:00:00 - 16/06/2025 08:00:00","CTA|IE","670.05","n/e"," ","957.92"
"16/06/2025 08:00:00 - 16/06/2025 09:00:00","CTA|IE","623.93","n/e"," ","968.00"
"16/06/2025 09:00:00 - 16/06/2025 10:00:00","CTA|IE","553.43","n/e"," ","1012.16"
"16/06/2025 10:00:00 - 16/06/2025 11:00:00","CTA|IE","570.54","n/e"," ","1081.25"
"16/06/2025 11:00:00 - 16/06/2025 12:00:00","CTA|IE","672.69","n/e"," ","1197.58"
"16/06/2025 12:00:00 - 16/06/2025 13:00:00","CTA|IE","818.59","n/e"," ","1335.45"
"16/06/2025 13:00:00 - 16/06/2025 14:00:00","CTA|IE","971.92","n/e"," ","1441.83"
"16/06/2025 14:00:00 - 16/06/2025 15:00:00","CTA|IE","1130.66","n/e"," ","1613.82"
"16/06/2025 15:00:00 - 16/06/2025 16:00:00","CTA|IE","1305.99","n/e"," ","1549.54"
"16/06/2025 16:00:00 - 16/06/2025 17:00:00","CTA|IE","1458.42","n/e"," ","1779.20"
"16/06/2025 17:00:00 - 16/06/2025 18:00:00","CTA|IE","1556.42","n/e"," ","1818.27"
"16/06/2025 18:00:00 - 16/06/2025 19:00:00","CTA|IE","1623.55","n/e"," ","1850.01"
"16/06/2025 19:00:00 - 16/06/2025 20:00:00","CTA|IE","1698.63","n/e"," ","1859.67"
"16/06/2025 20:00:00 - 16/06/2025 21:00:00","CTA|IE","1768.21","n/e"," ","1884.12"
"16/06/2025 21:00:00 - 16/06/2025 22:00:00","CTA|IE","1803.24","n/e"," ","1947.67"
"16/06/2025 22:00:00 - 16/06/2025 23:00:00","CTA|IE","1795.10","n/e"," ","2016.60"
"16/06/2025 23:00:00 - 17/06/2025 00:00:00","CTA|IE","1763.06","n/e"," ","1956.07"
"17/06/2025 00:00:00 - 17/06/2025 01:00:00","CTA|IE","1763.49","n/e"," ","2077.04"
"17/06/2025 01:00:00 - 17/06/2025 02:00:00","CTA|IE","2155.69","n/e"," ","2143.87"
"17/06/2025 02:00:00 - 17/06/2025 03:00:00","CTA|IE","2107.14","n/e"," ","2011.04"
"17/06/2025 03:00:00 - 17/06/2025 04:00:00","CTA|IE","2026.63","n/e"," ","1850.37"
"17/06/2025 04:00:00 - 17/06/2025 05:00:00","CTA|IE","1888.70","n/e"," ","1706.90"
"17/06/2025 05:00:00 - 17/06/2025 06:00:00","CTA|IE","1637.32","n/e"," ","1483.76"
"17/06/2025 06:00:00 - 17/06/2025 07:00:00","CTA|IE","1444.27","n/e"," ","1263.05"
"17/06/2025 07:00:00 - 17/06/2025 08:00:00","CTA|IE","1295.10","n/e"," ","1085.09"
"17/06/2025 08:00:00 - 17/06/2025 09:00:00","CTA|IE","1154.62","n/e"," ","964.12"
"17/06/2025 09:00:00 - 17/06/2025 10:00:00","CTA|IE","1013.08","n/e"," ","882.46"
"17/06/2025 10:00:00 - 17/06/2025 11:00:00","CTA|IE","949.45","n/e"," ","774.53"
"17/06/2025 11:00:00 - 17/06/2025 12:00:00","CTA|IE","934.21","n/e"," ","767.48"
"17/06/2025 12:00:00 - 17/06/2025 13:00:00","CTA|IE","943.47","n/e"," ","648.89"
"17/06/2025 13:00:00 - 17/06/2025 14:00:00","CTA|IE","965.65","n/e"," ","656.75"
"17/06/2025 14:00:00 - 17/06/2025 15:00:00","CTA|IE","989.36","n/e"," ","760.15"
"17/06/2025 15:00:00 - 17/06/2025 16:00:00","CTA|IE","1015.55","n/e"," ","783.40"
"17/06/2025 16:00:00 - 17/06/2025 17:00:00","CTA|IE","1041.23","n/e"," ","806.67"
"17/06/2025 17:00:00 - 17/06/2025 18:00:00","CTA|IE","1043.03","n/e"," ","879.30"
"17/06/2025 18:00:00 - 17/06/2025 19:00:00","CTA|IE","1014.39","n/e"," ","806.72"
"17/06/2025 19:00:00 - 17/06/2025 20:00:00","CTA|IE","911.74","n/e"," ","733.78"
"17/06/2025 20:00:00 - 17/06/2025 21:00:00","CTA|IE","766.72","n/e"," ","594.74"
"17/06/2025 21:00:00 - 17/06/2025 22:00:00","CTA|IE","653.54","n/e"," ","458.63"
"17/06/2025 22:00:00 - 17/06/2025 23:00:00","CTA|IE","573.51","n/e"," ","404.63"
"17/06/2025 23:00:00 - 18/06/2025 00:00:00","CTA|IE","486.14","n/e"," ","383.34"
"18/06/2025 00:00:00 - 18/06/2025 01:00:00","CTA|IE","417.97","n/e"," ","425.76"
"18/06/2025 01:00:00 - 18/06/2025 02:00:00","CTA|IE","386.21","n/e"," ","415.90"
"18/06/2025 02:00:00 - 18/06/2025 03:00:00","CTA|IE","325.80","n/e"," ","356.63"
"18/06/2025 03:00:00 - 18/06/2025 04:00:00","CTA|IE","307.03","n/e"," ","274.40"
"18/06/2025 04:00:00 - 18/06/2025 05:00:00","CTA|IE","284.93","n/e"," ","192.89"
"18/06/2025 05:00:00 - 18/06/2025 06:00:00","CTA|IE","247.11","n/e"," ","138.99"
"18/06/2025 06:00:00 - 18/06/2025 07:00:00","CTA|IE","206.59","n/e"," ","132.97"
"18/06/2025 07:00:00 - 18/06/2025 08:00:00","CTA|IE","180.38","n/e"," ","120.88"
"18/06/2025 08:00:00 - 18/06/2025 09:00:00","CTA|IE","159.25","n/e"," ","136.50"
"18/06/2025 09:00:00 - 18/06/2025 10:00:00","CTA|IE","139.70","n/e"," ","120.57"
"18/06/2025 10:00:00 - 18/06/2025 11:00:00","CTA|IE","130.07","n/e"," ","115.66"
"18/06/2025 11:00:00 - 18/06/2025 12:00:00","CTA|IE","140.27","n/e"," ","133.67"
"18/06/2025 12:00:00 - 18/06/2025 13:00:00","CTA|IE","151.49","n/e"," ","158.52"
"18/06/2025 13:00:00 - 18/06/2025 14:00:00","CTA|IE","160.98","n/e"," ","200.32"
"18/06/2025 14:00:00 - 18/06/2025 15:00:00","CTA|IE","168.54","n/e"," ","272.08"
"18/06/2025 15:00:00 - 18/06/2025 16:00:00","CTA|IE","174.57","n/e"," ","317.96"
"18/06/2025 16:00:00 - 18/06/2025 17:00:00","CTA|IE","175.08","n/e"," ","343.33"
"18/06/2025 17:00:00 - 18/06/2025 18:00:00","CTA|IE","164.97","n/e"," ","355.99"
"18/06/2025 18:00:00 - 18/06/2025 19:00:00","CTA|IE","150.82","n/e"," ","317.61"
"18/06/2025 19:00:00 - 18/06/2025 20:00:00","CTA|IE","136.74","n/e"," ","240.64"
"18/06/2025 20:00:00 - 18/06/2025 21:00:00","CTA|IE","124.60","n/e"," ","182.79"
"18/06/2025 21:00:00 - 18/06/2025 22:00:00","CTA|IE","118.47","n/e"," ","152.26"
"18/06/2025 22:00:00 - 18/06/2025 23:00:00","CTA|IE","130.57","n/e"," ","138.15"
"18/06/2025 23:00:00 - 19/06/2025 00:00:00","CTA|IE","177.55","n/e"," ","124.40"
"19/06/2025 00:00:00 - 19/06/2025 01:00:00","CTA|IE","243.33","n/e"," ","115.06"
"19/06/2025 01:00:00 - 19/06/2025 02:00:00","CTA|IE","79.71","n/e"," ","133.25"
"19/06/2025 02:00:00 - 19/06/2025 03:00:00","CTA|IE","105.12","n/e"," ","146.88"
"19/06/2025 03:00:00 - 19/06/2025 04:00:00","CTA|IE","187.89","n/e"," ","206.38"
"19/06/2025 04:00:00 - 19/06/2025 05:00:00","CTA|IE","350.91","n/e"," ","321.99"
"19/06/2025 05:00:00 - 19/06/2025 06:00:00","CTA|IE","601.84","n/e"," ","392.93"
"19/06/2025 06:00:00 - 19/06/2025 07:00:00","CTA|IE","763.72","n/e"," ","469.50"
"19/06/2025 07:00:00 - 19/06/2025 08:00:00","CTA|IE","885.64","n/e"," ","520.75"
"19/06/2025 08:00:00 - 19/06/2025 09:00:00","CTA|IE","903.56","n/e"," ","476.14"
"19/06/2025 09:00:00 - 19/06/2025 10:00:00","CTA|IE","845.08","n/e"," ","459.06"
"19/06/2025 10:00:00 - 19/06/2025 11:00:00","CTA|IE","824.15","n/e"," ","481.40"
"19/06/2025 11:00:00 - 19/06/2025 12:00:00","CTA|IE","936.52","n/e"," ","508.26"
"19/06/2025 12:00:00 - 19/06/2025 13:00:00","CTA|IE","1149.39","n/e"," ","537.95"
"19/06/2025 13:00:00 - 19/06/2025 14:00:00","CTA|IE","1374.59","n/e"," ","720.54"
"19/06/2025 14:00:00 - 19/06/2025 15:00:00","CTA|IE","1577.01","n/e"," ","874.47"
"19/06/2025 15:00:00 - 19/06/2025 16:00:00","CTA|IE","1752.97","n/e"," ","942.52"
"19/06/2025 16:00:00 - 19/06/2025 17:00:00","CTA|IE","1936.93","n/e"," ","883.61"
"19/06/2025 17:00:00 - 19/06/2025 18:00:00","CTA|IE","2071.02","n/e"," ","807.76"
"19/06/2025 18:00:00 - 19/06/2025 19:00:00","CTA|IE","2139.92","n/e"," ","842.69"
"19/06/2025 19:00:00 - 19/06/2025 20:00:00","CTA|IE","2094.51","n/e"," ","734.64"
"19/06/2025 20:00:00 - 19/06/2025 21:00:00","CTA|IE","1919.03","n/e"," ","727.60"
"19/06/2025 21:00:00 - 19/06/2025 22:00:00","CTA|IE","1688.66","n/e"," ","719.23"
"19/06/2025 22:00:00 - 19/06/2025 23:00:00","CTA|IE","1514.67","n/e"," ","759.29"
"19/06/2025 23:00:00 - 20/06/2025 00:00:00","CTA|IE","1479.66","n/e"," ","998.43"
"20/06/2025 00:00:00 - 20/06/2025 01:00:00","CTA|IE","1556.35","n/e"," ","1031.11"
"20/06/2025 01:00:00 - 20/06/2025 02:00:00","CTA|IE","1167.79","n/e"," ","1059.06"
"20/06/2025 02:00:00 - 20/06/2025 03:00:00","CTA|IE","1309.12","n/e"," ","1077.30"
"20/06/2025 03:00:00 - 20/06/2025 04:00:00","CTA|IE","1379.15","n/e"," ","1226.07"
"20/06/2025 04:00:00 - 20/06/2025 05:00:00","CTA|IE","1342.09","n/e"," ","1281.44"
"20/06/2025 05:00:00 - 20/06/2025 06:00:00","CTA|IE","1299.34","n/e"," ","1157.24"
"20/06/2025 06:00:00 - 20/06/2025 07:00:00","CTA|IE","1204.00","n/e"," ","922.80"
"20/06/2025 07:00:00 - 20/06/2025 08:00:00","CTA|IE","1134.59","n/e"," ","1018.04"
"20/06/2025 08:00:00 - 20/06/2025 09:00:00","CTA|IE","1036.75","n/e"," ","898.28"
"20/06/2025 09:00:00 - 20/06/2025 10:00:00","CTA|IE","906.37","n/e"," ","694.54"
"20/06/2025 10:00:00 - 20/06/2025 11:00:00","CTA|IE","857.04","n/e"," ","675.56"
"20/06/2025 11:00:00 - 20/06/2025 12:00:00","CTA|IE","915.45","n/e"," ","710.29"
"20/06/2025 12:00:00 - 20/06/2025 13:00:00","CTA|IE","1011.95","n/e"," ","565.06"
"20/06/2025 13:00:00 - 20/06/2025 14:00:00","CTA|IE","1081.32","n/e"," ","643.83"
"20/06/2025 14:00:00 - 20/06/2025 15:00:00","CTA|IE","1127.78","n/e"," ","725.85"
"20/06/2025 15:00:00 - 20/06/2025 16:00:00","CTA|IE","1129.50","n/e"," ","881.80"
"20/06/2025 16:00:00 - 20/06/2025 17:00:00","CTA|IE","1124.34","n/e"," ","910.09"
"20/06/2025 17:00:00 - 20/06/2025 18:00:00","CTA|IE","1128.55","n/e"," ","879.66"
"20/06/2025 18:00:00 - 20/06/2025 19:00:00","CTA|IE","1137.61","n/e"," ","902.34"
"20/06/2025 19:00:00 - 20/06/2025 20:00:00","CTA|IE","1110.03","n/e"," ","918.66"
"20/06/2025 20:00:00 - 20/06/2025 21:00:00","CTA|IE","1016.97","n/e"," ","862.86"
"20/06/2025 21:00:00 - 20/06/2025 22:00:00","CTA|IE","873.15","n/e"," ","752.10"
"20/06/2025 22:00:00 - 20/06/2025 23:00:00","CTA|IE","737.65","n/e"," ","616.01"
"20/06/2025 23:00:00 - 21/06/2025 00:00:00","CTA|IE","664.63","n/e"," ","438.76"
"21/06/2025 00:00:00 - 21/06/2025 01:00:00","CTA|IE","621.36","n/e"," ","309.68"
"21/06/2025 01:00:00 - 21/06/2025 02:00:00","CTA|IE","526.10","n/e"," ","226.95"
"21/06/2025 02:00:00 - 21/06/2025 03:00:00","CTA|IE","469.68","n/e"," ","176.56"
"21/06/2025 03:00:00 - 21/06/2025 04:00:00","CTA|IE","394.17","n/e"," ","141.17"
"21/06/2025 04:00:00 - 21/06/2025 05:00:00","CTA|IE","336.72","n/e"," ","124.08"
"21/06/2025 05:00:00 - 21/06/2025 06:00:00","CTA|IE","315.14","n/e"," ","105.28"
"21/06/2025 06:00:00 - 21/06/2025 07:00:00","CTA|IE","333.90","n/e"," ","139.81"
"21/06/2025 07:00:00 - 21/06/2025 08:00:00","CTA|IE","362.69","n/e"," ","157.57"
"21/06/2025 08:00:00 - 21/06/2025 09:00:00","CTA|IE","359.61","n/e"," ","93.26"
"21/06/2025 09:00:00 - 21/06/2025 10:00:00","CTA|IE","336.47","n/e"," ","117.32"
"21/06/2025 10:00:00 - 21/06/2025 11:00:00","CTA|IE","346.38","n/e"," ","119.20"
"21/06/2025 11:00:00 - 21/06/2025 12:00:00","CTA|IE","381.23","n/e"," ","131.33"
"21/06/2025 12:00:00 - 21/06/2025 13:00:00","CTA|IE","439.76","n/e"," ","220.47"
"21/06/2025 13:00:00 - 21/06/2025 14:00:00","CTA|IE","529.41","n/e"," ","264.94"
"21/06/2025 14:00:00 - 21/06/2025 15:00:00","CTA|IE","667.86","n/e"," ","411.47"
"21/06/2025 15:00:00 - 21/06/2025 16:00:00","CTA|IE","826.52","n/e"," ","532.33"
"21/06/2025 16:00:00 - 21/06/2025 17:00:00","CTA|IE","961.23","n/e"," ","613.38"
"21/06/2025 17:00:00 - 21/06/2025 18:00:00","CTA|IE","1086.49","n/e"," ","614.00"
"21/06/2025 18:00:00 - 21/06/2025 19:00:00","CTA|IE","1231.57","n/e"," ","643.93"
"21/06/2025 19:00:00 - 21/06/2025 20:00:00","CTA|IE","1367.47","n/e"," ","716.91"
"21/06/2025 20:00:00 - 21/06/2025 21:00:00","CTA|IE","1445.75","n/e"," ","870.51"
"21/06/2025 21:00:00 - 21/06/2025 22:00:00","CTA|IE","1440.83","n/e"," ","873.18"
"21/06/2025 22:00:00 - 21/06/2025 23:00:00","CTA|IE","1361.51","n/e"," ","804.16"
"21/06/2025 23:00:00 - 22/06/2025 00:00:00","CTA|IE","1291.88","n/e"," ","1004.75"
"22/06/2025 00:00:00 - 22/06/2025 01:00:00","CTA|IE","1242.25","n/e"," ","1062.38"
"22/06/2025 01:00:00 - 22/06/2025 02:00:00","CTA|IE","1243.54","n/e"," ","1087.89"
"22/06/2025 02:00:00 - 22/06/2025 03:00:00","CTA|IE","1397.46","n/e"," ","1317.57"
"22/06/2025 03:00:00 - 22/06/2025 04:00:00","CTA|IE","1450.89","n/e"," ","1328.46"
"22/06/2025 04:00:00 - 22/06/2025 05:00:00","CTA|IE","1469.04","n/e"," ","1285.30"
"22/06/2025 05:00:00 - 22/06/2025 06:00:00","CTA|IE","1480.45","n/e"," ","1228.89"
"22/06/2025 06:00:00 - 22/06/2025 07:00:00","CTA|IE","1566.41","n/e"," ","1292.12"
"22/06/2025 07:00:00 - 22/06/2025 08:00:00","CTA|IE","1703.17","n/e"," ","1210.01"
"22/06/2025 08:00:00 - 22/06/2025 09:00:00","CTA|IE","1829.14","n/e"," ","1214.42"
"22/06/2025 09:00:00 - 22/06/2025 10:00:00","CTA|IE","1881.56","n/e"," ","1211.08"
"22/06/2025 10:00:00 - 22/06/2025 11:00:00","CTA|IE","1839.18","n/e"," ","1254.84"
"22/06/2025 11:00:00 - 22/06/2025 12:00:00","CTA|IE","1876.33","n/e"," ","1221.05"
"22/06/2025 12:00:00 - 22/06/2025 13:00:00","CTA|IE","2016.12","n/e"," ","1260.81"
"22/06/2025 13:00:00 - 22/06/2025 14:00:00","CTA|IE","2208.65","n/e"," ","1270.27"
"22/06/2025 14:00:00 - 22/06/2025 15:00:00","CTA|IE","2431.36","n/e"," ","1274.88"
"22/06/2025 15:00:00 - 22/06/2025 16:00:00","CTA|IE","2646.74","n/e"," ","1292.53"
"22/06/2025 16:00:00 - 22/06/2025 17:00:00","CTA|IE","2782.16","n/e"," ","1255.37"
"22/06/2025 17:00:00 - 22/06/2025 18:00:00","CTA|IE","2884.54","n/e"," ","1389.74"
"22/06/2025 18:00:00 - 22/06/2025 19:00:00","CTA|IE","2969.36","n/e"," ","1811.62"
"22/06/2025 19:00:00 - 22/06/2025 20:00:00","CTA|IE","3028.51","n/e"," ","1977.36"
"22/06/2025 20:00:00 - 22/06/2025 21:00:00","CTA|IE","3030.87","n/e"," ","2146.71"
"22/06/2025 21:00:00 - 22/06/2025 22:00:00","CTA|IE","2915.22","n/e"," ","2278.00"
"22/06/2025 22:00:00 - 22/06/2025 23:00:00","CTA|IE","2703.37","n/e"," ","2142.69"
"22/06/2025 23:00:00 - 23/06/2025 00:00:00","CTA|IE","2478.45","n/e"," ","1939.37"
"23/06/2025 00:00:00 - 23/06/2025 01:00:00","CTA|IE","2370.58","n/e"," ","1658.69"
"23/06/2025 01:00:00 - 23/06/2025 02:00:00","CTA|IE","2375.71","n/e"," ","1638.93"
"23/06/2025 02:00:00 - 23/06/2025 03:00:00","CTA|IE","2369.43","n/e"," ","1473.37"
"23/06/2025 03:00:00 - 23/06/2025 04:00:00","CTA|IE","2283.22","n/e"," ","1413.87"
"23/06/2025 04:00:00 - 23/06/2025 05:00:00","CTA|IE","2137.65","n/e"," ","1272.99"
"23/06/2025 05:00:00 - 23/06/2025 06:00:00","CTA|IE","1942.38","n/e"," ","1152.07"
"23/06/2025 06:00:00 - 23/06/2025 07:00:00","CTA|IE","1754.19","n/e"," ","1262.86"
"23/06/2025 07:00:00 - 23/06/2025 08:00:00","CTA|IE","1595.21","n/e"," ","1317.37"
"23/06/2025 08:00:00 - 23/06/2025 09:00:00","CTA|IE","1517.19","n/e"," ","1548.69"
"23/06/2025 09:00:00 - 23/06/2025 10:00:00","CTA|IE","1554.99","n/e"," ","1618.15"
"23/06/2025 10:00:00 - 23/06/2025 11:00:00","CTA|IE","1635.92","n/e"," ","1595.74"
"23/06/2025 11:00:00 - 23/06/2025 12:00:00","CTA|IE","1675.19","n/e"," ","1515.78"
"23/06/2025 12:00:00 - 23/06/2025 13:00:00","CTA|IE","1723.02","n/e"," ","1478.89"
"23/06/2025 13:00:00 - 23/06/2025 14:00:00","CTA|IE","1781.46","n/e"," ","1446.60"
"23/06/2025 14:00:00 - 23/06/2025 15:00:00","CTA|IE","1887.01","n/e"," ","1380.21"
"23/06/2025 15:00:00 - 23/06/2025 16:00:00","CTA|IE","2019.83","n/e"," ","1432.67"
"23/06/2025 16:00:00 - 23/06/2025 17:00:00","CTA|IE","2109.31","n/e"," ","1550.71"
"23/06/2025 17:00:00 - 23/06/2025 18:00:00","CTA|IE","2133.67","n/e"," ","1583.48"
"23/06/2025 18:00:00 - 23/06/2025 19:00:00","CTA|IE","2085.68","n/e"," ","1640.81"
"23/06/2025 19:00:00 - 23/06/2025 20:00:00","CTA|IE","1990.35","n/e"," ","1575.70"
"23/06/2025 20:00:00 - 23/06/2025 21:00:00","CTA|IE","1868.11","n/e"," ","1530.30"
"23/06/2025 21:00:00 - 23/06/2025 22:00:00","CTA|IE","1725.87","n/e"," ","1546.56"
"23/06/2025 22:00:00 - 23/06/2025 23:00:00","CTA|IE","1610.27","n/e"," ","1594.59"
"23/06/2025 23:00:00 - 24/06/2025 00:00:00","CTA|IE","1564.35","n/e"," ","1567.01"
"24/06/2025 00:00:00 - 24/06/2025 01:00:00","CTA|IE","1626.83","n/e"," ","1516.09"
"24/06/2025 01:00:00 - 24/06/2025 02:00:00","CTA|IE","2160.09","n/e"," ","1443.25"
"24/06/2025 02:00:00 - 24/06/2025 03:00:00","CTA|IE","2250.21","n/e"," ","1715.09"
"24/06/2025 03:00:00 - 24/06/2025 04:00:00","CTA|IE","2359.43","n/e"," ","1825.44"
"24/06/2025 04:00:00 - 24/06/2025 05:00:00","CTA|IE","2370.45","n/e"," ","1817.24"
"24/06/2025 05:00:00 - 24/06/2025 06:00:00","CTA|IE","2299.39","n/e"," ","1883.26"
"24/06/2025 06:00:00 - 24/06/2025 07:00:00","CTA|IE","2219.94","n/e"," ","1968.40"
"24/06/2025 07:00:00 - 24/06/2025 08:00:00","CTA|IE","2135.79","n/e"," ","1951.99"
"24/06/2025 08:00:00 - 24/06/2025 09:00:00","CTA|IE","2086.35","n/e"," ","1960.51"
"24/06/2025 09:00:00 - 24/06/2025 10:00:00","CTA|IE","2113.80","n/e"," ","1792.84"
"24/06/2025 10:00:00 - 24/06/2025 11:00:00","CTA|IE","2158.25","n/e"," ","1679.66"
"24/06/2025 11:00:00 - 24/06/2025 12:00:00","CTA|IE","2202.80","n/e"," ","1612.15"
"24/06/2025 12:00:00 - 24/06/2025 13:00:00","CTA|IE","2213.11","n/e"," ","1576.41"
"24/06/2025 13:00:00 - 24/06/2025 14:00:00","CTA|IE","2154.13","n/e"," ","1774.09"
"24/06/2025 14:00:00 - 24/06/2025 15:00:00","CTA|IE","2097.36","n/e"," ","1707.39"
"24/06/2025 15:00:00 - 24/06/2025 16:00:00","CTA|IE","2050.18","n/e"," ","1670.29"
"24/06/2025 16:00:00 - 24/06/2025 17:00:00","CTA|IE","1958.59","n/e"," ","1528.22"
"24/06/2025 17:00:00 - 24/06/2025 18:00:00","CTA|IE","1828.00","n/e"," ","1588.97"
"24/06/2025 18:00:00 - 24/06/2025 19:00:00","CTA|IE","1666.35","n/e"," ","1516.21"
"24/06/2025 19:00:00 - 24/06/2025 20:00:00","CTA|IE","1518.59","n/e"," ","1335.46"
"24/06/2025 20:00:00 - 24/06/2025 21:00:00","CTA|IE","1380.59","n/e"," ","1117.34"
"24/06/2025 21:00:00 - 24/06/2025 22:00:00","CTA|IE","1204.60","n/e"," ","1015.21"
"24/06/2025 22:00:00 - 24/06/2025 23:00:00","CTA|IE","1006.35","n/e"," ","920.16"
"24/06/2025 23:00:00 - 25/06/2025 00:00:00","CTA|IE","827.10","n/e"," ","676.53"
"25/06/2025 00:00:00 - 25/06/2025 01:00:00","CTA|IE","707.00","n/e"," ","528.81"
"25/06/2025 01:00:00 - 25/06/2025 02:00:00","CTA|IE","678.36","n/e"," ","422.99"
"25/06/2025 02:00:00 - 25/06/2025 03:00:00","CTA|IE","600.38","n/e"," ","411.66"
"25/06/2025 03:00:00 - 25/06/2025 04:00:00","CTA|IE","535.40","n/e"," ","364.24"
"25/06/2025 04:00:00 - 25/06/2025 05:00:00","CTA|IE","457.50","n/e"," ","268.52"
"25/06/2025 05:00:00 - 25/06/2025 06:00:00","CTA|IE","406.75","n/e"," ","183.08"
"25/06/2025 06:00:00 - 25/06/2025 07:00:00","CTA|IE","339.29","n/e"," ","158.34"
"25/06/2025 07:00:00 - 25/06/2025 08:00:00","CTA|IE","275.90","n/e"," ","138.27"
"25/06/2025 08:00:00 - 25/06/2025 09:00:00","CTA|IE","251.66","n/e"," ","112.29"
"25/06/2025 09:00:00 - 25/06/2025 10:00:00","CTA|IE","266.24","n/e"," ","124.31"
"25/06/2025 10:00:00 - 25/06/2025 11:00:00","CTA|IE","308.01","n/e"," ","203.43"
"25/06/2025 11:00:00 - 25/06/2025 12:00:00","CTA|IE","362.00","n/e"," ","475.78"
"25/06/2025 12:00:00 - 25/06/2025 13:00:00","CTA|IE","442.78","n/e"," ","817.05"
"25/06/2025 13:00:00 - 25/06/2025 14:00:00","CTA|IE","548.25","n/e"," ","999.72"
"25/06/2025 14:00:00 - 25/06/2025 15:00:00","CTA|IE","676.46","n/e"," ","1201.01"
"25/06/2025 15:00:00 - 25/06/2025 16:00:00","CTA|IE","825.59","n/e"," ","1314.61"
"25/06/2025 16:00:00 - 25/06/2025 17:00:00","CTA|IE","956.53","n/e"," ","1500.86"
"25/06/2025 17:00:00 - 25/06/2025 18:00:00","CTA|IE","1037.18","n/e"," ","1413.09"
"25/06/2025 18:00:00 - 25/06/2025 19:00:00","CTA|IE","1071.94","n/e"," ","1224.85"
"25/06/2025 19:00:00 - 25/06/2025 20:00:00","CTA|IE","1072.49","n/e"," ","1141.06"
"25/06/2025 20:00:00 - 25/06/2025 21:00:00","CTA|IE","1035.46","n/e"," ","1009.26"
"25/06/2025 21:00:00 - 25/06/2025 22:00:00","CTA|IE","986.10","n/e"," ","938.03"
"25/06/2025 22:00:00 - 25/06/2025 23:00:00","CTA|IE","979.75","n/e"," ","991.79"
"25/06/2025 23:00:00 - 26/06/2025 00:00:00","CTA|IE","1007.40","n/e"," ","875.19"
"26/06/2025 00:00:00 - 26/06/2025 01:00:00","CTA|IE","1065.50","n/e"," ","873.38"
"26/06/2025 01:00:00 - 26/06/2025 02:00:00","CTA|IE","825.61","n/e"," ","782.76"
"26/06/2025 02:00:00 - 26/06/2025 03:00:00","CTA|IE","818.91","n/e"," ","850.43"
"26/06/2025 03:00:00 - 26/06/2025 04:00:00","CTA|IE","776.70","n/e"," ","1074.19"
"26/06/2025 04:00:00 - 26/06/2025 05:00:00","CTA|IE","722.14","n/e"," ","1392.92"
"26/06/2025 05:00:00 - 26/06/2025 06:00:00","CTA|IE","755.24","n/e"," ","1393.64"
"26/06/2025 06:00:00 - 26/06/2025 07:00:00","CTA|IE","853.00","n/e"," ","1393.90"
"26/06/2025 07:00:00 - 26/06/2025 08:00:00","CTA|IE","931.59","n/e"," ","1182.22"
"26/06/2025 08:00:00 - 26/06/2025 09:00:00","CTA|IE","954.29","n/e"," ","1161.78"
"26/06/2025 09:00:00 - 26/06/2025 10:00:00","CTA|IE","971.02","n/e"," ","1283.42"
"26/06/2025 10:00:00 - 26/06/2025 11:00:00","CTA|IE","1045.29","n/e"," ","1708.53"
"26/06/2025 11:00:00 - 26/06/2025 12:00:00","CTA|IE","1191.33","n/e"," ","1783.15"
"26/06/2025 12:00:00 - 26/06/2025 13:00:00","CTA|IE","1413.42","n/e"," ","1800.70"
"26/06/2025 13:00:00 - 26/06/2025 14:00:00","CTA|IE","1655.04","n/e"," ","1783.11"
"26/06/2025 14:00:00 - 26/06/2025 15:00:00","CTA|IE","1852.34","n/e"," ","1701.47"
"26/06/2025 15:00:00 - 26/06/2025 16:00:00","CTA|IE","2003.85","n/e"," ","1755.28"
"26/06/2025 16:00:00 - 26/06/2025 17:00:00","CTA|IE","2112.67","n/e"," ","1702.93"
"26/06/2025 17:00:00 - 26/06/2025 18:00:00","CTA|IE","2181.46","n/e"," ","1745.37"
"26/06/2025 18:00:00 - 26/06/2025 19:00:00","CTA|IE","2258.91","n/e"," ","1837.09"
"26/06/2025 19:00:00 - 26/06/2025 20:00:00","CTA|IE","2402.33","n/e"," ","1761.45"
"26/06/2025 20:00:00 - 26/06/2025 21:00:00","CTA|IE","2544.67","n/e"," ","1738.58"
"26/06/2025 21:00:00 - 26/06/2025 22:00:00","CTA|IE","2653.48","n/e"," ","1807.96"
"26/06/2025 22:00:00 - 26/06/2025 23:00:00","CTA|IE","2765.93","n/e"," ","1991.87"
"26/06/2025 23:00:00 - 27/06/2025 00:00:00","CTA|IE","2890.36","n/e"," ","1943.17"
"27/06/2025 00:00:00 - 27/06/2025 01:00:00","CTA|IE","3052.11","n/e"," ","2148.81"
"27/06/2025 01:00:00 - 27/06/2025 02:00:00","CTA|IE","2597.17","n/e"," ","2194.82"
"27/06/2025 02:00:00 - 27/06/2025 03:00:00","CTA|IE","2764.81","n/e"," ","2253.21"
"27/06/2025 03:00:00 - 27/06/2025 04:00:00","CTA|IE","2851.23","n/e"," ","2308.54"
"27/06/2025 04:00:00 - 27/06/2025 05:00:00","CTA|IE","2854.50","n/e"," ","2274.89"
"27/06/2025 05:00:00 - 27/06/2025 06:00:00","CTA|IE","2877.85","n/e"," ","2220.45"
"27/06/2025 06:00:00 - 27/06/2025 07:00:00","CTA|IE","2906.09","n/e"," ","2160.43"
"27/06/2025 07:00:00 - 27/06/2025 08:00:00","CTA|IE","2926.25","n/e"," ","2117.19"
"27/06/2025 08:00:00 - 27/06/2025 09:00:00","CTA|IE","2935.15","n/e"," ","2149.11"
"27/06/2025 09:00:00 - 27/06/2025 10:00:00","CTA|IE","2991.82","n/e"," ","2165.25"
"27/06/2025 10:00:00 - 27/06/2025 11:00:00","CTA|IE","3083.89","n/e"," ","2123.23"
"27/06/2025 11:00:00 - 27/06/2025 12:00:00","CTA|IE","3204.66","n/e"," ","2291.56"
"27/06/2025 12:00:00 - 27/06/2025 13:00:00","CTA|IE","3330.18","n/e"," ","2382.27"
"27/06/2025 13:00:00 - 27/06/2025 14:00:00","CTA|IE","3447.36","n/e"," ","2351.51"
"27/06/2025 14:00:00 - 27/06/2025 15:00:00","CTA|IE","3550.18","n/e"," ","2176.15"
"27/06/2025 15:00:00 - 27/06/2025 16:00:00","CTA|IE","3617.93","n/e"," ","2296.52"
"27/06/2025 16:00:00 - 27/06/2025 17:00:00","CTA|IE","3615.72","n/e"," ","2482.86"
"27/06/2025 17:00:00 - 27/06/2025 18:00:00","CTA|IE","3540.42","n/e"," ","2496.87"
"27/06/2025 18:00:00 - 27/06/2025 19:00:00","CTA|IE","3426.80","n/e"," ","2453.43"
"27/06/2025 19:00:00 - 27/06/2025 20:00:00","CTA|IE","3242.26","n/e"," ","2343.51"
"27/06/2025 20:00:00 - 27/06/2025 21:00:00","CTA|IE","3002.30","n/e"," ","2169.19"
"27/06/2025 21:00:00 - 27/06/2025 22:00:00","CTA|IE","2733.70","n/e"," ","2071.43"
"27/06/2025 22:00:00 - 27/06/2025 23:00:00","CTA|IE","2520.84","n/e"," ","1966.70"
"27/06/2025 23:00:00 - 28/06/2025 00:00:00","CTA|IE","2431.94","n/e"," ","1908.00"
"28/06/2025 00:00:00 - 28/06/2025 01:00:00","CTA|IE","2394.52","n/e"," ","2016.04"
"28/06/2025 01:00:00 - 28/06/2025 02:00:00","CTA|IE","2457.09","n/e"," ","2040.65"
"28/06/2025 02:00:00 - 28/06/2025 03:00:00","CTA|IE","2319.98","n/e"," ","2122.18"
"28/06/2025 03:00:00 - 28/06/2025 04:00:00","CTA|IE","2165.40","n/e"," ","2082.05"
"28/06/2025 04:00:00 - 28/06/2025 05:00:00","CTA|IE","2070.10","n/e"," ","2045.22"
"28/06/2025 05:00:00 - 28/06/2025 06:00:00","CTA|IE","1984.73","n/e"," ","1967.06"
"28/06/2025 06:00:00 - 28/06/2025 07:00:00","CTA|IE","1836.56","n/e"," ","1810.63"
"28/06/2025 07:00:00 - 28/06/2025 08:00:00","CTA|IE","1726.72","n/e"," ","1633.80"
"28/06/2025 08:00:00 - 28/06/2025 09:00:00","CTA|IE","1626.39","n/e"," ","1540.57"
"28/06/2025 09:00:00 - 28/06/2025 10:00:00","CTA|IE","1540.05","n/e"," ","1644.49"
"28/06/2025 10:00:00 - 28/06/2025 11:00:00","CTA|IE","1495.76","n/e"," ","1600.94"
"28/06/2025 11:00:00 - 28/06/2025 12:00:00","CTA|IE","1476.99","n/e"," ","1548.24"
"28/06/2025 12:00:00 - 28/06/2025 13:00:00","CTA|IE","1478.14","n/e"," ","1443.62"
"28/06/2025 13:00:00 - 28/06/2025 14:00:00","CTA|IE","1476.44","n/e"," ","1396.12"
"28/06/2025 14:00:00 - 28/06/2025 15:00:00","CTA|IE","1437.39","n/e"," ","1296.38"
"28/06/2025 15:00:00 - 28/06/2025 16:00:00","CTA|IE","1366.23","n/e"," ","1232.05"
"28/06/2025 16:00:00 - 28/06/2025 17:00:00","CTA|IE","1244.04","n/e"," ","1145.26"
"28/06/2025 17:00:00 - 28/06/2025 18:00:00","CTA|IE","1082.99","n/e"," ","1024.26"
"28/06/2025 18:00:00 - 28/06/2025 19:00:00","CTA|IE","924.63","n/e"," ","999.69"
"28/06/2025 19:00:00 - 28/06/2025 20:00:00","CTA|IE","764.03","n/e"," ","816.45"
"28/06/2025 20:00:00 - 28/06/2025 21:00:00","CTA|IE","597.74","n/e"," ","629.80"
"28/06/2025 21:00:00 - 28/06/2025 22:00:00","CTA|IE","449.75","n/e"," ","412.12"
"28/06/2025 22:00:00 - 28/06/2025 23:00:00","CTA|IE","354.30","n/e"," ","302.33"
"28/06/2025 23:00:00 - 29/06/2025 00:00:00","CTA|IE","315.32","n/e"," ","281.92"
"29/06/2025 00:00:00 - 29/06/2025 01:00:00","CTA|IE","325.04","n/e"," ","253.88"
"29/06/2025 01:00:00 - 29/06/2025 02:00:00","CTA|IE","278.17","n/e"," ","235.91"
"29/06/2025 02:00:00 - 29/06/2025 03:00:00","CTA|IE","261.12","n/e"," ","203.35"
"29/06/2025 03:00:00 - 29/06/2025 04:00:00","CTA|IE","334.17","n/e"," ","132.79"
"29/06/2025 04:00:00 - 29/06/2025 05:00:00","CTA|IE","491.82","n/e"," ","117.50"
"29/06/2025 05:00:00 - 29/06/2025 06:00:00","CTA|IE","652.79","n/e"," ","131.68"
"29/06/2025 06:00:00 - 29/06/2025 07:00:00","CTA|IE","748.71","n/e"," ","147.20"
"29/06/2025 07:00:00 - 29/06/2025 08:00:00","CTA|IE","865.24","n/e"," ","176.59"
"29/06/2025 08:00:00 - 29/06/2025 09:00:00","CTA|IE","949.37","n/e"," ","205.36"
"29/06/2025 09:00:00 - 29/06/2025 10:00:00","CTA|IE","997.15","n/e"," ","255.25"
"29/06/2025 10:00:00 - 29/06/2025 11:00:00","CTA|IE","1083.91","n/e"," ","348.78"
"29/06/2025 11:00:00 - 29/06/2025 12:00:00","CTA|IE","1198.83","n/e"," ","515.69"
"29/06/2025 12:00:00 - 29/06/2025 13:00:00","CTA|IE","1306.30","n/e"," ","713.59"
"29/06/2025 13:00:00 - 29/06/2025 14:00:00","CTA|IE","1380.94","n/e"," ","1008.19"
"29/06/2025 14:00:00 - 29/06/2025 15:00:00","CTA|IE","1431.56","n/e"," ","1130.29"
"29/06/2025 15:00:00 - 29/06/2025 16:00:00","CTA|IE","1468.29","n/e"," ","1277.57"
"29/06/2025 16:00:00 - 29/06/2025 17:00:00","CTA|IE","1496.99","n/e"," ","1317.58"
"29/06/2025 17:00:00 - 29/06/2025 18:00:00","CTA|IE","1503.29","n/e"," ","1356.38"
"29/06/2025 18:00:00 - 29/06/2025 19:00:00","CTA|IE","1469.81","n/e"," ","1550.32"
"29/06/2025 19:00:00 - 29/06/2025 20:00:00","CTA|IE","1399.70","n/e"," ","1517.32"
"29/06/2025 20:00:00 - 29/06/2025 21:00:00","CTA|IE","1305.16","n/e"," ","1376.53"
"29/06/2025 21:00:00 - 29/06/2025 22:00:00","CTA|IE","1192.67","n/e"," ","1401.43"
"29/06/2025 22:00:00 - 29/06/2025 23:00:00","CTA|IE","1073.54","n/e"," ","1461.14"
"29/06/2025 23:00:00 - 30/06/2025 00:00:00","CTA|IE","988.30","n/e"," ","1507.14"
"30/06/2025 00:00:00 - 30/06/2025 01:00:00","CTA|IE","955.45","n/e"," ","1493.71"
"30/06/2025 01:00:00 - 30/06/2025 02:00:00","CTA|IE","1379.59","n/e"," ","1525.98"
"30/06/2025 02:00:00 - 30/06/2025 03:00:00","CTA|IE","1329.58","n/e"," ","1484.49"
"30/06/2025 03:00:00 - 30/06/2025 04:00:00","CTA|IE","1292.63","n/e"," ","1361.84"
"30/06/2025 04:00:00 - 30/06/2025 05:00:00","CTA|IE","1246.60","n/e"," ","1206.24"
"30/06/2025 05:00:00 - 30/06/2025 06:00:00","CTA|IE","1143.39","n/e"," ","1160.22"
"30/06/2025 06:00:00 - 30/06/2025 07:00:00","CTA|IE","986.45","n/e"," ","1170.28"
"30/06/2025 07:00:00 - 30/06/2025 08:00:00","CTA|IE","865.70","n/e"," ","1093.76"
"30/06/2025 08:00:00 - 30/06/2025 09:00:00","CTA|IE","798.28","n/e"," ","918.00"
"30/06/2025 09:00:00 - 30/06/2025 10:00:00","CTA|IE","696.89","n/e"," ","842.93"
"30/06/2025 10:00:00 - 30/06/2025 11:00:00","CTA|IE","678.58","n/e"," ","687.88"
"30/06/2025 11:00:00 - 30/06/2025 12:00:00","CTA|IE","689.26","n/e"," ","614.47"
"30/06/2025 12:00:00 - 30/06/2025 13:00:00","CTA|IE","721.44","n/e"," ","730.47"
"30/06/2025 13:00:00 - 30/06/2025 14:00:00","CTA|IE","756.99","n/e"," ","747.19"
"30/06/2025 14:00:00 - 30/06/2025 15:00:00","CTA|IE","747.79","n/e"," ","879.65"
"30/06/2025 15:00:00 - 30/06/2025 16:00:00","CTA|IE","822.61","n/e"," ","1075.52"
"30/06/2025 16:00:00 - 30/06/2025 17:00:00","CTA|IE","1006.74","n/e"," ","1092.43"
"30/06/2025 17:00:00 - 30/06/2025 18:00:00","CTA|IE","1046.32","n/e"," ","1104.72"
"30/06/2025 18:00:00 - 30/06/2025 19:00:00","CTA|IE","964.75","n/e"," ","832.04"
"30/06/2025 19:00:00 - 30/06/2025 20:00:00","CTA|IE","876.53","n/e"," ","599.21"
"30/06/2025 20:00:00 - 30/06/2025 21:00:00","CTA|IE","691.90","n/e"," ","629.52"
"30/06/2025 21:00:00 - 30/06/2025 22:00:00","CTA|IE","616.39","n/e"," ","494.66"
"30/06/2025 22:00:00 - 30/06/2025 23:00:00","CTA|IE","533.42","n/e"," ","519.97"
"30/06/2025 23:00:00 - 01/07/2025 00:00:00","CTA|IE","438.14","n/e"," ","558.54"
"01/07/2025 00:00:00 - 01/07/2025 01:00:00","CTA|IE","399.44","n/e"," ","609.18"
"01/07/2025 01:00:00 - 01/07/2025 02:00:00","CTA|IE","428.78","n/e"," ","554.86"
"01/07/2025 02:00:00 - 01/07/2025 03:00:00","CTA|IE","426.78","n/e"," ","481.30"
"01/07/2025 03:00:00 - 01/07/2025 04:00:00","CTA|IE","368.58","n/e"," ","447.40"
"01/07/2025 04:00:00 - 01/07/2025 05:00:00","CTA|IE","291.84","n/e"," ","463.12"
"01/07/2025 05:00:00 - 01/07/2025 06:00:00","CTA|IE","252.76","n/e"," ","435.01"
"01/07/2025 06:00:00 - 01/07/2025 07:00:00","CTA|IE","227.11","n/e"," ","369.08"
"01/07/2025 07:00:00 - 01/07/2025 08:00:00","CTA|IE","216.15","n/e"," ","331.09"
"01/07/2025 08:00:00 - 01/07/2025 09:00:00","CTA|IE","201.60","n/e"," ","322.19"
"01/07/2025 09:00:00 - 01/07/2025 10:00:00","CTA|IE","178.18","n/e"," ","254.61"
"01/07/2025 10:00:00 - 01/07/2025 11:00:00","CTA|IE","152.53","n/e"," ","189.84"
"01/07/2025 11:00:00 - 01/07/2025 12:00:00","CTA|IE","127.07","n/e"," ","165.70"
"01/07/2025 12:00:00 - 01/07/2025 13:00:00","CTA|IE","111.42","n/e"," ","159.24"
"01/07/2025 13:00:00 - 01/07/2025 14:00:00","CTA|IE","107.37","n/e"," ","133.14"
"01/07/2025 14:00:00 - 01/07/2025 15:00:00","CTA|IE","115.47","n/e"," ","115.74"
"01/07/2025 15:00:00 - 01/07/2025 16:00:00","CTA|IE","139.40","n/e"," ","142.58"
"01/07/2025 16:00:00 - 01/07/2025 17:00:00","CTA|IE","185.20","n/e"," ","159.01"
"01/07/2025 17:00:00 - 01/07/2025 18:00:00","CTA|IE","252.88","n/e"," ","208.36"
"01/07/2025 18:00:00 - 01/07/2025 19:00:00","CTA|IE","315.47","n/e"," ","243.55"
"01/07/2025 19:00:00 - 01/07/2025 20:00:00","CTA|IE","368.45","n/e"," ","294.63"
"01/07/2025 20:00:00 - 01/07/2025 21:00:00","CTA|IE","419.43","n/e"," ","357.33"
"01/07/2025 21:00:00 - 01/07/2025 22:00:00","CTA|IE","457.08","n/e"," ","393.85"
"01/07/2025 22:00:00 - 01/07/2025 23:00:00","CTA|IE","488.81","n/e"," ","359.90"
"01/07/2025 23:00:00 - 02/07/2025 00:00:00","CTA|IE","508.05","n/e"," ","378.19"
"02/07/2025 00:00:00 - 02/07/2025 01:00:00","CTA|IE","508.20","n/e"," ","441.44"
"02/07/2025 01:00:00 - 02/07/2025 02:00:00","CTA|IE","322.90","n/e"," ","428.92"
"02/07/2025 02:00:00 - 02/07/2025 03:00:00","CTA|IE","308.00","n/e"," ","377.88"
"02/07/2025 03:00:00 - 02/07/2025 04:00:00","CTA|IE","266.40","n/e"," ","278.52"
"02/07/2025 04:00:00 - 02/07/2025 05:00:00","CTA|IE","242.34","n/e"," ","198.19"
"02/07/2025 05:00:00 - 02/07/2025 06:00:00","CTA|IE","245.18","n/e"," ","141.44"
"02/07/2025 06:00:00 - 02/07/2025 07:00:00","CTA|IE","246.76","n/e"," ","147.74"
"02/07/2025 07:00:00 - 02/07/2025 08:00:00","CTA|IE","250.37","n/e"," ","135.19"
"02/07/2025 08:00:00 - 02/07/2025 09:00:00","CTA|IE","249.28","n/e"," ","121.31"
"02/07/2025 09:00:00 - 02/07/2025 10:00:00","CTA|IE","250.36","n/e"," ","161.95"
"02/07/2025 10:00:00 - 02/07/2025 11:00:00","CTA|IE","279.45","n/e"," ","293.47"
"02/07/2025 11:00:00 - 02/07/2025 12:00:00","CTA|IE","318.30","n/e"," ","497.48"
"02/07/2025 12:00:00 - 02/07/2025 13:00:00","CTA|IE","366.61","n/e"," ","595.19"
"02/07/2025 13:00:00 - 02/07/2025 14:00:00","CTA|IE","420.70","n/e"," ","764.84"
"02/07/2025 14:00:00 - 02/07/2025 15:00:00","CTA|IE","475.31","n/e"," ","832.09"
"02/07/2025 15:00:00 - 02/07/2025 16:00:00","CTA|IE","534.61","n/e"," ","974.67"
"02/07/2025 16:00:00 - 02/07/2025 17:00:00","CTA|IE","591.52","n/e"," ","1058.69"
"02/07/2025 17:00:00 - 02/07/2025 18:00:00","CTA|IE","643.09","n/e"," ","1128.00"
"02/07/2025 18:00:00 - 02/07/2025 19:00:00","CTA|IE","676.78","n/e"," ","1166.56"
"02/07/2025 19:00:00 - 02/07/2025 20:00:00","CTA|IE","674.56","n/e"," ","1138.73"
"02/07/2025 20:00:00 - 02/07/2025 21:00:00","CTA|IE","638.70","n/e"," ","1092.94"
"02/07/2025 21:00:00 - 02/07/2025 22:00:00","CTA|IE","578.10","n/e"," ","907.48"
"02/07/2025 22:00:00 - 02/07/2025 23:00:00","CTA|IE","510.65","n/e"," ","742.69"
"02/07/2025 23:00:00 - 03/07/2025 00:00:00","CTA|IE","440.78","n/e"," ","706.59"
"03/07/2025 00:00:00 - 03/07/2025 01:00:00","CTA|IE","393.73","n/e"," ","642.84"
"03/07/2025 01:00:00 - 03/07/2025 02:00:00","CTA|IE","529.79","n/e"," ","642.03"
"03/07/2025 02:00:00 - 03/07/2025 03:00:00","CTA|IE","543.68","n/e"," ","692.05"
"03/07/2025 03:00:00 - 03/07/2025 04:00:00","CTA|IE","581.63","n/e"," ","703.11"
"03/07/2025 04:00:00 - 03/07/2025 05:00:00","CTA|IE","601.37","n/e"," ","656.80"
"03/07/2025 05:00:00 - 03/07/2025 06:00:00","CTA|IE","568.12","n/e"," ","787.77"
"03/07/2025 06:00:00 - 03/07/2025 07:00:00","CTA|IE","572.72","n/e"," ","859.84"
"03/07/2025 07:00:00 - 03/07/2025 08:00:00","CTA|IE","589.01","n/e"," ","1000.00"
"03/07/2025 08:00:00 - 03/07/2025 09:00:00","CTA|IE","582.19","n/e"," ","1019.64"
"03/07/2025 09:00:00 - 03/07/2025 10:00:00","CTA|IE","595.32","n/e"," ","1080.13"
"03/07/2025 10:00:00 - 03/07/2025 11:00:00","CTA|IE","663.63","n/e"," ","1397.37"
"03/07/2025 11:00:00 - 03/07/2025 12:00:00","CTA|IE","745.30","n/e"," ","1533.39"
"03/07/2025 12:00:00 - 03/07/2025 13:00:00","CTA|IE","807.18","n/e"," ","1632.16"
"03/07/2025 13:00:00 - 03/07/2025 14:00:00","CTA|IE","854.89","n/e"," ","1703.23"
"03/07/2025 14:00:00 - 03/07/2025 15:00:00","CTA|IE","927.94","n/e"," ","1698.96"
"03/07/2025 15:00:00 - 03/07/2025 16:00:00","CTA|IE","1038.94","n/e"," ","1662.60"
"03/07/2025 16:00:00 - 03/07/2025 17:00:00","CTA|IE","1145.84","n/e"," ","1845.40"
"03/07/2025 17:00:00 - 03/07/2025 18:00:00","CTA|IE","1222.60","n/e"," ","1935.60"
"03/07/2025 18:00:00 - 03/07/2025 19:00:00","CTA|IE","1257.04","n/e"," ","1977.30"
"03/07/2025 19:00:00 - 03/07/2025 20:00:00","CTA|IE","1247.35","n/e"," ","1917.65"
"03/07/2025 20:00:00 - 03/07/2025 21:00:00","CTA|IE","1181.94","n/e"," ","1723.01"
"03/07/2025 21:00:00 - 03/07/2025 22:00:00","CTA|IE","1050.24","n/e"," ","1620.51"
"03/07/2025 22:00:00 - 03/07/2025 23:00:00","CTA|IE","917.13","n/e"," ","1437.95"
"03/07/2025 23:00:00 - 04/07/2025 00:00:00","CTA|IE","829.06","n/e"," ","1515.30"
"04/07/2025 00:00:00 - 04/07/2025 01:00:00","CTA|IE","806.23","n/e"," ","1678.26"
"04/07/2025 01:00:00 - 04/07/2025 02:00:00","CTA|IE","1241.84","n/e"," ","1758.10"
"04/07/2025 02:00:00 - 04/07/2025 03:00:00","CTA|IE","1328.34","n/e"," ","1824.87"
"04/07/2025 03:00:00 - 04/07/2025 04:00:00","CTA|IE","1412.98","n/e"," ","1849.83"
"04/07/2025 04:00:00 - 04/07/2025 05:00:00","CTA|IE","1477.11","n/e"," ","1931.41"
"04/07/2025 05:00:00 - 04/07/2025 06:00:00","CTA|IE","1501.27","n/e"," ","2004.31"
"04/07/2025 06:00:00 - 04/07/2025 07:00:00","CTA|IE","1555.97","n/e"," ","2003.89"
"04/07/2025 07:00:00 - 04/07/2025 08:00:00","CTA|IE","1662.97","n/e"," ","2073.15"
"04/07/2025 08:00:00 - 04/07/2025 09:00:00","CTA|IE","1791.95","n/e"," ","2121.42"
"04/07/2025 09:00:00 - 04/07/2025 10:00:00","CTA|IE","1993.22","n/e"," ","2244.57"
"04/07/2025 10:00:00 - 04/07/2025 11:00:00","CTA|IE","2258.91","n/e"," ","2290.04"
"04/07/2025 11:00:00 - 04/07/2025 12:00:00","CTA|IE","2545.76","n/e"," ","2307.72"
"04/07/2025 12:00:00 - 04/07/2025 13:00:00","CTA|IE","2775.09","n/e"," ","2268.98"
"04/07/2025 13:00:00 - 04/07/2025 14:00:00","CTA|IE","2930.15","n/e"," ","2114.59"
"04/07/2025 14:00:00 - 04/07/2025 15:00:00","CTA|IE","3044.25","n/e"," ","2069.92"
"04/07/2025 15:00:00 - 04/07/2025 16:00:00","CTA|IE","3137.95","n/e"," ","2461.15"
"04/07/2025 16:00:00 - 04/07/2025 17:00:00","CTA|IE","3198.44","n/e"," ","2360.75"
"04/07/2025 17:00:00 - 04/07/2025 18:00:00","CTA|IE","3237.11","n/e"," ","2525.57"
"04/07/2025 18:00:00 - 04/07/2025 19:00:00","CTA|IE","3329.18","n/e"," ","2788.77"
"04/07/2025 19:00:00 - 04/07/2025 20:00:00","CTA|IE","3333.83","n/e"," ","2952.23"
"04/07/2025 20:00:00 - 04/07/2025 21:00:00","CTA|IE","3290.64","n/e"," ","2979.93"
"04/07/2025 21:00:00 - 04/07/2025 22:00:00","CTA|IE","3201.45","n/e"," ","2703.09"
"04/07/2025 22:00:00 - 04/07/2025 23:00:00","CTA|IE","3099.06","n/e"," ","2609.37"
"04/07/2025 23:00:00 - 05/07/2025 00:00:00","CTA|IE","3014.52","n/e"," ","2561.10"
"05/07/2025 00:00:00 - 05/07/2025 01:00:00","CTA|IE","2960.72","n/e"," ","2402.54"
"05/07/2025 01:00:00 - 05/07/2025 02:00:00","CTA|IE","2651.44","n/e"," ","2176.10"
"05/07/2025 02:00:00 - 05/07/2025 03:00:00","CTA|IE","2353.89","n/e"," ","1964.03"
"05/07/2025 03:00:00 - 05/07/2025 04:00:00","CTA|IE","2238.55","n/e"," ","1765.43"
"05/07/2025 04:00:00 - 05/07/2025 05:00:00","CTA|IE","2081.50","n/e"," ","1773.81"
"05/07/2025 05:00:00 - 05/07/2025 06:00:00","CTA|IE","2030.25","n/e"," ","1698.53"
"05/07/2025 06:00:00 - 05/07/2025 07:00:00","CTA|IE","2033.73","n/e"," ","1652.98"
"05/07/2025 07:00:00 - 05/07/2025 08:00:00","CTA|IE","2042.66","n/e"," ","1668.48"
"05/07/2025 08:00:00 - 05/07/2025 09:00:00","CTA|IE","1812.88","n/e"," ","1626.35"
"05/07/2025 09:00:00 - 05/07/2025 10:00:00","CTA|IE","1884.68","n/e"," ","1567.33"
"05/07/2025 10:00:00 - 05/07/2025 11:00:00","CTA|IE","1867.92","n/e"," ","1573.11"
"05/07/2025 11:00:00 - 05/07/2025 12:00:00","CTA|IE","1936.22","n/e"," ","1541.70"
"05/07/2025 12:00:00 - 05/07/2025 13:00:00","CTA|IE","2019.80","n/e"," ","1465.71"
"05/07/2025 13:00:00 - 05/07/2025 14:00:00","CTA|IE","2113.75","n/e"," ","1398.28"
"05/07/2025 14:00:00 - 05/07/2025 15:00:00","CTA|IE","2172.52","n/e"," ","1305.80"
"05/07/2025 15:00:00 - 05/07/2025 16:00:00","CTA|IE","2163.83","n/e"," ","1303.20"
"05/07/2025 16:00:00 - 05/07/2025 17:00:00","CTA|IE","2084.78","n/e"," ","1205.59"
"05/07/2025 17:00:00 - 05/07/2025 18:00:00","CTA|IE","1925.44","n/e"," ","1125.91"
"05/07/2025 18:00:00 - 05/07/2025 19:00:00","CTA|IE","1831.08","n/e"," ","1205.92"
"05/07/2025 19:00:00 - 05/07/2025 20:00:00","CTA|IE","1750.58","n/e"," ","1154.68"
"05/07/2025 20:00:00 - 05/07/2025 21:00:00","CTA|IE","1530.54","n/e"," ","1163.32"
"05/07/2025 21:00:00 - 05/07/2025 22:00:00","CTA|IE","1410.14","n/e"," ","1133.11"
"05/07/2025 22:00:00 - 05/07/2025 23:00:00","CTA|IE","1328.14","n/e"," ","1225.12"
"05/07/2025 23:00:00 - 06/07/2025 00:00:00","CTA|IE","1385.57","n/e"," ","1299.19"
"06/07/2025 00:00:00 - 06/07/2025 01:00:00","CTA|IE","1530.10","n/e"," ","1272.86"
"06/07/2025 01:00:00 - 06/07/2025 02:00:00","CTA|IE","1763.28","n/e"," ","1377.18"
"06/07/2025 02:00:00 - 06/07/2025 03:00:00","CTA|IE","1714.17","n/e"," ","1515.38"
"06/07/2025 03:00:00 - 06/07/2025 04:00:00","CTA|IE","1649.45","n/e"," ","1458.32"
"06/07/2025 04:00:00 - 06/07/2025 05:00:00","CTA|IE","1601.84","n/e"," ","1450.09"
"06/07/2025 05:00:00 - 06/07/2025 06:00:00","CTA|IE","1530.78","n/e"," ","1462.33"
"06/07/2025 06:00:00 - 06/07/2025 07:00:00","CTA|IE","1450.69","n/e"," ","1374.24"
"06/07/2025 07:00:00 - 06/07/2025 08:00:00","CTA|IE","1362.70","n/e"," ","1341.65"
"06/07/2025 08:00:00 - 06/07/2025 09:00:00","CTA|IE","1302.46","n/e"," ","1245.51"
"06/07/2025 09:00:00 - 06/07/2025 10:00:00","CTA|IE","1249.60","n/e"," ","1387.39"
"06/07/2025 10:00:00 - 06/07/2025 11:00:00","CTA|IE","1174.19","n/e"," ","1399.39"
"06/07/2025 11:00:00 - 06/07/2025 12:00:00","CTA|IE","1116.52","n/e"," ","1410.84"
"06/07/2025 12:00:00 - 06/07/2025 13:00:00","CTA|IE","1167.45","n/e"," ","1547.65"
"06/07/2025 13:00:00 - 06/07/2025 14:00:00","CTA|IE","1303.06","n/e"," ","1644.79"
"06/07/2025 14:00:00 - 06/07/2025 15:00:00","CTA|IE","1466.43","n/e"," ","1757.09"
"06/07/2025 15:00:00 - 06/07/2025 16:00:00","CTA|IE","1629.51","n/e"," ","1740.76"
"06/07/2025 16:00:00 - 06/07/2025 17:00:00","CTA|IE","1729.80","n/e"," ","1940.40"
"06/07/2025 17:00:00 - 06/07/2025 18:00:00","CTA|IE","1777.90","n/e"," ","2077.85"
"06/07/2025 18:00:00 - 06/07/2025 19:00:00","CTA|IE","1750.20","n/e"," ","2081.93"
"06/07/2025 19:00:00 - 06/07/2025 20:00:00","CTA|IE","1708.27","n/e"," ","2113.84"
"06/07/2025 20:00:00 - 06/07/2025 21:00:00","CTA|IE","1708.05","n/e"," ","2098.31"
"06/07/2025 21:00:00 - 06/07/2025 22:00:00","CTA|IE","1687.79","n/e"," ","2024.78"
"06/07/2025 22:00:00 - 06/07/2025 23:00:00","CTA|IE","1639.17","n/e"," ","1690.89"
"06/07/2025 23:00:00 - 07/07/2025 00:00:00","CTA|IE","1577.12","n/e"," ","1517.48"
"07/07/2025 00:00:00 - 07/07/2025 01:00:00","CTA|IE","1562.88","n/e"," ","1437.87"
"07/07/2025 01:00:00 - 07/07/2025 02:00:00","CTA|IE","1313.49","n/e"," ","1392.32"
"07/07/2025 02:00:00 - 07/07/2025 03:00:00","CTA|IE","1335.65","n/e"," ","1292.51"
"07/07/2025 03:00:00 - 07/07/2025 04:00:00","CTA|IE","1363.76","n/e"," ","1329.91"
"07/07/2025 04:00:00 - 07/07/2025 05:00:00","CTA|IE","1345.16","n/e"," ","1299.76"
"07/07/2025 05:00:00 - 07/07/2025 06:00:00","CTA|IE","1247.99","n/e"," ","1353.80"
"07/07/2025 06:00:00 - 07/07/2025 07:00:00","CTA|IE","1170.57","n/e"," ","1343.27"
"07/07/2025 07:00:00 - 07/07/2025 08:00:00","CTA|IE","1054.47","n/e"," ","1232.04"
"07/07/2025 08:00:00 - 07/07/2025 09:00:00","CTA|IE","912.86","n/e"," ","1096.59"
"07/07/2025 09:00:00 - 07/07/2025 10:00:00","CTA|IE","834.75","n/e"," ","1093.33"
"07/07/2025 10:00:00 - 07/07/2025 11:00:00","CTA|IE","847.07","n/e"," ","1119.30"
"07/07/2025 11:00:00 - 07/07/2025 12:00:00","CTA|IE","892.19","n/e"," ","N/A"
"07/07/2025 12:00:00 - 07/07/2025 13:00:00","CTA|IE","953.96","n/e"," ","1067.21"
"07/07/2025 13:00:00 - 07/07/2025 14:00:00","CTA|IE","974.61","n/e"," ","1148.42"
"07/07/2025 14:00:00 - 07/07/2025 15:00:00","CTA|IE","988.89","n/e"," ","1201.33"
"07/07/2025 15:00:00 - 07/07/2025 16:00:00","CTA|IE","1078.78","n/e"," ","1163.62"
"07/07/2025 16:00:00 - 07/07/2025 17:00:00","CTA|IE","1310.71","n/e"," ","1212.62"
"07/07/2025 17:00:00 - 07/07/2025 18:00:00","CTA|IE","1621.33","n/e"," ","1257.24"
"07/07/2025 18:00:00 - 07/07/2025 19:00:00","CTA|IE","1820.23","n/e"," ","1559.69"
"07/07/2025 19:00:00 - 07/07/2025 20:00:00","CTA|IE","1854.69","n/e"," ","1842.31"
"07/07/2025 20:00:00 - 07/07/2025 21:00:00","CTA|IE","1759.57","n/e"," ","1793.28"
"07/07/2025 21:00:00 - 07/07/2025 22:00:00","CTA|IE","1570.73","n/e"," ","1628.93"
"07/07/2025 22:00:00 - 07/07/2025 23:00:00","CTA|IE","1324.26","n/e"," ","1337.55"
"07/07/2025 23:00:00 - 08/07/2025 00:00:00","CTA|IE","1075.57","n/e"," ","1146.57"
"08/07/2025 00:00:00 - 08/07/2025 01:00:00","CTA|IE","919.14","n/e"," ","978.66"
"08/07/2025 01:00:00 - 08/07/2025 02:00:00","CTA|IE","857.46","n/e"," ","N/A"
"08/07/2025 02:00:00 - 08/07/2025 03:00:00","CTA|IE","793.14","n/e"," ","N/A"
"08/07/2025 03:00:00 - 08/07/2025 04:00:00","CTA|IE","750.05","n/e"," ","N/A"
"08/07/2025 04:00:00 - 08/07/2025 05:00:00","CTA|IE","669.81","n/e"," ","N/A"
"08/07/2025 05:00:00 - 08/07/2025 06:00:00","CTA|IE","545.56","n/e"," ","N/A"
"08/07/2025 06:00:00 - 08/07/2025 07:00:00","CTA|IE","439.39","n/e"," ","N/A"
"08/07/2025 07:00:00 - 08/07/2025 08:00:00","CTA|IE","360.20","n/e"," ","N/A"
"08/07/2025 08:00:00 - 08/07/2025 09:00:00","CTA|IE","304.88","n/e"," ","N/A"
"08/07/2025 09:00:00 - 08/07/2025 10:00:00","CTA|IE","242.43","n/e"," ","N/A"
"08/07/2025 10:00:00 - 08/07/2025 11:00:00","CTA|IE","226.50","n/e"," ","N/A"
"08/07/2025 11:00:00 - 08/07/2025 12:00:00","CTA|IE","227.78","n/e"," ","N/A"
"08/07/2025 12:00:00 - 08/07/2025 13:00:00","CTA|IE","239.92","n/e"," ","489.84"
"08/07/2025 13:00:00 - 08/07/2025 14:00:00","CTA|IE","262.03","n/e"," ","582.59"
"08/07/2025 14:00:00 - 08/07/2025 15:00:00","CTA|IE","297.70","n/e"," ","619.29"
"08/07/2025 15:00:00 - 08/07/2025 16:00:00","CTA|IE","343.05","n/e"," ","711.62"
"08/07/2025 16:00:00 - 08/07/2025 17:00:00","CTA|IE","383.62","n/e"," ","738.55"
"08/07/2025 17:00:00 - 08/07/2025 18:00:00","CTA|IE","420.21","n/e"," ","718.36"
"08/07/2025 18:00:00 - 08/07/2025 19:00:00","CTA|IE","439.96","n/e"," ","765.52"
"08/07/2025 19:00:00 - 08/07/2025 20:00:00","CTA|IE","445.17","n/e"," ","830.34"
"08/07/2025 20:00:00 - 08/07/2025 21:00:00","CTA|IE","450.08","n/e"," ","794.99"
"08/07/2025 21:00:00 - 08/07/2025 22:00:00","CTA|IE","424.16","n/e"," ","760.84"
"08/07/2025 22:00:00 - 08/07/2025 23:00:00","CTA|IE","368.35","n/e"," ","764.01"
"08/07/2025 23:00:00 - 09/07/2025 00:00:00","CTA|IE","310.94","n/e"," ","788.02"
"09/07/2025 00:00:00 - 09/07/2025 01:00:00","CTA|IE","292.17","n/e"," ","814.35"
"09/07/2025 01:00:00 - 09/07/2025 02:00:00","CTA|IE","393.27","n/e"," ","755.14"
"09/07/2025 02:00:00 - 09/07/2025 03:00:00","CTA|IE","389.67","n/e"," ","717.06"
"09/07/2025 03:00:00 - 09/07/2025 04:00:00","CTA|IE","357.40","n/e"," ","709.37"
"09/07/2025 04:00:00 - 09/07/2025 05:00:00","CTA|IE","304.97","n/e"," ","654.38"
"09/07/2025 05:00:00 - 09/07/2025 06:00:00","CTA|IE","251.56","n/e"," ","601.91"
"09/07/2025 06:00:00 - 09/07/2025 07:00:00","CTA|IE","216.17","n/e"," ","545.77"
"09/07/2025 07:00:00 - 09/07/2025 08:00:00","CTA|IE","213.41","n/e"," ","414.96"
"09/07/2025 08:00:00 - 09/07/2025 09:00:00","CTA|IE","212.01","n/e"," ","331.89"
"09/07/2025 09:00:00 - 09/07/2025 10:00:00","CTA|IE","181.12","n/e"," ","261.86"
"09/07/2025 10:00:00 - 09/07/2025 11:00:00","CTA|IE","163.83","n/e"," ","187.56"
"09/07/2025 11:00:00 - 09/07/2025 12:00:00","CTA|IE","170.31","n/e"," ","N/A"
"09/07/2025 12:00:00 - 09/07/2025 13:00:00","CTA|IE","198.98","n/e"," ","191.31"
"09/07/2025 13:00:00 - 09/07/2025 14:00:00","CTA|IE","247.66","n/e"," ","214.27"
"09/07/2025 14:00:00 - 09/07/2025 15:00:00","CTA|IE","303.71","n/e"," ","231.18"
"09/07/2025 15:00:00 - 09/07/2025 16:00:00","CTA|IE","360.94","n/e"," ","248.08"
"09/07/2025 16:00:00 - 09/07/2025 17:00:00","CTA|IE","416.38","n/e"," ","305.03"
"09/07/2025 17:00:00 - 09/07/2025 18:00:00","CTA|IE","460.19","n/e"," ","348.13"
"09/07/2025 18:00:00 - 09/07/2025 19:00:00","CTA|IE","493.74","n/e"," ","342.54"
"09/07/2025 19:00:00 - 09/07/2025 20:00:00","CTA|IE","480.03","n/e"," ","320.23"
"09/07/2025 20:00:00 - 09/07/2025 21:00:00","CTA|IE","440.46","n/e"," ","302.59"
"09/07/2025 21:00:00 - 09/07/2025 22:00:00","CTA|IE","388.06","n/e"," ","254.73"
"09/07/2025 22:00:00 - 09/07/2025 23:00:00","CTA|IE","337.48","n/e"," ","271.85"
"09/07/2025 23:00:00 - 10/07/2025 00:00:00","CTA|IE","297.07","n/e"," ","315.46"
"10/07/2025 00:00:00 - 10/07/2025 01:00:00","CTA|IE","286.18","n/e"," ","318.21"
"10/07/2025 01:00:00 - 10/07/2025 02:00:00","CTA|IE","304.50","n/e"," ","320.08"
"10/07/2025 02:00:00 - 10/07/2025 03:00:00","CTA|IE","295.28","n/e"," ","256.37"
"10/07/2025 03:00:00 - 10/07/2025 04:00:00","CTA|IE","258.92","n/e"," ","199.17"
"10/07/2025 04:00:00 - 10/07/2025 05:00:00","CTA|IE","229.25","n/e"," ","171.45"
"10/07/2025 05:00:00 - 10/07/2025 06:00:00","CTA|IE","216.26","n/e"," ","183.95"
"10/07/2025 06:00:00 - 10/07/2025 07:00:00","CTA|IE","204.98","n/e"," ","159.61"
"10/07/2025 07:00:00 - 10/07/2025 08:00:00","CTA|IE","189.36","n/e"," ","163.77"
"10/07/2025 08:00:00 - 10/07/2025 09:00:00","CTA|IE","173.69","n/e"," ","170.72"
"10/07/2025 09:00:00 - 10/07/2025 10:00:00","CTA|IE","161.66","n/e"," ","172.85"
"10/07/2025 10:00:00 - 10/07/2025 11:00:00","CTA|IE","159.94","n/e"," ","203.68"
"10/07/2025 11:00:00 - 10/07/2025 12:00:00","CTA|IE","172.60","n/e"," ","214.65"
"10/07/2025 12:00:00 - 10/07/2025 13:00:00","CTA|IE","187.67","n/e"," ","253.16"
"10/07/2025 13:00:00 - 10/07/2025 14:00:00","CTA|IE","191.79","n/e"," ","305.73"
"10/07/2025 14:00:00 - 10/07/2025 15:00:00","CTA|IE","199.06","n/e"," ","363.66"
"10/07/2025 15:00:00 - 10/07/2025 16:00:00","CTA|IE","221.30","n/e"," ","365.66"
"10/07/2025 16:00:00 - 10/07/2025 17:00:00","CTA|IE","246.08","n/e"," ","324.03"
"10/07/2025 17:00:00 - 10/07/2025 18:00:00","CTA|IE","263.64","n/e"," ","293.99"
"10/07/2025 18:00:00 - 10/07/2025 19:00:00","CTA|IE","271.70","n/e"," ","286.80"
"10/07/2025 19:00:00 - 10/07/2025 20:00:00","CTA|IE","267.95","n/e"," ","275.91"
"10/07/2025 20:00:00 - 10/07/2025 21:00:00","CTA|IE","253.11","n/e"," ","206.01"
"10/07/2025 21:00:00 - 10/07/2025 22:00:00","CTA|IE","226.26","n/e"," ","185.92"
"10/07/2025 22:00:00 - 10/07/2025 23:00:00","CTA|IE","197.64","n/e"," ","226.49"
"10/07/2025 23:00:00 - 11/07/2025 00:00:00","CTA|IE","170.85","n/e"," ","260.40"
"11/07/2025 00:00:00 - 11/07/2025 01:00:00","CTA|IE","145.59","n/e"," ","203.57"
"11/07/2025 01:00:00 - 11/07/2025 02:00:00","CTA|IE","120.42","n/e"," ","157.27"
"11/07/2025 02:00:00 - 11/07/2025 03:00:00","CTA|IE","90.92","n/e"," ","142.31"
"11/07/2025 03:00:00 - 11/07/2025 04:00:00","CTA|IE","82.25","n/e"," ","108.56"
"11/07/2025 04:00:00 - 11/07/2025 05:00:00","CTA|IE","90.59","n/e"," ","102.66"
"11/07/2025 05:00:00 - 11/07/2025 06:00:00","CTA|IE","121.41","n/e"," ","124.83"
"11/07/2025 06:00:00 - 11/07/2025 07:00:00","CTA|IE","137.36","n/e"," ","163.94"
"11/07/2025 07:00:00 - 11/07/2025 08:00:00","CTA|IE","152.30","n/e"," ","209.21"
"11/07/2025 08:00:00 - 11/07/2025 09:00:00","CTA|IE","170.12","n/e"," ","226.72"
"11/07/2025 09:00:00 - 11/07/2025 10:00:00","CTA|IE","169.38","n/e"," ","164.70"
"11/07/2025 10:00:00 - 11/07/2025 11:00:00","CTA|IE","172.13","n/e"," ","131.22"
"11/07/2025 11:00:00 - 11/07/2025 12:00:00","CTA|IE","218.82","n/e"," ","188.15"
"11/07/2025 12:00:00 - 11/07/2025 13:00:00","CTA|IE","305.80","n/e"," ","293.98"
"11/07/2025 13:00:00 - 11/07/2025 14:00:00","CTA|IE","401.73","n/e"," ","438.33"
"11/07/2025 14:00:00 - 11/07/2025 15:00:00","CTA|IE","506.50","n/e"," ","580.73"
"11/07/2025 15:00:00 - 11/07/2025 16:00:00","CTA|IE","606.81","n/e"," ","700.88"
"11/07/2025 16:00:00 - 11/07/2025 17:00:00","CTA|IE","680.83","n/e"," ","822.30"
"11/07/2025 17:00:00 - 11/07/2025 18:00:00","CTA|IE","715.73","n/e"," ","786.10"
"11/07/2025 18:00:00 - 11/07/2025 19:00:00","CTA|IE","758.88","n/e"," ","670.58"
"11/07/2025 19:00:00 - 11/07/2025 20:00:00","CTA|IE","732.90","n/e"," ","648.72"
"11/07/2025 20:00:00 - 11/07/2025 21:00:00","CTA|IE","655.22","n/e"," ","501.29"
"11/07/2025 21:00:00 - 11/07/2025 22:00:00","CTA|IE","540.19","n/e"," ","387.71"
"11/07/2025 22:00:00 - 11/07/2025 23:00:00","CTA|IE","445.79","n/e"," ","380.20"
"11/07/2025 23:00:00 - 12/07/2025 00:00:00","CTA|IE","427.01","n/e"," ","489.67"
"12/07/2025 00:00:00 - 12/07/2025 01:00:00","CTA|IE","465.49","n/e"," ","551.23"
"12/07/2025 01:00:00 - 12/07/2025 02:00:00","CTA|IE","499.18","n/e"," ","624.96"
"12/07/2025 02:00:00 - 12/07/2025 03:00:00","CTA|IE","571.34","n/e"," ","680.23"
"12/07/2025 03:00:00 - 12/07/2025 04:00:00","CTA|IE","666.74","n/e"," ","724.52"
"12/07/2025 04:00:00 - 12/07/2025 05:00:00","CTA|IE","776.37","n/e"," ","786.72"
"12/07/2025 05:00:00 - 12/07/2025 06:00:00","CTA|IE","864.52","n/e"," ","835.32"
"12/07/2025 06:00:00 - 12/07/2025 07:00:00","CTA|IE","904.65","n/e"," ","968.77"
"12/07/2025 07:00:00 - 12/07/2025 08:00:00","CTA|IE","952.18","n/e"," ","977.20"
"12/07/2025 08:00:00 - 12/07/2025 09:00:00","CTA|IE","907.68","n/e"," ","903.27"
"12/07/2025 09:00:00 - 12/07/2025 10:00:00","CTA|IE","735.92","n/e"," ","805.99"
"12/07/2025 10:00:00 - 12/07/2025 11:00:00","CTA|IE","614.81","n/e"," ","810.12"
"12/07/2025 11:00:00 - 12/07/2025 12:00:00","CTA|IE","625.59","n/e"," ","931.24"
"12/07/2025 12:00:00 - 12/07/2025 13:00:00","CTA|IE","783.67","n/e"," ","1041.00"
"12/07/2025 13:00:00 - 12/07/2025 14:00:00","CTA|IE","992.21","n/e"," ","1058.94"
"12/07/2025 14:00:00 - 12/07/2025 15:00:00","CTA|IE","1180.25","n/e"," ","1015.05"
"12/07/2025 15:00:00 - 12/07/2025 16:00:00","CTA|IE","1309.45","n/e"," ","966.88"
"12/07/2025 16:00:00 - 12/07/2025 17:00:00","CTA|IE","1376.43","n/e"," ","884.25"
"12/07/2025 17:00:00 - 12/07/2025 18:00:00","CTA|IE","1387.70","n/e"," ","862.52"
"12/07/2025 18:00:00 - 12/07/2025 19:00:00","CTA|IE","1351.31","n/e"," ","821.42"
"12/07/2025 19:00:00 - 12/07/2025 20:00:00","CTA|IE","1245.85","n/e"," ","839.58"
"12/07/2025 20:00:00 - 12/07/2025 21:00:00","CTA|IE","1074.39","n/e"," ","718.74"
"12/07/2025 21:00:00 - 12/07/2025 22:00:00","CTA|IE","879.99","n/e"," ","610.73"
"12/07/2025 22:00:00 - 12/07/2025 23:00:00","CTA|IE","709.72","n/e"," ","628.26"
"12/07/2025 23:00:00 - 13/07/2025 00:00:00","CTA|IE","612.77","n/e"," ","761.40"
"13/07/2025 00:00:00 - 13/07/2025 01:00:00","CTA|IE","574.53","n/e"," ","786.67"
"13/07/2025 01:00:00 - 13/07/2025 02:00:00","CTA|IE","578.42","n/e"," ","805.76"
"13/07/2025 02:00:00 - 13/07/2025 03:00:00","CTA|IE","573.75","n/e"," ","808.67"
"13/07/2025 03:00:00 - 13/07/2025 04:00:00","CTA|IE","559.26","n/e"," ","796.99"
"13/07/2025 04:00:00 - 13/07/2025 05:00:00","CTA|IE","563.48","n/e"," ","816.94"
"13/07/2025 05:00:00 - 13/07/2025 06:00:00","CTA|IE","581.69","n/e"," ","885.80"
"13/07/2025 06:00:00 - 13/07/2025 07:00:00","CTA|IE","567.05","n/e"," ","952.16"
"13/07/2025 07:00:00 - 13/07/2025 08:00:00","CTA|IE","559.52","n/e"," ","892.32"
"13/07/2025 08:00:00 - 13/07/2025 09:00:00","CTA|IE","525.07","n/e"," ","752.46"
"13/07/2025 09:00:00 - 13/07/2025 10:00:00","CTA|IE","458.97","n/e"," ","598.88"
"13/07/2025 10:00:00 - 13/07/2025 11:00:00","CTA|IE","412.67","n/e"," ","547.25"
"13/07/2025 11:00:00 - 13/07/2025 12:00:00","CTA|IE","407.80","n/e"," ","653.92"
"13/07/2025 12:00:00 - 13/07/2025 13:00:00","CTA|IE","434.18","n/e"," ","937.01"
"13/07/2025 13:00:00 - 13/07/2025 14:00:00","CTA|IE","469.50","n/e"," ","1131.06"
"13/07/2025 14:00:00 - 13/07/2025 15:00:00","CTA|IE","507.52","n/e"," ","1372.66"
"13/07/2025 15:00:00 - 13/07/2025 16:00:00","CTA|IE","539.71","n/e"," ","1531.90"
"13/07/2025 16:00:00 - 13/07/2025 17:00:00","CTA|IE","554.01","n/e"," ","1468.09"
"13/07/2025 17:00:00 - 13/07/2025 18:00:00","CTA|IE","525.29","n/e"," ","1448.94"
"13/07/2025 18:00:00 - 13/07/2025 19:00:00","CTA|IE","471.48","n/e"," ","1392.79"
"13/07/2025 19:00:00 - 13/07/2025 20:00:00","CTA|IE","415.43","n/e"," ","1302.90"
"13/07/2025 20:00:00 - 13/07/2025 21:00:00","CTA|IE","362.63","n/e"," ","1182.80"
"13/07/2025 21:00:00 - 13/07/2025 22:00:00","CTA|IE","329.85","n/e"," ","904.30"
"13/07/2025 22:00:00 - 13/07/2025 23:00:00","CTA|IE","325.20","n/e"," ","659.22"
"13/07/2025 23:00:00 - 14/07/2025 00:00:00","CTA|IE","337.38","n/e"," ","675.46"
"14/07/2025 00:00:00 - 14/07/2025 01:00:00","CTA|IE","350.95","n/e"," ","698.56"
"14/07/2025 01:00:00 - 14/07/2025 02:00:00","CTA|IE","386.22","n/e"," ","750.73"
"14/07/2025 02:00:00 - 14/07/2025 03:00:00","CTA|IE","389.79","n/e"," ","691.97"
"14/07/2025 03:00:00 - 14/07/2025 04:00:00","CTA|IE","407.25","n/e"," ","696.46"
"14/07/2025 04:00:00 - 14/07/2025 05:00:00","CTA|IE","433.99","n/e"," ","822.04"
"14/07/2025 05:00:00 - 14/07/2025 06:00:00","CTA|IE","487.69","n/e"," ","846.80"
"14/07/2025 06:00:00 - 14/07/2025 07:00:00","CTA|IE","569.80","n/e"," ","917.00"
"14/07/2025 07:00:00 - 14/07/2025 08:00:00","CTA|IE","652.73","n/e"," ","1074.82"
"14/07/2025 08:00:00 - 14/07/2025 09:00:00","CTA|IE","738.19","n/e"," ","1165.11"
"14/07/2025 09:00:00 - 14/07/2025 10:00:00","CTA|IE","847.47","n/e"," ","1400.80"
"14/07/2025 10:00:00 - 14/07/2025 11:00:00","CTA|IE","1031.61","n/e"," ","1398.73"
"14/07/2025 11:00:00 - 14/07/2025 12:00:00","CTA|IE","1257.81","n/e"," ","1737.36"
"14/07/2025 12:00:00 - 14/07/2025 13:00:00","CTA|IE","1482.93","n/e"," ","1813.19"
"14/07/2025 13:00:00 - 14/07/2025 14:00:00","CTA|IE","1683.59","n/e"," ","2046.13"
"14/07/2025 14:00:00 - 14/07/2025 15:00:00","CTA|IE","1858.39","n/e"," ","2083.11"
"14/07/2025 15:00:00 - 14/07/2025 16:00:00","CTA|IE","2009.35","n/e"," ","2251.00"
"14/07/2025 16:00:00 - 14/07/2025 17:00:00","CTA|IE","2109.88","n/e"," ","2345.27"
"14/07/2025 17:00:00 - 14/07/2025 18:00:00","CTA|IE","2144.57","n/e"," ","2128.92"
"14/07/2025 18:00:00 - 14/07/2025 19:00:00","CTA|IE","2137.96","n/e"," ","1903.18"
"14/07/2025 19:00:00 - 14/07/2025 20:00:00","CTA|IE","2088.29","n/e"," ","1820.88"
"14/07/2025 20:00:00 - 14/07/2025 21:00:00","CTA|IE","1991.62","n/e"," ","2111.48"
"14/07/2025 21:00:00 - 14/07/2025 22:00:00","CTA|IE","1854.99","n/e"," ","2192.23"
"14/07/2025 22:00:00 - 14/07/2025 23:00:00","CTA|IE","1731.09","n/e"," ","2265.40"
"14/07/2025 23:00:00 - 15/07/2025 00:00:00","CTA|IE","1715.00","n/e"," ","2568.23"
"15/07/2025 00:00:00 - 15/07/2025 01:00:00","CTA|IE","1789.77","n/e"," ","2692.47"
"15/07/2025 01:00:00 - 15/07/2025 02:00:00","CTA|IE","1390.64","n/e"," ","2594.51"
"15/07/2025 02:00:00 - 15/07/2025 03:00:00","CTA|IE","1283.90","n/e"," ","2338.24"
"15/07/2025 03:00:00 - 15/07/2025 04:00:00","CTA|IE","1218.36","n/e"," ","2328.37"
"15/07/2025 04:00:00 - 15/07/2025 05:00:00","CTA|IE","1183.10","n/e"," ","2240.31"
"15/07/2025 05:00:00 - 15/07/2025 06:00:00","CTA|IE","1039.24","n/e"," ","2246.05"
"15/07/2025 06:00:00 - 15/07/2025 07:00:00","CTA|IE","1050.90","n/e"," ","2156.56"
"15/07/2025 07:00:00 - 15/07/2025 08:00:00","CTA|IE","1085.32","n/e"," ","2035.17"
"15/07/2025 08:00:00 - 15/07/2025 09:00:00","CTA|IE","1040.56","n/e"," ","2149.58"
"15/07/2025 09:00:00 - 15/07/2025 10:00:00","CTA|IE","923.42","n/e"," ","2192.28"
"15/07/2025 10:00:00 - 15/07/2025 11:00:00","CTA|IE","839.58","n/e"," ","2146.21"
"15/07/2025 11:00:00 - 15/07/2025 12:00:00","CTA|IE","798.23","n/e"," ","2172.76"
"15/07/2025 12:00:00 - 15/07/2025 13:00:00","CTA|IE","837.79","n/e"," ","2301.72"
"15/07/2025 13:00:00 - 15/07/2025 14:00:00","CTA|IE","945.96","n/e"," ","2363.52"
"15/07/2025 14:00:00 - 15/07/2025 15:00:00","CTA|IE","1065.69","n/e"," ","2439.62"
"15/07/2025 15:00:00 - 15/07/2025 16:00:00","CTA|IE","1172.69","n/e"," ","2513.01"
"15/07/2025 16:00:00 - 15/07/2025 17:00:00","CTA|IE","1267.92","n/e"," ","2545.60"
"15/07/2025 17:00:00 - 15/07/2025 18:00:00","CTA|IE","1352.07","n/e"," ","2471.53"
"15/07/2025 18:00:00 - 15/07/2025 19:00:00","CTA|IE","1379.44","n/e"," ","2106.97"
"15/07/2025 19:00:00 - 15/07/2025 20:00:00","CTA|IE","1357.82","n/e"," ","1731.40"
"15/07/2025 20:00:00 - 15/07/2025 21:00:00","CTA|IE","1327.40","n/e"," ","1417.06"
"15/07/2025 21:00:00 - 15/07/2025 22:00:00","CTA|IE","1299.75","n/e"," ","1043.04"
"15/07/2025 22:00:00 - 15/07/2025 23:00:00","CTA|IE","1279.01","n/e"," ","771.28"
"15/07/2025 23:00:00 - 16/07/2025 00:00:00","CTA|IE","1274.88","n/e"," ","583.09"
"16/07/2025 00:00:00 - 16/07/2025 01:00:00","CTA|IE","1280.67","n/e"," ","450.39"
"16/07/2025 01:00:00 - 16/07/2025 02:00:00","CTA|IE","413.23","n/e"," ","349.24"
"16/07/2025 02:00:00 - 16/07/2025 03:00:00","CTA|IE","267.55","n/e"," ","267.55"
"16/07/2025 03:00:00 - 16/07/2025 04:00:00","CTA|IE","189.63","n/e"," ","164.74"
"16/07/2025 04:00:00 - 16/07/2025 05:00:00","CTA|IE","147.24","n/e"," ","101.04"
"16/07/2025 05:00:00 - 16/07/2025 06:00:00","CTA|IE","147.86","n/e"," ","83.06"
"16/07/2025 06:00:00 - 16/07/2025 07:00:00","CTA|IE","139.02","n/e"," ","77.46"
"16/07/2025 07:00:00 - 16/07/2025 08:00:00","CTA|IE","141.44","n/e"," ","99.83"
"16/07/2025 08:00:00 - 16/07/2025 09:00:00","CTA|IE","143.59","n/e"," ","115.66"
"16/07/2025 09:00:00 - 16/07/2025 10:00:00","CTA|IE","128.42","n/e"," ","174.52"
"16/07/2025 10:00:00 - 16/07/2025 11:00:00","CTA|IE","130.81","n/e"," ","233.24"
"16/07/2025 11:00:00 - 16/07/2025 12:00:00","CTA|IE","156.85","n/e"," ","347.81"
"16/07/2025 12:00:00 - 16/07/2025 13:00:00","CTA|IE","203.34","n/e"," ","452.90"
"16/07/2025 13:00:00 - 16/07/2025 14:00:00","CTA|IE","264.95","n/e"," ","551.12"
"16/07/2025 14:00:00 - 16/07/2025 15:00:00","CTA|IE","332.05","n/e"," ","673.86"
"16/07/2025 15:00:00 - 16/07/2025 16:00:00","CTA|IE","401.15","n/e"," ","743.44"
"16/07/2025 16:00:00 - 16/07/2025 17:00:00","CTA|IE","455.12","n/e"," ","669.14"
"16/07/2025 17:00:00 - 16/07/2025 18:00:00","CTA|IE","481.85","n/e"," ","585.81"
"16/07/2025 18:00:00 - 16/07/2025 19:00:00","CTA|IE","505.11","n/e"," ","539.35"
"16/07/2025 19:00:00 - 16/07/2025 20:00:00","CTA|IE","529.20","n/e"," ","517.78"
"16/07/2025 20:00:00 - 16/07/2025 21:00:00","CTA|IE","542.37","n/e"," ","434.44"
"16/07/2025 21:00:00 - 16/07/2025 22:00:00","CTA|IE","543.88","n/e"," ","391.78"
"16/07/2025 22:00:00 - 16/07/2025 23:00:00","CTA|IE","549.22","n/e"," ","395.03"
"16/07/2025 23:00:00 - 17/07/2025 00:00:00","CTA|IE","564.49","n/e"," ","426.03"
"17/07/2025 00:00:00 - 17/07/2025 01:00:00","CTA|IE","586.23","n/e"," ","462.22"
"17/07/2025 01:00:00 - 17/07/2025 02:00:00","CTA|IE","529.57","n/e"," ","447.72"
"17/07/2025 02:00:00 - 17/07/2025 03:00:00","CTA|IE","600.58","n/e"," ","469.76"
"17/07/2025 03:00:00 - 17/07/2025 04:00:00","CTA|IE","641.29","n/e"," ","480.97"
"17/07/2025 04:00:00 - 17/07/2025 05:00:00","CTA|IE","744.93","n/e"," ","496.46"
"17/07/2025 05:00:00 - 17/07/2025 06:00:00","CTA|IE","896.99","n/e"," ","618.82"
"17/07/2025 06:00:00 - 17/07/2025 07:00:00","CTA|IE","978.08","n/e"," ","674.26"
"17/07/2025 07:00:00 - 17/07/2025 08:00:00","CTA|IE","1027.34","n/e"," ","860.85"
"17/07/2025 08:00:00 - 17/07/2025 09:00:00","CTA|IE","1079.79","n/e"," ","1176.09"
"17/07/2025 09:00:00 - 17/07/2025 10:00:00","CTA|IE","1110.81","n/e"," ","1324.57"
"17/07/2025 10:00:00 - 17/07/2025 11:00:00","CTA|IE","1157.52","n/e"," ","1323.47"
"17/07/2025 11:00:00 - 17/07/2025 12:00:00","CTA|IE","1247.24","n/e"," ","1580.98"
"17/07/2025 12:00:00 - 17/07/2025 13:00:00","CTA|IE","1363.07","n/e"," ","1419.32"
"17/07/2025 13:00:00 - 17/07/2025 14:00:00","CTA|IE","1478.72","n/e"," ","1479.76"
"17/07/2025 14:00:00 - 17/07/2025 15:00:00","CTA|IE","1545.60","n/e"," ","1666.07"
"17/07/2025 15:00:00 - 17/07/2025 16:00:00","CTA|IE","1566.62","n/e"," ","1690.03"
"17/07/2025 16:00:00 - 17/07/2025 17:00:00","CTA|IE","1550.68","n/e"," ","1680.19"
"17/07/2025 17:00:00 - 17/07/2025 18:00:00","CTA|IE","1492.37","n/e"," ","1653.11"
"17/07/2025 18:00:00 - 17/07/2025 19:00:00","CTA|IE","1419.36","n/e"," ","1633.94"
"17/07/2025 19:00:00 - 17/07/2025 20:00:00","CTA|IE","1299.87","n/e"," ","1589.17"
"17/07/2025 20:00:00 - 17/07/2025 21:00:00","CTA|IE","1177.89","n/e"," ","1519.68"
"17/07/2025 21:00:00 - 17/07/2025 22:00:00","CTA|IE","1063.35","n/e"," ","1328.10"
"17/07/2025 22:00:00 - 17/07/2025 23:00:00","CTA|IE","955.62","n/e"," ","1080.10"
"17/07/2025 23:00:00 - 18/07/2025 00:00:00","CTA|IE","883.28","n/e"," ","1039.35"
"18/07/2025 00:00:00 - 18/07/2025 01:00:00","CTA|IE","841.71","n/e"," ","1069.96"
"18/07/2025 01:00:00 - 18/07/2025 02:00:00","CTA|IE","1094.14","n/e"," ","1123.44"
"18/07/2025 02:00:00 - 18/07/2025 03:00:00","CTA|IE","1087.69","n/e"," ","998.26"
"18/07/2025 03:00:00 - 18/07/2025 04:00:00","CTA|IE","1120.30","n/e"," ","943.43"
"18/07/2025 04:00:00 - 18/07/2025 05:00:00","CTA|IE","1054.80","n/e"," ","839.92"
"18/07/2025 05:00:00 - 18/07/2025 06:00:00","CTA|IE","885.95","n/e"," ","773.62"
"18/07/2025 06:00:00 - 18/07/2025 07:00:00","CTA|IE","760.10","n/e"," ","662.30"
"18/07/2025 07:00:00 - 18/07/2025 08:00:00","CTA|IE","680.07","n/e"," ","627.95"
"18/07/2025 08:00:00 - 18/07/2025 09:00:00","CTA|IE","621.29","n/e"," ","560.36"
"18/07/2025 09:00:00 - 18/07/2025 10:00:00","CTA|IE","542.68","n/e"," ","576.32"
"18/07/2025 10:00:00 - 18/07/2025 11:00:00","CTA|IE","471.21","n/e"," ","589.44"
"18/07/2025 11:00:00 - 18/07/2025 12:00:00","CTA|IE","426.86","n/e"," ","665.48"
"18/07/2025 12:00:00 - 18/07/2025 13:00:00","CTA|IE","398.42","n/e"," ","598.54"
"18/07/2025 13:00:00 - 18/07/2025 14:00:00","CTA|IE","372.92","n/e"," ","556.78"
"18/07/2025 14:00:00 - 18/07/2025 15:00:00","CTA|IE","355.01","n/e"," ","480.97"
"18/07/2025 15:00:00 - 18/07/2025 16:00:00","CTA|IE","354.60","n/e"," ","415.85"
"18/07/2025 16:00:00 - 18/07/2025 17:00:00","CTA|IE","359.96","n/e"," ","386.65"
"18/07/2025 17:00:00 - 18/07/2025 18:00:00","CTA|IE","357.35","n/e"," ","357.33"
"18/07/2025 18:00:00 - 18/07/2025 19:00:00","CTA|IE","343.65","n/e"," ","305.78"
"18/07/2025 19:00:00 - 18/07/2025 20:00:00","CTA|IE","305.39","n/e"," ","286.58"
"18/07/2025 20:00:00 - 18/07/2025 21:00:00","CTA|IE","258.95","n/e"," ","272.92"
"18/07/2025 21:00:00 - 18/07/2025 22:00:00","CTA|IE","215.04","n/e"," ","199.95"
"18/07/2025 22:00:00 - 18/07/2025 23:00:00","CTA|IE","185.06","n/e"," ","142.58"
"18/07/2025 23:00:00 - 19/07/2025 00:00:00","CTA|IE","164.73","n/e"," ","95.60"
"19/07/2025 00:00:00 - 19/07/2025 01:00:00","CTA|IE","152.92","n/e"," ","55.29"
"19/07/2025 01:00:00 - 19/07/2025 02:00:00","CTA|IE","72.40","n/e"," ","42.83"
"19/07/2025 02:00:00 - 19/07/2025 03:00:00","CTA|IE","81.41","n/e"," ","44.35"
"19/07/2025 03:00:00 - 19/07/2025 04:00:00","CTA|IE","94.04","n/e"," ","55.37"
"19/07/2025 04:00:00 - 19/07/2025 05:00:00","CTA|IE","111.05","n/e"," ","68.99"
"19/07/2025 05:00:00 - 19/07/2025 06:00:00","CTA|IE","140.76","n/e"," ","94.54"
"19/07/2025 06:00:00 - 19/07/2025 07:00:00","CTA|IE","161.47","n/e"," ","133.67"
"19/07/2025 07:00:00 - 19/07/2025 08:00:00","CTA|IE","188.37","n/e"," ","185.88"
"19/07/2025 08:00:00 - 19/07/2025 09:00:00","CTA|IE","213.37","n/e"," ","280.86"
"19/07/2025 09:00:00 - 19/07/2025 10:00:00","CTA|IE","235.58","n/e"," ","345.11"
"19/07/2025 10:00:00 - 19/07/2025 11:00:00","CTA|IE","274.97","n/e"," ","466.68"
"19/07/2025 11:00:00 - 19/07/2025 12:00:00","CTA|IE","332.11","n/e"," ","550.86"
"19/07/2025 12:00:00 - 19/07/2025 13:00:00","CTA|IE","395.48","n/e"," ","644.94"
"19/07/2025 13:00:00 - 19/07/2025 14:00:00","CTA|IE","450.56","n/e"," ","750.63"
"19/07/2025 14:00:00 - 19/07/2025 15:00:00","CTA|IE","494.69","n/e"," ","870.61"
"19/07/2025 15:00:00 - 19/07/2025 16:00:00","CTA|IE","524.71","n/e"," ","910.63"
"19/07/2025 16:00:00 - 19/07/2025 17:00:00","CTA|IE","547.92","n/e"," ","840.29"
"19/07/2025 17:00:00 - 19/07/2025 18:00:00","CTA|IE","569.34","n/e"," ","864.71"
"19/07/2025 18:00:00 - 19/07/2025 19:00:00","CTA|IE","601.01","n/e"," ","1014.51"
"19/07/2025 19:00:00 - 19/07/2025 20:00:00","CTA|IE","620.71","n/e"," ","1049.14"
"19/07/2025 20:00:00 - 19/07/2025 21:00:00","CTA|IE","620.51","n/e"," ","1038.17"
"19/07/2025 21:00:00 - 19/07/2025 22:00:00","CTA|IE","620.93","n/e"," ","1287.32"
"19/07/2025 22:00:00 - 19/07/2025 23:00:00","CTA|IE","624.23","n/e"," ","1454.26"
"19/07/2025 23:00:00 - 20/07/2025 00:00:00","CTA|IE","624.31","n/e"," ","1430.31"
"20/07/2025 00:00:00 - 20/07/2025 01:00:00","CTA|IE","609.44","n/e"," ","1316.45"
"20/07/2025 01:00:00 - 20/07/2025 02:00:00","CTA|IE","578.92","n/e"," ","1210.71"
"20/07/2025 02:00:00 - 20/07/2025 03:00:00","CTA|IE","607.55","n/e"," ","1059.19"
"20/07/2025 03:00:00 - 20/07/2025 04:00:00","CTA|IE","686.20","n/e"," ","1013.34"
"20/07/2025 04:00:00 - 20/07/2025 05:00:00","CTA|IE","686.59","n/e"," ","1004.39"
"20/07/2025 05:00:00 - 20/07/2025 06:00:00","CTA|IE","640.94","n/e"," ","1044.00"
"20/07/2025 06:00:00 - 20/07/2025 07:00:00","CTA|IE","606.47","n/e"," ","1058.28"
"20/07/2025 07:00:00 - 20/07/2025 08:00:00","CTA|IE","590.99","n/e"," ","1189.26"
"20/07/2025 08:00:00 - 20/07/2025 09:00:00","CTA|IE","600.05","n/e"," ","1278.80"
"20/07/2025 09:00:00 - 20/07/2025 10:00:00","CTA|IE","608.59","n/e"," ","1264.30"
"20/07/2025 10:00:00 - 20/07/2025 11:00:00","CTA|IE","603.53","n/e"," ","1264.19"
"20/07/2025 11:00:00 - 20/07/2025 12:00:00","CTA|IE","610.61","n/e"," ","1382.14"
"20/07/2025 12:00:00 - 20/07/2025 13:00:00","CTA|IE","650.83","n/e"," ","1433.65"
"20/07/2025 13:00:00 - 20/07/2025 14:00:00","CTA|IE","717.22","n/e"," ","1374.82"
"20/07/2025 14:00:00 - 20/07/2025 15:00:00","CTA|IE","778.72","n/e"," ","1402.10"
"20/07/2025 15:00:00 - 20/07/2025 16:00:00","CTA|IE","818.00","n/e"," ","1329.70"
"20/07/2025 16:00:00 - 20/07/2025 17:00:00","CTA|IE","858.82","n/e"," ","1343.99"
"20/07/2025 17:00:00 - 20/07/2025 18:00:00","CTA|IE","931.24","n/e"," ","1417.28"
"20/07/2025 18:00:00 - 20/07/2025 19:00:00","CTA|IE","1013.83","n/e"," ","1350.30"
"20/07/2025 19:00:00 - 20/07/2025 20:00:00","CTA|IE","1080.70","n/e"," ","1182.12"
"20/07/2025 20:00:00 - 20/07/2025 21:00:00","CTA|IE","1124.36","n/e"," ","948.05"
"20/07/2025 21:00:00 - 20/07/2025 22:00:00","CTA|IE","1149.27","n/e"," ","890.27"
"20/07/2025 22:00:00 - 20/07/2025 23:00:00","CTA|IE","1170.88","n/e"," ","798.11"
"20/07/2025 23:00:00 - 21/07/2025 00:00:00","CTA|IE","1198.48","n/e"," ","767.08"
"21/07/2025 00:00:00 - 21/07/2025 01:00:00","CTA|IE","1233.82","n/e"," ","787.66"
"21/07/2025 01:00:00 - 21/07/2025 02:00:00","CTA|IE","1107.60","n/e"," ","844.38"
"21/07/2025 02:00:00 - 21/07/2025 03:00:00","CTA|IE","1137.78","n/e"," ","930.72"
"21/07/2025 03:00:00 - 21/07/2025 04:00:00","CTA|IE","1165.69","n/e"," ","1102.36"
"21/07/2025 04:00:00 - 21/07/2025 05:00:00","CTA|IE","1164.29","n/e"," ","1402.44"
"21/07/2025 05:00:00 - 21/07/2025 06:00:00","CTA|IE","1219.31","n/e"," ","1668.23"
"21/07/2025 06:00:00 - 21/07/2025 07:00:00","CTA|IE","1245.91","n/e"," ","1792.24"
"21/07/2025 07:00:00 - 21/07/2025 08:00:00","CTA|IE","1276.36","n/e"," ","1872.82"
"21/07/2025 08:00:00 - 21/07/2025 09:00:00","CTA|IE","1305.91","n/e"," ","1945.03"
"21/07/2025 09:00:00 - 21/07/2025 10:00:00","CTA|IE","1296.93","n/e"," ","2029.20"
"21/07/2025 10:00:00 - 21/07/2025 11:00:00","CTA|IE","1278.95","n/e"," ","2091.29"
"21/07/2025 11:00:00 - 21/07/2025 12:00:00","CTA|IE","1289.71","n/e"," ","1968.59"
"21/07/2025 12:00:00 - 21/07/2025 13:00:00","CTA|IE","1362.03","n/e"," ","1945.64"
"21/07/2025 13:00:00 - 21/07/2025 14:00:00","CTA|IE","1446.88","n/e"," ","1931.71"
"21/07/2025 14:00:00 - 21/07/2025 15:00:00","CTA|IE","1512.56","n/e"," ","1749.38"
"21/07/2025 15:00:00 - 21/07/2025 16:00:00","CTA|IE","1577.07","n/e"," ","1852.40"
"21/07/2025 16:00:00 - 21/07/2025 17:00:00","CTA|IE","1648.40","n/e"," ","1902.00"
"21/07/2025 17:00:00 - 21/07/2025 18:00:00","CTA|IE","1725.62","n/e"," ","1801.97"
"21/07/2025 18:00:00 - 21/07/2025 19:00:00","CTA|IE","1749.19","n/e"," ","1727.92"
"21/07/2025 19:00:00 - 21/07/2025 20:00:00","CTA|IE","1686.86","n/e"," ","1729.46"
"21/07/2025 20:00:00 - 21/07/2025 21:00:00","CTA|IE","1572.38","n/e"," ","1627.57"
"21/07/2025 21:00:00 - 21/07/2025 22:00:00","CTA|IE","1450.54","n/e"," ","1411.12"
"21/07/2025 22:00:00 - 21/07/2025 23:00:00","CTA|IE","1355.57","n/e"," ","1162.36"
"21/07/2025 23:00:00 - 22/07/2025 00:00:00","CTA|IE","1280.37","n/e"," ","935.88"
"22/07/2025 00:00:00 - 22/07/2025 01:00:00","CTA|IE","1209.57","n/e"," ","983.75"
"22/07/2025 01:00:00 - 22/07/2025 02:00:00","CTA|IE","770.97","n/e"," ","949.66"
"22/07/2025 02:00:00 - 22/07/2025 03:00:00","CTA|IE","712.22","n/e"," ","937.78"
"22/07/2025 03:00:00 - 22/07/2025 04:00:00","CTA|IE","597.33","n/e"," ","835.79"
"22/07/2025 04:00:00 - 22/07/2025 05:00:00","CTA|IE","540.01","n/e"," ","661.19"
"22/07/2025 05:00:00 - 22/07/2025 06:00:00","CTA|IE","541.72","n/e"," ","551.91"
"22/07/2025 06:00:00 - 22/07/2025 07:00:00","CTA|IE","535.08","n/e"," ","534.89"
"22/07/2025 07:00:00 - 22/07/2025 08:00:00","CTA|IE","511.72","n/e"," ","583.79"
"22/07/2025 08:00:00 - 22/07/2025 09:00:00","CTA|IE","466.32","n/e"," ","481.81"
"22/07/2025 09:00:00 - 22/07/2025 10:00:00","CTA|IE","382.58","n/e"," ","352.61"
"22/07/2025 10:00:00 - 22/07/2025 11:00:00","CTA|IE","312.68","n/e"," ","261.44"
"22/07/2025 11:00:00 - 22/07/2025 12:00:00","CTA|IE","268.12","n/e"," ","223.93"
"22/07/2025 12:00:00 - 22/07/2025 13:00:00","CTA|IE","267.46","n/e"," ","172.72"
"22/07/2025 13:00:00 - 22/07/2025 14:00:00","CTA|IE","298.03","n/e"," ","170.33"
"22/07/2025 14:00:00 - 22/07/2025 15:00:00","CTA|IE","348.66","n/e"," ","232.29"
"22/07/2025 15:00:00 - 22/07/2025 16:00:00","CTA|IE","425.34","n/e"," ","247.68"
"22/07/2025 16:00:00 - 22/07/2025 17:00:00","CTA|IE","510.01","n/e"," ","314.62"
"22/07/2025 17:00:00 - 22/07/2025 18:00:00","CTA|IE","581.71","n/e"," ","348.03"
"22/07/2025 18:00:00 - 22/07/2025 19:00:00","CTA|IE","623.99","n/e"," ","383.59"
"22/07/2025 19:00:00 - 22/07/2025 20:00:00","CTA|IE","646.57","n/e"," ","411.14"
"22/07/2025 20:00:00 - 22/07/2025 21:00:00","CTA|IE","664.27","n/e"," ","411.91"
"22/07/2025 21:00:00 - 22/07/2025 22:00:00","CTA|IE","663.58","n/e"," ","413.14"
"22/07/2025 22:00:00 - 22/07/2025 23:00:00","CTA|IE","660.84","n/e"," ","339.40"
"22/07/2025 23:00:00 - 23/07/2025 00:00:00","CTA|IE","667.64","n/e"," ","386.98"
"23/07/2025 00:00:00 - 23/07/2025 01:00:00","CTA|IE","681.38","n/e"," ","450.11"
"23/07/2025 01:00:00 - 23/07/2025 02:00:00","CTA|IE","472.62","n/e"," ","441.71"
"23/07/2025 02:00:00 - 23/07/2025 03:00:00","CTA|IE","509.46","n/e"," ","429.90"
"23/07/2025 03:00:00 - 23/07/2025 04:00:00","CTA|IE","542.11","n/e"," ","428.93"
"23/07/2025 04:00:00 - 23/07/2025 05:00:00","CTA|IE","566.69","n/e"," ","466.36"
"23/07/2025 05:00:00 - 23/07/2025 06:00:00","CTA|IE","569.87","n/e"," ","537.78"
"23/07/2025 06:00:00 - 23/07/2025 07:00:00","CTA|IE","563.36","n/e"," ","453.50"
"23/07/2025 07:00:00 - 23/07/2025 08:00:00","CTA|IE","555.18","n/e"," ","409.71"
"23/07/2025 08:00:00 - 23/07/2025 09:00:00","CTA|IE","534.33","n/e"," ","353.32"
"23/07/2025 09:00:00 - 23/07/2025 10:00:00","CTA|IE","499.24","n/e"," ","348.41"
"23/07/2025 10:00:00 - 23/07/2025 11:00:00","CTA|IE","511.20","n/e"," ","362.89"
"23/07/2025 11:00:00 - 23/07/2025 12:00:00","CTA|IE","544.42","n/e"," ","418.29"
"23/07/2025 12:00:00 - 23/07/2025 13:00:00","CTA|IE","607.60","n/e"," ","439.64"
"23/07/2025 13:00:00 - 23/07/2025 14:00:00","CTA|IE","675.75","n/e"," ","487.00"
"23/07/2025 14:00:00 - 23/07/2025 15:00:00","CTA|IE","701.81","n/e"," ","511.34"
"23/07/2025 15:00:00 - 23/07/2025 16:00:00","CTA|IE","718.11","n/e"," ","550.29"
"23/07/2025 16:00:00 - 23/07/2025 17:00:00","CTA|IE","782.99","n/e"," ","635.17"
"23/07/2025 17:00:00 - 23/07/2025 18:00:00","CTA|IE","895.89","n/e"," ","653.59"
"23/07/2025 18:00:00 - 23/07/2025 19:00:00","CTA|IE","976.05","n/e"," ","671.64"
"23/07/2025 19:00:00 - 23/07/2025 20:00:00","CTA|IE","994.64","n/e"," ","714.63"
"23/07/2025 20:00:00 - 23/07/2025 21:00:00","CTA|IE","956.63","n/e"," ","659.26"
"23/07/2025 21:00:00 - 23/07/2025 22:00:00","CTA|IE","850.30","n/e"," ","523.26"
"23/07/2025 22:00:00 - 23/07/2025 23:00:00","CTA|IE","724.92","n/e"," ","500.98"
"23/07/2025 23:00:00 - 24/07/2025 00:00:00","CTA|IE","607.96","n/e"," ","526.56"
"24/07/2025 00:00:00 - 24/07/2025 01:00:00","CTA|IE","533.19","n/e"," ","533.19"
"24/07/2025 01:00:00 - 24/07/2025 02:00:00","CTA|IE","351.12","n/e"," ","464.09"
"24/07/2025 02:00:00 - 24/07/2025 03:00:00","CTA|IE","275.80","n/e"," ","411.53"
"24/07/2025 03:00:00 - 24/07/2025 04:00:00","CTA|IE","219.51","n/e"," ","333.21"
"24/07/2025 04:00:00 - 24/07/2025 05:00:00","CTA|IE","175.22","n/e"," ","253.19"
"24/07/2025 05:00:00 - 24/07/2025 06:00:00","CTA|IE","140.42","n/e"," ","172.05"
"24/07/2025 06:00:00 - 24/07/2025 07:00:00","CTA|IE","133.89","n/e"," ","126.83"
"24/07/2025 07:00:00 - 24/07/2025 08:00:00","CTA|IE","122.01","n/e"," ","84.18"
"24/07/2025 08:00:00 - 24/07/2025 09:00:00","CTA|IE","113.80","n/e"," ","42.06"
"24/07/2025 09:00:00 - 24/07/2025 10:00:00","CTA|IE","105.11","n/e"," ","18.58"
"24/07/2025 10:00:00 - 24/07/2025 11:00:00","CTA|IE","107.41","n/e"," ","23.04"
"24/07/2025 11:00:00 - 24/07/2025 12:00:00","CTA|IE","126.06","n/e"," ","53.28"
"24/07/2025 12:00:00 - 24/07/2025 13:00:00","CTA|IE","154.63","n/e"," ","102.62"
"24/07/2025 13:00:00 - 24/07/2025 14:00:00","CTA|IE","188.47","n/e"," ","129.41"
"24/07/2025 14:00:00 - 24/07/2025 15:00:00","CTA|IE","235.91","n/e"," ","113.64"
"24/07/2025 15:00:00 - 24/07/2025 16:00:00","CTA|IE","308.62","n/e"," ","132.68"
"24/07/2025 16:00:00 - 24/07/2025 17:00:00","CTA|IE","404.95","n/e"," ","187.52"
"24/07/2025 17:00:00 - 24/07/2025 18:00:00","CTA|IE","499.04","n/e"," ","244.88"
"24/07/2025 18:00:00 - 24/07/2025 19:00:00","CTA|IE","571.39","n/e"," ","296.91"
"24/07/2025 19:00:00 - 24/07/2025 20:00:00","CTA|IE","621.29","n/e"," ","326.92"
"24/07/2025 20:00:00 - 24/07/2025 21:00:00","CTA|IE","649.52","n/e"," ","326.50"
"24/07/2025 21:00:00 - 24/07/2025 22:00:00","CTA|IE","628.47","n/e"," ","293.78"
"24/07/2025 22:00:00 - 24/07/2025 23:00:00","CTA|IE","576.72","n/e"," ","299.39"
"24/07/2025 23:00:00 - 25/07/2025 00:00:00","CTA|IE","534.13","n/e"," ","374.65"
"25/07/2025 00:00:00 - 25/07/2025 01:00:00","CTA|IE","514.07","n/e"," ","465.47"
"25/07/2025 01:00:00 - 25/07/2025 02:00:00","CTA|IE","515.65","n/e"," ","493.54"
"25/07/2025 02:00:00 - 25/07/2025 03:00:00","CTA|IE","458.30","n/e"," ","487.80"
"25/07/2025 03:00:00 - 25/07/2025 04:00:00","CTA|IE","412.14","n/e"," ","346.46"
"25/07/2025 04:00:00 - 25/07/2025 05:00:00","CTA|IE","411.00","n/e"," ","306.21"
"25/07/2025 05:00:00 - 25/07/2025 06:00:00","CTA|IE","460.12","n/e"," ","336.48"
"25/07/2025 06:00:00 - 25/07/2025 07:00:00","CTA|IE","481.23","n/e"," ","347.66"
"25/07/2025 07:00:00 - 25/07/2025 08:00:00","CTA|IE","502.87","n/e"," ","396.19"
"25/07/2025 08:00:00 - 25/07/2025 09:00:00","CTA|IE","504.72","n/e"," ","388.22"
"25/07/2025 09:00:00 - 25/07/2025 10:00:00","CTA|IE","483.13","n/e"," ","389.16"
"25/07/2025 10:00:00 - 25/07/2025 11:00:00","CTA|IE","490.18","n/e"," ","341.69"
"25/07/2025 11:00:00 - 25/07/2025 12:00:00","CTA|IE","534.87","n/e"," ","386.06"
"25/07/2025 12:00:00 - 25/07/2025 13:00:00","CTA|IE","606.88","n/e"," ","438.97"
"25/07/2025 13:00:00 - 25/07/2025 14:00:00","CTA|IE","700.31","n/e"," ","498.08"
"25/07/2025 14:00:00 - 25/07/2025 15:00:00","CTA|IE","821.26","n/e"," ","564.23"
"25/07/2025 15:00:00 - 25/07/2025 16:00:00","CTA|IE","958.05","n/e"," ","719.59"
"25/07/2025 16:00:00 - 25/07/2025 17:00:00","CTA|IE","1090.29","n/e"," ","842.29"
"25/07/2025 17:00:00 - 25/07/2025 18:00:00","CTA|IE","1204.98","n/e"," ","901.14"
"25/07/2025 18:00:00 - 25/07/2025 19:00:00","CTA|IE","1237.42","n/e"," ","702.90"
"25/07/2025 19:00:00 - 25/07/2025 20:00:00","CTA|IE","1179.25","n/e"," ","663.60"
"25/07/2025 20:00:00 - 25/07/2025 21:00:00","CTA|IE","1053.04","n/e"," ","518.11"
"25/07/2025 21:00:00 - 25/07/2025 22:00:00","CTA|IE","892.36","n/e"," ","447.75"
"25/07/2025 22:00:00 - 25/07/2025 23:00:00","CTA|IE","742.00","n/e"," ","415.33"
"25/07/2025 23:00:00 - 26/07/2025 00:00:00","CTA|IE","637.80","n/e"," ","484.62"
"26/07/2025 00:00:00 - 26/07/2025 01:00:00","CTA|IE","599.66","n/e"," ","424.31"
"26/07/2025 01:00:00 - 26/07/2025 02:00:00","CTA|IE","492.67","n/e"," ","438.83"
"26/07/2025 02:00:00 - 26/07/2025 03:00:00","CTA|IE","442.27","n/e"," ","464.51"
"26/07/2025 03:00:00 - 26/07/2025 04:00:00","CTA|IE","439.85","n/e"," ","530.33"
"26/07/2025 04:00:00 - 26/07/2025 05:00:00","CTA|IE","502.12","n/e"," ","537.09"
"26/07/2025 05:00:00 - 26/07/2025 06:00:00","CTA|IE","566.64","n/e"," ","621.08"
"26/07/2025 06:00:00 - 26/07/2025 07:00:00","CTA|IE","527.94","n/e"," ","698.97"
"26/07/2025 07:00:00 - 26/07/2025 08:00:00","CTA|IE","545.40","n/e"," ","711.62"
"26/07/2025 08:00:00 - 26/07/2025 09:00:00","CTA|IE","565.14","n/e"," ","656.52"
"26/07/2025 09:00:00 - 26/07/2025 10:00:00","CTA|IE","572.44","n/e"," ","670.90"
"26/07/2025 10:00:00 - 26/07/2025 11:00:00","CTA|IE","629.09","n/e"," ","845.24"
"26/07/2025 11:00:00 - 26/07/2025 12:00:00","CTA|IE","716.31","n/e"," ","1038.62"
"26/07/2025 12:00:00 - 26/07/2025 13:00:00","CTA|IE","820.93","n/e"," ","1106.01"
"26/07/2025 13:00:00 - 26/07/2025 14:00:00","CTA|IE","963.75","n/e"," ","1154.47"
"26/07/2025 14:00:00 - 26/07/2025 15:00:00","CTA|IE","1130.91","n/e"," ","1139.32"
"26/07/2025 15:00:00 - 26/07/2025 16:00:00","CTA|IE","1294.10","n/e"," ","1146.42"
"26/07/2025 16:00:00 - 26/07/2025 17:00:00","CTA|IE","1418.83","n/e"," ","1372.33"
"26/07/2025 17:00:00 - 26/07/2025 18:00:00","CTA|IE","1514.15","n/e"," ","1444.08"
"26/07/2025 18:00:00 - 26/07/2025 19:00:00","CTA|IE","1535.80","n/e"," ","1261.38"
"26/07/2025 19:00:00 - 26/07/2025 20:00:00","CTA|IE","1481.20","n/e"," ","1178.26"
"26/07/2025 20:00:00 - 26/07/2025 21:00:00","CTA|IE","1371.06","n/e"," ","1080.00"
"26/07/2025 21:00:00 - 26/07/2025 22:00:00","CTA|IE","1213.92","n/e"," ","883.16"
"26/07/2025 22:00:00 - 26/07/2025 23:00:00","CTA|IE","1068.82","n/e"," ","720.44"
"26/07/2025 23:00:00 - 27/07/2025 00:00:00","CTA|IE","976.30","n/e"," ","693.05"
"27/07/2025 00:00:00 - 27/07/2025 01:00:00","CTA|IE","965.24","n/e"," ","562.61"
"27/07/2025 01:00:00 - 27/07/2025 02:00:00","CTA|IE","631.68","n/e"," ","454.31"
"27/07/2025 02:00:00 - 27/07/2025 03:00:00","CTA|IE","518.43","n/e"," ","383.81"
"27/07/2025 03:00:00 - 27/07/2025 04:00:00","CTA|IE","457.35","n/e"," ","312.82"
"27/07/2025 04:00:00 - 27/07/2025 05:00:00","CTA|IE","478.57","n/e"," ","299.62"
"27/07/2025 05:00:00 - 27/07/2025 06:00:00","CTA|IE","490.34","n/e"," ","304.38"
"27/07/2025 06:00:00 - 27/07/2025 07:00:00","CTA|IE","492.83","n/e"," ","265.19"
"27/07/2025 07:00:00 - 27/07/2025 08:00:00","CTA|IE","477.88","n/e"," ","319.71"
"27/07/2025 08:00:00 - 27/07/2025 09:00:00","CTA|IE","451.55","n/e"," ","390.75"
"27/07/2025 09:00:00 - 27/07/2025 10:00:00","CTA|IE","406.53","n/e"," ","298.36"
"27/07/2025 10:00:00 - 27/07/2025 11:00:00","CTA|IE","396.72","n/e"," ","333.99"
"27/07/2025 11:00:00 - 27/07/2025 12:00:00","CTA|IE","410.62","n/e"," ","405.81"
"27/07/2025 12:00:00 - 27/07/2025 13:00:00","CTA|IE","426.46","n/e"," ","431.84"
"27/07/2025 13:00:00 - 27/07/2025 14:00:00","CTA|IE","451.93","n/e"," ","518.51"
"27/07/2025 14:00:00 - 27/07/2025 15:00:00","CTA|IE","481.43","n/e"," ","545.14"
"27/07/2025 15:00:00 - 27/07/2025 16:00:00","CTA|IE","503.98","n/e"," ","682.83"
"27/07/2025 16:00:00 - 27/07/2025 17:00:00","CTA|IE","526.39","n/e"," ","719.81"
"27/07/2025 17:00:00 - 27/07/2025 18:00:00","CTA|IE","560.06","n/e"," ","747.59"
"27/07/2025 18:00:00 - 27/07/2025 19:00:00","CTA|IE","592.34","n/e"," ","916.60"
"27/07/2025 19:00:00 - 27/07/2025 20:00:00","CTA|IE","633.76","n/e"," ","919.32"
"27/07/2025 20:00:00 - 27/07/2025 21:00:00","CTA|IE","659.34","n/e"," ","723.38"
"27/07/2025 21:00:00 - 27/07/2025 22:00:00","CTA|IE","639.66","n/e"," ","566.77"
"27/07/2025 22:00:00 - 27/07/2025 23:00:00","CTA|IE","599.97","n/e"," ","377.29"
"27/07/2025 23:00:00 - 28/07/2025 00:00:00","CTA|IE","557.83","n/e"," ","433.29"
"28/07/2025 00:00:00 - 28/07/2025 01:00:00","CTA|IE","537.86","n/e"," ","454.01"
"28/07/2025 01:00:00 - 28/07/2025 02:00:00","CTA|IE","549.78","n/e"," ","467.26"
"28/07/2025 02:00:00 - 28/07/2025 03:00:00","CTA|IE","512.93","n/e"," ","483.72"
"28/07/2025 03:00:00 - 28/07/2025 04:00:00","CTA|IE","527.41","n/e"," ","462.96"
"28/07/2025 04:00:00 - 28/07/2025 05:00:00","CTA|IE","521.04","n/e"," ","463.72"
"28/07/2025 05:00:00 - 28/07/2025 06:00:00","CTA|IE","506.08","n/e"," ","492.18"
"28/07/2025 06:00:00 - 28/07/2025 07:00:00","CTA|IE","489.42","n/e"," ","447.08"
"28/07/2025 07:00:00 - 28/07/2025 08:00:00","CTA|IE","474.65","n/e"," ","354.54"
"28/07/2025 08:00:00 - 28/07/2025 09:00:00","CTA|IE","477.24","n/e"," ","353.95"
"28/07/2025 09:00:00 - 28/07/2025 10:00:00","CTA|IE","451.42","n/e"," ","256.70"
"28/07/2025 10:00:00 - 28/07/2025 11:00:00","CTA|IE","436.44","n/e"," ","217.25"
"28/07/2025 11:00:00 - 28/07/2025 12:00:00","CTA|IE","453.10","n/e"," ","201.07"
"28/07/2025 12:00:00 - 28/07/2025 13:00:00","CTA|IE","497.74","n/e"," ","186.89"
"28/07/2025 13:00:00 - 28/07/2025 14:00:00","CTA|IE","558.36","n/e"," ","223.34"
"28/07/2025 14:00:00 - 28/07/2025 15:00:00","CTA|IE","619.54","n/e"," ","290.99"
"28/07/2025 15:00:00 - 28/07/2025 16:00:00","CTA|IE","660.53","n/e"," ","323.50"
"28/07/2025 16:00:00 - 28/07/2025 17:00:00","CTA|IE","672.31","n/e"," ","325.90"
"28/07/2025 17:00:00 - 28/07/2025 18:00:00","CTA|IE","687.80","n/e"," ","423.86"
"28/07/2025 18:00:00 - 28/07/2025 19:00:00","CTA|IE","715.59","n/e"," ","437.68"
"28/07/2025 19:00:00 - 28/07/2025 20:00:00","CTA|IE","737.28","n/e"," ","530.48"
"28/07/2025 20:00:00 - 28/07/2025 21:00:00","CTA|IE","728.88","n/e"," ","585.76"
"28/07/2025 21:00:00 - 28/07/2025 22:00:00","CTA|IE","676.28","n/e"," ","650.42"
"28/07/2025 22:00:00 - 28/07/2025 23:00:00","CTA|IE","635.09","n/e"," ","752.85"
"28/07/2025 23:00:00 - 29/07/2025 00:00:00","CTA|IE","644.85","n/e"," ","957.78"
"29/07/2025 00:00:00 - 29/07/2025 01:00:00","CTA|IE","707.21","n/e"," ","1163.17"
"29/07/2025 01:00:00 - 29/07/2025 02:00:00","CTA|IE","846.66","n/e"," ","1388.09"
"29/07/2025 02:00:00 - 29/07/2025 03:00:00","CTA|IE","965.24","n/e"," ","1532.92"
"29/07/2025 03:00:00 - 29/07/2025 04:00:00","CTA|IE","1079.38","n/e"," ","1583.45"
"29/07/2025 04:00:00 - 29/07/2025 05:00:00","CTA|IE","1170.19","n/e"," ","1502.29"
"29/07/2025 05:00:00 - 29/07/2025 06:00:00","CTA|IE","1168.58","n/e"," ","1318.83"
"29/07/2025 06:00:00 - 29/07/2025 07:00:00","CTA|IE","1144.51","n/e"," ","1208.59"
"29/07/2025 07:00:00 - 29/07/2025 08:00:00","CTA|IE","1104.09","n/e"," ","1111.51"
"29/07/2025 08:00:00 - 29/07/2025 09:00:00","CTA|IE","1059.71","n/e"," ","1124.20"
"29/07/2025 09:00:00 - 29/07/2025 10:00:00","CTA|IE","997.59","n/e"," ","1064.06"
"29/07/2025 10:00:00 - 29/07/2025 11:00:00","CTA|IE","961.77","n/e"," ","1003.69"
"29/07/2025 11:00:00 - 29/07/2025 12:00:00","CTA|IE","949.06","n/e"," ","932.91"
"29/07/2025 12:00:00 - 29/07/2025 13:00:00","CTA|IE","954.51","n/e"," ","921.90"
"29/07/2025 13:00:00 - 29/07/2025 14:00:00","CTA|IE","968.11","n/e"," ","930.78"
"29/07/2025 14:00:00 - 29/07/2025 15:00:00","CTA|IE","981.14","n/e"," ","915.23"
"29/07/2025 15:00:00 - 29/07/2025 16:00:00","CTA|IE","984.67","n/e"," ","946.75"
"29/07/2025 16:00:00 - 29/07/2025 17:00:00","CTA|IE","980.81","n/e"," ","1019.76"
"29/07/2025 17:00:00 - 29/07/2025 18:00:00","CTA|IE","976.04","n/e"," ","1068.24"
"29/07/2025 18:00:00 - 29/07/2025 19:00:00","CTA|IE","930.86","n/e"," ","917.16"
"29/07/2025 19:00:00 - 29/07/2025 20:00:00","CTA|IE","872.26","n/e"," ","813.97"
"29/07/2025 20:00:00 - 29/07/2025 21:00:00","CTA|IE","843.01","n/e"," ","729.86"
"29/07/2025 21:00:00 - 29/07/2025 22:00:00","CTA|IE","797.90","n/e"," ","694.04"
"29/07/2025 22:00:00 - 29/07/2025 23:00:00","CTA|IE","709.60","n/e"," ","664.14"
"29/07/2025 23:00:00 - 30/07/2025 00:00:00","CTA|IE","604.46","n/e"," ","556.42"
"30/07/2025 00:00:00 - 30/07/2025 01:00:00","CTA|IE","528.56","n/e"," ","553.41"
"30/07/2025 01:00:00 - 30/07/2025 02:00:00","CTA|IE","365.53","n/e"," ","511.70"
"30/07/2025 02:00:00 - 30/07/2025 03:00:00","CTA|IE","368.97","n/e"," ","518.92"
"30/07/2025 03:00:00 - 30/07/2025 04:00:00","CTA|IE","346.71","n/e"," ","491.84"
"30/07/2025 04:00:00 - 30/07/2025 05:00:00","CTA|IE","323.30","n/e"," ","412.02"
"30/07/2025 05:00:00 - 30/07/2025 06:00:00","CTA|IE","329.39","n/e"," ","447.40"
"30/07/2025 06:00:00 - 30/07/2025 07:00:00","CTA|IE","345.48","n/e"," ","444.15"
"30/07/2025 07:00:00 - 30/07/2025 08:00:00","CTA|IE","388.87","n/e"," ","475.10"
"30/07/2025 08:00:00 - 30/07/2025 09:00:00","CTA|IE","434.48","n/e"," ","529.42"
"30/07/2025 09:00:00 - 30/07/2025 10:00:00","CTA|IE","440.10","n/e"," ","518.89"
"30/07/2025 10:00:00 - 30/07/2025 11:00:00","CTA|IE","444.91","n/e"," ","489.45"
"30/07/2025 11:00:00 - 30/07/2025 12:00:00","CTA|IE","469.44","n/e"," ","485.26"
"30/07/2025 12:00:00 - 30/07/2025 13:00:00","CTA|IE","534.34","n/e"," ","478.49"
"30/07/2025 13:00:00 - 30/07/2025 14:00:00","CTA|IE","621.63","n/e"," ","502.80"
"30/07/2025 14:00:00 - 30/07/2025 15:00:00","CTA|IE","729.17","n/e"," ","635.22"
"30/07/2025 15:00:00 - 30/07/2025 16:00:00","CTA|IE","866.98","n/e"," ","788.49"
"30/07/2025 16:00:00 - 30/07/2025 17:00:00","CTA|IE","971.73","n/e"," ","910.63"
"30/07/2025 17:00:00 - 30/07/2025 18:00:00","CTA|IE","1001.38","n/e"," ","963.44"
"30/07/2025 18:00:00 - 30/07/2025 19:00:00","CTA|IE","995.88","n/e"," ","862.40"
"30/07/2025 19:00:00 - 30/07/2025 20:00:00","CTA|IE","980.24","n/e"," ","749.99"
"30/07/2025 20:00:00 - 30/07/2025 21:00:00","CTA|IE","964.86","n/e"," ","749.38"
"30/07/2025 21:00:00 - 30/07/2025 22:00:00","CTA|IE","897.70","n/e"," ","703.09"
"30/07/2025 22:00:00 - 30/07/2025 23:00:00","CTA|IE","796.11","n/e"," ","584.50"
"30/07/2025 23:00:00 - 31/07/2025 00:00:00","CTA|IE","703.76","n/e"," ","500.01"
"31/07/2025 00:00:00 - 31/07/2025 01:00:00","CTA|IE","668.85","n/e"," ","366.14"
"31/07/2025 01:00:00 - 31/07/2025 02:00:00","CTA|IE","642.68","n/e"," ","291.92"
"31/07/2025 02:00:00 - 31/07/2025 03:00:00","CTA|IE","624.36","n/e"," ","273.03"
"31/07/2025 03:00:00 - 31/07/2025 04:00:00","CTA|IE","563.90","n/e"," ","229.84"
"31/07/2025 04:00:00 - 31/07/2025 05:00:00","CTA|IE","521.92","n/e"," ","212.08"
"31/07/2025 05:00:00 - 31/07/2025 06:00:00","CTA|IE","528.98","n/e"," ","211.17"
"31/07/2025 06:00:00 - 31/07/2025 07:00:00","CTA|IE","541.65","n/e"," ","259.03"
"31/07/2025 07:00:00 - 31/07/2025 08:00:00","CTA|IE","589.27","n/e"," ","271.14"
"31/07/2025 08:00:00 - 31/07/2025 09:00:00","CTA|IE","618.10","n/e"," ","290.51"
"31/07/2025 09:00:00 - 31/07/2025 10:00:00","CTA|IE","609.42","n/e"," ","300.02"
"31/07/2025 10:00:00 - 31/07/2025 11:00:00","CTA|IE","613.36","n/e"," ","457.70"
"31/07/2025 11:00:00 - 31/07/2025 12:00:00","CTA|IE","622.40","n/e"," ","602.68"
"31/07/2025 12:00:00 - 31/07/2025 13:00:00","CTA|IE","675.62","n/e"," ","773.92"
"31/07/2025 13:00:00 - 31/07/2025 14:00:00","CTA|IE","786.14","n/e"," ","922.98"
"31/07/2025 14:00:00 - 31/07/2025 15:00:00","CTA|IE","925.80","n/e"," ","1109.59"
"31/07/2025 15:00:00 - 31/07/2025 16:00:00","CTA|IE","1040.82","n/e"," ","1071.30"
"31/07/2025 16:00:00 - 31/07/2025 17:00:00","CTA|IE","1105.33","n/e"," ","1286.19"
"31/07/2025 17:00:00 - 31/07/2025 18:00:00","CTA|IE","1147.53","n/e"," ","1454.24"
"31/07/2025 18:00:00 - 31/07/2025 19:00:00","CTA|IE","1218.97","n/e"," ","1596.21"
"31/07/2025 19:00:00 - 31/07/2025 20:00:00","CTA|IE","1252.99","n/e"," ","1709.97"
"31/07/2025 20:00:00 - 31/07/2025 21:00:00","CTA|IE","1302.25","n/e"," ","1657.00"
"31/07/2025 21:00:00 - 31/07/2025 22:00:00","CTA|IE","1262.31","n/e"," ","1414.50"
"31/07/2025 22:00:00 - 31/07/2025 23:00:00","CTA|IE","1131.63","n/e"," ","1238.33"
"31/07/2025 23:00:00 - 01/08/2025 00:00:00","CTA|IE","956.50","n/e"," ","1067.23"
"01/08/2025 00:00:00 - 01/08/2025 01:00:00","CTA|IE","833.35","n/e"," ","986.05"
"01/08/2025 01:00:00 - 01/08/2025 02:00:00","CTA|IE","805.56","n/e"," ","891.36"
"01/08/2025 02:00:00 - 01/08/2025 03:00:00","CTA|IE","758.10","n/e"," ","804.17"
"01/08/2025 03:00:00 - 01/08/2025 04:00:00","CTA|IE","679.57","n/e"," ","699.55"
"01/08/2025 04:00:00 - 01/08/2025 05:00:00","CTA|IE","578.49","n/e"," ","611.08"
"01/08/2025 05:00:00 - 01/08/2025 06:00:00","CTA|IE","523.25","n/e"," ","585.04"
"01/08/2025 06:00:00 - 01/08/2025 07:00:00","CTA|IE","476.35","n/e"," ","550.59"
"01/08/2025 07:00:00 - 01/08/2025 08:00:00","CTA|IE","448.01","n/e"," ","602.10"
"01/08/2025 08:00:00 - 01/08/2025 09:00:00","CTA|IE","403.93","n/e"," ","504.93"
"01/08/2025 09:00:00 - 01/08/2025 10:00:00","CTA|IE","377.63","n/e"," ","435.11"
"01/08/2025 10:00:00 - 01/08/2025 11:00:00","CTA|IE","399.85","n/e"," ","399.43"
"01/08/2025 11:00:00 - 01/08/2025 12:00:00","CTA|IE","417.95","n/e"," ","521.61"
"01/08/2025 12:00:00 - 01/08/2025 13:00:00","CTA|IE","438.42","n/e"," ","554.86"
"01/08/2025 13:00:00 - 01/08/2025 14:00:00","CTA|IE","467.26","n/e"," ","554.90"
"01/08/2025 14:00:00 - 01/08/2025 15:00:00","CTA|IE","491.56","n/e"," ","527.52"
"01/08/2025 15:00:00 - 01/08/2025 16:00:00","CTA|IE","532.38","n/e"," ","541.25"
"01/08/2025 16:00:00 - 01/08/2025 17:00:00","CTA|IE","569.50","n/e"," ","524.07"
"01/08/2025 17:00:00 - 01/08/2025 18:00:00","CTA|IE","604.38","n/e"," ","562.64"
"01/08/2025 18:00:00 - 01/08/2025 19:00:00","CTA|IE","626.08","n/e"," ","519.47"
"01/08/2025 19:00:00 - 01/08/2025 20:00:00","CTA|IE","611.54","n/e"," ","454.15"
"01/08/2025 20:00:00 - 01/08/2025 21:00:00","CTA|IE","597.26","n/e"," ","374.28"
"01/08/2025 21:00:00 - 01/08/2025 22:00:00","CTA|IE","576.10","n/e"," ","342.58"
"01/08/2025 22:00:00 - 01/08/2025 23:00:00","CTA|IE","544.71","n/e"," ","326.15"
"01/08/2025 23:00:00 - 02/08/2025 00:00:00","CTA|IE","482.92","n/e"," ","278.42"
"02/08/2025 00:00:00 - 02/08/2025 01:00:00","CTA|IE","405.80","n/e"," ","239.18"
"02/08/2025 01:00:00 - 02/08/2025 02:00:00","CTA|IE","283.20","n/e"," ","148.50"
"02/08/2025 02:00:00 - 02/08/2025 03:00:00","CTA|IE","216.99","n/e"," ","96.93"
"02/08/2025 03:00:00 - 02/08/2025 04:00:00","CTA|IE","168.21","n/e"," ","90.19"
"02/08/2025 04:00:00 - 02/08/2025 05:00:00","CTA|IE","154.41","n/e"," ","84.31"
"02/08/2025 05:00:00 - 02/08/2025 06:00:00","CTA|IE","190.80","n/e"," ","119.00"
"02/08/2025 06:00:00 - 02/08/2025 07:00:00","CTA|IE","228.12","n/e"," ","142.34"
"02/08/2025 07:00:00 - 02/08/2025 08:00:00","CTA|IE","282.21","n/e"," ","199.65"
"02/08/2025 08:00:00 - 02/08/2025 09:00:00","CTA|IE","343.47","n/e"," ","287.45"
"02/08/2025 09:00:00 - 02/08/2025 10:00:00","CTA|IE","354.68","n/e"," ","299.25"
"02/08/2025 10:00:00 - 02/08/2025 11:00:00","CTA|IE","351.11","n/e"," ","338.53"
"02/08/2025 11:00:00 - 02/08/2025 12:00:00","CTA|IE","391.19","n/e"," ","426.91"
"02/08/2025 12:00:00 - 02/08/2025 13:00:00","CTA|IE","458.04","n/e"," ","481.69"
"02/08/2025 13:00:00 - 02/08/2025 14:00:00","CTA|IE","536.70","n/e"," ","608.11"
"02/08/2025 14:00:00 - 02/08/2025 15:00:00","CTA|IE","627.07","n/e"," ","646.13"
"02/08/2025 15:00:00 - 02/08/2025 16:00:00","CTA|IE","746.20","n/e"," ","714.09"
"02/08/2025 16:00:00 - 02/08/2025 17:00:00","CTA|IE","863.01","n/e"," ","704.10"
"02/08/2025 17:00:00 - 02/08/2025 18:00:00","CTA|IE","954.40","n/e"," ","752.52"
"02/08/2025 18:00:00 - 02/08/2025 19:00:00","CTA|IE","1012.95","n/e"," ","798.40"
"02/08/2025 19:00:00 - 02/08/2025 20:00:00","CTA|IE","1043.36","n/e"," ","927.15"
"02/08/2025 20:00:00 - 02/08/2025 21:00:00","CTA|IE","1055.73","n/e"," ","1037.84"
"02/08/2025 21:00:00 - 02/08/2025 22:00:00","CTA|IE","1037.31","n/e"," ","1167.73"
"02/08/2025 22:00:00 - 02/08/2025 23:00:00","CTA|IE","1019.50","n/e"," ","1272.82"
"02/08/2025 23:00:00 - 03/08/2025 00:00:00","CTA|IE","1024.41","n/e"," ","1331.78"
"03/08/2025 00:00:00 - 03/08/2025 01:00:00","CTA|IE","1049.22","n/e"," ","1397.94"
"03/08/2025 01:00:00 - 03/08/2025 02:00:00","CTA|IE","1303.02","n/e"," ","1423.31"
"03/08/2025 02:00:00 - 03/08/2025 03:00:00","CTA|IE","1374.42","n/e"," ","1494.08"
"03/08/2025 03:00:00 - 03/08/2025 04:00:00","CTA|IE","1437.66","n/e"," ","1530.11"
"03/08/2025 04:00:00 - 03/08/2025 05:00:00","CTA|IE","1397.88","n/e"," ","1540.86"
"03/08/2025 05:00:00 - 03/08/2025 06:00:00","CTA|IE","1322.92","n/e"," ","1262.51"
"03/08/2025 06:00:00 - 03/08/2025 07:00:00","CTA|IE","1236.09","n/e"," ","968.54"
"03/08/2025 07:00:00 - 03/08/2025 08:00:00","CTA|IE","1172.21","n/e"," ","855.27"
"03/08/2025 08:00:00 - 03/08/2025 09:00:00","CTA|IE","1112.45","n/e"," ","700.54"
"03/08/2025 09:00:00 - 03/08/2025 10:00:00","CTA|IE","1014.63","n/e"," ","770.49"
"03/08/2025 10:00:00 - 03/08/2025 11:00:00","CTA|IE","980.87","n/e"," ","760.83"
"03/08/2025 11:00:00 - 03/08/2025 12:00:00","CTA|IE","998.09","n/e"," ","816.16"
"03/08/2025 12:00:00 - 03/08/2025 13:00:00","CTA|IE","1008.10","n/e"," ","727.31"
"03/08/2025 13:00:00 - 03/08/2025 14:00:00","CTA|IE","968.13","n/e"," ","689.89"
"03/08/2025 14:00:00 - 03/08/2025 15:00:00","CTA|IE","941.96","n/e"," ","662.98"
"03/08/2025 15:00:00 - 03/08/2025 16:00:00","CTA|IE","949.60","n/e"," ","611.81"
"03/08/2025 16:00:00 - 03/08/2025 17:00:00","CTA|IE","906.27","n/e"," ","684.85"
"03/08/2025 17:00:00 - 03/08/2025 18:00:00","CTA|IE","836.28","n/e"," ","552.42"
"03/08/2025 18:00:00 - 03/08/2025 19:00:00","CTA|IE","763.44","n/e"," ","348.13"
"03/08/2025 19:00:00 - 03/08/2025 20:00:00","CTA|IE","712.37","n/e"," ","225.68"
"03/08/2025 20:00:00 - 03/08/2025 21:00:00","CTA|IE","679.46","n/e"," ","253.67"
"03/08/2025 21:00:00 - 03/08/2025 22:00:00","CTA|IE","615.87","n/e"," ","461.28"
"03/08/2025 22:00:00 - 03/08/2025 23:00:00","CTA|IE","539.07","n/e"," ","831.09"
"03/08/2025 23:00:00 - 04/08/2025 00:00:00","CTA|IE","509.76","n/e"," ","1272.15"
"04/08/2025 00:00:00 - 04/08/2025 01:00:00","CTA|IE","570.32","n/e"," ","1477.09"
"04/08/2025 01:00:00 - 04/08/2025 02:00:00","CTA|IE","1364.57","n/e"," ","1665.93"
"04/08/2025 02:00:00 - 04/08/2025 03:00:00","CTA|IE","1944.49","n/e"," ","1951.42"
"04/08/2025 03:00:00 - 04/08/2025 04:00:00","CTA|IE","2638.25","n/e"," ","2191.38"
"04/08/2025 04:00:00 - 04/08/2025 05:00:00","CTA|IE","3212.49","n/e"," ","2408.21"
"04/08/2025 05:00:00 - 04/08/2025 06:00:00","CTA|IE","3666.51","n/e"," ","2568.07"
"04/08/2025 06:00:00 - 04/08/2025 07:00:00","CTA|IE","3937.55","n/e"," ","2542.68"
"04/08/2025 07:00:00 - 04/08/2025 08:00:00","CTA|IE","4129.79","n/e"," ","2644.55"
"04/08/2025 08:00:00 - 04/08/2025 09:00:00","CTA|IE","4219.81","n/e"," ","2763.52"
"04/08/2025 09:00:00 - 04/08/2025 10:00:00","CTA|IE","4193.26","n/e"," ","2779.69"
"04/08/2025 10:00:00 - 04/08/2025 11:00:00","CTA|IE","4026.64","n/e"," ","2551.53"
"04/08/2025 11:00:00 - 04/08/2025 12:00:00","CTA|IE","3772.39","n/e"," ","2275.60"
"04/08/2025 12:00:00 - 04/08/2025 13:00:00","CTA|IE","3528.31","n/e"," ","2241.25"
"04/08/2025 13:00:00 - 04/08/2025 14:00:00","CTA|IE","3297.69","n/e"," ","2198.84"
"04/08/2025 14:00:00 - 04/08/2025 15:00:00","CTA|IE","3119.03","n/e"," ","2120.94"
"04/08/2025 15:00:00 - 04/08/2025 16:00:00","CTA|IE","3030.14","n/e"," ","2064.16"
"04/08/2025 16:00:00 - 04/08/2025 17:00:00","CTA|IE","2998.68","n/e"," ","2097.88"
"04/08/2025 17:00:00 - 04/08/2025 18:00:00","CTA|IE","2963.01","n/e"," ","2300.47"
"04/08/2025 18:00:00 - 04/08/2025 19:00:00","CTA|IE","2898.30","n/e"," ","2410.28"
"04/08/2025 19:00:00 - 04/08/2025 20:00:00","CTA|IE","2838.00","n/e"," ","2563.77"
"04/08/2025 20:00:00 - 04/08/2025 21:00:00","CTA|IE","2774.04","n/e"," ","2559.10"
"04/08/2025 21:00:00 - 04/08/2025 22:00:00","CTA|IE","2663.55","n/e"," ","2531.49"
"04/08/2025 22:00:00 - 04/08/2025 23:00:00","CTA|IE","2549.67","n/e"," ","2528.36"
"04/08/2025 23:00:00 - 05/08/2025 00:00:00","CTA|IE","2516.43","n/e"," ","2124.51"
"05/08/2025 00:00:00 - 05/08/2025 01:00:00","CTA|IE","2594.07","n/e"," ","1924.87"
"05/08/2025 01:00:00 - 05/08/2025 02:00:00","CTA|IE","3139.70","n/e"," ","1874.13"
"05/08/2025 02:00:00 - 05/08/2025 03:00:00","CTA|IE","3182.97","n/e"," ","1742.11"
"05/08/2025 03:00:00 - 05/08/2025 04:00:00","CTA|IE","3165.25","n/e"," ","1800.08"
"05/08/2025 04:00:00 - 05/08/2025 05:00:00","CTA|IE","3124.74","n/e"," ","1757.87"
"05/08/2025 05:00:00 - 05/08/2025 06:00:00","CTA|IE","2983.68","n/e"," ","1748.25"
"05/08/2025 06:00:00 - 05/08/2025 07:00:00","CTA|IE","2851.90","n/e"," ","1717.80"
"05/08/2025 07:00:00 - 05/08/2025 08:00:00","CTA|IE","2791.05","n/e"," ","1807.08"
"05/08/2025 08:00:00 - 05/08/2025 09:00:00","CTA|IE","2808.88","n/e"," ","1837.09"
"05/08/2025 09:00:00 - 05/08/2025 10:00:00","CTA|IE","2763.99","n/e"," ","1853.09"
"05/08/2025 10:00:00 - 05/08/2025 11:00:00","CTA|IE","2788.37","n/e"," ","1820.57"
"05/08/2025 11:00:00 - 05/08/2025 12:00:00","CTA|IE","2782.41","n/e"," ","1798.24"
"05/08/2025 12:00:00 - 05/08/2025 13:00:00","CTA|IE","2783.23","n/e"," ","1629.55"
"05/08/2025 13:00:00 - 05/08/2025 14:00:00","CTA|IE","2767.11","n/e"," ","1639.33"
"05/08/2025 14:00:00 - 05/08/2025 15:00:00","CTA|IE","2682.59","n/e"," ","1419.27"
"05/08/2025 15:00:00 - 05/08/2025 16:00:00","CTA|IE","2543.73","n/e"," ","1455.95"
"05/08/2025 16:00:00 - 05/08/2025 17:00:00","CTA|IE","2352.95","n/e"," ","1297.05"
"05/08/2025 17:00:00 - 05/08/2025 18:00:00","CTA|IE","2148.62","n/e"," ","1315.98"
"05/08/2025 18:00:00 - 05/08/2025 19:00:00","CTA|IE","1953.34","n/e"," ","1308.69"
"05/08/2025 19:00:00 - 05/08/2025 20:00:00","CTA|IE","1824.06","n/e"," ","1331.76"
"05/08/2025 20:00:00 - 05/08/2025 21:00:00","CTA|IE","1688.73","n/e"," ","1351.00"
"05/08/2025 21:00:00 - 05/08/2025 22:00:00","CTA|IE","1445.79","n/e"," ","1250.02"
"05/08/2025 22:00:00 - 05/08/2025 23:00:00","CTA|IE","1193.87","n/e"," ","1092.30"
"05/08/2025 23:00:00 - 06/08/2025 00:00:00","CTA|IE","995.40","n/e"," ","948.53"
"06/08/2025 00:00:00 - 06/08/2025 01:00:00","CTA|IE","868.92","n/e"," ","838.18"
"06/08/2025 01:00:00 - 06/08/2025 02:00:00","CTA|IE","728.09","n/e"," ","713.06"
"06/08/2025 02:00:00 - 06/08/2025 03:00:00","CTA|IE","735.50","n/e"," ","658.80"
"06/08/2025 03:00:00 - 06/08/2025 04:00:00","CTA|IE","717.52","n/e"," ","785.84"
"06/08/2025 04:00:00 - 06/08/2025 05:00:00","CTA|IE","614.45","n/e"," ","774.46"
"06/08/2025 05:00:00 - 06/08/2025 06:00:00","CTA|IE","524.01","n/e"," ","584.54"
"06/08/2025 06:00:00 - 06/08/2025 07:00:00","CTA|IE","500.82","n/e"," ","463.03"
"06/08/2025 07:00:00 - 06/08/2025 08:00:00","CTA|IE","490.97","n/e"," ","365.79"
"06/08/2025 08:00:00 - 06/08/2025 09:00:00","CTA|IE","499.79","n/e"," ","283.29"
"06/08/2025 09:00:00 - 06/08/2025 10:00:00","CTA|IE","503.42","n/e"," ","174.00"
"06/08/2025 10:00:00 - 06/08/2025 11:00:00","CTA|IE","559.03","n/e"," ","196.30"
"06/08/2025 11:00:00 - 06/08/2025 12:00:00","CTA|IE","712.88","n/e"," ","393.03"
"06/08/2025 12:00:00 - 06/08/2025 13:00:00","CTA|IE","963.45","n/e"," ","668.32"
"06/08/2025 13:00:00 - 06/08/2025 14:00:00","CTA|IE","1241.34","n/e"," ","871.41"
"06/08/2025 14:00:00 - 06/08/2025 15:00:00","CTA|IE","1539.15","n/e"," ","1139.95"
"06/08/2025 15:00:00 - 06/08/2025 16:00:00","CTA|IE","1844.94","n/e"," ","1272.97"
"06/08/2025 16:00:00 - 06/08/2025 17:00:00","CTA|IE","2139.56","n/e"," ","1485.60"
"06/08/2025 17:00:00 - 06/08/2025 18:00:00","CTA|IE","2394.04","n/e"," ","1502.47"
"06/08/2025 18:00:00 - 06/08/2025 19:00:00","CTA|IE","2673.87","n/e"," ","1899.03"
"06/08/2025 19:00:00 - 06/08/2025 20:00:00","CTA|IE","2962.96","n/e"," ","2104.17"
"06/08/2025 20:00:00 - 06/08/2025 21:00:00","CTA|IE","3199.45","n/e"," ","2227.14"
"06/08/2025 21:00:00 - 06/08/2025 22:00:00","CTA|IE","3358.72","n/e"," ","2485.84"
"06/08/2025 22:00:00 - 06/08/2025 23:00:00","CTA|IE","3465.72","n/e"," ","2523.52"
"06/08/2025 23:00:00 - 07/08/2025 00:00:00","CTA|IE","3528.74","n/e"," ","2551.64"
"07/08/2025 00:00:00 - 07/08/2025 01:00:00","CTA|IE","3534.82","n/e"," ","2542.90"
"07/08/2025 01:00:00 - 07/08/2025 02:00:00","CTA|IE","3278.81","n/e"," ","2411.45"
"07/08/2025 02:00:00 - 07/08/2025 03:00:00","CTA|IE","3090.97","n/e"," ","2267.21"
"07/08/2025 03:00:00 - 07/08/2025 04:00:00","CTA|IE","2765.41","n/e"," ","1986.64"
"07/08/2025 04:00:00 - 07/08/2025 05:00:00","CTA|IE","2401.54","n/e"," ","1612.85"
"07/08/2025 05:00:00 - 07/08/2025 06:00:00","CTA|IE","2154.90","n/e"," ","1250.24"
"07/08/2025 06:00:00 - 07/08/2025 07:00:00","CTA|IE","1864.70","n/e"," ","1118.46"
"07/08/2025 07:00:00 - 07/08/2025 08:00:00","CTA|IE","1659.36","n/e"," ","1024.80"
"07/08/2025 08:00:00 - 07/08/2025 09:00:00","CTA|IE","1493.23","n/e"," ","1001.31"
"07/08/2025 09:00:00 - 07/08/2025 10:00:00","CTA|IE","1353.80","n/e"," ","824.57"
"07/08/2025 10:00:00 - 07/08/2025 11:00:00","CTA|IE","1259.03","n/e"," ","938.71"
"07/08/2025 11:00:00 - 07/08/2025 12:00:00","CTA|IE","1204.89","n/e"," ","1174.23"
"07/08/2025 12:00:00 - 07/08/2025 13:00:00","CTA|IE","1214.77","n/e"," ","1177.73"
"07/08/2025 13:00:00 - 07/08/2025 14:00:00","CTA|IE","1287.45","n/e"," ","1119.01"
"07/08/2025 14:00:00 - 07/08/2025 15:00:00","CTA|IE","1394.66","n/e"," ","1197.88"
"07/08/2025 15:00:00 - 07/08/2025 16:00:00","CTA|IE","1528.96","n/e"," ","1304.65"
"07/08/2025 16:00:00 - 07/08/2025 17:00:00","CTA|IE","1629.08","n/e"," ","1400.20"
"07/08/2025 17:00:00 - 07/08/2025 18:00:00","CTA|IE","1660.31","n/e"," ","1384.61"
"07/08/2025 18:00:00 - 07/08/2025 19:00:00","CTA|IE","1624.44","n/e"," ","1659.50"
"07/08/2025 19:00:00 - 07/08/2025 20:00:00","CTA|IE","1562.81","n/e"," ","1681.15"
"07/08/2025 20:00:00 - 07/08/2025 21:00:00","CTA|IE","1484.41","n/e"," ","1538.12"
"07/08/2025 21:00:00 - 07/08/2025 22:00:00","CTA|IE","1344.19","n/e"," ","1270.17"
"07/08/2025 22:00:00 - 07/08/2025 23:00:00","CTA|IE","1184.89","n/e"," ","1184.99"
"07/08/2025 23:00:00 - 08/08/2025 00:00:00","CTA|IE","1080.08","n/e"," ","1148.68"
"08/08/2025 00:00:00 - 08/08/2025 01:00:00","CTA|IE","1060.30","n/e"," ","1175.19"
"08/08/2025 01:00:00 - 08/08/2025 02:00:00","CTA|IE","1258.57","n/e"," ","1292.09"
"08/08/2025 02:00:00 - 08/08/2025 03:00:00","CTA|IE","1316.74","n/e"," ","1302.15"
"08/08/2025 03:00:00 - 08/08/2025 04:00:00","CTA|IE","1293.18","n/e"," ","1415.40"
"08/08/2025 04:00:00 - 08/08/2025 05:00:00","CTA|IE","1286.93","n/e"," ","1513.76"
"08/08/2025 05:00:00 - 08/08/2025 06:00:00","CTA|IE","1281.05","n/e"," ","1613.21"
"08/08/2025 06:00:00 - 08/08/2025 07:00:00","CTA|IE","1268.57","n/e"," ","1622.85"
"08/08/2025 07:00:00 - 08/08/2025 08:00:00","CTA|IE","1307.84","n/e"," ","1622.87"
"08/08/2025 08:00:00 - 08/08/2025 09:00:00","CTA|IE","1388.15","n/e"," ","1499.01"
"08/08/2025 09:00:00 - 08/08/2025 10:00:00","CTA|IE","1481.98","n/e"," ","1508.91"
"08/08/2025 10:00:00 - 08/08/2025 11:00:00","CTA|IE","1612.00","n/e"," ","1595.87"
"08/08/2025 11:00:00 - 08/08/2025 12:00:00","CTA|IE","1801.70","n/e"," ","1486.75"
"08/08/2025 12:00:00 - 08/08/2025 13:00:00","CTA|IE","1938.13","n/e"," ","1554.10"
"08/08/2025 13:00:00 - 08/08/2025 14:00:00","CTA|IE","2019.82","n/e"," ","1589.16"
"08/08/2025 14:00:00 - 08/08/2025 15:00:00","CTA|IE","2111.85","n/e"," ","1564.35"
"08/08/2025 15:00:00 - 08/08/2025 16:00:00","CTA|IE","2225.02","n/e"," ","1572.05"
"08/08/2025 16:00:00 - 08/08/2025 17:00:00","CTA|IE","2295.33","n/e"," ","1671.01"
"08/08/2025 17:00:00 - 08/08/2025 18:00:00","CTA|IE","2281.06","n/e"," ","1821.49"
"08/08/2025 18:00:00 - 08/08/2025 19:00:00","CTA|IE","2201.65","n/e"," ","1912.51"
"08/08/2025 19:00:00 - 08/08/2025 20:00:00","CTA|IE","2129.44","n/e"," ","2158.10"
"08/08/2025 20:00:00 - 08/08/2025 21:00:00","CTA|IE","2074.88","n/e"," ","2161.00"
"08/08/2025 21:00:00 - 08/08/2025 22:00:00","CTA|IE","1983.34","n/e"," ","2136.12"
"08/08/2025 22:00:00 - 08/08/2025 23:00:00","CTA|IE","1834.47","n/e"," ","2018.11"
"08/08/2025 23:00:00 - 09/08/2025 00:00:00","CTA|IE","1709.70","n/e"," ","1931.42"
"09/08/2025 00:00:00 - 09/08/2025 01:00:00","CTA|IE","1675.24","n/e"," ","2037.42"
"09/08/2025 01:00:00 - 09/08/2025 02:00:00","CTA|IE","2330.14","n/e"," ","1992.36"
"09/08/2025 02:00:00 - 09/08/2025 03:00:00","CTA|IE","2357.13","n/e"," ","2193.18"
"09/08/2025 03:00:00 - 09/08/2025 04:00:00","CTA|IE","2405.61","n/e"," ","2208.78"
"09/08/2025 04:00:00 - 09/08/2025 05:00:00","CTA|IE","2460.48","n/e"," ","2303.29"
"09/08/2025 05:00:00 - 09/08/2025 06:00:00","CTA|IE","2445.28","n/e"," ","2207.95"
"09/08/2025 06:00:00 - 09/08/2025 07:00:00","CTA|IE","2327.81","n/e"," ","2045.11"
"09/08/2025 07:00:00 - 09/08/2025 08:00:00","CTA|IE","2190.61","n/e"," ","1858.20"
"09/08/2025 08:00:00 - 09/08/2025 09:00:00","CTA|IE","2047.60","n/e"," ","1891.28"
"09/08/2025 09:00:00 - 09/08/2025 10:00:00","CTA|IE","1898.14","n/e"," ","1678.13"
"09/08/2025 10:00:00 - 09/08/2025 11:00:00","CTA|IE","1762.28","n/e"," ","1615.22"
"09/08/2025 11:00:00 - 09/08/2025 12:00:00","CTA|IE","1675.43","n/e"," ","1700.93"
"09/08/2025 12:00:00 - 09/08/2025 13:00:00","CTA|IE","1630.44","n/e"," ","1544.18"
"09/08/2025 13:00:00 - 09/08/2025 14:00:00","CTA|IE","1608.16","n/e"," ","1291.01"
"09/08/2025 14:00:00 - 09/08/2025 15:00:00","CTA|IE","1590.70","n/e"," ","1141.48"
"09/08/2025 15:00:00 - 09/08/2025 16:00:00","CTA|IE","1555.42","n/e"," ","1062.91"
"09/08/2025 16:00:00 - 09/08/2025 17:00:00","CTA|IE","1448.39","n/e"," ","1153.69"
"09/08/2025 17:00:00 - 09/08/2025 18:00:00","CTA|IE","1325.69","n/e"," ","1201.55"
"09/08/2025 18:00:00 - 09/08/2025 19:00:00","CTA|IE","1207.03","n/e"," ","1267.56"
"09/08/2025 19:00:00 - 09/08/2025 20:00:00","CTA|IE","1070.98","n/e"," ","1301.40"
"09/08/2025 20:00:00 - 09/08/2025 21:00:00","CTA|IE","905.06","n/e"," ","1029.82"
"09/08/2025 21:00:00 - 09/08/2025 22:00:00","CTA|IE","713.24","n/e"," ","678.33"
"09/08/2025 22:00:00 - 09/08/2025 23:00:00","CTA|IE","553.61","n/e"," ","446.52"
"09/08/2025 23:00:00 - 10/08/2025 00:00:00","CTA|IE","452.50","n/e"," ","337.61"
"10/08/2025 00:00:00 - 10/08/2025 01:00:00","CTA|IE","402.15","n/e"," ","299.96"
"10/08/2025 01:00:00 - 10/08/2025 02:00:00","CTA|IE","346.36","n/e"," ","252.70"
"10/08/2025 02:00:00 - 10/08/2025 03:00:00","CTA|IE","300.21","n/e"," ","196.45"
"10/08/2025 03:00:00 - 10/08/2025 04:00:00","CTA|IE","256.41","n/e"," ","181.65"
"10/08/2025 04:00:00 - 10/08/2025 05:00:00","CTA|IE","248.03","n/e"," ","204.59"
"10/08/2025 05:00:00 - 10/08/2025 06:00:00","CTA|IE","292.89","n/e"," ","254.24"
"10/08/2025 06:00:00 - 10/08/2025 07:00:00","CTA|IE","337.21","n/e"," ","337.71"
"10/08/2025 07:00:00 - 10/08/2025 08:00:00","CTA|IE","386.98","n/e"," ","436.09"
"10/08/2025 08:00:00 - 10/08/2025 09:00:00","CTA|IE","439.84","n/e"," ","492.46"
"10/08/2025 09:00:00 - 10/08/2025 10:00:00","CTA|IE","483.28","n/e"," ","516.11"
"10/08/2025 10:00:00 - 10/08/2025 11:00:00","CTA|IE","524.07","n/e"," ","566.84"
"10/08/2025 11:00:00 - 10/08/2025 12:00:00","CTA|IE","612.96","n/e"," ","541.13"
"10/08/2025 12:00:00 - 10/08/2025 13:00:00","CTA|IE","724.66","n/e"," ","729.04"
"10/08/2025 13:00:00 - 10/08/2025 14:00:00","CTA|IE","828.09","n/e"," ","832.07"
"10/08/2025 14:00:00 - 10/08/2025 15:00:00","CTA|IE","915.80","n/e"," ","930.04"
"10/08/2025 15:00:00 - 10/08/2025 16:00:00","CTA|IE","1001.31","n/e"," ","926.32"
"10/08/2025 16:00:00 - 10/08/2025 17:00:00","CTA|IE","1070.87","n/e"," ","872.81"
"10/08/2025 17:00:00 - 10/08/2025 18:00:00","CTA|IE","1093.58","n/e"," ","818.87"
"10/08/2025 18:00:00 - 10/08/2025 19:00:00","CTA|IE","1063.48","n/e"," ","710.63"
"10/08/2025 19:00:00 - 10/08/2025 20:00:00","CTA|IE","980.48","n/e"," ","639.28"
"10/08/2025 20:00:00 - 10/08/2025 21:00:00","CTA|IE","854.83","n/e"," ","715.18"
"10/08/2025 21:00:00 - 10/08/2025 22:00:00","CTA|IE","704.04","n/e"," ","635.67"
"10/08/2025 22:00:00 - 10/08/2025 23:00:00","CTA|IE","584.58","n/e"," ","408.42"
"10/08/2025 23:00:00 - 11/08/2025 00:00:00","CTA|IE","503.43","n/e"," ","257.77"
"11/08/2025 00:00:00 - 11/08/2025 01:00:00","CTA|IE","439.39","n/e"," ","200.05"
"11/08/2025 01:00:00 - 11/08/2025 02:00:00","CTA|IE","268.38","n/e"," ","188.55"
"11/08/2025 02:00:00 - 11/08/2025 03:00:00","CTA|IE","223.30","n/e"," ","220.41"
"11/08/2025 03:00:00 - 11/08/2025 04:00:00","CTA|IE","201.95","n/e"," ","247.02"
"11/08/2025 04:00:00 - 11/08/2025 05:00:00","CTA|IE","199.51","n/e"," ","233.18"
"11/08/2025 05:00:00 - 11/08/2025 06:00:00","CTA|IE","222.37","n/e"," ","236.13"
"11/08/2025 06:00:00 - 11/08/2025 07:00:00","CTA|IE","252.29","n/e"," ","238.07"
"11/08/2025 07:00:00 - 11/08/2025 08:00:00","CTA|IE","311.99","n/e"," ","227.10"
"11/08/2025 08:00:00 - 11/08/2025 09:00:00","CTA|IE","387.30","n/e"," ","159.94"
"11/08/2025 09:00:00 - 11/08/2025 10:00:00","CTA|IE","386.50","n/e"," ","157.35"
"11/08/2025 10:00:00 - 11/08/2025 11:00:00","CTA|IE","381.98","n/e"," ","171.35"
"11/08/2025 11:00:00 - 11/08/2025 12:00:00","CTA|IE","393.46","n/e"," ","197.40"
"11/08/2025 12:00:00 - 11/08/2025 13:00:00","CTA|IE","418.48","n/e"," ","281.24"
"11/08/2025 13:00:00 - 11/08/2025 14:00:00","CTA|IE","450.43","n/e"," ","330.64"
"11/08/2025 14:00:00 - 11/08/2025 15:00:00","CTA|IE","503.50","n/e"," ","425.75"
"11/08/2025 15:00:00 - 11/08/2025 16:00:00","CTA|IE","555.91","n/e"," ","469.27"
"11/08/2025 16:00:00 - 11/08/2025 17:00:00","CTA|IE","620.57","n/e"," ","529.13"
"11/08/2025 17:00:00 - 11/08/2025 18:00:00","CTA|IE","687.34","n/e"," ","447.89"
"11/08/2025 18:00:00 - 11/08/2025 19:00:00","CTA|IE","730.73","n/e"," ","431.97"
"11/08/2025 19:00:00 - 11/08/2025 20:00:00","CTA|IE","736.49","n/e"," ","370.36"
"11/08/2025 20:00:00 - 11/08/2025 21:00:00","CTA|IE","719.56","n/e"," ","337.41"
"11/08/2025 21:00:00 - 11/08/2025 22:00:00","CTA|IE","708.93","n/e"," ","377.52"
"11/08/2025 22:00:00 - 11/08/2025 23:00:00","CTA|IE","737.04","n/e"," ","450.87"
"11/08/2025 23:00:00 - 12/08/2025 00:00:00","CTA|IE","798.19","n/e"," ","541.23"
"12/08/2025 00:00:00 - 12/08/2025 01:00:00","CTA|IE","847.24","n/e"," ","577.46"
"12/08/2025 01:00:00 - 12/08/2025 02:00:00","CTA|IE","774.84","n/e"," ","558.29"
"12/08/2025 02:00:00 - 12/08/2025 03:00:00","CTA|IE","700.44","n/e"," ","553.85"
"12/08/2025 03:00:00 - 12/08/2025 04:00:00","CTA|IE","657.65","n/e"," ","438.76"
"12/08/2025 04:00:00 - 12/08/2025 05:00:00","CTA|IE","657.34","n/e"," ","337.11"
"12/08/2025 05:00:00 - 12/08/2025 06:00:00","CTA|IE","680.38","n/e"," ","287.42"
"12/08/2025 06:00:00 - 12/08/2025 07:00:00","CTA|IE","643.95","n/e"," ","289.18"
"12/08/2025 07:00:00 - 12/08/2025 08:00:00","CTA|IE","597.73","n/e"," ","344.71"
"12/08/2025 08:00:00 - 12/08/2025 09:00:00","CTA|IE","507.40","n/e"," ","355.61"
"12/08/2025 09:00:00 - 12/08/2025 10:00:00","CTA|IE","391.30","n/e"," ","264.44"
"12/08/2025 10:00:00 - 12/08/2025 11:00:00","CTA|IE","280.40","n/e"," ","174.67"
"12/08/2025 11:00:00 - 12/08/2025 12:00:00","CTA|IE","210.03","n/e"," ","135.34"
"12/08/2025 12:00:00 - 12/08/2025 13:00:00","CTA|IE","175.89","n/e"," ","118.25"
"12/08/2025 13:00:00 - 12/08/2025 14:00:00","CTA|IE","159.90","n/e"," ","140.08"
"12/08/2025 14:00:00 - 12/08/2025 15:00:00","CTA|IE","156.85","n/e"," ","127.82"
"12/08/2025 15:00:00 - 12/08/2025 16:00:00","CTA|IE","172.34","n/e"," ","114.67"
"12/08/2025 16:00:00 - 12/08/2025 17:00:00","CTA|IE","209.65","n/e"," ","105.84"
"12/08/2025 17:00:00 - 12/08/2025 18:00:00","CTA|IE","256.75","n/e"," ","100.07"
"12/08/2025 18:00:00 - 12/08/2025 19:00:00","CTA|IE","295.67","n/e"," ","92.22"
"12/08/2025 19:00:00 - 12/08/2025 20:00:00","CTA|IE","316.19","n/e"," ","66.49"
"12/08/2025 20:00:00 - 12/08/2025 21:00:00","CTA|IE","330.25","n/e"," ","60.01"
"12/08/2025 21:00:00 - 12/08/2025 22:00:00","CTA|IE","360.10","n/e"," ","85.52"
"12/08/2025 22:00:00 - 12/08/2025 23:00:00","CTA|IE","410.34","n/e"," ","125.00"
"12/08/2025 23:00:00 - 13/08/2025 00:00:00","CTA|IE","432.23","n/e"," ","157.25"
"13/08/2025 00:00:00 - 13/08/2025 01:00:00","CTA|IE","416.98","n/e"," ","170.56"
"13/08/2025 01:00:00 - 13/08/2025 02:00:00","CTA|IE","179.42","n/e"," ","165.23"
"13/08/2025 02:00:00 - 13/08/2025 03:00:00","CTA|IE","191.88","n/e"," ","145.11"
"13/08/2025 03:00:00 - 13/08/2025 04:00:00","CTA|IE","199.16","n/e"," ","163.20"
"13/08/2025 04:00:00 - 13/08/2025 05:00:00","CTA|IE","193.59","n/e"," ","163.81"
"13/08/2025 05:00:00 - 13/08/2025 06:00:00","CTA|IE","203.48","n/e"," ","164.89"
"13/08/2025 06:00:00 - 13/08/2025 07:00:00","CTA|IE","211.16","n/e"," ","212.40"
"13/08/2025 07:00:00 - 13/08/2025 08:00:00","CTA|IE","214.89","n/e"," ","231.13"
"13/08/2025 08:00:00 - 13/08/2025 09:00:00","CTA|IE","197.78","n/e"," ","197.37"
"13/08/2025 09:00:00 - 13/08/2025 10:00:00","CTA|IE","157.17","n/e"," ","132.73"
"13/08/2025 10:00:00 - 13/08/2025 11:00:00","CTA|IE","132.76","n/e"," ","87.34"
"13/08/2025 11:00:00 - 13/08/2025 12:00:00","CTA|IE","139.11","n/e"," ","82.41"
"13/08/2025 12:00:00 - 13/08/2025 13:00:00","CTA|IE","170.78","n/e"," ","109.03"
"13/08/2025 13:00:00 - 13/08/2025 14:00:00","CTA|IE","213.01","n/e"," ","189.97"
"13/08/2025 14:00:00 - 13/08/2025 15:00:00","CTA|IE","268.07","n/e"," ","285.61"
"13/08/2025 15:00:00 - 13/08/2025 16:00:00","CTA|IE","330.41","n/e"," ","376.04"
"13/08/2025 16:00:00 - 13/08/2025 17:00:00","CTA|IE","377.34","n/e"," ","395.44"
"13/08/2025 17:00:00 - 13/08/2025 18:00:00","CTA|IE","386.90","n/e"," ","377.90"
"13/08/2025 18:00:00 - 13/08/2025 19:00:00","CTA|IE","372.11","n/e"," ","440.64"
"13/08/2025 19:00:00 - 13/08/2025 20:00:00","CTA|IE","361.10","n/e"," ","346.54"
"13/08/2025 20:00:00 - 13/08/2025 21:00:00","CTA|IE","350.82","n/e"," ","300.06"
"13/08/2025 21:00:00 - 13/08/2025 22:00:00","CTA|IE","327.61","n/e"," ","200.42"
"13/08/2025 22:00:00 - 13/08/2025 23:00:00","CTA|IE","302.03","n/e"," ","130.28"
"13/08/2025 23:00:00 - 14/08/2025 00:00:00","CTA|IE","288.10","n/e"," ","104.21"
"14/08/2025 00:00:00 - 14/08/2025 01:00:00","CTA|IE","282.15","n/e"," ","100.31"
"14/08/2025 01:00:00 - 14/08/2025 02:00:00","CTA|IE","225.73","n/e"," ","84.48"
"14/08/2025 02:00:00 - 14/08/2025 03:00:00","CTA|IE","225.57","n/e"," ","84.58"
"14/08/2025 03:00:00 - 14/08/2025 04:00:00","CTA|IE","230.28","n/e"," ","96.82"
"14/08/2025 04:00:00 - 14/08/2025 05:00:00","CTA|IE","241.89","n/e"," ","101.91"
"14/08/2025 05:00:00 - 14/08/2025 06:00:00","CTA|IE","289.08","n/e"," ","109.73"
"14/08/2025 06:00:00 - 14/08/2025 07:00:00","CTA|IE","325.42","n/e"," ","114.09"
"14/08/2025 07:00:00 - 14/08/2025 08:00:00","CTA|IE","354.98","n/e"," ","128.52"
"14/08/2025 08:00:00 - 14/08/2025 09:00:00","CTA|IE","355.71","n/e"," ","152.19"
"14/08/2025 09:00:00 - 14/08/2025 10:00:00","CTA|IE","309.57","n/e"," ","163.47"
"14/08/2025 10:00:00 - 14/08/2025 11:00:00","CTA|IE","266.60","n/e"," ","134.67"
"14/08/2025 11:00:00 - 14/08/2025 12:00:00","CTA|IE","252.43","n/e"," ","122.17"
"14/08/2025 12:00:00 - 14/08/2025 13:00:00","CTA|IE","250.70","n/e"," ","136.74"
"14/08/2025 13:00:00 - 14/08/2025 14:00:00","CTA|IE","252.98","n/e"," ","134.55"
"14/08/2025 14:00:00 - 14/08/2025 15:00:00","CTA|IE","256.10","n/e"," ","133.09"
"14/08/2025 15:00:00 - 14/08/2025 16:00:00","CTA|IE","251.09","n/e"," ","149.75"
"14/08/2025 16:00:00 - 14/08/2025 17:00:00","CTA|IE","238.60","n/e"," ","193.25"
"14/08/2025 17:00:00 - 14/08/2025 18:00:00","CTA|IE","232.03","n/e"," ","214.56"
"14/08/2025 18:00:00 - 14/08/2025 19:00:00","CTA|IE","221.46","n/e"," ","198.01"
"14/08/2025 19:00:00 - 14/08/2025 20:00:00","CTA|IE","197.13","n/e"," ","170.33"
"14/08/2025 20:00:00 - 14/08/2025 21:00:00","CTA|IE","165.07","n/e"," ","123.60"
"14/08/2025 21:00:00 - 14/08/2025 22:00:00","CTA|IE","131.95","n/e"," ","96.29"
"14/08/2025 22:00:00 - 14/08/2025 23:00:00","CTA|IE","114.99","n/e"," ","94.21"
"14/08/2025 23:00:00 - 15/08/2025 00:00:00","CTA|IE","118.08","n/e"," ","82.67"
"15/08/2025 00:00:00 - 15/08/2025 01:00:00","CTA|IE","129.44","n/e"," ","85.62"
"15/08/2025 01:00:00 - 15/08/2025 02:00:00","CTA|IE","155.37","n/e"," ","91.07"
"15/08/2025 02:00:00 - 15/08/2025 03:00:00","CTA|IE","160.21","n/e"," ","96.98"
"15/08/2025 03:00:00 - 15/08/2025 04:00:00","CTA|IE","144.04","n/e"," ","106.44"
"15/08/2025 04:00:00 - 15/08/2025 05:00:00","CTA|IE","147.04","n/e"," ","87.94"
"15/08/2025 05:00:00 - 15/08/2025 06:00:00","CTA|IE","178.85","n/e"," ","101.22"
"15/08/2025 06:00:00 - 15/08/2025 07:00:00","CTA|IE","208.92","n/e"," ","151.14"
"15/08/2025 07:00:00 - 15/08/2025 08:00:00","CTA|IE","239.13","n/e"," ","199.58"
"15/08/2025 08:00:00 - 15/08/2025 09:00:00","CTA|IE","273.01","n/e"," ","217.05"
"15/08/2025 09:00:00 - 15/08/2025 10:00:00","CTA|IE","270.82","n/e"," ","185.87"
"15/08/2025 10:00:00 - 15/08/2025 11:00:00","CTA|IE","215.78","n/e"," ","105.83"
"15/08/2025 11:00:00 - 15/08/2025 12:00:00","CTA|IE","189.22","n/e"," ","109.04"
"15/08/2025 12:00:00 - 15/08/2025 13:00:00","CTA|IE","188.24","n/e"," ","134.99"
"15/08/2025 13:00:00 - 15/08/2025 14:00:00","CTA|IE","186.84","n/e"," ","136.48"
"15/08/2025 14:00:00 - 15/08/2025 15:00:00","CTA|IE","187.22","n/e"," ","154.43"
"15/08/2025 15:00:00 - 15/08/2025 16:00:00","CTA|IE","196.80","n/e"," ","233.33"
"15/08/2025 16:00:00 - 15/08/2025 17:00:00","CTA|IE","229.06","n/e"," ","334.10"
"15/08/2025 17:00:00 - 15/08/2025 18:00:00","CTA|IE","281.40","n/e"," ","384.79"
"15/08/2025 18:00:00 - 15/08/2025 19:00:00","CTA|IE","352.02","n/e"," ","444.32"
"15/08/2025 19:00:00 - 15/08/2025 20:00:00","CTA|IE","408.69","n/e"," ","383.86"
"15/08/2025 20:00:00 - 15/08/2025 21:00:00","CTA|IE","464.97","n/e"," ","319.39"
"15/08/2025 21:00:00 - 15/08/2025 22:00:00","CTA|IE","530.81","n/e"," ","387.68"
"15/08/2025 22:00:00 - 15/08/2025 23:00:00","CTA|IE","630.19","n/e"," ","608.20"
"15/08/2025 23:00:00 - 16/08/2025 00:00:00","CTA|IE","755.17","n/e"," ","701.81"
"16/08/2025 00:00:00 - 16/08/2025 01:00:00","CTA|IE","861.62","n/e"," ","716.27"
"16/08/2025 01:00:00 - 16/08/2025 02:00:00","CTA|IE","863.30","n/e"," ","779.54"
"16/08/2025 02:00:00 - 16/08/2025 03:00:00","CTA|IE","939.97","n/e"," ","883.97"
"16/08/2025 03:00:00 - 16/08/2025 04:00:00","CTA|IE","1039.56","n/e"," ","981.84"
"16/08/2025 04:00:00 - 16/08/2025 05:00:00","CTA|IE","1144.09","n/e"," ","1093.66"
"16/08/2025 05:00:00 - 16/08/2025 06:00:00","CTA|IE","1219.08","n/e"," ","1171.73"
"16/08/2025 06:00:00 - 16/08/2025 07:00:00","CTA|IE","1271.33","n/e"," ","1259.96"
"16/08/2025 07:00:00 - 16/08/2025 08:00:00","CTA|IE","1280.36","n/e"," ","1240.58"
"16/08/2025 08:00:00 - 16/08/2025 09:00:00","CTA|IE","1251.30","n/e"," ","1195.95"
"16/08/2025 09:00:00 - 16/08/2025 10:00:00","CTA|IE","1177.72","n/e"," ","1149.01"
"16/08/2025 10:00:00 - 16/08/2025 11:00:00","CTA|IE","1120.60","n/e"," ","1080.42"
"16/08/2025 11:00:00 - 16/08/2025 12:00:00","CTA|IE","1130.39","n/e"," ","1024.81"
"16/08/2025 12:00:00 - 16/08/2025 13:00:00","CTA|IE","1204.18","n/e"," ","1037.69"
"16/08/2025 13:00:00 - 16/08/2025 14:00:00","CTA|IE","1309.87","n/e"," ","971.96"
"16/08/2025 14:00:00 - 16/08/2025 15:00:00","CTA|IE","1442.50","n/e"," ","1122.64"
"16/08/2025 15:00:00 - 16/08/2025 16:00:00","CTA|IE","1548.97","n/e"," ","1196.40"
"16/08/2025 16:00:00 - 16/08/2025 17:00:00","CTA|IE","1610.93","n/e"," ","1209.55"
"16/08/2025 17:00:00 - 16/08/2025 18:00:00","CTA|IE","1640.61","n/e"," ","1221.93"
"16/08/2025 18:00:00 - 16/08/2025 19:00:00","CTA|IE","1684.52","n/e"," ","1199.55"
"16/08/2025 19:00:00 - 16/08/2025 20:00:00","CTA|IE","1732.30","n/e"," ","1247.37"
"16/08/2025 20:00:00 - 16/08/2025 21:00:00","CTA|IE","1753.96","n/e"," ","1157.44"
"16/08/2025 21:00:00 - 16/08/2025 22:00:00","CTA|IE","1729.12","n/e"," ","1203.45"
"16/08/2025 22:00:00 - 16/08/2025 23:00:00","CTA|IE","1723.03","n/e"," ","1300.19"
"16/08/2025 23:00:00 - 17/08/2025 00:00:00","CTA|IE","1787.73","n/e"," ","1326.10"
"17/08/2025 00:00:00 - 17/08/2025 01:00:00","CTA|IE","1849.70","n/e"," ","1309.14"
"17/08/2025 01:00:00 - 17/08/2025 02:00:00","CTA|IE","1570.63","n/e"," ","1292.61"
"17/08/2025 02:00:00 - 17/08/2025 03:00:00","CTA|IE","1534.52","n/e"," ","1269.34"
"17/08/2025 03:00:00 - 17/08/2025 04:00:00","CTA|IE","1553.03","n/e"," ","1268.00"
"17/08/2025 04:00:00 - 17/08/2025 05:00:00","CTA|IE","1607.91","n/e"," ","1208.78"
"17/08/2025 05:00:00 - 17/08/2025 06:00:00","CTA|IE","1735.71","n/e"," ","1126.23"
"17/08/2025 06:00:00 - 17/08/2025 07:00:00","CTA|IE","1780.33","n/e"," ","1033.24"
"17/08/2025 07:00:00 - 17/08/2025 08:00:00","CTA|IE","1796.59","n/e"," ","990.64"
"17/08/2025 08:00:00 - 17/08/2025 09:00:00","CTA|IE","1797.26","n/e"," ","1003.61"
"17/08/2025 09:00:00 - 17/08/2025 10:00:00","CTA|IE","1755.52","n/e"," ","1007.20"
"17/08/2025 10:00:00 - 17/08/2025 11:00:00","CTA|IE","1760.34","n/e"," ","999.46"
"17/08/2025 11:00:00 - 17/08/2025 12:00:00","CTA|IE","1868.78","n/e"," ","1007.88"
"17/08/2025 12:00:00 - 17/08/2025 13:00:00","CTA|IE","1971.87","n/e"," ","1194.65"
"17/08/2025 13:00:00 - 17/08/2025 14:00:00","CTA|IE","2051.26","n/e"," ","1317.70"
"17/08/2025 14:00:00 - 17/08/2025 15:00:00","CTA|IE","2126.30","n/e"," ","1340.34"
"17/08/2025 15:00:00 - 17/08/2025 16:00:00","CTA|IE","2166.54","n/e"," ","1204.46"
"17/08/2025 16:00:00 - 17/08/2025 17:00:00","CTA|IE","2081.75","n/e"," ","1200.19"
"17/08/2025 17:00:00 - 17/08/2025 18:00:00","CTA|IE","1882.86","n/e"," ","1183.86"
"17/08/2025 18:00:00 - 17/08/2025 19:00:00","CTA|IE","1714.62","n/e"," ","1118.55"
"17/08/2025 19:00:00 - 17/08/2025 20:00:00","CTA|IE","1600.33","n/e"," ","1090.34"
"17/08/2025 20:00:00 - 17/08/2025 21:00:00","CTA|IE","1451.45","n/e"," ","943.50"
"17/08/2025 21:00:00 - 17/08/2025 22:00:00","CTA|IE","1232.26","n/e"," ","946.55"
"17/08/2025 22:00:00 - 17/08/2025 23:00:00","CTA|IE","1006.53","n/e"," ","1056.30"
"17/08/2025 23:00:00 - 18/08/2025 00:00:00","CTA|IE","872.73","n/e"," ","1043.85"
"18/08/2025 00:00:00 - 18/08/2025 01:00:00","CTA|IE","798.25","n/e"," ","931.12"
"18/08/2025 01:00:00 - 18/08/2025 02:00:00","CTA|IE","872.21","n/e"," ","834.34"
"18/08/2025 02:00:00 - 18/08/2025 03:00:00","CTA|IE","788.99","n/e"," ","807.84"
"18/08/2025 03:00:00 - 18/08/2025 04:00:00","CTA|IE","797.47","n/e"," ","766.70"
"18/08/2025 04:00:00 - 18/08/2025 05:00:00","CTA|IE","858.99","n/e"," ","716.80"
"18/08/2025 05:00:00 - 18/08/2025 06:00:00","CTA|IE","896.71","n/e"," ","736.92"
"18/08/2025 06:00:00 - 18/08/2025 07:00:00","CTA|IE","889.77","n/e"," ","742.33"
"18/08/2025 07:00:00 - 18/08/2025 08:00:00","CTA|IE","882.85","n/e"," ","766.31"
"18/08/2025 08:00:00 - 18/08/2025 09:00:00","CTA|IE","845.70","n/e"," ","803.85"
"18/08/2025 09:00:00 - 18/08/2025 10:00:00","CTA|IE","717.20","n/e"," ","773.50"
"18/08/2025 10:00:00 - 18/08/2025 11:00:00","CTA|IE","621.84","n/e"," ","773.90"
"18/08/2025 11:00:00 - 18/08/2025 12:00:00","CTA|IE","616.84","n/e"," ","774.58"
"18/08/2025 12:00:00 - 18/08/2025 13:00:00","CTA|IE","640.98","n/e"," ","669.89"
"18/08/2025 13:00:00 - 18/08/2025 14:00:00","CTA|IE","689.40","n/e"," ","665.79"
"18/08/2025 14:00:00 - 18/08/2025 15:00:00","CTA|IE","745.92","n/e"," ","588.38"
"18/08/2025 15:00:00 - 18/08/2025 16:00:00","CTA|IE","769.91","n/e"," ","528.18"
"18/08/2025 16:00:00 - 18/08/2025 17:00:00","CTA|IE","750.03","n/e"," ","529.93"
"18/08/2025 17:00:00 - 18/08/2025 18:00:00","CTA|IE","680.23","n/e"," ","537.24"
"18/08/2025 18:00:00 - 18/08/2025 19:00:00","CTA|IE","595.20","n/e"," ","391.22"
"18/08/2025 19:00:00 - 18/08/2025 20:00:00","CTA|IE","536.64","n/e"," ","355.40"
"18/08/2025 20:00:00 - 18/08/2025 21:00:00","CTA|IE","501.28","n/e"," ","385.37"
"18/08/2025 21:00:00 - 18/08/2025 22:00:00","CTA|IE","478.51","n/e"," ","395.58"
"18/08/2025 22:00:00 - 18/08/2025 23:00:00","CTA|IE","466.98","n/e"," ","460.49"
"18/08/2025 23:00:00 - 19/08/2025 00:00:00","CTA|IE","459.19","n/e"," ","410.18"
"19/08/2025 00:00:00 - 19/08/2025 01:00:00","CTA|IE","437.03","n/e"," ","316.69"
"19/08/2025 01:00:00 - 19/08/2025 02:00:00","CTA|IE","268.09","n/e"," ","301.72"
"19/08/2025 02:00:00 - 19/08/2025 03:00:00","CTA|IE","272.58","n/e"," ","276.61"
"19/08/2025 03:00:00 - 19/08/2025 04:00:00","CTA|IE","343.31","n/e"," ","274.05"
"19/08/2025 04:00:00 - 19/08/2025 05:00:00","CTA|IE","370.75","n/e"," ","235.24"
"19/08/2025 05:00:00 - 19/08/2025 06:00:00","CTA|IE","418.46","n/e"," ","259.94"
"19/08/2025 06:00:00 - 19/08/2025 07:00:00","CTA|IE","463.02","n/e"," ","310.36"
"19/08/2025 07:00:00 - 19/08/2025 08:00:00","CTA|IE","525.46","n/e"," ","336.04"
"19/08/2025 08:00:00 - 19/08/2025 09:00:00","CTA|IE","563.19","n/e"," ","363.88"
"19/08/2025 09:00:00 - 19/08/2025 10:00:00","CTA|IE","541.47","n/e"," ","380.76"
"19/08/2025 10:00:00 - 19/08/2025 11:00:00","CTA|IE","483.46","n/e"," ","356.33"
"19/08/2025 11:00:00 - 19/08/2025 12:00:00","CTA|IE","442.56","n/e"," ","363.49"
"19/08/2025 12:00:00 - 19/08/2025 13:00:00","CTA|IE","412.89","n/e"," ","322.91"
"19/08/2025 13:00:00 - 19/08/2025 14:00:00","CTA|IE","397.59","n/e"," ","276.45"
"19/08/2025 14:00:00 - 19/08/2025 15:00:00","CTA|IE","402.71","n/e"," ","268.16"
"19/08/2025 15:00:00 - 19/08/2025 16:00:00","CTA|IE","414.53","n/e"," ","306.58"
"19/08/2025 16:00:00 - 19/08/2025 17:00:00","CTA|IE","436.31","n/e"," ","354.85"
"19/08/2025 17:00:00 - 19/08/2025 18:00:00","CTA|IE","461.97","n/e"," ","354.11"
"19/08/2025 18:00:00 - 19/08/2025 19:00:00","CTA|IE","477.17","n/e"," ","344.63"
"19/08/2025 19:00:00 - 19/08/2025 20:00:00","CTA|IE","460.95","n/e"," ","373.18"
"19/08/2025 20:00:00 - 19/08/2025 21:00:00","CTA|IE","438.06","n/e"," ","390.42"
"19/08/2025 21:00:00 - 19/08/2025 22:00:00","CTA|IE","430.59","n/e"," ","434.89"
"19/08/2025 22:00:00 - 19/08/2025 23:00:00","CTA|IE","432.52","n/e"," ","553.93"
"19/08/2025 23:00:00 - 20/08/2025 00:00:00","CTA|IE","446.28","n/e"," ","534.78"
"20/08/2025 00:00:00 - 20/08/2025 01:00:00","CTA|IE","464.18","n/e"," ","518.22"
"20/08/2025 01:00:00 - 20/08/2025 02:00:00","CTA|IE","381.04","n/e"," ","532.43"
"20/08/2025 02:00:00 - 20/08/2025 03:00:00","CTA|IE","436.20","n/e"," ","465.34"
"20/08/2025 03:00:00 - 20/08/2025 04:00:00","CTA|IE","497.70","n/e"," ","384.22"
"20/08/2025 04:00:00 - 20/08/2025 05:00:00","CTA|IE","510.11","n/e"," ","323.07"
"20/08/2025 05:00:00 - 20/08/2025 06:00:00","CTA|IE","471.84","n/e"," ","272.16"
"20/08/2025 06:00:00 - 20/08/2025 07:00:00","CTA|IE","476.18","n/e"," ","282.95"
"20/08/2025 07:00:00 - 20/08/2025 08:00:00","CTA|IE","491.57","n/e"," ","270.60"
"20/08/2025 08:00:00 - 20/08/2025 09:00:00","CTA|IE","462.44","n/e"," ","306.91"
"20/08/2025 09:00:00 - 20/08/2025 10:00:00","CTA|IE","393.02","n/e"," ","313.83"
"20/08/2025 10:00:00 - 20/08/2025 11:00:00","CTA|IE","336.79","n/e"," ","291.74"
"20/08/2025 11:00:00 - 20/08/2025 12:00:00","CTA|IE","327.25","n/e"," ","303.00"
"20/08/2025 12:00:00 - 20/08/2025 13:00:00","CTA|IE","323.62","n/e"," ","297.36"
"20/08/2025 13:00:00 - 20/08/2025 14:00:00","CTA|IE","303.32","n/e"," ","269.00"
"20/08/2025 14:00:00 - 20/08/2025 15:00:00","CTA|IE","277.43","n/e"," ","248.71"
"20/08/2025 15:00:00 - 20/08/2025 16:00:00","CTA|IE","250.41","n/e"," ","213.85"
"20/08/2025 16:00:00 - 20/08/2025 17:00:00","CTA|IE","235.66","n/e"," ","154.79"
"20/08/2025 17:00:00 - 20/08/2025 18:00:00","CTA|IE","237.30","n/e"," ","141.28"
"20/08/2025 18:00:00 - 20/08/2025 19:00:00","CTA|IE","252.43","n/e"," ","125.85"
"20/08/2025 19:00:00 - 20/08/2025 20:00:00","CTA|IE","280.74","n/e"," ","112.14"
"20/08/2025 20:00:00 - 20/08/2025 21:00:00","CTA|IE","286.42","n/e"," ","96.63"
"20/08/2025 21:00:00 - 20/08/2025 22:00:00","CTA|IE","279.50","n/e"," ","112.27"
"20/08/2025 22:00:00 - 20/08/2025 23:00:00","CTA|IE","273.38","n/e"," ","107.66"
"20/08/2025 23:00:00 - 21/08/2025 00:00:00","CTA|IE","267.56","n/e"," ","85.73"
"21/08/2025 00:00:00 - 21/08/2025 01:00:00","CTA|IE","250.78","n/e"," ","72.45"
"21/08/2025 01:00:00 - 21/08/2025 02:00:00","CTA|IE","167.65","n/e"," ","67.72"
"21/08/2025 02:00:00 - 21/08/2025 03:00:00","CTA|IE","147.74","n/e"," ","71.10"
"21/08/2025 03:00:00 - 21/08/2025 04:00:00","CTA|IE","120.25","n/e"," ","82.50"
"21/08/2025 04:00:00 - 21/08/2025 05:00:00","CTA|IE","109.23","n/e"," ","88.84"
"21/08/2025 05:00:00 - 21/08/2025 06:00:00","CTA|IE","95.64","n/e"," ","86.31"
"21/08/2025 06:00:00 - 21/08/2025 07:00:00","CTA|IE","78.64","n/e"," ","69.69"
"21/08/2025 07:00:00 - 21/08/2025 08:00:00","CTA|IE","73.08","n/e"," ","73.80"
"21/08/2025 08:00:00 - 21/08/2025 09:00:00","CTA|IE","71.08","n/e"," ","68.91"
"21/08/2025 09:00:00 - 21/08/2025 10:00:00","CTA|IE","66.27","n/e"," ","67.53"
"21/08/2025 10:00:00 - 21/08/2025 11:00:00","CTA|IE","55.72","n/e"," ","60.79"
"21/08/2025 11:00:00 - 21/08/2025 12:00:00","CTA|IE","42.53","n/e"," ","63.24"
"21/08/2025 12:00:00 - 21/08/2025 13:00:00","CTA|IE","40.00","n/e"," ","56.61"
"21/08/2025 13:00:00 - 21/08/2025 14:00:00","CTA|IE","44.80","n/e"," ","42.63"
"21/08/2025 14:00:00 - 21/08/2025 15:00:00","CTA|IE","54.57","n/e"," ","31.91"
"21/08/2025 15:00:00 - 21/08/2025 16:00:00","CTA|IE","72.99","n/e"," ","30.66"
"21/08/2025 16:00:00 - 21/08/2025 17:00:00","CTA|IE","101.91","n/e"," ","27.13"
"21/08/2025 17:00:00 - 21/08/2025 18:00:00","CTA|IE","137.98","n/e"," ","28.06"
"21/08/2025 18:00:00 - 21/08/2025 19:00:00","CTA|IE","175.80","n/e"," ","35.48"
"21/08/2025 19:00:00 - 21/08/2025 20:00:00","CTA|IE","215.61","n/e"," ","55.92"
"21/08/2025 20:00:00 - 21/08/2025 21:00:00","CTA|IE","263.49","n/e"," ","76.58"
"21/08/2025 21:00:00 - 21/08/2025 22:00:00","CTA|IE","304.88","n/e"," ","46.12"
"21/08/2025 22:00:00 - 21/08/2025 23:00:00","CTA|IE","331.18","n/e"," ","41.21"
"21/08/2025 23:00:00 - 22/08/2025 00:00:00","CTA|IE","338.82","n/e"," ","39.77"
"22/08/2025 00:00:00 - 22/08/2025 01:00:00","CTA|IE","316.93","n/e"," ","64.34"
"22/08/2025 01:00:00 - 22/08/2025 02:00:00","CTA|IE","156.01","n/e"," ","59.74"
"22/08/2025 02:00:00 - 22/08/2025 03:00:00","CTA|IE","133.69","n/e"," ","67.90"
"22/08/2025 03:00:00 - 22/08/2025 04:00:00","CTA|IE","100.64","n/e"," ","54.86"
"22/08/2025 04:00:00 - 22/08/2025 05:00:00","CTA|IE","98.84","n/e"," ","45.35"
"22/08/2025 05:00:00 - 22/08/2025 06:00:00","CTA|IE","106.20","n/e"," ","32.36"
"22/08/2025 06:00:00 - 22/08/2025 07:00:00","CTA|IE","108.05","n/e"," ","39.71"
"22/08/2025 07:00:00 - 22/08/2025 08:00:00","CTA|IE","102.55","n/e"," ","36.42"
"22/08/2025 08:00:00 - 22/08/2025 09:00:00","CTA|IE","101.98","n/e"," ","33.25"
"22/08/2025 09:00:00 - 22/08/2025 10:00:00","CTA|IE","92.38","n/e"," ","26.80"
"22/08/2025 10:00:00 - 22/08/2025 11:00:00","CTA|IE","76.04","n/e"," ","17.62"
"22/08/2025 11:00:00 - 22/08/2025 12:00:00","CTA|IE","59.35","n/e"," ","24.28"
"22/08/2025 12:00:00 - 22/08/2025 13:00:00","CTA|IE","52.01","n/e"," ","41.60"
"22/08/2025 13:00:00 - 22/08/2025 14:00:00","CTA|IE","51.52","n/e"," ","77.59"
"22/08/2025 14:00:00 - 22/08/2025 15:00:00","CTA|IE","62.90","n/e"," ","134.14"
"22/08/2025 15:00:00 - 22/08/2025 16:00:00","CTA|IE","99.45","n/e"," ","144.00"
"22/08/2025 16:00:00 - 22/08/2025 17:00:00","CTA|IE","157.19","n/e"," ","152.33"
"22/08/2025 17:00:00 - 22/08/2025 18:00:00","CTA|IE","204.17","n/e"," ","182.38"
"22/08/2025 18:00:00 - 22/08/2025 19:00:00","CTA|IE","222.31","n/e"," ","219.73"
"22/08/2025 19:00:00 - 22/08/2025 20:00:00","CTA|IE","223.16","n/e"," ","221.45"
"22/08/2025 20:00:00 - 22/08/2025 21:00:00","CTA|IE","217.98","n/e"," ","247.16"
"22/08/2025 21:00:00 - 22/08/2025 22:00:00","CTA|IE","216.23","n/e"," ","189.24"
"22/08/2025 22:00:00 - 22/08/2025 23:00:00","CTA|IE","232.62","n/e"," ","203.82"
"22/08/2025 23:00:00 - 23/08/2025 00:00:00","CTA|IE","239.59","n/e"," ","201.85"
"23/08/2025 00:00:00 - 23/08/2025 01:00:00","CTA|IE","228.20","n/e"," ","209.05"
"23/08/2025 01:00:00 - 23/08/2025 02:00:00","CTA|IE","92.34","n/e"," ","192.26"
"23/08/2025 02:00:00 - 23/08/2025 03:00:00","CTA|IE","52.48","n/e"," ","170.52"
"23/08/2025 03:00:00 - 23/08/2025 04:00:00","CTA|IE","26.39","n/e"," ","165.56"
"23/08/2025 04:00:00 - 23/08/2025 05:00:00","CTA|IE","32.90","n/e"," ","171.58"
"23/08/2025 05:00:00 - 23/08/2025 06:00:00","CTA|IE","55.89","n/e"," ","138.32"
"23/08/2025 06:00:00 - 23/08/2025 07:00:00","CTA|IE","65.83","n/e"," ","120.09"
"23/08/2025 07:00:00 - 23/08/2025 08:00:00","CTA|IE","70.73","n/e"," ","193.66"
"23/08/2025 08:00:00 - 23/08/2025 09:00:00","CTA|IE","76.23","n/e"," ","207.49"
"23/08/2025 09:00:00 - 23/08/2025 10:00:00","CTA|IE","78.11","n/e"," ","181.66"
"23/08/2025 10:00:00 - 23/08/2025 11:00:00","CTA|IE","75.56","n/e"," ","139.46"
"23/08/2025 11:00:00 - 23/08/2025 12:00:00","CTA|IE","73.21","n/e"," ","175.00"
"23/08/2025 12:00:00 - 23/08/2025 13:00:00","CTA|IE","75.29","n/e"," ","188.46"
"23/08/2025 13:00:00 - 23/08/2025 14:00:00","CTA|IE","85.32","n/e"," ","261.43"
"23/08/2025 14:00:00 - 23/08/2025 15:00:00","CTA|IE","104.38","n/e"," ","311.49"
"23/08/2025 15:00:00 - 23/08/2025 16:00:00","CTA|IE","129.99","n/e"," ","326.35"
"23/08/2025 16:00:00 - 23/08/2025 17:00:00","CTA|IE","153.81","n/e"," ","294.71"
"23/08/2025 17:00:00 - 23/08/2025 18:00:00","CTA|IE","164.37","n/e"," ","266.25"
"23/08/2025 18:00:00 - 23/08/2025 19:00:00","CTA|IE","165.82","n/e"," ","226.22"
"23/08/2025 19:00:00 - 23/08/2025 20:00:00","CTA|IE","164.42","n/e"," ","218.39"
"23/08/2025 20:00:00 - 23/08/2025 21:00:00","CTA|IE","161.17","n/e"," ","167.54"
"23/08/2025 21:00:00 - 23/08/2025 22:00:00","CTA|IE","165.80","n/e"," ","155.64"
"23/08/2025 22:00:00 - 23/08/2025 23:00:00","CTA|IE","183.66","n/e"," ","219.14"
"23/08/2025 23:00:00 - 24/08/2025 00:00:00","CTA|IE","208.19","n/e"," ","277.61"
"24/08/2025 00:00:00 - 24/08/2025 01:00:00","CTA|IE","227.19","n/e"," ","351.42"
"24/08/2025 01:00:00 - 24/08/2025 02:00:00","CTA|IE","199.41","n/e"," ","405.33"
"24/08/2025 02:00:00 - 24/08/2025 03:00:00","CTA|IE","185.65","n/e"," ","495.73"
"24/08/2025 03:00:00 - 24/08/2025 04:00:00","CTA|IE","170.94","n/e"," ","611.30"
"24/08/2025 04:00:00 - 24/08/2025 05:00:00","CTA|IE","181.78","n/e"," ","593.49"
"24/08/2025 05:00:00 - 24/08/2025 06:00:00","CTA|IE","232.60","n/e"," ","622.63"
"24/08/2025 06:00:00 - 24/08/2025 07:00:00","CTA|IE","288.84","n/e"," ","585.39"
"24/08/2025 07:00:00 - 24/08/2025 08:00:00","CTA|IE","351.58","n/e"," ","565.87"
"24/08/2025 08:00:00 - 24/08/2025 09:00:00","CTA|IE","412.88","n/e"," ","580.97"
"24/08/2025 09:00:00 - 24/08/2025 10:00:00","CTA|IE","441.28","n/e"," ","517.83"
"24/08/2025 10:00:00 - 24/08/2025 11:00:00","CTA|IE","448.88","n/e"," ","468.65"
"24/08/2025 11:00:00 - 24/08/2025 12:00:00","CTA|IE","504.14","n/e"," ","570.73"
"24/08/2025 12:00:00 - 24/08/2025 13:00:00","CTA|IE","578.29","n/e"," ","622.82"
"24/08/2025 13:00:00 - 24/08/2025 14:00:00","CTA|IE","655.25","n/e"," ","764.52"
"24/08/2025 14:00:00 - 24/08/2025 15:00:00","CTA|IE","724.57","n/e"," ","926.54"
"24/08/2025 15:00:00 - 24/08/2025 16:00:00","CTA|IE","780.48","n/e"," ","1083.63"
"24/08/2025 16:00:00 - 24/08/2025 17:00:00","CTA|IE","823.24","n/e"," ","1086.73"
"24/08/2025 17:00:00 - 24/08/2025 18:00:00","CTA|IE","843.05","n/e"," ","1137.38"
"24/08/2025 18:00:00 - 24/08/2025 19:00:00","CTA|IE","837.76","n/e"," ","1134.34"
"24/08/2025 19:00:00 - 24/08/2025 20:00:00","CTA|IE","802.03","n/e"," ","1143.53"
"24/08/2025 20:00:00 - 24/08/2025 21:00:00","CTA|IE","723.18","n/e"," ","1032.18"
"24/08/2025 21:00:00 - 24/08/2025 22:00:00","CTA|IE","626.68","n/e"," ","1006.81"
"24/08/2025 22:00:00 - 24/08/2025 23:00:00","CTA|IE","553.41","n/e"," ","1171.98"
"24/08/2025 23:00:00 - 25/08/2025 00:00:00","CTA|IE","543.88","n/e"," ","1368.48"
"25/08/2025 00:00:00 - 25/08/2025 01:00:00","CTA|IE","564.39","n/e"," ","1451.34"
"25/08/2025 01:00:00 - 25/08/2025 02:00:00","CTA|IE","978.33","n/e"," ","1544.11"
"25/08/2025 02:00:00 - 25/08/2025 03:00:00","CTA|IE","1112.64","n/e"," ","1652.85"
"25/08/2025 03:00:00 - 25/08/2025 04:00:00","CTA|IE","1246.53","n/e"," ","1754.87"
"25/08/2025 04:00:00 - 25/08/2025 05:00:00","CTA|IE","1411.55","n/e"," ","1977.26"
"25/08/2025 05:00:00 - 25/08/2025 06:00:00","CTA|IE","1579.28","n/e"," ","1949.26"
"25/08/2025 06:00:00 - 25/08/2025 07:00:00","CTA|IE","1698.26","n/e"," ","1963.99"
"25/08/2025 07:00:00 - 25/08/2025 08:00:00","CTA|IE","1867.52","n/e"," ","1950.09"
"25/08/2025 08:00:00 - 25/08/2025 09:00:00","CTA|IE","2071.06","n/e"," ","2114.72"
"25/08/2025 09:00:00 - 25/08/2025 10:00:00","CTA|IE","2238.23","n/e"," ","2168.84"
"25/08/2025 10:00:00 - 25/08/2025 11:00:00","CTA|IE","2407.72","n/e"," ","2152.39"
"25/08/2025 11:00:00 - 25/08/2025 12:00:00","CTA|IE","2674.66","n/e"," ","2229.68"
"25/08/2025 12:00:00 - 25/08/2025 13:00:00","CTA|IE","2970.39","n/e"," ","2202.54"
"25/08/2025 13:00:00 - 25/08/2025 14:00:00","CTA|IE","3203.92","n/e"," ","2220.03"
"25/08/2025 14:00:00 - 25/08/2025 15:00:00","CTA|IE","3356.80","n/e"," ","2139.90"
"25/08/2025 15:00:00 - 25/08/2025 16:00:00","CTA|IE","3423.53","n/e"," ","2106.69"
"25/08/2025 16:00:00 - 25/08/2025 17:00:00","CTA|IE","3401.22","n/e"," ","1984.94"
"25/08/2025 17:00:00 - 25/08/2025 18:00:00","CTA|IE","3316.47","n/e"," ","1931.73"
"25/08/2025 18:00:00 - 25/08/2025 19:00:00","CTA|IE","3208.41","n/e"," ","2023.59"
"25/08/2025 19:00:00 - 25/08/2025 20:00:00","CTA|IE","3076.63","n/e"," ","2070.13"
"25/08/2025 20:00:00 - 25/08/2025 21:00:00","CTA|IE","2906.33","n/e"," ","1818.28"
"25/08/2025 21:00:00 - 25/08/2025 22:00:00","CTA|IE","2690.35","n/e"," ","1701.01"
"25/08/2025 22:00:00 - 25/08/2025 23:00:00","CTA|IE","2496.62","n/e"," ","1550.57"
"25/08/2025 23:00:00 - 26/08/2025 00:00:00","CTA|IE","2413.68","n/e"," ","1596.52"
"26/08/2025 00:00:00 - 26/08/2025 01:00:00","CTA|IE","2405.31","n/e"," ","1632.60"
"26/08/2025 01:00:00 - 26/08/2025 02:00:00","CTA|IE","2171.76","n/e"," ","1743.23"
"26/08/2025 02:00:00 - 26/08/2025 03:00:00","CTA|IE","2099.21","n/e"," ","1775.49"
"26/08/2025 03:00:00 - 26/08/2025 04:00:00","CTA|IE","2065.19","n/e"," ","1724.34"
"26/08/2025 04:00:00 - 26/08/2025 05:00:00","CTA|IE","2002.51","n/e"," ","1624.87"
"26/08/2025 05:00:00 - 26/08/2025 06:00:00","CTA|IE","1956.20","n/e"," ","1655.12"
"26/08/2025 06:00:00 - 26/08/2025 07:00:00","CTA|IE","1929.38","n/e"," ","1568.07"
"26/08/2025 07:00:00 - 26/08/2025 08:00:00","CTA|IE","1977.46","n/e"," ","1501.85"
"26/08/2025 08:00:00 - 26/08/2025 09:00:00","CTA|IE","2023.65","n/e"," ","1462.79"
"26/08/2025 09:00:00 - 26/08/2025 10:00:00","CTA|IE","2071.19","n/e"," ","1431.63"
"26/08/2025 10:00:00 - 26/08/2025 11:00:00","CTA|IE","2116.61","n/e"," ","1448.67"
"26/08/2025 11:00:00 - 26/08/2025 12:00:00","CTA|IE","2157.53","n/e"," ","1850.69"
"26/08/2025 12:00:00 - 26/08/2025 13:00:00","CTA|IE","2156.19","n/e"," ","1952.53"
"26/08/2025 13:00:00 - 26/08/2025 14:00:00","CTA|IE","2126.00","n/e"," ","1919.06"
"26/08/2025 14:00:00 - 26/08/2025 15:00:00","CTA|IE","2117.60","n/e"," ","1901.55"
"26/08/2025 15:00:00 - 26/08/2025 16:00:00","CTA|IE","2122.50","n/e"," ","1816.44"
"26/08/2025 16:00:00 - 26/08/2025 17:00:00","CTA|IE","2069.67","n/e"," ","1791.45"
"26/08/2025 17:00:00 - 26/08/2025 18:00:00","CTA|IE","1937.50","n/e"," ","1670.18"
"26/08/2025 18:00:00 - 26/08/2025 19:00:00","CTA|IE","1754.20","n/e"," ","1401.10"
"26/08/2025 19:00:00 - 26/08/2025 20:00:00","CTA|IE","1558.33","n/e"," ","1346.28"
"26/08/2025 20:00:00 - 26/08/2025 21:00:00","CTA|IE","1388.68","n/e"," ","1208.58"
"26/08/2025 21:00:00 - 26/08/2025 22:00:00","CTA|IE","1227.02","n/e"," ","1213.69"
"26/08/2025 22:00:00 - 26/08/2025 23:00:00","CTA|IE","1101.97","n/e"," ","1209.12"
"26/08/2025 23:00:00 - 27/08/2025 00:00:00","CTA|IE","1036.75","n/e"," ","1309.89"
"27/08/2025 00:00:00 - 27/08/2025 01:00:00","CTA|IE","985.29","n/e"," ","1570.93"
"27/08/2025 01:00:00 - 27/08/2025 02:00:00","CTA|IE","1251.92","n/e"," ","1706.59"
"27/08/2025 02:00:00 - 27/08/2025 03:00:00","CTA|IE","1406.57","n/e"," ","1882.07"
"27/08/2025 03:00:00 - 27/08/2025 04:00:00","CTA|IE","1552.13","n/e"," ","1845.86"
"27/08/2025 04:00:00 - 27/08/2025 05:00:00","CTA|IE","1543.03","n/e"," ","1715.51"
"27/08/2025 05:00:00 - 27/08/2025 06:00:00","CTA|IE","1452.44","n/e"," ","1668.84"
"27/08/2025 06:00:00 - 27/08/2025 07:00:00","CTA|IE","1474.01","n/e"," ","1784.84"
"27/08/2025 07:00:00 - 27/08/2025 08:00:00","CTA|IE","1482.00","n/e"," ","1508.61"
"27/08/2025 08:00:00 - 27/08/2025 09:00:00","CTA|IE","1438.69","n/e"," ","1343.01"
"27/08/2025 09:00:00 - 27/08/2025 10:00:00","CTA|IE","1328.17","n/e"," ","1135.03"
"27/08/2025 10:00:00 - 27/08/2025 11:00:00","CTA|IE","1241.36","n/e"," ","1080.58"
"27/08/2025 11:00:00 - 27/08/2025 12:00:00","CTA|IE","1234.41","n/e"," ","1345.95"
"27/08/2025 12:00:00 - 27/08/2025 13:00:00","CTA|IE","1301.48","n/e"," ","1497.00"
"27/08/2025 13:00:00 - 27/08/2025 14:00:00","CTA|IE","1418.22","n/e"," ","1765.04"
"27/08/2025 14:00:00 - 27/08/2025 15:00:00","CTA|IE","1570.88","n/e"," ","1816.43"
"27/08/2025 15:00:00 - 27/08/2025 16:00:00","CTA|IE","1725.37","n/e"," ","1863.99"
"27/08/2025 16:00:00 - 27/08/2025 17:00:00","CTA|IE","1784.33","n/e"," ","1962.09"
"27/08/2025 17:00:00 - 27/08/2025 18:00:00","CTA|IE","1744.06","n/e"," ","2004.02"
"27/08/2025 18:00:00 - 27/08/2025 19:00:00","CTA|IE","1641.99","n/e"," ","1862.33"
"27/08/2025 19:00:00 - 27/08/2025 20:00:00","CTA|IE","1518.88","n/e"," ","1772.42"
"27/08/2025 20:00:00 - 27/08/2025 21:00:00","CTA|IE","1404.09","n/e"," ","1676.84"
"27/08/2025 21:00:00 - 27/08/2025 22:00:00","CTA|IE","1274.15","n/e"," ","1632.79"
"27/08/2025 22:00:00 - 27/08/2025 23:00:00","CTA|IE","1175.79","n/e"," ","1523.51"
"27/08/2025 23:00:00 - 28/08/2025 00:00:00","CTA|IE","1128.06","n/e"," ","1492.93"
"28/08/2025 00:00:00 - 28/08/2025 01:00:00","CTA|IE","1118.97","n/e"," ","1535.69"
"28/08/2025 01:00:00 - 28/08/2025 02:00:00","CTA|IE","1506.47","n/e"," ","1569.34"
"28/08/2025 02:00:00 - 28/08/2025 03:00:00","CTA|IE","1513.64","n/e"," ","1514.57"
"28/08/2025 03:00:00 - 28/08/2025 04:00:00","CTA|IE","1547.08","n/e"," ","1539.90"
"28/08/2025 04:00:00 - 28/08/2025 05:00:00","CTA|IE","1568.05","n/e"," ","1606.92"
"28/08/2025 05:00:00 - 28/08/2025 06:00:00","CTA|IE","1486.29","n/e"," ","1638.78"
"28/08/2025 06:00:00 - 28/08/2025 07:00:00","CTA|IE","1479.98","n/e"," ","1673.98"
"28/08/2025 07:00:00 - 28/08/2025 08:00:00","CTA|IE","1509.52","n/e"," ","1690.74"
"28/08/2025 08:00:00 - 28/08/2025 09:00:00","CTA|IE","1528.23","n/e"," ","1730.57"
"28/08/2025 09:00:00 - 28/08/2025 10:00:00","CTA|IE","1556.92","n/e"," ","1713.70"
"28/08/2025 10:00:00 - 28/08/2025 11:00:00","CTA|IE","1574.91","n/e"," ","1712.02"
"28/08/2025 11:00:00 - 28/08/2025 12:00:00","CTA|IE","1631.78","n/e"," ","1673.08"
"28/08/2025 12:00:00 - 28/08/2025 13:00:00","CTA|IE","1716.90","n/e"," ","1786.90"
"28/08/2025 13:00:00 - 28/08/2025 14:00:00","CTA|IE","1808.24","n/e"," ","1899.75"
"28/08/2025 14:00:00 - 28/08/2025 15:00:00","CTA|IE","1902.46","n/e"," ","2008.83"
"28/08/2025 15:00:00 - 28/08/2025 16:00:00","CTA|IE","2002.31","n/e"," ","2116.24"
"28/08/2025 16:00:00 - 28/08/2025 17:00:00","CTA|IE","2053.67","n/e"," ","1946.73"
"28/08/2025 17:00:00 - 28/08/2025 18:00:00","CTA|IE","2032.04","n/e"," ","1795.15"
"28/08/2025 18:00:00 - 28/08/2025 19:00:00","CTA|IE","1963.25","n/e"," ","1649.20"
"28/08/2025 19:00:00 - 28/08/2025 20:00:00","CTA|IE","1894.96","n/e"," ","1525.32"
"28/08/2025 20:00:00 - 28/08/2025 21:00:00","CTA|IE","1835.82","n/e"," ","1439.25"
"28/08/2025 21:00:00 - 28/08/2025 22:00:00","CTA|IE","1764.39","n/e"," ","1410.05"
"28/08/2025 22:00:00 - 28/08/2025 23:00:00","CTA|IE","1760.11","n/e"," ","1429.02"
"28/08/2025 23:00:00 - 29/08/2025 00:00:00","CTA|IE","1808.71","n/e"," ","1424.16"
"29/08/2025 00:00:00 - 29/08/2025 01:00:00","CTA|IE","1858.81","n/e"," ","1624.51"
"29/08/2025 01:00:00 - 29/08/2025 02:00:00","CTA|IE","1717.83","n/e"," ","1630.61"
"29/08/2025 02:00:00 - 29/08/2025 03:00:00","CTA|IE","1656.37","n/e"," ","1592.25"
"29/08/2025 03:00:00 - 29/08/2025 04:00:00","CTA|IE","1580.22","n/e"," ","1528.66"
"29/08/2025 04:00:00 - 29/08/2025 05:00:00","CTA|IE","1545.67","n/e"," ","1560.36"
"29/08/2025 05:00:00 - 29/08/2025 06:00:00","CTA|IE","1474.35","n/e"," ","1562.95"
"29/08/2025 06:00:00 - 29/08/2025 07:00:00","CTA|IE","1390.93","n/e"," ","1630.45"
"29/08/2025 07:00:00 - 29/08/2025 08:00:00","CTA|IE","1284.87","n/e"," ","1542.14"
"29/08/2025 08:00:00 - 29/08/2025 09:00:00","CTA|IE","1206.59","n/e"," ","1591.93"
"29/08/2025 09:00:00 - 29/08/2025 10:00:00","CTA|IE","1145.35","n/e"," ","1605.87"
"29/08/2025 10:00:00 - 29/08/2025 11:00:00","CTA|IE","1110.24","n/e"," ","1737.85"
"29/08/2025 11:00:00 - 29/08/2025 12:00:00","CTA|IE","1123.52","n/e"," ","1793.72"
"29/08/2025 12:00:00 - 29/08/2025 13:00:00","CTA|IE","1191.99","n/e"," ","1854.39"
"29/08/2025 13:00:00 - 29/08/2025 14:00:00","CTA|IE","1279.33","n/e"," ","1988.64"
"29/08/2025 14:00:00 - 29/08/2025 15:00:00","CTA|IE","1358.55","n/e"," ","2000.57"
"29/08/2025 15:00:00 - 29/08/2025 16:00:00","CTA|IE","1429.85","n/e"," ","1957.42"
"29/08/2025 16:00:00 - 29/08/2025 17:00:00","CTA|IE","1462.11","n/e"," ","1934.24"
"29/08/2025 17:00:00 - 29/08/2025 18:00:00","CTA|IE","1435.96","n/e"," ","1822.13"
"29/08/2025 18:00:00 - 29/08/2025 19:00:00","CTA|IE","1396.24","n/e"," ","1760.73"
"29/08/2025 19:00:00 - 29/08/2025 20:00:00","CTA|IE","1268.42","n/e"," ","1430.69"
"29/08/2025 20:00:00 - 29/08/2025 21:00:00","CTA|IE","1104.22","n/e"," ","1284.24"
"29/08/2025 21:00:00 - 29/08/2025 22:00:00","CTA|IE","930.51","n/e"," ","1104.15"
"29/08/2025 22:00:00 - 29/08/2025 23:00:00","CTA|IE","797.08","n/e"," ","899.86"
"29/08/2025 23:00:00 - 30/08/2025 00:00:00","CTA|IE","732.04","n/e"," ","789.98"
"30/08/2025 00:00:00 - 30/08/2025 01:00:00","CTA|IE","705.29","n/e"," ","603.35"
"30/08/2025 01:00:00 - 30/08/2025 02:00:00","CTA|IE","561.90","n/e"," ","429.62"
"30/08/2025 02:00:00 - 30/08/2025 03:00:00","CTA|IE","471.44","n/e"," ","377.21"
"30/08/2025 03:00:00 - 30/08/2025 04:00:00","CTA|IE","415.28","n/e"," ","339.52"
"30/08/2025 04:00:00 - 30/08/2025 05:00:00","CTA|IE","421.68","n/e"," ","421.73"
"30/08/2025 05:00:00 - 30/08/2025 06:00:00","CTA|IE","558.45","n/e"," ","702.57"
"30/08/2025 06:00:00 - 30/08/2025 07:00:00","CTA|IE","714.95","n/e"," ","1076.25"
"30/08/2025 07:00:00 - 30/08/2025 08:00:00","CTA|IE","976.98","n/e"," ","1525.08"
"30/08/2025 08:00:00 - 30/08/2025 09:00:00","CTA|IE","1437.58","n/e"," ","2019.25"
"30/08/2025 09:00:00 - 30/08/2025 10:00:00","CTA|IE","2054.03","n/e"," ","2292.47"
"30/08/2025 10:00:00 - 30/08/2025 11:00:00","CTA|IE","2657.41","n/e"," ","2716.72"
"30/08/2025 11:00:00 - 30/08/2025 12:00:00","CTA|IE","3155.79","n/e"," ","2909.34"
"30/08/2025 12:00:00 - 30/08/2025 13:00:00","CTA|IE","3521.84","n/e"," ","3005.64"
"30/08/2025 13:00:00 - 30/08/2025 14:00:00","CTA|IE","3678.89","n/e"," ","3049.90"
"30/08/2025 14:00:00 - 30/08/2025 15:00:00","CTA|IE","3691.59","n/e"," ","2879.45"
"30/08/2025 15:00:00 - 30/08/2025 16:00:00","CTA|IE","3655.37","n/e"," ","2719.59"
"30/08/2025 16:00:00 - 30/08/2025 17:00:00","CTA|IE","3590.35","n/e"," ","2667.08"
"30/08/2025 17:00:00 - 30/08/2025 18:00:00","CTA|IE","3569.97","n/e"," ","2674.77"
"30/08/2025 18:00:00 - 30/08/2025 19:00:00","CTA|IE","3546.07","n/e"," ","2780.53"
"30/08/2025 19:00:00 - 30/08/2025 20:00:00","CTA|IE","3515.18","n/e"," ","2822.91"
"30/08/2025 20:00:00 - 30/08/2025 21:00:00","CTA|IE","3449.69","n/e"," ","2766.90"
"30/08/2025 21:00:00 - 30/08/2025 22:00:00","CTA|IE","3409.98","n/e"," ","2638.08"
"30/08/2025 22:00:00 - 30/08/2025 23:00:00","CTA|IE","3406.78","n/e"," ","2457.48"
"30/08/2025 23:00:00 - 31/08/2025 00:00:00","CTA|IE","3425.58","n/e"," ","2267.32"
"31/08/2025 00:00:00 - 31/08/2025 01:00:00","CTA|IE","3430.47","n/e"," ","2197.91"
"31/08/2025 01:00:00 - 31/08/2025 02:00:00","CTA|IE","3176.27","n/e"," ","2151.97"
"31/08/2025 02:00:00 - 31/08/2025 03:00:00","CTA|IE","3262.03","n/e"," ","1962.28"
"31/08/2025 03:00:00 - 31/08/2025 04:00:00","CTA|IE","3355.28","n/e"," ","1758.27"
"31/08/2025 04:00:00 - 31/08/2025 05:00:00","CTA|IE","3389.06","n/e"," ","1760.02"
"31/08/2025 05:00:00 - 31/08/2025 06:00:00","CTA|IE","3348.91","n/e"," ","1622.93"
"31/08/2025 06:00:00 - 31/08/2025 07:00:00","CTA|IE","3341.49","n/e"," ","1739.05"
"31/08/2025 07:00:00 - 31/08/2025 08:00:00","CTA|IE","3353.59","n/e"," ","1828.99"
"31/08/2025 08:00:00 - 31/08/2025 09:00:00","CTA|IE","3388.19","n/e"," ","2017.33"
"31/08/2025 09:00:00 - 31/08/2025 10:00:00","CTA|IE","3462.88","n/e"," ","2085.75"
"31/08/2025 10:00:00 - 31/08/2025 11:00:00","CTA|IE","3503.21","n/e"," ","1947.04"
"31/08/2025 11:00:00 - 31/08/2025 12:00:00","CTA|IE","3503.66","n/e"," ","1851.10"
"31/08/2025 12:00:00 - 31/08/2025 13:00:00","CTA|IE","3469.35","n/e"," ","1996.82"
"31/08/2025 13:00:00 - 31/08/2025 14:00:00","CTA|IE","3416.27","n/e"," ","1961.73"
"31/08/2025 14:00:00 - 31/08/2025 15:00:00","CTA|IE","3370.71","n/e"," ","1908.89"
"31/08/2025 15:00:00 - 31/08/2025 16:00:00","CTA|IE","3315.71","n/e"," ","1900.38"
"31/08/2025 16:00:00 - 31/08/2025 17:00:00","CTA|IE","3206.38","n/e"," ","2173.41"
"31/08/2025 17:00:00 - 31/08/2025 18:00:00","CTA|IE","3064.58","n/e"," ","2513.59"
"31/08/2025 18:00:00 - 31/08/2025 19:00:00","CTA|IE","2934.08","n/e"," ","2456.52"
"31/08/2025 19:00:00 - 31/08/2025 20:00:00","CTA|IE","2890.68","n/e"," ","2186.68"
"31/08/2025 20:00:00 - 31/08/2025 21:00:00","CTA|IE","2807.76","n/e"," ","2119.42"
"31/08/2025 21:00:00 - 31/08/2025 22:00:00","CTA|IE","2749.96","n/e"," ","1938.21"
"31/08/2025 22:00:00 - 31/08/2025 23:00:00","CTA|IE","2715.72","n/e"," ","1776.80"
"31/08/2025 23:00:00 - 01/09/2025 00:00:00","CTA|IE","2711.39","n/e"," ","1616.43"
"01/09/2025 00:00:00 - 01/09/2025 01:00:00","CTA|IE","2741.88","n/e"," ","1285.41"
"01/09/2025 01:00:00 - 01/09/2025 02:00:00","CTA|IE","1806.53","n/e"," ","1269.08"
"01/09/2025 02:00:00 - 01/09/2025 03:00:00","CTA|IE","2011.55","n/e"," ","1510.80"
"01/09/2025 03:00:00 - 01/09/2025 04:00:00","CTA|IE","2134.55","n/e"," ","1579.04"
"01/09/2025 04:00:00 - 01/09/2025 05:00:00","CTA|IE","2276.56","n/e"," ","1598.84"
"01/09/2025 05:00:00 - 01/09/2025 06:00:00","CTA|IE","2413.24","n/e"," ","1638.50"
"01/09/2025 06:00:00 - 01/09/2025 07:00:00","CTA|IE","2451.76","n/e"," ","1574.94"
"01/09/2025 07:00:00 - 01/09/2025 08:00:00","CTA|IE","2467.73","n/e"," ","1646.51"
"01/09/2025 08:00:00 - 01/09/2025 09:00:00","CTA|IE","2567.89","n/e"," ","2046.56"
"01/09/2025 09:00:00 - 01/09/2025 10:00:00","CTA|IE","2589.61","n/e"," ","2182.08"
"01/09/2025 10:00:00 - 01/09/2025 11:00:00","CTA|IE","2643.23","n/e"," ","2177.30"
"01/09/2025 11:00:00 - 01/09/2025 12:00:00","CTA|IE","2659.89","n/e"," ","2112.06"
"01/09/2025 12:00:00 - 01/09/2025 13:00:00","CTA|IE","2659.00","n/e"," ","2006.29"
"01/09/2025 13:00:00 - 01/09/2025 14:00:00","CTA|IE","2553.68","n/e"," ","1952.51"
"01/09/2025 14:00:00 - 01/09/2025 15:00:00","CTA|IE","2631.01","n/e"," ","1879.91"
"01/09/2025 15:00:00 - 01/09/2025 16:00:00","CTA|IE","2528.64","n/e"," ","1852.82"
"01/09/2025 16:00:00 - 01/09/2025 17:00:00","CTA|IE","2394.85","n/e"," ","1958.80"
"01/09/2025 17:00:00 - 01/09/2025 18:00:00","CTA|IE","2283.50","n/e"," ","1930.85"
"01/09/2025 18:00:00 - 01/09/2025 19:00:00","CTA|IE","2167.75","n/e"," ","1944.67"
"01/09/2025 19:00:00 - 01/09/2025 20:00:00","CTA|IE","1895.03","n/e"," ","1750.21"
"01/09/2025 20:00:00 - 01/09/2025 21:00:00","CTA|IE","1606.42","n/e"," ","1481.80"
"01/09/2025 21:00:00 - 01/09/2025 22:00:00","CTA|IE","1364.99","n/e"," ","1173.42"
"01/09/2025 22:00:00 - 01/09/2025 23:00:00","CTA|IE","1168.29","n/e"," ","975.67"
"01/09/2025 23:00:00 - 02/09/2025 00:00:00","CTA|IE","1001.09","n/e"," ","819.73"
"02/09/2025 00:00:00 - 02/09/2025 01:00:00","CTA|IE","871.33","n/e"," ","709.87"
"02/09/2025 01:00:00 - 02/09/2025 02:00:00","CTA|IE","737.00","n/e"," ","669.07"
"02/09/2025 02:00:00 - 02/09/2025 03:00:00","CTA|IE","534.11","n/e"," ","619.01"
"02/09/2025 03:00:00 - 02/09/2025 04:00:00","CTA|IE","422.42","n/e"," ","440.89"
"02/09/2025 04:00:00 - 02/09/2025 05:00:00","CTA|IE","351.95","n/e"," ","302.61"
"02/09/2025 05:00:00 - 02/09/2025 06:00:00","CTA|IE","288.94","n/e"," ","250.90"
"02/09/2025 06:00:00 - 02/09/2025 07:00:00","CTA|IE","237.64","n/e"," ","329.18"
"02/09/2025 07:00:00 - 02/09/2025 08:00:00","CTA|IE","213.30","n/e"," ","296.86"
"02/09/2025 08:00:00 - 02/09/2025 09:00:00","CTA|IE","221.24","n/e"," ","236.68"
"02/09/2025 09:00:00 - 02/09/2025 10:00:00","CTA|IE","214.32","n/e"," ","242.77"
"02/09/2025 10:00:00 - 02/09/2025 11:00:00","CTA|IE","198.86","n/e"," ","288.03"
"02/09/2025 11:00:00 - 02/09/2025 12:00:00","CTA|IE","209.65","n/e"," ","209.19"
"02/09/2025 12:00:00 - 02/09/2025 13:00:00","CTA|IE","240.47","n/e"," ","262.60"
"02/09/2025 13:00:00 - 02/09/2025 14:00:00","CTA|IE","241.08","n/e"," ","313.77"
"02/09/2025 14:00:00 - 02/09/2025 15:00:00","CTA|IE","285.77","n/e"," ","333.74"
"02/09/2025 15:00:00 - 02/09/2025 16:00:00","CTA|IE","300.63","n/e"," ","383.37"
"02/09/2025 16:00:00 - 02/09/2025 17:00:00","CTA|IE","335.82","n/e"," ","416.14"
"02/09/2025 17:00:00 - 02/09/2025 18:00:00","CTA|IE","391.63","n/e"," ","370.11"
"02/09/2025 18:00:00 - 02/09/2025 19:00:00","CTA|IE","419.34","n/e"," ","262.36"
"02/09/2025 19:00:00 - 02/09/2025 20:00:00","CTA|IE","433.51","n/e"," ","312.84"
"02/09/2025 20:00:00 - 02/09/2025 21:00:00","CTA|IE","474.23","n/e"," ","349.53"
"02/09/2025 21:00:00 - 02/09/2025 22:00:00","CTA|IE","515.64","n/e"," ","470.42"
"02/09/2025 22:00:00 - 02/09/2025 23:00:00","CTA|IE","559.25","n/e"," ","517.19"
"02/09/2025 23:00:00 - 03/09/2025 00:00:00","CTA|IE","624.75","n/e"," ","495.98"
"03/09/2025 00:00:00 - 03/09/2025 01:00:00","CTA|IE","638.70","n/e"," ","528.74"
"03/09/2025 01:00:00 - 03/09/2025 02:00:00","CTA|IE","588.39","n/e"," ","511.29"
"03/09/2025 02:00:00 - 03/09/2025 03:00:00","CTA|IE","448.20","n/e"," ","464.24"
"03/09/2025 03:00:00 - 03/09/2025 04:00:00","CTA|IE","432.02","n/e"," ","413.66"
"03/09/2025 04:00:00 - 03/09/2025 05:00:00","CTA|IE","418.65","n/e"," ","359.38"
"03/09/2025 05:00:00 - 03/09/2025 06:00:00","CTA|IE","384.29","n/e"," ","333.66"
"03/09/2025 06:00:00 - 03/09/2025 07:00:00","CTA|IE","351.51","n/e"," ","293.15"
"03/09/2025 07:00:00 - 03/09/2025 08:00:00","CTA|IE","367.71","n/e"," ","319.10"
"03/09/2025 08:00:00 - 03/09/2025 09:00:00","CTA|IE","439.36","n/e"," ","475.37"
"03/09/2025 09:00:00 - 03/09/2025 10:00:00","CTA|IE","657.99","n/e"," ","675.72"
"03/09/2025 10:00:00 - 03/09/2025 11:00:00","CTA|IE","952.09","n/e"," ","974.17"
"03/09/2025 11:00:00 - 03/09/2025 12:00:00","CTA|IE","1180.95","n/e"," ","1224.57"
"03/09/2025 12:00:00 - 03/09/2025 13:00:00","CTA|IE","1313.03","n/e"," ","1357.28"
"03/09/2025 13:00:00 - 03/09/2025 14:00:00","CTA|IE","1452.27","n/e"," ","1393.38"
"03/09/2025 14:00:00 - 03/09/2025 15:00:00","CTA|IE","1501.18","n/e"," ","1507.53"
"03/09/2025 15:00:00 - 03/09/2025 16:00:00","CTA|IE","1437.72","n/e"," ","1501.84"
"03/09/2025 16:00:00 - 03/09/2025 17:00:00","CTA|IE","1310.88","n/e"," ","1534.52"
"03/09/2025 17:00:00 - 03/09/2025 18:00:00","CTA|IE","1243.84","n/e"," ","1424.35"
"03/09/2025 18:00:00 - 03/09/2025 19:00:00","CTA|IE","1174.17","n/e"," ","1155.46"
"03/09/2025 19:00:00 - 03/09/2025 20:00:00","CTA|IE","1001.78","n/e"," ","961.86"
"03/09/2025 20:00:00 - 03/09/2025 21:00:00","CTA|IE","700.42","n/e"," ","747.44"
"03/09/2025 21:00:00 - 03/09/2025 22:00:00","CTA|IE","527.85","n/e"," ","528.07"
"03/09/2025 22:00:00 - 03/09/2025 23:00:00","CTA|IE","421.06","n/e"," ","475.59"
"03/09/2025 23:00:00 - 04/09/2025 00:00:00","CTA|IE","409.28","n/e"," ","408.33"
"04/09/2025 00:00:00 - 04/09/2025 01:00:00","CTA|IE","440.36","n/e"," ","368.97"
"04/09/2025 01:00:00 - 04/09/2025 02:00:00","CTA|IE","453.12","n/e"," ","397.44"
"04/09/2025 02:00:00 - 04/09/2025 03:00:00","CTA|IE","392.70","n/e"," ","431.97"
"04/09/2025 03:00:00 - 04/09/2025 04:00:00","CTA|IE","459.29","n/e"," ","545.50"
"04/09/2025 04:00:00 - 04/09/2025 05:00:00","CTA|IE","536.18","n/e"," ","628.66"
"04/09/2025 05:00:00 - 04/09/2025 06:00:00","CTA|IE","609.92","n/e"," ","685.10"
"04/09/2025 06:00:00 - 04/09/2025 07:00:00","CTA|IE","627.52","n/e"," ","700.81"
"04/09/2025 07:00:00 - 04/09/2025 08:00:00","CTA|IE","637.80","n/e"," ","729.34"
"04/09/2025 08:00:00 - 04/09/2025 09:00:00","CTA|IE","763.69","n/e"," ","743.35"
"04/09/2025 09:00:00 - 04/09/2025 10:00:00","CTA|IE","798.52","n/e"," ","676.16"
"04/09/2025 10:00:00 - 04/09/2025 11:00:00","CTA|IE","820.79","n/e"," ","518.31"
"04/09/2025 11:00:00 - 04/09/2025 12:00:00","CTA|IE","874.40","n/e"," ","668.36"
"04/09/2025 12:00:00 - 04/09/2025 13:00:00","CTA|IE","960.51","n/e"," ","922.73"
"04/09/2025 13:00:00 - 04/09/2025 14:00:00","CTA|IE","1058.34","n/e"," ","995.86"
"04/09/2025 14:00:00 - 04/09/2025 15:00:00","CTA|IE","1308.78","n/e"," ","1240.40"
"04/09/2025 15:00:00 - 04/09/2025 16:00:00","CTA|IE","1414.37","n/e"," ","1352.07"
"04/09/2025 16:00:00 - 04/09/2025 17:00:00","CTA|IE","1454.56","n/e"," ","1440.63"
"04/09/2025 17:00:00 - 04/09/2025 18:00:00","CTA|IE","1456.46","n/e"," ","1538.53"
"04/09/2025 18:00:00 - 04/09/2025 19:00:00","CTA|IE","1416.39","n/e"," ","1574.51"
"04/09/2025 19:00:00 - 04/09/2025 20:00:00","CTA|IE","1310.68","n/e"," ","1519.07"
"04/09/2025 20:00:00 - 04/09/2025 21:00:00","CTA|IE","1151.98","n/e"," ","1274.28"
"04/09/2025 21:00:00 - 04/09/2025 22:00:00","CTA|IE","1046.90","n/e"," ","1129.87"
"04/09/2025 22:00:00 - 04/09/2025 23:00:00","CTA|IE","967.64","n/e"," ","1015.54"
"04/09/2025 23:00:00 - 05/09/2025 00:00:00","CTA|IE","920.53","n/e"," ","955.59"
"05/09/2025 00:00:00 - 05/09/2025 01:00:00","CTA|IE","881.92","n/e"," ","823.85"
"05/09/2025 01:00:00 - 05/09/2025 02:00:00","CTA|IE","848.60","n/e"," ","791.69"
"05/09/2025 02:00:00 - 05/09/2025 03:00:00","CTA|IE","979.79","n/e"," ","966.65"
"05/09/2025 03:00:00 - 05/09/2025 04:00:00","CTA|IE","990.11","n/e"," ","1038.62"
"05/09/2025 04:00:00 - 05/09/2025 05:00:00","CTA|IE","871.97","n/e"," ","931.58"
"05/09/2025 05:00:00 - 05/09/2025 06:00:00","CTA|IE","748.59","n/e"," ","809.61"
"05/09/2025 06:00:00 - 05/09/2025 07:00:00","CTA|IE","676.73","n/e"," ","611.19"
"05/09/2025 07:00:00 - 05/09/2025 08:00:00","CTA|IE","663.70","n/e"," ","539.60"
"05/09/2025 08:00:00 - 05/09/2025 09:00:00","CTA|IE","628.09","n/e"," ","537.60"
"05/09/2025 09:00:00 - 05/09/2025 10:00:00","CTA|IE","621.68","n/e"," ","427.66"
"05/09/2025 10:00:00 - 05/09/2025 11:00:00","CTA|IE","571.40","n/e"," ","428.69"
"05/09/2025 11:00:00 - 05/09/2025 12:00:00","CTA|IE","565.65","n/e"," ","467.63"
"05/09/2025 12:00:00 - 05/09/2025 13:00:00","CTA|IE","590.92","n/e"," ","564.09"
"05/09/2025 13:00:00 - 05/09/2025 14:00:00","CTA|IE","620.01","n/e"," ","655.58"
"05/09/2025 14:00:00 - 05/09/2025 15:00:00","CTA|IE","659.36","n/e"," ","689.84"
"05/09/2025 15:00:00 - 05/09/2025 16:00:00","CTA|IE","671.93","n/e"," ","802.39"
"05/09/2025 16:00:00 - 05/09/2025 17:00:00","CTA|IE","663.18","n/e"," ","824.10"
"05/09/2025 17:00:00 - 05/09/2025 18:00:00","CTA|IE","694.75","n/e"," ","811.40"
"05/09/2025 18:00:00 - 05/09/2025 19:00:00","CTA|IE","710.66","n/e"," ","788.42"
"05/09/2025 19:00:00 - 05/09/2025 20:00:00","CTA|IE","697.95","n/e"," ","651.61"
"05/09/2025 20:00:00 - 05/09/2025 21:00:00","CTA|IE","679.28","n/e"," ","620.48"
"05/09/2025 21:00:00 - 05/09/2025 22:00:00","CTA|IE","705.38","n/e"," ","666.54"
"05/09/2025 22:00:00 - 05/09/2025 23:00:00","CTA|IE","794.64","n/e"," ","756.66"
"05/09/2025 23:00:00 - 06/09/2025 00:00:00","CTA|IE","939.60","n/e"," ","855.20"
"06/09/2025 00:00:00 - 06/09/2025 01:00:00","CTA|IE","1060.58","n/e"," ","1029.09"
"06/09/2025 01:00:00 - 06/09/2025 02:00:00","CTA|IE","1157.03","n/e"," ","1139.11"
"06/09/2025 02:00:00 - 06/09/2025 03:00:00","CTA|IE","1178.37","n/e"," ","1278.83"
"06/09/2025 03:00:00 - 06/09/2025 04:00:00","CTA|IE","1325.31","n/e"," ","1477.70"
"06/09/2025 04:00:00 - 06/09/2025 05:00:00","CTA|IE","1549.80","n/e"," ","1657.52"
"06/09/2025 05:00:00 - 06/09/2025 06:00:00","CTA|IE","1811.48","n/e"," ","1779.43"
"06/09/2025 06:00:00 - 06/09/2025 07:00:00","CTA|IE","2046.02","n/e"," ","1746.99"
"06/09/2025 07:00:00 - 06/09/2025 08:00:00","CTA|IE","2242.21","n/e"," ","1641.10"
"06/09/2025 08:00:00 - 06/09/2025 09:00:00","CTA|IE","2321.68","n/e"," ","1921.21"
"06/09/2025 09:00:00 - 06/09/2025 10:00:00","CTA|IE","2500.51","n/e"," ","2312.41"
"06/09/2025 10:00:00 - 06/09/2025 11:00:00","CTA|IE","2713.10","n/e"," ","2522.51"
"06/09/2025 11:00:00 - 06/09/2025 12:00:00","CTA|IE","2920.69","n/e"," ","2500.07"
"06/09/2025 12:00:00 - 06/09/2025 13:00:00","CTA|IE","3034.14","n/e"," ","2433.42"
"06/09/2025 13:00:00 - 06/09/2025 14:00:00","CTA|IE","3094.29","n/e"," ","2452.62"
"06/09/2025 14:00:00 - 06/09/2025 15:00:00","CTA|IE","3203.41","n/e"," ","2510.30"
"06/09/2025 15:00:00 - 06/09/2025 16:00:00","CTA|IE","3293.43","n/e"," ","2480.52"
"06/09/2025 16:00:00 - 06/09/2025 17:00:00","CTA|IE","3423.99","n/e"," ","2649.72"
"06/09/2025 17:00:00 - 06/09/2025 18:00:00","CTA|IE","3511.62","n/e"," ","2719.23"
"06/09/2025 18:00:00 - 06/09/2025 19:00:00","CTA|IE","3549.46","n/e"," ","2764.15"
"06/09/2025 19:00:00 - 06/09/2025 20:00:00","CTA|IE","3545.15","n/e"," ","2803.14"
"06/09/2025 20:00:00 - 06/09/2025 21:00:00","CTA|IE","3627.11","n/e"," ","2778.85"
"06/09/2025 21:00:00 - 06/09/2025 22:00:00","CTA|IE","3670.66","n/e"," ","2767.58"
"06/09/2025 22:00:00 - 06/09/2025 23:00:00","CTA|IE","3738.37","n/e"," ","2723.13"
"06/09/2025 23:00:00 - 07/09/2025 00:00:00","CTA|IE","3776.03","n/e"," ","2624.86"
"07/09/2025 00:00:00 - 07/09/2025 01:00:00","CTA|IE","3768.53","n/e"," ","2508.17"
"07/09/2025 01:00:00 - 07/09/2025 02:00:00","CTA|IE","N/A","n/e"," ","2563.46"
"07/09/2025 02:00:00 - 07/09/2025 03:00:00","CTA|IE","N/A","n/e"," ","2557.29"
"07/09/2025 03:00:00 - 07/09/2025 04:00:00","CTA|IE","N/A","n/e"," ","2459.23"
"07/09/2025 04:00:00 - 07/09/2025 05:00:00","CTA|IE","N/A","n/e"," ","2351.29"
"07/09/2025 05:00:00 - 07/09/2025 06:00:00","CTA|IE","N/A","n/e"," ","2225.64"
"07/09/2025 06:00:00 - 07/09/2025 07:00:00","CTA|IE","N/A","n/e"," ","2155.77"
"07/09/2025 07:00:00 - 07/09/2025 08:00:00","CTA|IE","N/A","n/e"," ","2038.67"
"07/09/2025 08:00:00 - 07/09/2025 09:00:00","CTA|IE","N/A","n/e"," ","1907.69"
"07/09/2025 09:00:00 - 07/09/2025 10:00:00","CTA|IE","N/A","n/e"," ","1804.05"
"07/09/2025 10:00:00 - 07/09/2025 11:00:00","CTA|IE","N/A","n/e"," ","1634.97"
"07/09/2025 11:00:00 - 07/09/2025 12:00:00","CTA|IE","N/A","n/e"," ","1504.87"
"07/09/2025 12:00:00 - 07/09/2025 13:00:00","CTA|IE","N/A","n/e"," ","1472.26"
"07/09/2025 13:00:00 - 07/09/2025 14:00:00","CTA|IE","N/A","n/e"," ","1427.76"
"07/09/2025 14:00:00 - 07/09/2025 15:00:00","CTA|IE","N/A","n/e"," ","1349.96"
"07/09/2025 15:00:00 - 07/09/2025 16:00:00","CTA|IE","N/A","n/e"," ","1300.79"
"07/09/2025 16:00:00 - 07/09/2025 17:00:00","CTA|IE","N/A","n/e"," ","1257.07"
"07/09/2025 17:00:00 - 07/09/2025 18:00:00","CTA|IE","N/A","n/e"," ","1274.38"
"07/09/2025 18:00:00 - 07/09/2025 19:00:00","CTA|IE","N/A","n/e"," ","1313.61"
"07/09/2025 19:00:00 - 07/09/2025 20:00:00","CTA|IE","N/A","n/e"," ","1236.21"
"07/09/2025 20:00:00 - 07/09/2025 21:00:00","CTA|IE","N/A","n/e"," ","1031.35"
"07/09/2025 21:00:00 - 07/09/2025 22:00:00","CTA|IE","N/A","n/e"," ","818.32"
"07/09/2025 22:00:00 - 07/09/2025 23:00:00","CTA|IE","N/A","n/e"," ","703.26"
"07/09/2025 23:00:00 - 08/09/2025 00:00:00","CTA|IE","N/A","n/e"," ","743.33"
"08/09/2025 00:00:00 - 08/09/2025 01:00:00","CTA|IE","N/A","n/e"," ","729.99"
"08/09/2025 01:00:00 - 08/09/2025 02:00:00","CTA|IE","N/A","n/e"," ","703.32"
"08/09/2025 02:00:00 - 08/09/2025 03:00:00","CTA|IE","N/A","n/e"," ","732.61"
"08/09/2025 03:00:00 - 08/09/2025 04:00:00","CTA|IE","N/A","n/e"," ","768.93"
"08/09/2025 04:00:00 - 08/09/2025 05:00:00","CTA|IE","N/A","n/e"," ","766.36"
"08/09/2025 05:00:00 - 08/09/2025 06:00:00","CTA|IE","N/A","n/e"," ","788.60"
"08/09/2025 06:00:00 - 08/09/2025 07:00:00","CTA|IE","N/A","n/e"," ","891.34"
"08/09/2025 07:00:00 - 08/09/2025 08:00:00","CTA|IE","N/A","n/e"," ","891.08"
"08/09/2025 08:00:00 - 08/09/2025 09:00:00","CTA|IE","N/A","n/e"," ","882.86"
"08/09/2025 09:00:00 - 08/09/2025 10:00:00","CTA|IE","N/A","n/e"," ","778.40"
"08/09/2025 10:00:00 - 08/09/2025 11:00:00","CTA|IE","N/A","n/e"," ","668.84"
"08/09/2025 11:00:00 - 08/09/2025 12:00:00","CTA|IE","N/A","n/e"," ","774.11"
"08/09/2025 12:00:00 - 08/09/2025 13:00:00","CTA|IE","N/A","n/e"," ","1006.04"
"08/09/2025 13:00:00 - 08/09/2025 14:00:00","CTA|IE","N/A","n/e"," ","1224.80"
"08/09/2025 14:00:00 - 08/09/2025 15:00:00","CTA|IE","N/A","n/e"," ","1296.31"
"08/09/2025 15:00:00 - 08/09/2025 16:00:00","CTA|IE","N/A","n/e"," ","1287.15"
"08/09/2025 16:00:00 - 08/09/2025 17:00:00","CTA|IE","N/A","n/e"," ","1324.64"
"08/09/2025 17:00:00 - 08/09/2025 18:00:00","CTA|IE","N/A","n/e"," ","1142.45"
"08/09/2025 18:00:00 - 08/09/2025 19:00:00","CTA|IE","N/A","n/e"," ","1093.40"
"08/09/2025 19:00:00 - 08/09/2025 20:00:00","CTA|IE","N/A","n/e"," ","1086.26"
"08/09/2025 20:00:00 - 08/09/2025 21:00:00","CTA|IE","N/A","n/e"," ","1081.71"
"08/09/2025 21:00:00 - 08/09/2025 22:00:00","CTA|IE","N/A","n/e"," ","1255.88"
"08/09/2025 22:00:00 - 08/09/2025 23:00:00","CTA|IE","N/A","n/e"," ","1417.91"
"08/09/2025 23:00:00 - 09/09/2025 00:00:00","CTA|IE","N/A","n/e"," ","1590.95"
"09/09/2025 00:00:00 - 09/09/2025 01:00:00","CTA|IE","N/A","n/e"," ","1924.40"
"09/09/2025 01:00:00 - 09/09/2025 02:00:00","CTA|IE","N/A","n/e"," ","2126.83"
"09/09/2025 02:00:00 - 09/09/2025 03:00:00","CTA|IE","N/A","n/e"," ","2216.79"
"09/09/2025 03:00:00 - 09/09/2025 04:00:00","CTA|IE","N/A","n/e"," ","2269.83"
"09/09/2025 04:00:00 - 09/09/2025 05:00:00","CTA|IE","N/A","n/e"," ","2277.73"
"09/09/2025 05:00:00 - 09/09/2025 06:00:00","CTA|IE","N/A","n/e"," ","2128.35"
"09/09/2025 06:00:00 - 09/09/2025 07:00:00","CTA|IE","N/A","n/e"," ","1976.74"
"09/09/2025 07:00:00 - 09/09/2025 08:00:00","CTA|IE","N/A","n/e"," ","1596.85"
"09/09/2025 08:00:00 - 09/09/2025 09:00:00","CTA|IE","N/A","n/e"," ","1507.61"
"09/09/2025 09:00:00 - 09/09/2025 10:00:00","CTA|IE","N/A","n/e"," ","1365.03"
"09/09/2025 10:00:00 - 09/09/2025 11:00:00","CTA|IE","N/A","n/e"," ","1255.20"
"09/09/2025 11:00:00 - 09/09/2025 12:00:00","CTA|IE","N/A","n/e"," ","1102.49"
"09/09/2025 12:00:00 - 09/09/2025 13:00:00","CTA|IE","N/A","n/e"," ","1028.91"
"09/09/2025 13:00:00 - 09/09/2025 14:00:00","CTA|IE","N/A","n/e"," ","981.91"
"09/09/2025 14:00:00 - 09/09/2025 15:00:00","CTA|IE","N/A","n/e"," ","927.82"
"09/09/2025 15:00:00 - 09/09/2025 16:00:00","CTA|IE","N/A","n/e"," ","917.57"
"09/09/2025 16:00:00 - 09/09/2025 17:00:00","CTA|IE","N/A","n/e"," ","771.44"
"09/09/2025 17:00:00 - 09/09/2025 18:00:00","CTA|IE","N/A","n/e"," ","797.47"
"09/09/2025 18:00:00 - 09/09/2025 19:00:00","CTA|IE","N/A","n/e"," ","834.80"
"09/09/2025 19:00:00 - 09/09/2025 20:00:00","CTA|IE","N/A","n/e"," ","926.92"
"09/09/2025 20:00:00 - 09/09/2025 21:00:00","CTA|IE","N/A","n/e"," ","895.13"
"09/09/2025 21:00:00 - 09/09/2025 22:00:00","CTA|IE","N/A","n/e"," ","845.13"
"09/09/2025 22:00:00 - 09/09/2025 23:00:00","CTA|IE","N/A","n/e"," ","988.25"
"09/09/2025 23:00:00 - 10/09/2025 00:00:00","CTA|IE","N/A","n/e"," ","1027.67"
"10/09/2025 00:00:00 - 10/09/2025 01:00:00","CTA|IE","N/A","n/e"," ","1105.91"
"10/09/2025 01:00:00 - 10/09/2025 02:00:00","CTA|IE","782.14","n/e"," ","925.79"
"10/09/2025 02:00:00 - 10/09/2025 03:00:00","CTA|IE","661.78","n/e"," ","896.85"
"10/09/2025 03:00:00 - 10/09/2025 04:00:00","CTA|IE","576.39","n/e"," ","850.25"
"10/09/2025 04:00:00 - 10/09/2025 05:00:00","CTA|IE","532.42","n/e"," ","793.56"
"10/09/2025 05:00:00 - 10/09/2025 06:00:00","CTA|IE","592.27","n/e"," ","879.26"
"10/09/2025 06:00:00 - 10/09/2025 07:00:00","CTA|IE","671.64","n/e"," ","860.53"
"10/09/2025 07:00:00 - 10/09/2025 08:00:00","CTA|IE","774.06","n/e"," ","880.62"
"10/09/2025 08:00:00 - 10/09/2025 09:00:00","CTA|IE","870.81","n/e"," ","970.20"
"10/09/2025 09:00:00 - 10/09/2025 10:00:00","CTA|IE","945.88","n/e"," ","1054.75"
"10/09/2025 10:00:00 - 10/09/2025 11:00:00","CTA|IE","1044.81","n/e"," ","1146.29"
"10/09/2025 11:00:00 - 10/09/2025 12:00:00","CTA|IE","1197.21","n/e"," ","1355.05"
"10/09/2025 12:00:00 - 10/09/2025 13:00:00","CTA|IE","1437.55","n/e"," ","1999.94"
"10/09/2025 13:00:00 - 10/09/2025 14:00:00","CTA|IE","1741.10","n/e"," ","2133.00"
"10/09/2025 14:00:00 - 10/09/2025 15:00:00","CTA|IE","2058.05","n/e"," ","2263.65"
"10/09/2025 15:00:00 - 10/09/2025 16:00:00","CTA|IE","2420.71","n/e"," ","2364.14"
"10/09/2025 16:00:00 - 10/09/2025 17:00:00","CTA|IE","2690.00","n/e"," ","2479.23"
"10/09/2025 17:00:00 - 10/09/2025 18:00:00","CTA|IE","2836.11","n/e"," ","2672.65"
"10/09/2025 18:00:00 - 10/09/2025 19:00:00","CTA|IE","2873.74","n/e"," ","2626.70"
"10/09/2025 19:00:00 - 10/09/2025 20:00:00","CTA|IE","2750.55","n/e"," ","2523.03"
"10/09/2025 20:00:00 - 10/09/2025 21:00:00","CTA|IE","2612.83","n/e"," ","2334.74"
"10/09/2025 21:00:00 - 10/09/2025 22:00:00","CTA|IE","2487.88","n/e"," ","2196.01"
"10/09/2025 22:00:00 - 10/09/2025 23:00:00","CTA|IE","2425.10","n/e"," ","2227.19"
"10/09/2025 23:00:00 - 11/09/2025 00:00:00","CTA|IE","2459.56","n/e"," ","2117.55"
"11/09/2025 00:00:00 - 11/09/2025 01:00:00","CTA|IE","2547.72","n/e"," ","2019.65"
"11/09/2025 01:00:00 - 11/09/2025 02:00:00","CTA|IE","2201.71","n/e"," ","1928.82"
"11/09/2025 02:00:00 - 11/09/2025 03:00:00","CTA|IE","2170.53","n/e"," ","1923.67"
"11/09/2025 03:00:00 - 11/09/2025 04:00:00","CTA|IE","2105.83","n/e"," ","1785.84"
"11/09/2025 04:00:00 - 11/09/2025 05:00:00","CTA|IE","2145.07","n/e"," ","1747.87"
"11/09/2025 05:00:00 - 11/09/2025 06:00:00","CTA|IE","2246.52","n/e"," ","1679.02"
"11/09/2025 06:00:00 - 11/09/2025 07:00:00","CTA|IE","2265.19","n/e"," ","1627.57"
"11/09/2025 07:00:00 - 11/09/2025 08:00:00","CTA|IE","2283.35","n/e"," ","1664.91"
"11/09/2025 08:00:00 - 11/09/2025 09:00:00","CTA|IE","2337.68","n/e"," ","1833.17"
"11/09/2025 09:00:00 - 11/09/2025 10:00:00","CTA|IE","2362.56","n/e"," ","1929.77"
"11/09/2025 10:00:00 - 11/09/2025 11:00:00","CTA|IE","2422.10","n/e"," ","1906.45"
"11/09/2025 11:00:00 - 11/09/2025 12:00:00","CTA|IE","2554.62","n/e"," ","1849.54"
"11/09/2025 12:00:00 - 11/09/2025 13:00:00","CTA|IE","2715.26","n/e"," ","1902.21"
"11/09/2025 13:00:00 - 11/09/2025 14:00:00","CTA|IE","2860.47","n/e"," ","1897.67"
"11/09/2025 14:00:00 - 11/09/2025 15:00:00","CTA|IE","2975.61","n/e"," ","1877.28"
"11/09/2025 15:00:00 - 11/09/2025 16:00:00","CTA|IE","3090.81","n/e"," ","1850.98"
"11/09/2025 16:00:00 - 11/09/2025 17:00:00","CTA|IE","3152.85","n/e"," ","1952.21"
"11/09/2025 17:00:00 - 11/09/2025 18:00:00","CTA|IE","3125.76","n/e"," ","2270.82"
"11/09/2025 18:00:00 - 11/09/2025 19:00:00","CTA|IE","3025.61","n/e"," ","2461.81"
"11/09/2025 19:00:00 - 11/09/2025 20:00:00","CTA|IE","2861.28","n/e"," ","2358.19"
"11/09/2025 20:00:00 - 11/09/2025 21:00:00","CTA|IE","2652.49","n/e"," ","2238.50"
"11/09/2025 21:00:00 - 11/09/2025 22:00:00","CTA|IE","2438.97","n/e"," ","2237.34"
"11/09/2025 22:00:00 - 11/09/2025 23:00:00","CTA|IE","2290.76","n/e"," ","2186.59"
"11/09/2025 23:00:00 - 12/09/2025 00:00:00","CTA|IE","2215.75","n/e"," ","1911.04"
"12/09/2025 00:00:00 - 12/09/2025 01:00:00","CTA|IE","2178.08","n/e"," ","1524.29"
"12/09/2025 01:00:00 - 12/09/2025 02:00:00","CTA|IE","2045.52","n/e"," ","1688.94"
"12/09/2025 02:00:00 - 12/09/2025 03:00:00","CTA|IE","1985.18","n/e"," ","1657.78"
"12/09/2025 03:00:00 - 12/09/2025 04:00:00","CTA|IE","1994.15","n/e"," ","1572.15"
"12/09/2025 04:00:00 - 12/09/2025 05:00:00","CTA|IE","1984.02","n/e"," ","1482.01"
"12/09/2025 05:00:00 - 12/09/2025 06:00:00","CTA|IE","1946.13","n/e"," ","1338.78"
"12/09/2025 06:00:00 - 12/09/2025 07:00:00","CTA|IE","1893.41","n/e"," ","1296.84"
"12/09/2025 07:00:00 - 12/09/2025 08:00:00","CTA|IE","1873.48","n/e"," ","1230.60"
"12/09/2025 08:00:00 - 12/09/2025 09:00:00","CTA|IE","1865.64","n/e"," ","1631.30"
"12/09/2025 09:00:00 - 12/09/2025 10:00:00","CTA|IE","1802.29","n/e"," ","1586.21"
"12/09/2025 10:00:00 - 12/09/2025 11:00:00","CTA|IE","1697.28","n/e"," ","1327.26"
"12/09/2025 11:00:00 - 12/09/2025 12:00:00","CTA|IE","1678.93","n/e"," ","1267.97"
"12/09/2025 12:00:00 - 12/09/2025 13:00:00","CTA|IE","1790.44","n/e"," ","1285.10"
"12/09/2025 13:00:00 - 12/09/2025 14:00:00","CTA|IE","1944.16","n/e"," ","1276.90"
"12/09/2025 14:00:00 - 12/09/2025 15:00:00","CTA|IE","2103.77","n/e"," ","1274.90"
"12/09/2025 15:00:00 - 12/09/2025 16:00:00","CTA|IE","2304.74","n/e"," ","1357.53"
"12/09/2025 16:00:00 - 12/09/2025 17:00:00","CTA|IE","2478.59","n/e"," ","1350.36"
"12/09/2025 17:00:00 - 12/09/2025 18:00:00","CTA|IE","2631.07","n/e"," ","1495.15"
"12/09/2025 18:00:00 - 12/09/2025 19:00:00","CTA|IE","2763.31","n/e"," ","1831.07"
"12/09/2025 19:00:00 - 12/09/2025 20:00:00","CTA|IE","2866.79","n/e"," ","2080.67"
"12/09/2025 20:00:00 - 12/09/2025 21:00:00","CTA|IE","2865.18","n/e"," ","2173.55"
"12/09/2025 21:00:00 - 12/09/2025 22:00:00","CTA|IE","2794.72","n/e"," ","2029.07"
"12/09/2025 22:00:00 - 12/09/2025 23:00:00","CTA|IE","2725.26","n/e"," ","1812.82"
"12/09/2025 23:00:00 - 13/09/2025 00:00:00","CTA|IE","2691.51","n/e"," ","1507.23"
"13/09/2025 00:00:00 - 13/09/2025 01:00:00","CTA|IE","2747.11","n/e"," ","1215.45"
"13/09/2025 01:00:00 - 13/09/2025 02:00:00","CTA|IE","2422.80","n/e"," ","1360.47"
"13/09/2025 02:00:00 - 13/09/2025 03:00:00","CTA|IE","2503.70","n/e"," ","1514.18"
"13/09/2025 03:00:00 - 13/09/2025 04:00:00","CTA|IE","2568.44","n/e"," ","1576.64"
"13/09/2025 04:00:00 - 13/09/2025 05:00:00","CTA|IE","2591.48","n/e"," ","1621.95"
"13/09/2025 05:00:00 - 13/09/2025 06:00:00","CTA|IE","2532.28","n/e"," ","1512.01"
"13/09/2025 06:00:00 - 13/09/2025 07:00:00","CTA|IE","2431.30","n/e"," ","1522.32"
"13/09/2025 07:00:00 - 13/09/2025 08:00:00","CTA|IE","2313.67","n/e"," ","1594.54"
"13/09/2025 08:00:00 - 13/09/2025 09:00:00","CTA|IE","2201.59","n/e"," ","1430.19"
"13/09/2025 09:00:00 - 13/09/2025 10:00:00","CTA|IE","2090.09","n/e"," ","1434.65"
"13/09/2025 10:00:00 - 13/09/2025 11:00:00","CTA|IE","1998.43","n/e"," ","1490.01"
"13/09/2025 11:00:00 - 13/09/2025 12:00:00","CTA|IE","1982.35","n/e"," ","1421.65"
"13/09/2025 12:00:00 - 13/09/2025 13:00:00","CTA|IE","2061.09","n/e"," ","1473.78"
"13/09/2025 13:00:00 - 13/09/2025 14:00:00","CTA|IE","2149.97","n/e"," ","1333.90"
"13/09/2025 14:00:00 - 13/09/2025 15:00:00","CTA|IE","2202.81","n/e"," ","1369.06"
"13/09/2025 15:00:00 - 13/09/2025 16:00:00","CTA|IE","2227.45","n/e"," ","1297.03"
"13/09/2025 16:00:00 - 13/09/2025 17:00:00","CTA|IE","2211.39","n/e"," ","1321.54"
"13/09/2025 17:00:00 - 13/09/2025 18:00:00","CTA|IE","2135.80","n/e"," ","1472.26"
"13/09/2025 18:00:00 - 13/09/2025 19:00:00","CTA|IE","1984.71","n/e"," ","1582.10"
"13/09/2025 19:00:00 - 13/09/2025 20:00:00","CTA|IE","1783.22","n/e"," ","1390.18"
"13/09/2025 20:00:00 - 13/09/2025 21:00:00","CTA|IE","1520.08","n/e"," ","1054.45"
"13/09/2025 21:00:00 - 13/09/2025 22:00:00","CTA|IE","1248.13","n/e"," ","972.79"
"13/09/2025 22:00:00 - 13/09/2025 23:00:00","CTA|IE","1059.38","n/e"," ","764.74"
"13/09/2025 23:00:00 - 14/09/2025 00:00:00","CTA|IE","984.05","n/e"," ","653.87"
"14/09/2025 00:00:00 - 14/09/2025 01:00:00","CTA|IE","982.26","n/e"," ","656.82"
"14/09/2025 01:00:00 - 14/09/2025 02:00:00","CTA|IE","571.82","n/e"," ","558.46"
"14/09/2025 02:00:00 - 14/09/2025 03:00:00","CTA|IE","567.74","n/e"," ","582.93"
"14/09/2025 03:00:00 - 14/09/2025 04:00:00","CTA|IE","567.92","n/e"," ","745.25"
"14/09/2025 04:00:00 - 14/09/2025 05:00:00","CTA|IE","653.69","n/e"," ","903.28"
"14/09/2025 05:00:00 - 14/09/2025 06:00:00","CTA|IE","1028.67","n/e"," ","1067.35"
"14/09/2025 06:00:00 - 14/09/2025 07:00:00","CTA|IE","1453.34","n/e"," ","1322.03"
"14/09/2025 07:00:00 - 14/09/2025 08:00:00","CTA|IE","1936.17","n/e"," ","1780.00"
"14/09/2025 08:00:00 - 14/09/2025 09:00:00","CTA|IE","2445.54","n/e"," ","1959.71"
"14/09/2025 09:00:00 - 14/09/2025 10:00:00","CTA|IE","2855.58","n/e"," ","2330.45"
"14/09/2025 10:00:00 - 14/09/2025 11:00:00","CTA|IE","3091.37","n/e"," ","2652.77"
"14/09/2025 11:00:00 - 14/09/2025 12:00:00","CTA|IE","3215.40","n/e"," ","2705.62"
"14/09/2025 12:00:00 - 14/09/2025 13:00:00","CTA|IE","3260.98","n/e"," ","2545.86"
"14/09/2025 13:00:00 - 14/09/2025 14:00:00","CTA|IE","3297.61","n/e"," ","2442.89"
"14/09/2025 14:00:00 - 14/09/2025 15:00:00","CTA|IE","3348.70","n/e"," ","2694.08"
"14/09/2025 15:00:00 - 14/09/2025 16:00:00","CTA|IE","3467.74","n/e"," ","2578.42"
"14/09/2025 16:00:00 - 14/09/2025 17:00:00","CTA|IE","3592.92","n/e"," ","2509.18"
"14/09/2025 17:00:00 - 14/09/2025 18:00:00","CTA|IE","3648.46","n/e"," ","2451.06"
"14/09/2025 18:00:00 - 14/09/2025 19:00:00","CTA|IE","3660.39","n/e"," ","2658.40"
"14/09/2025 19:00:00 - 14/09/2025 20:00:00","CTA|IE","3641.54","n/e"," ","2569.01"
"14/09/2025 20:00:00 - 14/09/2025 21:00:00","CTA|IE","3621.33","n/e"," ","2530.06"
"14/09/2025 21:00:00 - 14/09/2025 22:00:00","CTA|IE","3627.12","n/e"," ","2505.98"
"14/09/2025 22:00:00 - 14/09/2025 23:00:00","CTA|IE","3690.98","n/e"," ","2468.68"
"14/09/2025 23:00:00 - 15/09/2025 00:00:00","CTA|IE","3807.65","n/e"," ","2532.18"
"15/09/2025 00:00:00 - 15/09/2025 01:00:00","CTA|IE","3934.05","n/e"," ","2240.34"
"15/09/2025 01:00:00 - 15/09/2025 02:00:00","CTA|IE","4226.82","n/e"," ","2497.45"
"15/09/2025 02:00:00 - 15/09/2025 03:00:00","CTA|IE","4264.98","n/e"," ","2393.61"
"15/09/2025 03:00:00 - 15/09/2025 04:00:00","CTA|IE","4277.28","n/e"," ","2393.78"
"15/09/2025 04:00:00 - 15/09/2025 05:00:00","CTA|IE","4259.12","n/e"," ","2464.89"
"15/09/2025 05:00:00 - 15/09/2025 06:00:00","CTA|IE","4247.60","n/e"," ","2527.52"
"15/09/2025 06:00:00 - 15/09/2025 07:00:00","CTA|IE","4219.29","n/e"," ","2630.09"
"15/09/2025 07:00:00 - 15/09/2025 08:00:00","CTA|IE","4177.63","n/e"," ","2569.44"
"15/09/2025 08:00:00 - 15/09/2025 09:00:00","CTA|IE","4125.69","n/e"," ","2721.17"
"15/09/2025 09:00:00 - 15/09/2025 10:00:00","CTA|IE","4082.74","n/e"," ","2674.42"
"15/09/2025 10:00:00 - 15/09/2025 11:00:00","CTA|IE","4055.39","n/e"," ","2529.03"
"15/09/2025 11:00:00 - 15/09/2025 12:00:00","CTA|IE","4065.52","n/e"," ","N/A"
"15/09/2025 12:00:00 - 15/09/2025 13:00:00","CTA|IE","4128.81","n/e"," ","2621.42"
"15/09/2025 13:00:00 - 15/09/2025 14:00:00","CTA|IE","4182.93","n/e"," ","2598.79"
"15/09/2025 14:00:00 - 15/09/2025 15:00:00","CTA|IE","4186.23","n/e"," ","2458.75"
"15/09/2025 15:00:00 - 15/09/2025 16:00:00","CTA|IE","4173.85","n/e"," ","2390.19"
"15/09/2025 16:00:00 - 15/09/2025 17:00:00","CTA|IE","4143.79","n/e"," ","2397.59"
"15/09/2025 17:00:00 - 15/09/2025 18:00:00","CTA|IE","4076.43","n/e"," ","2595.71"
"15/09/2025 18:00:00 - 15/09/2025 19:00:00","CTA|IE","3965.52","n/e"," ","2712.03"
"15/09/2025 19:00:00 - 15/09/2025 20:00:00","CTA|IE","3826.11","n/e"," ","2798.10"
"15/09/2025 20:00:00 - 15/09/2025 21:00:00","CTA|IE","3663.08","n/e"," ","2698.12"
"15/09/2025 21:00:00 - 15/09/2025 22:00:00","CTA|IE","3511.91","n/e"," ","2669.84"
"15/09/2025 22:00:00 - 15/09/2025 23:00:00","CTA|IE","3421.57","n/e"," ","2423.48"
"15/09/2025 23:00:00 - 16/09/2025 00:00:00","CTA|IE","3370.76","n/e"," ","2162.40"
"16/09/2025 00:00:00 - 16/09/2025 01:00:00","CTA|IE","3341.07","n/e"," ","1768.31"
"16/09/2025 01:00:00 - 16/09/2025 02:00:00","CTA|IE","2881.02","n/e"," ","1602.28"
"16/09/2025 02:00:00 - 16/09/2025 03:00:00","CTA|IE","2686.94","n/e"," ","1320.18"
"16/09/2025 03:00:00 - 16/09/2025 04:00:00","CTA|IE","2454.64","n/e"," ","1020.20"
"16/09/2025 04:00:00 - 16/09/2025 05:00:00","CTA|IE","2200.67","n/e"," ","941.09"
"16/09/2025 05:00:00 - 16/09/2025 06:00:00","CTA|IE","1982.82","n/e"," ","895.13"
"16/09/2025 06:00:00 - 16/09/2025 07:00:00","CTA|IE","1726.64","n/e"," ","913.53"
"16/09/2025 07:00:00 - 16/09/2025 08:00:00","CTA|IE","1571.49","n/e"," ","1063.50"
"16/09/2025 08:00:00 - 16/09/2025 09:00:00","CTA|IE","1466.62","n/e"," ","1012.02"
"16/09/2025 09:00:00 - 16/09/2025 10:00:00","CTA|IE","1356.61","n/e"," ","851.20"
"16/09/2025 10:00:00 - 16/09/2025 11:00:00","CTA|IE","1258.34","n/e"," ","640.02"
"16/09/2025 11:00:00 - 16/09/2025 12:00:00","CTA|IE","1184.16","n/e"," ","598.33"
"16/09/2025 12:00:00 - 16/09/2025 13:00:00","CTA|IE","1148.59","n/e"," ","573.85"
"16/09/2025 13:00:00 - 16/09/2025 14:00:00","CTA|IE","1104.53","n/e"," ","635.03"
"16/09/2025 14:00:00 - 16/09/2025 15:00:00","CTA|IE","1050.23","n/e"," ","670.41"
"16/09/2025 15:00:00 - 16/09/2025 16:00:00","CTA|IE","991.82","n/e"," ","653.92"
"16/09/2025 16:00:00 - 16/09/2025 17:00:00","CTA|IE","895.07","n/e"," ","648.39"
"16/09/2025 17:00:00 - 16/09/2025 18:00:00","CTA|IE","772.77","n/e"," ","605.80"
"16/09/2025 18:00:00 - 16/09/2025 19:00:00","CTA|IE","652.65","n/e"," ","583.53"
"16/09/2025 19:00:00 - 16/09/2025 20:00:00","CTA|IE","561.78","n/e"," ","698.74"
"16/09/2025 20:00:00 - 16/09/2025 21:00:00","CTA|IE","511.24","n/e"," ","1192.32"
"16/09/2025 21:00:00 - 16/09/2025 22:00:00","CTA|IE","508.87","n/e"," ","1737.11"
"16/09/2025 22:00:00 - 16/09/2025 23:00:00","CTA|IE","578.46","n/e"," ","2143.22"
"16/09/2025 23:00:00 - 17/09/2025 00:00:00","CTA|IE","742.45","n/e"," ","2314.94"
"17/09/2025 00:00:00 - 17/09/2025 01:00:00","CTA|IE","1008.36","n/e"," ","2467.00"
"17/09/2025 01:00:00 - 17/09/2025 02:00:00","CTA|IE","2661.11","n/e"," ","2464.73"
"17/09/2025 02:00:00 - 17/09/2025 03:00:00","CTA|IE","3048.13","n/e"," ","2533.54"
"17/09/2025 03:00:00 - 17/09/2025 04:00:00","CTA|IE","3431.19","n/e"," ","2577.43"
"17/09/2025 04:00:00 - 17/09/2025 05:00:00","CTA|IE","3655.67","n/e"," ","2614.18"
"17/09/2025 05:00:00 - 17/09/2025 06:00:00","CTA|IE","3778.57","n/e"," ","2561.93"
"17/09/2025 06:00:00 - 17/09/2025 07:00:00","CTA|IE","3755.36","n/e"," ","2412.52"
"17/09/2025 07:00:00 - 17/09/2025 08:00:00","CTA|IE","3684.19","n/e"," ","2443.39"
"17/09/2025 08:00:00 - 17/09/2025 09:00:00","CTA|IE","3608.97","n/e"," ","2420.51"
"17/09/2025 09:00:00 - 17/09/2025 10:00:00","CTA|IE","3515.73","n/e"," ","2465.33"
"17/09/2025 10:00:00 - 17/09/2025 11:00:00","CTA|IE","3422.72","n/e"," ","2581.77"
"17/09/2025 11:00:00 - 17/09/2025 12:00:00","CTA|IE","3351.02","n/e"," ","2571.43"
"17/09/2025 12:00:00 - 17/09/2025 13:00:00","CTA|IE","3285.48","n/e"," ","2540.05"
"17/09/2025 13:00:00 - 17/09/2025 14:00:00","CTA|IE","3202.79","n/e"," ","2577.25"
"17/09/2025 14:00:00 - 17/09/2025 15:00:00","CTA|IE","3068.27","n/e"," ","2362.38"
"17/09/2025 15:00:00 - 17/09/2025 16:00:00","CTA|IE","2910.46","n/e"," ","2206.04"
"17/09/2025 16:00:00 - 17/09/2025 17:00:00","CTA|IE","2706.21","n/e"," ","2226.89"
"17/09/2025 17:00:00 - 17/09/2025 18:00:00","CTA|IE","2462.38","n/e"," ","2302.06"
"17/09/2025 18:00:00 - 17/09/2025 19:00:00","CTA|IE","2193.21","n/e"," ","2278.79"
"17/09/2025 19:00:00 - 17/09/2025 20:00:00","CTA|IE","1929.04","n/e"," ","2184.44"
"17/09/2025 20:00:00 - 17/09/2025 21:00:00","CTA|IE","1682.78","n/e"," ","2057.59"
"17/09/2025 21:00:00 - 17/09/2025 22:00:00","CTA|IE","1484.62","n/e"," ","1997.45"
"17/09/2025 22:00:00 - 17/09/2025 23:00:00","CTA|IE","1384.39","n/e"," ","1966.86"
"17/09/2025 23:00:00 - 18/09/2025 00:00:00","CTA|IE","1375.15","n/e"," ","1732.22"
"18/09/2025 00:00:00 - 18/09/2025 01:00:00","CTA|IE","1405.41","n/e"," ","1666.82"
"18/09/2025 01:00:00 - 18/09/2025 02:00:00","CTA|IE","1202.53","n/e"," ","1601.17"
"18/09/2025 02:00:00 - 18/09/2025 03:00:00","CTA|IE","1140.69","n/e"," ","1475.68"
"18/09/2025 03:00:00 - 18/09/2025 04:00:00","CTA|IE","1245.03","n/e"," ","1317.36"
"18/09/2025 04:00:00 - 18/09/2025 05:00:00","CTA|IE","1462.04","n/e"," ","1188.29"
"18/09/2025 05:00:00 - 18/09/2025 06:00:00","CTA|IE","1807.35","n/e"," ","1021.51"
"18/09/2025 06:00:00 - 18/09/2025 07:00:00","CTA|IE","2030.31","n/e"," ","853.76"
"18/09/2025 07:00:00 - 18/09/2025 08:00:00","CTA|IE","2162.48","n/e"," ","812.44"
"18/09/2025 08:00:00 - 18/09/2025 09:00:00","CTA|IE","2252.86","n/e"," ","845.51"
"18/09/2025 09:00:00 - 18/09/2025 10:00:00","CTA|IE","2217.85","n/e"," ","846.69"
"18/09/2025 10:00:00 - 18/09/2025 11:00:00","CTA|IE","2208.43","n/e"," ","1012.64"
"18/09/2025 11:00:00 - 18/09/2025 12:00:00","CTA|IE","2225.50","n/e"," ","969.36"
"18/09/2025 12:00:00 - 18/09/2025 13:00:00","CTA|IE","2287.99","n/e"," ","1275.66"
"18/09/2025 13:00:00 - 18/09/2025 14:00:00","CTA|IE","2369.27","n/e"," ","1597.01"
"18/09/2025 14:00:00 - 18/09/2025 15:00:00","CTA|IE","2415.14","n/e"," ","2009.97"
"18/09/2025 15:00:00 - 18/09/2025 16:00:00","CTA|IE","2435.79","n/e"," ","2151.72"
"18/09/2025 16:00:00 - 18/09/2025 17:00:00","CTA|IE","2408.17","n/e"," ","2305.32"
"18/09/2025 17:00:00 - 18/09/2025 18:00:00","CTA|IE","2318.88","n/e"," ","2473.83"
"18/09/2025 18:00:00 - 18/09/2025 19:00:00","CTA|IE","2211.38","n/e"," ","2369.49"
"18/09/2025 19:00:00 - 18/09/2025 20:00:00","CTA|IE","2089.85","n/e"," ","2453.49"
"18/09/2025 20:00:00 - 18/09/2025 21:00:00","CTA|IE","1937.59","n/e"," ","2472.26"
"18/09/2025 21:00:00 - 18/09/2025 22:00:00","CTA|IE","1763.26","n/e"," ","2506.59"
"18/09/2025 22:00:00 - 18/09/2025 23:00:00","CTA|IE","1627.38","n/e"," ","2426.06"
"18/09/2025 23:00:00 - 19/09/2025 00:00:00","CTA|IE","1507.58","n/e"," ","2272.21"
"19/09/2025 00:00:00 - 19/09/2025 01:00:00","CTA|IE","1375.79","n/e"," ","1994.97"
"19/09/2025 01:00:00 - 19/09/2025 02:00:00","CTA|IE","2412.71","n/e"," ","1735.88"
"19/09/2025 02:00:00 - 19/09/2025 03:00:00","CTA|IE","2180.37","n/e"," ","1561.19"
"19/09/2025 03:00:00 - 19/09/2025 04:00:00","CTA|IE","1984.46","n/e"," ","1360.28"
"19/09/2025 04:00:00 - 19/09/2025 05:00:00","CTA|IE","1735.72","n/e"," ","1149.83"
"19/09/2025 05:00:00 - 19/09/2025 06:00:00","CTA|IE","1413.63","n/e"," ","1036.01"
"19/09/2025 06:00:00 - 19/09/2025 07:00:00","CTA|IE","1134.67","n/e"," ","782.86"
"19/09/2025 07:00:00 - 19/09/2025 08:00:00","CTA|IE","907.57","n/e"," ","697.10"
"19/09/2025 08:00:00 - 19/09/2025 09:00:00","CTA|IE","741.88","n/e"," ","747.15"
"19/09/2025 09:00:00 - 19/09/2025 10:00:00","CTA|IE","646.29","n/e"," ","605.89"
"19/09/2025 10:00:00 - 19/09/2025 11:00:00","CTA|IE","571.46","n/e"," ","468.95"
"19/09/2025 11:00:00 - 19/09/2025 12:00:00","CTA|IE","528.43","n/e"," ","421.86"
"19/09/2025 12:00:00 - 19/09/2025 13:00:00","CTA|IE","506.03","n/e"," ","518.68"
"19/09/2025 13:00:00 - 19/09/2025 14:00:00","CTA|IE","481.27","n/e"," ","600.63"
"19/09/2025 14:00:00 - 19/09/2025 15:00:00","CTA|IE","457.37","n/e"," ","569.38"
"19/09/2025 15:00:00 - 19/09/2025 16:00:00","CTA|IE","433.54","n/e"," ","474.17"
"19/09/2025 16:00:00 - 19/09/2025 17:00:00","CTA|IE","401.37","n/e"," ","471.44"
"19/09/2025 17:00:00 - 19/09/2025 18:00:00","CTA|IE","371.76","n/e"," ","432.98"
"19/09/2025 18:00:00 - 19/09/2025 19:00:00","CTA|IE","344.33","n/e"," ","296.08"
"19/09/2025 19:00:00 - 19/09/2025 20:00:00","CTA|IE","326.80","n/e"," ","177.05"
"19/09/2025 20:00:00 - 19/09/2025 21:00:00","CTA|IE","314.67","n/e"," ","118.84"
"19/09/2025 21:00:00 - 19/09/2025 22:00:00","CTA|IE","312.50","n/e"," ","99.97"
"19/09/2025 22:00:00 - 19/09/2025 23:00:00","CTA|IE","318.35","n/e"," ","80.66"
"19/09/2025 23:00:00 - 20/09/2025 00:00:00","CTA|IE","324.04","n/e"," ","64.98"
"20/09/2025 00:00:00 - 20/09/2025 01:00:00","CTA|IE","329.99","n/e"," ","80.34"
"20/09/2025 01:00:00 - 20/09/2025 02:00:00","CTA|IE","93.18","n/e"," ","95.54"
"20/09/2025 02:00:00 - 20/09/2025 03:00:00","CTA|IE","82.84","n/e"," ","75.72"
"20/09/2025 03:00:00 - 20/09/2025 04:00:00","CTA|IE","70.89","n/e"," ","86.41"
"20/09/2025 04:00:00 - 20/09/2025 05:00:00","CTA|IE","80.07","n/e"," ","84.36"
"20/09/2025 05:00:00 - 20/09/2025 06:00:00","CTA|IE","141.18","n/e"," ","73.19"
"20/09/2025 06:00:00 - 20/09/2025 07:00:00","CTA|IE","203.90","n/e"," ","74.06"
"20/09/2025 07:00:00 - 20/09/2025 08:00:00","CTA|IE","273.21","n/e"," ","87.91"
"20/09/2025 08:00:00 - 20/09/2025 09:00:00","CTA|IE","344.81","n/e"," ","142.52"
"20/09/2025 09:00:00 - 20/09/2025 10:00:00","CTA|IE","395.83","n/e"," ","184.59"
"20/09/2025 10:00:00 - 20/09/2025 11:00:00","CTA|IE","450.86","n/e"," ","260.51"
"20/09/2025 11:00:00 - 20/09/2025 12:00:00","CTA|IE","521.13","n/e"," ","396.51"
"20/09/2025 12:00:00 - 20/09/2025 13:00:00","CTA|IE","636.60","n/e"," ","578.92"
"20/09/2025 13:00:00 - 20/09/2025 14:00:00","CTA|IE","771.28","n/e"," ","676.76"
"20/09/2025 14:00:00 - 20/09/2025 15:00:00","CTA|IE","925.15","n/e"," ","818.06"
"20/09/2025 15:00:00 - 20/09/2025 16:00:00","CTA|IE","1108.36","n/e"," ","1084.73"
"20/09/2025 16:00:00 - 20/09/2025 17:00:00","CTA|IE","1302.14","n/e"," ","1261.07"
"20/09/2025 17:00:00 - 20/09/2025 18:00:00","CTA|IE","1490.16","n/e"," ","1502.36"
"20/09/2025 18:00:00 - 20/09/2025 19:00:00","CTA|IE","1641.82","n/e"," ","1807.39"
"20/09/2025 19:00:00 - 20/09/2025 20:00:00","CTA|IE","1778.97","n/e"," ","2138.04"
"20/09/2025 20:00:00 - 20/09/2025 21:00:00","CTA|IE","1931.62","n/e"," ","2257.47"
"20/09/2025 21:00:00 - 20/09/2025 22:00:00","CTA|IE","2089.94","n/e"," ","2097.10"
"20/09/2025 22:00:00 - 20/09/2025 23:00:00","CTA|IE","2244.26","n/e"," ","2058.64"
"20/09/2025 23:00:00 - 21/09/2025 00:00:00","CTA|IE","2374.79","n/e"," ","2037.85"
"21/09/2025 00:00:00 - 21/09/2025 01:00:00","CTA|IE","2499.84","n/e"," ","1911.63"
"21/09/2025 01:00:00 - 21/09/2025 02:00:00","CTA|IE","2807.91","n/e"," ","1914.93"
"21/09/2025 02:00:00 - 21/09/2025 03:00:00","CTA|IE","2647.44","n/e"," ","1772.95"
"21/09/2025 03:00:00 - 21/09/2025 04:00:00","CTA|IE","2574.00","n/e"," ","1675.24"
"21/09/2025 04:00:00 - 21/09/2025 05:00:00","CTA|IE","2436.27","n/e"," ","1490.50"
"21/09/2025 05:00:00 - 21/09/2025 06:00:00","CTA|IE","2249.69","n/e"," ","1426.89"
"21/09/2025 06:00:00 - 21/09/2025 07:00:00","CTA|IE","2113.12","n/e"," ","1224.12"
"21/09/2025 07:00:00 - 21/09/2025 08:00:00","CTA|IE","1963.14","n/e"," ","919.47"
"21/09/2025 08:00:00 - 21/09/2025 09:00:00","CTA|IE","1838.59","n/e"," ","977.76"
"21/09/2025 09:00:00 - 21/09/2025 10:00:00","CTA|IE","1721.78","n/e"," ","1167.11"
"21/09/2025 10:00:00 - 21/09/2025 11:00:00","CTA|IE","1596.93","n/e"," ","1156.45"
"21/09/2025 11:00:00 - 21/09/2025 12:00:00","CTA|IE","1586.94","n/e"," ","1090.40"
"21/09/2025 12:00:00 - 21/09/2025 13:00:00","CTA|IE","1604.85","n/e"," ","1030.02"
"21/09/2025 13:00:00 - 21/09/2025 14:00:00","CTA|IE","1557.70","n/e"," ","1075.54"
"21/09/2025 14:00:00 - 21/09/2025 15:00:00","CTA|IE","1523.68","n/e"," ","1012.23"
"21/09/2025 15:00:00 - 21/09/2025 16:00:00","CTA|IE","1536.26","n/e"," ","999.54"
"21/09/2025 16:00:00 - 21/09/2025 17:00:00","CTA|IE","1567.97","n/e"," ","1063.87"
"21/09/2025 17:00:00 - 21/09/2025 18:00:00","CTA|IE","1586.86","n/e"," ","1221.68"
"21/09/2025 18:00:00 - 21/09/2025 19:00:00","CTA|IE","1529.14","n/e"," ","1201.04"
"21/09/2025 19:00:00 - 21/09/2025 20:00:00","CTA|IE","1405.15","n/e"," ","947.65"
"21/09/2025 20:00:00 - 21/09/2025 21:00:00","CTA|IE","1236.95","n/e"," ","840.78"
"21/09/2025 21:00:00 - 21/09/2025 22:00:00","CTA|IE","1053.14","n/e"," ","940.49"
"21/09/2025 22:00:00 - 21/09/2025 23:00:00","CTA|IE","931.75","n/e"," ","987.13"
"21/09/2025 23:00:00 - 22/09/2025 00:00:00","CTA|IE","860.67","n/e"," ","908.05"
"22/09/2025 00:00:00 - 22/09/2025 01:00:00","CTA|IE","789.04","n/e"," ","882.06"
"22/09/2025 01:00:00 - 22/09/2025 02:00:00","CTA|IE","739.61","n/e"," ","775.97"
"22/09/2025 02:00:00 - 22/09/2025 03:00:00","CTA|IE","645.14","n/e"," ","599.00"
"22/09/2025 03:00:00 - 22/09/2025 04:00:00","CTA|IE","571.48","n/e"," ","560.96"
"22/09/2025 04:00:00 - 22/09/2025 05:00:00","CTA|IE","533.03","n/e"," ","487.83"
"22/09/2025 05:00:00 - 22/09/2025 06:00:00","CTA|IE","466.17","n/e"," ","386.89"
"22/09/2025 06:00:00 - 22/09/2025 07:00:00","CTA|IE","386.62","n/e"," ","313.11"
"22/09/2025 07:00:00 - 22/09/2025 08:00:00","CTA|IE","316.15","n/e"," ","261.25"
"22/09/2025 08:00:00 - 22/09/2025 09:00:00","CTA|IE","222.72","n/e"," ","238.35"
"22/09/2025 09:00:00 - 22/09/2025 10:00:00","CTA|IE","205.78","n/e"," ","177.16"
"22/09/2025 10:00:00 - 22/09/2025 11:00:00","CTA|IE","180.67","n/e"," ","105.90"
"22/09/2025 11:00:00 - 22/09/2025 12:00:00","CTA|IE","141.95","n/e"," ","55.17"
"22/09/2025 12:00:00 - 22/09/2025 13:00:00","CTA|IE","125.96","n/e"," ","61.61"
"22/09/2025 13:00:00 - 22/09/2025 14:00:00","CTA|IE","119.95","n/e"," ","75.91"
"22/09/2025 14:00:00 - 22/09/2025 15:00:00","CTA|IE","98.08","n/e"," ","75.82"
"22/09/2025 15:00:00 - 22/09/2025 16:00:00","CTA|IE","77.55","n/e"," ","62.35"
"22/09/2025 16:00:00 - 22/09/2025 17:00:00","CTA|IE","59.74","n/e"," ","69.32"
"22/09/2025 17:00:00 - 22/09/2025 18:00:00","CTA|IE","53.20","n/e"," ","66.04"
"22/09/2025 18:00:00 - 22/09/2025 19:00:00","CTA|IE","52.69","n/e"," ","45.59"
"22/09/2025 19:00:00 - 22/09/2025 20:00:00","CTA|IE","49.89","n/e"," ","41.13"
"22/09/2025 20:00:00 - 22/09/2025 21:00:00","CTA|IE","44.39","n/e"," ","42.35"
"22/09/2025 21:00:00 - 22/09/2025 22:00:00","CTA|IE","32.94","n/e"," ","54.51"
"22/09/2025 22:00:00 - 22/09/2025 23:00:00","CTA|IE","24.75","n/e"," ","50.80"
"22/09/2025 23:00:00 - 23/09/2025 00:00:00","CTA|IE","23.06","n/e"," ","59.29"
"23/09/2025 00:00:00 - 23/09/2025 01:00:00","CTA|IE","23.85","n/e"," ","74.69"
"23/09/2025 01:00:00 - 23/09/2025 02:00:00","CTA|IE","29.90","n/e"," ","72.45"
"23/09/2025 02:00:00 - 23/09/2025 03:00:00","CTA|IE","49.07","n/e"," ","80.19"
"23/09/2025 03:00:00 - 23/09/2025 04:00:00","CTA|IE","82.14","n/e"," ","116.57"
"23/09/2025 04:00:00 - 23/09/2025 05:00:00","CTA|IE","129.69","n/e"," ","135.52"
"23/09/2025 05:00:00 - 23/09/2025 06:00:00","CTA|IE","171.68","n/e"," ","147.81"
"23/09/2025 06:00:00 - 23/09/2025 07:00:00","CTA|IE","179.76","n/e"," ","157.24"
"23/09/2025 07:00:00 - 23/09/2025 08:00:00","CTA|IE","180.51","n/e"," ","164.12"
"23/09/2025 08:00:00 - 23/09/2025 09:00:00","CTA|IE","152.83","n/e"," ","189.79"
"23/09/2025 09:00:00 - 23/09/2025 10:00:00","CTA|IE","155.95","n/e"," ","183.08"
"23/09/2025 10:00:00 - 23/09/2025 11:00:00","CTA|IE","168.61","n/e"," ","150.95"
"23/09/2025 11:00:00 - 23/09/2025 12:00:00","CTA|IE","187.84","n/e"," ","108.65"
"23/09/2025 12:00:00 - 23/09/2025 13:00:00","CTA|IE","189.34","n/e"," ","149.81"
"23/09/2025 13:00:00 - 23/09/2025 14:00:00","CTA|IE","221.86","n/e"," ","201.66"
"23/09/2025 14:00:00 - 23/09/2025 15:00:00","CTA|IE","225.31","n/e"," ","242.10"
"23/09/2025 15:00:00 - 23/09/2025 16:00:00","CTA|IE","257.82","n/e"," ","288.41"
"23/09/2025 16:00:00 - 23/09/2025 17:00:00","CTA|IE","316.64","n/e"," ","321.37"
"23/09/2025 17:00:00 - 23/09/2025 18:00:00","CTA|IE","367.50","n/e"," ","306.74"
"23/09/2025 18:00:00 - 23/09/2025 19:00:00","CTA|IE","384.89","n/e"," ","260.11"
"23/09/2025 19:00:00 - 23/09/2025 20:00:00","CTA|IE","366.27","n/e"," ","214.37"
"23/09/2025 20:00:00 - 23/09/2025 21:00:00","CTA|IE","301.27","n/e"," ","265.78"
"23/09/2025 21:00:00 - 23/09/2025 22:00:00","CTA|IE","304.67","n/e"," ","416.28"
"23/09/2025 22:00:00 - 23/09/2025 23:00:00","CTA|IE","331.41","n/e"," ","512.47"
"23/09/2025 23:00:00 - 24/09/2025 00:00:00","CTA|IE","370.19","n/e"," ","541.93"
"24/09/2025 00:00:00 - 24/09/2025 01:00:00","CTA|IE","404.04","n/e"," ","590.95"
"24/09/2025 01:00:00 - 24/09/2025 02:00:00","CTA|IE","442.68","n/e"," ","593.91"
"24/09/2025 02:00:00 - 24/09/2025 03:00:00","CTA|IE","397.15","n/e"," ","557.30"
"24/09/2025 03:00:00 - 24/09/2025 04:00:00","CTA|IE","395.91","n/e"," ","467.28"
"24/09/2025 04:00:00 - 24/09/2025 05:00:00","CTA|IE","403.04","n/e"," ","430.56"
"24/09/2025 05:00:00 - 24/09/2025 06:00:00","CTA|IE","429.11","n/e"," ","447.96"
"24/09/2025 06:00:00 - 24/09/2025 07:00:00","CTA|IE","452.90","n/e"," ","509.46"
"24/09/2025 07:00:00 - 24/09/2025 08:00:00","CTA|IE","476.01","n/e"," ","498.84"
"24/09/2025 08:00:00 - 24/09/2025 09:00:00","CTA|IE","455.65","n/e"," ","504.07"
"24/09/2025 09:00:00 - 24/09/2025 10:00:00","CTA|IE","485.47","n/e"," ","485.15"
"24/09/2025 10:00:00 - 24/09/2025 11:00:00","CTA|IE","495.88","n/e"," ","482.49"
"24/09/2025 11:00:00 - 24/09/2025 12:00:00","CTA|IE","490.37","n/e"," ","441.48"
"24/09/2025 12:00:00 - 24/09/2025 13:00:00","CTA|IE","528.52","n/e"," ","562.49"
"24/09/2025 13:00:00 - 24/09/2025 14:00:00","CTA|IE","625.37","n/e"," ","756.90"
"24/09/2025 14:00:00 - 24/09/2025 15:00:00","CTA|IE","617.56","n/e"," ","811.10"
"24/09/2025 15:00:00 - 24/09/2025 16:00:00","CTA|IE","641.40","n/e"," ","765.97"
"24/09/2025 16:00:00 - 24/09/2025 17:00:00","CTA|IE","636.25","n/e"," ","802.54"
"24/09/2025 17:00:00 - 24/09/2025 18:00:00","CTA|IE","626.78","n/e"," ","752.71"
"24/09/2025 18:00:00 - 24/09/2025 19:00:00","CTA|IE","604.79","n/e"," ","651.03"
"24/09/2025 19:00:00 - 24/09/2025 20:00:00","CTA|IE","582.64","n/e"," ","605.64"
"24/09/2025 20:00:00 - 24/09/2025 21:00:00","CTA|IE","566.52","n/e"," ","563.83"
"24/09/2025 21:00:00 - 24/09/2025 22:00:00","CTA|IE","481.11","n/e"," ","605.30"
"24/09/2025 22:00:00 - 24/09/2025 23:00:00","CTA|IE","469.03","n/e"," ","733.94"
"24/09/2025 23:00:00 - 25/09/2025 00:00:00","CTA|IE","553.85","n/e"," ","820.36"
"25/09/2025 00:00:00 - 25/09/2025 01:00:00","CTA|IE","634.72","n/e"," ","845.38"
"25/09/2025 01:00:00 - 25/09/2025 02:00:00","CTA|IE","700.36","n/e"," ","839.64"
"25/09/2025 02:00:00 - 25/09/2025 03:00:00","CTA|IE","721.33","n/e"," ","929.52"
"25/09/2025 03:00:00 - 25/09/2025 04:00:00","CTA|IE","759.20","n/e"," ","948.61"
"25/09/2025 04:00:00 - 25/09/2025 05:00:00","CTA|IE","770.38","n/e"," ","878.03"
"25/09/2025 05:00:00 - 25/09/2025 06:00:00","CTA|IE","747.84","n/e"," ","835.92"
"25/09/2025 06:00:00 - 25/09/2025 07:00:00","CTA|IE","734.37","n/e"," ","835.90"
"25/09/2025 07:00:00 - 25/09/2025 08:00:00","CTA|IE","818.77","n/e"," ","837.87"
"25/09/2025 08:00:00 - 25/09/2025 09:00:00","CTA|IE","890.09","n/e"," ","924.80"
"25/09/2025 09:00:00 - 25/09/2025 10:00:00","CTA|IE","919.88","n/e"," ","997.42"
"25/09/2025 10:00:00 - 25/09/2025 11:00:00","CTA|IE","869.19","n/e"," ","946.53"
"25/09/2025 11:00:00 - 25/09/2025 12:00:00","CTA|IE","878.25","n/e"," ","1020.19"
"25/09/2025 12:00:00 - 25/09/2025 13:00:00","CTA|IE","1058.24","n/e"," ","1310.25"
"25/09/2025 13:00:00 - 25/09/2025 14:00:00","CTA|IE","1227.76","n/e"," ","1588.41"
"25/09/2025 14:00:00 - 25/09/2025 15:00:00","CTA|IE","1292.61","n/e"," ","1752.97"
"25/09/2025 15:00:00 - 25/09/2025 16:00:00","CTA|IE","1224.87","n/e"," ","1740.83"
"25/09/2025 16:00:00 - 25/09/2025 17:00:00","CTA|IE","1170.96","n/e"," ","1754.59"
"25/09/2025 17:00:00 - 25/09/2025 18:00:00","CTA|IE","1220.63","n/e"," ","1608.19"
"25/09/2025 18:00:00 - 25/09/2025 19:00:00","CTA|IE","1318.00","n/e"," ","1502.29"
"25/09/2025 19:00:00 - 25/09/2025 20:00:00","CTA|IE","1408.05","n/e"," ","1471.88"
"25/09/2025 20:00:00 - 25/09/2025 21:00:00","CTA|IE","1461.25","n/e"," ","1569.03"
"25/09/2025 21:00:00 - 25/09/2025 22:00:00","CTA|IE","1386.53","n/e"," ","1843.70"
"25/09/2025 22:00:00 - 25/09/2025 23:00:00","CTA|IE","1403.61","n/e"," ","2003.32"
"25/09/2025 23:00:00 - 26/09/2025 00:00:00","CTA|IE","1582.89","n/e"," ","2103.59"
"26/09/2025 00:00:00 - 26/09/2025 01:00:00","CTA|IE","1824.96","n/e"," ","2098.53"
"26/09/2025 01:00:00 - 26/09/2025 02:00:00","CTA|IE","1897.66","n/e"," ","2148.30"
"26/09/2025 02:00:00 - 26/09/2025 03:00:00","CTA|IE","1809.92","n/e"," ","2174.93"
"26/09/2025 03:00:00 - 26/09/2025 04:00:00","CTA|IE","1696.66","n/e"," ","2074.88"
"26/09/2025 04:00:00 - 26/09/2025 05:00:00","CTA|IE","1667.66","n/e"," ","2009.85"
"26/09/2025 05:00:00 - 26/09/2025 06:00:00","CTA|IE","1734.04","n/e"," ","2091.76"
"26/09/2025 06:00:00 - 26/09/2025 07:00:00","CTA|IE","1832.36","n/e"," ","2108.56"
"26/09/2025 07:00:00 - 26/09/2025 08:00:00","CTA|IE","1908.59","n/e"," ","1965.86"
"26/09/2025 08:00:00 - 26/09/2025 09:00:00","CTA|IE","1881.65","n/e"," ","1996.28"
"26/09/2025 09:00:00 - 26/09/2025 10:00:00","CTA|IE","1876.90","n/e"," ","2046.87"
"26/09/2025 10:00:00 - 26/09/2025 11:00:00","CTA|IE","1916.95","n/e"," ","1976.20"
"26/09/2025 11:00:00 - 26/09/2025 12:00:00","CTA|IE","2031.93","n/e"," ","1923.95"
"26/09/2025 12:00:00 - 26/09/2025 13:00:00","CTA|IE","2205.77","n/e"," ","2189.03"
"26/09/2025 13:00:00 - 26/09/2025 14:00:00","CTA|IE","2357.85","n/e"," ","2265.80"
"26/09/2025 14:00:00 - 26/09/2025 15:00:00","CTA|IE","2270.26","n/e"," ","2281.08"
"26/09/2025 15:00:00 - 26/09/2025 16:00:00","CTA|IE","2337.59","n/e"," ","2250.22"
"26/09/2025 16:00:00 - 26/09/2025 17:00:00","CTA|IE","2412.88","n/e"," ","2279.77"
"26/09/2025 17:00:00 - 26/09/2025 18:00:00","CTA|IE","2476.07","n/e"," ","2214.55"
"26/09/2025 18:00:00 - 26/09/2025 19:00:00","CTA|IE","2578.34","n/e"," ","2246.05"
"26/09/2025 19:00:00 - 26/09/2025 20:00:00","CTA|IE","2645.53","n/e"," ","2309.47"
"26/09/2025 20:00:00 - 26/09/2025 21:00:00","CTA|IE","2500.54","n/e"," ","2517.18"
"26/09/2025 21:00:00 - 26/09/2025 22:00:00","CTA|IE","2642.77","n/e"," ","2702.15"
"26/09/2025 22:00:00 - 26/09/2025 23:00:00","CTA|IE","2857.60","n/e"," ","2863.84"
"26/09/2025 23:00:00 - 27/09/2025 00:00:00","CTA|IE","3066.29","n/e"," ","3078.44"
"27/09/2025 00:00:00 - 27/09/2025 01:00:00","CTA|IE","3238.05","n/e"," ","3025.35"
"27/09/2025 01:00:00 - 27/09/2025 02:00:00","CTA|IE","3327.52","n/e"," ","3085.89"
"27/09/2025 02:00:00 - 27/09/2025 03:00:00","CTA|IE","3231.29","n/e"," ","3003.25"
"27/09/2025 03:00:00 - 27/09/2025 04:00:00","CTA|IE","2980.27","n/e"," ","2514.05"
"27/09/2025 04:00:00 - 27/09/2025 05:00:00","CTA|IE","2404.74","n/e"," ","2004.78"
"27/09/2025 05:00:00 - 27/09/2025 06:00:00","CTA|IE","2110.53","n/e"," ","1798.23"
"27/09/2025 06:00:00 - 27/09/2025 07:00:00","CTA|IE","1889.16","n/e"," ","1607.04"
"27/09/2025 07:00:00 - 27/09/2025 08:00:00","CTA|IE","1367.10","n/e"," ","1238.26"
"27/09/2025 08:00:00 - 27/09/2025 09:00:00","CTA|IE","994.04","n/e"," ","1275.57"
"27/09/2025 09:00:00 - 27/09/2025 10:00:00","CTA|IE","755.90","n/e"," ","910.44"
"27/09/2025 10:00:00 - 27/09/2025 11:00:00","CTA|IE","619.66","n/e"," ","585.52"
"27/09/2025 11:00:00 - 27/09/2025 12:00:00","CTA|IE","515.13","n/e"," ","419.48"
"27/09/2025 12:00:00 - 27/09/2025 13:00:00","CTA|IE","457.86","n/e"," ","429.80"
"27/09/2025 13:00:00 - 27/09/2025 14:00:00","CTA|IE","452.51","n/e"," ","497.84"
"27/09/2025 14:00:00 - 27/09/2025 15:00:00","CTA|IE","563.50","n/e"," ","542.09"
"27/09/2025 15:00:00 - 27/09/2025 16:00:00","CTA|IE","573.54","n/e"," ","671.03"
"27/09/2025 16:00:00 - 27/09/2025 17:00:00","CTA|IE","543.38","n/e"," ","711.03"
"27/09/2025 17:00:00 - 27/09/2025 18:00:00","CTA|IE","565.96","n/e"," ","796.99"
"27/09/2025 18:00:00 - 27/09/2025 19:00:00","CTA|IE","543.89","n/e"," ","735.21"
"27/09/2025 19:00:00 - 27/09/2025 20:00:00","CTA|IE","448.36","n/e"," ","546.24"
"27/09/2025 20:00:00 - 27/09/2025 21:00:00","CTA|IE","344.56","n/e"," ","499.69"
"27/09/2025 21:00:00 - 27/09/2025 22:00:00","CTA|IE","306.38","n/e"," ","475.64"
"27/09/2025 22:00:00 - 27/09/2025 23:00:00","CTA|IE","285.98","n/e"," ","375.09"
"27/09/2025 23:00:00 - 28/09/2025 00:00:00","CTA|IE","268.43","n/e"," ","275.36"
"28/09/2025 00:00:00 - 28/09/2025 01:00:00","CTA|IE","298.59","n/e"," ","261.36"
"28/09/2025 01:00:00 - 28/09/2025 02:00:00","CTA|IE","375.11","n/e"," ","347.55"
"28/09/2025 02:00:00 - 28/09/2025 03:00:00","CTA|IE","420.33","n/e"," ","383.73"
"28/09/2025 03:00:00 - 28/09/2025 04:00:00","CTA|IE","528.09","n/e"," ","408.19"
"28/09/2025 04:00:00 - 28/09/2025 05:00:00","CTA|IE","605.17","n/e"," ","437.46"
"28/09/2025 05:00:00 - 28/09/2025 06:00:00","CTA|IE","607.20","n/e"," ","384.92"
"28/09/2025 06:00:00 - 28/09/2025 07:00:00","CTA|IE","535.15","n/e"," ","378.38"
"28/09/2025 07:00:00 - 28/09/2025 08:00:00","CTA|IE","431.24","n/e"," ","416.81"
"28/09/2025 08:00:00 - 28/09/2025 09:00:00","CTA|IE","320.54","n/e"," ","407.58"
"28/09/2025 09:00:00 - 28/09/2025 10:00:00","CTA|IE","279.08","n/e"," ","384.21"
"28/09/2025 10:00:00 - 28/09/2025 11:00:00","CTA|IE","240.89","n/e"," ","276.02"
"28/09/2025 11:00:00 - 28/09/2025 12:00:00","CTA|IE","183.63","n/e"," ","245.29"
"28/09/2025 12:00:00 - 28/09/2025 13:00:00","CTA|IE","136.94","n/e"," ","262.35"
"28/09/2025 13:00:00 - 28/09/2025 14:00:00","CTA|IE","141.12","n/e"," ","265.11"
"28/09/2025 14:00:00 - 28/09/2025 15:00:00","CTA|IE","131.51","n/e"," ","236.64"
"28/09/2025 15:00:00 - 28/09/2025 16:00:00","CTA|IE","134.20","n/e"," ","250.92"
"28/09/2025 16:00:00 - 28/09/2025 17:00:00","CTA|IE","151.33","n/e"," ","286.43"
"28/09/2025 17:00:00 - 28/09/2025 18:00:00","CTA|IE","150.22","n/e"," ","233.89"
"28/09/2025 18:00:00 - 28/09/2025 19:00:00","CTA|IE","152.63","n/e"," ","206.87"
"28/09/2025 19:00:00 - 28/09/2025 20:00:00","CTA|IE","128.30","n/e"," ","156.00"
"28/09/2025 20:00:00 - 28/09/2025 21:00:00","CTA|IE","60.95","n/e"," ","112.95"
"28/09/2025 21:00:00 - 28/09/2025 22:00:00","CTA|IE","63.72","n/e"," ","95.21"
"28/09/2025 22:00:00 - 28/09/2025 23:00:00","CTA|IE","65.47","n/e"," ","79.04"
"28/09/2025 23:00:00 - 29/09/2025 00:00:00","CTA|IE","64.56","n/e"," ","77.85"
"29/09/2025 00:00:00 - 29/09/2025 01:00:00","CTA|IE","73.30","n/e"," ","82.64"
"29/09/2025 01:00:00 - 29/09/2025 02:00:00","CTA|IE","98.35","n/e"," ","122.64"
"29/09/2025 02:00:00 - 29/09/2025 03:00:00","CTA|IE","164.71","n/e"," ","213.54"
"29/09/2025 03:00:00 - 29/09/2025 04:00:00","CTA|IE","196.92","n/e"," ","328.58"
"29/09/2025 04:00:00 - 29/09/2025 05:00:00","CTA|IE","228.65","n/e"," ","459.64"
"29/09/2025 05:00:00 - 29/09/2025 06:00:00","CTA|IE","265.16","n/e"," ","540.99"
"29/09/2025 06:00:00 - 29/09/2025 07:00:00","CTA|IE","302.73","n/e"," ","512.38"
"29/09/2025 07:00:00 - 29/09/2025 08:00:00","CTA|IE","345.87","n/e"," ","538.25"
"29/09/2025 08:00:00 - 29/09/2025 09:00:00","CTA|IE","505.75","n/e"," ","581.02"
"29/09/2025 09:00:00 - 29/09/2025 10:00:00","CTA|IE","596.16","n/e"," ","606.99"
"29/09/2025 10:00:00 - 29/09/2025 11:00:00","CTA|IE","661.33","n/e"," ","613.58"
"29/09/2025 11:00:00 - 29/09/2025 12:00:00","CTA|IE","715.82","n/e"," ","655.07"
"29/09/2025 12:00:00 - 29/09/2025 13:00:00","CTA|IE","770.81","n/e"," ","707.77"
"29/09/2025 13:00:00 - 29/09/2025 14:00:00","CTA|IE","849.54","n/e"," ","821.08"
"29/09/2025 14:00:00 - 29/09/2025 15:00:00","CTA|IE","1025.95","n/e"," ","944.56"
"29/09/2025 15:00:00 - 29/09/2025 16:00:00","CTA|IE","1166.70","n/e"," ","1074.52"
"29/09/2025 16:00:00 - 29/09/2025 17:00:00","CTA|IE","1274.46","n/e"," ","1186.80"
"29/09/2025 17:00:00 - 29/09/2025 18:00:00","CTA|IE","1342.05","n/e"," ","1270.16"
"29/09/2025 18:00:00 - 29/09/2025 19:00:00","CTA|IE","1379.80","n/e"," ","1255.75"
"29/09/2025 19:00:00 - 29/09/2025 20:00:00","CTA|IE","1341.09","n/e"," ","1206.79"
"29/09/2025 20:00:00 - 29/09/2025 21:00:00","CTA|IE","1437.44","n/e"," ","1305.31"
"29/09/2025 21:00:00 - 29/09/2025 22:00:00","CTA|IE","1521.99","n/e"," ","1472.14"
"29/09/2025 22:00:00 - 29/09/2025 23:00:00","CTA|IE","1626.62","n/e"," ","1699.00"
"29/09/2025 23:00:00 - 30/09/2025 00:00:00","CTA|IE","1749.27","n/e"," ","1714.52"
"30/09/2025 00:00:00 - 30/09/2025 01:00:00","CTA|IE","1796.64","n/e"," ","1800.12"
"30/09/2025 01:00:00 - 30/09/2025 02:00:00","CTA|IE","1799.92","n/e"," ","1845.31"
"30/09/2025 02:00:00 - 30/09/2025 03:00:00","CTA|IE","1840.96","n/e"," ","1913.22"
"30/09/2025 03:00:00 - 30/09/2025 04:00:00","CTA|IE","1774.06","n/e"," ","1841.92"
"30/09/2025 04:00:00 - 30/09/2025 05:00:00","CTA|IE","1659.26","n/e"," ","1762.48"
"30/09/2025 05:00:00 - 30/09/2025 06:00:00","CTA|IE","1509.08","n/e"," ","1689.41"
"30/09/2025 06:00:00 - 30/09/2025 07:00:00","CTA|IE","1422.16","n/e"," ","1643.72"
"30/09/2025 07:00:00 - 30/09/2025 08:00:00","CTA|IE","1401.68","n/e"," ","1588.68"
"30/09/2025 08:00:00 - 30/09/2025 09:00:00","CTA|IE","1613.64","n/e"," ","1621.78"
"30/09/2025 09:00:00 - 30/09/2025 10:00:00","CTA|IE","1654.45","n/e"," ","1610.54"
"30/09/2025 10:00:00 - 30/09/2025 11:00:00","CTA|IE","1619.96","n/e"," ","1582.51"
"30/09/2025 11:00:00 - 30/09/2025 12:00:00","CTA|IE","1579.33","n/e"," ","1605.92"
"30/09/2025 12:00:00 - 30/09/2025 13:00:00","CTA|IE","1516.37","n/e"," ","1726.76"
"30/09/2025 13:00:00 - 30/09/2025 14:00:00","CTA|IE","1519.55","n/e"," ","1819.43"
"30/09/2025 14:00:00 - 30/09/2025 15:00:00","CTA|IE","1724.35","n/e"," ","1914.40"
"30/09/2025 15:00:00 - 30/09/2025 16:00:00","CTA|IE","1778.82","n/e"," ","1975.93"
"30/09/2025 16:00:00 - 30/09/2025 17:00:00","CTA|IE","1843.10","n/e"," ","1946.80"
"30/09/2025 17:00:00 - 30/09/2025 18:00:00","CTA|IE","1877.75","n/e"," ","1932.80"
"30/09/2025 18:00:00 - 30/09/2025 19:00:00","CTA|IE","1947.94","n/e"," ","1991.88"
"30/09/2025 19:00:00 - 30/09/2025 20:00:00","CTA|IE","2057.20","n/e"," ","2044.72"
"30/09/2025 20:00:00 - 30/09/2025 21:00:00","CTA|IE","2256.58","n/e"," ","2100.91"
"30/09/2025 21:00:00 - 30/09/2025 22:00:00","CTA|IE","2307.11","n/e"," ","2182.62"
"30/09/2025 22:00:00 - 30/09/2025 23:00:00","CTA|IE","2305.34","n/e"," ","2204.48"
"30/09/2025 23:00:00 - 01/10/2025 00:00:00","CTA|IE","2341.17","n/e"," ","2263.12"
"01/10/2025 00:00:00 - 01/10/2025 01:00:00","CTA|IE","2384.81","n/e"," ","2158.08"
"01/10/2025 01:00:00 - 01/10/2025 02:00:00","CTA|IE","2385.36","n/e"," ","2333.71"
"01/10/2025 02:00:00 - 01/10/2025 03:00:00","CTA|IE","2514.51","n/e"," ","2474.13"
"01/10/2025 03:00:00 - 01/10/2025 04:00:00","CTA|IE","2565.11","n/e"," ","2407.39"
"01/10/2025 04:00:00 - 01/10/2025 05:00:00","CTA|IE","2604.34","n/e"," ","2397.33"
"01/10/2025 05:00:00 - 01/10/2025 06:00:00","CTA|IE","2608.40","n/e"," ","2398.05"
"01/10/2025 06:00:00 - 01/10/2025 07:00:00","CTA|IE","2545.90","n/e"," ","2504.21"
"01/10/2025 07:00:00 - 01/10/2025 08:00:00","CTA|IE","2490.99","n/e"," ","2440.31"
"01/10/2025 08:00:00 - 01/10/2025 09:00:00","CTA|IE","2706.48","n/e"," ","2536.98"
"01/10/2025 09:00:00 - 01/10/2025 10:00:00","CTA|IE","2621.68","n/e"," ","2428.33"
"01/10/2025 10:00:00 - 01/10/2025 11:00:00","CTA|IE","2456.12","n/e"," ","2328.61"
"01/10/2025 11:00:00 - 01/10/2025 12:00:00","CTA|IE","2356.24","n/e"," ","2266.97"
"01/10/2025 12:00:00 - 01/10/2025 13:00:00","CTA|IE","2269.30","n/e"," ","2166.27"
"01/10/2025 13:00:00 - 01/10/2025 14:00:00","CTA|IE","2251.44","n/e"," ","2069.40"
"01/10/2025 14:00:00 - 01/10/2025 15:00:00","CTA|IE","2341.97","n/e"," ","2141.30"
"01/10/2025 15:00:00 - 01/10/2025 16:00:00","CTA|IE","2455.14","n/e"," ","2136.77"
"01/10/2025 16:00:00 - 01/10/2025 17:00:00","CTA|IE","2534.51","n/e"," ","2108.46"
"01/10/2025 17:00:00 - 01/10/2025 18:00:00","CTA|IE","2564.04","n/e"," ","2356.79"
"01/10/2025 18:00:00 - 01/10/2025 19:00:00","CTA|IE","2505.41","n/e"," ","2247.57"
"01/10/2025 19:00:00 - 01/10/2025 20:00:00","CTA|IE","2443.70","n/e"," ","2236.56"
"01/10/2025 20:00:00 - 01/10/2025 21:00:00","CTA|IE","2431.51","n/e"," ","2409.47"
"01/10/2025 21:00:00 - 01/10/2025 22:00:00","CTA|IE","2498.36","n/e"," ","2501.48"
"01/10/2025 22:00:00 - 01/10/2025 23:00:00","CTA|IE","2553.11","n/e"," ","2525.00"
"01/10/2025 23:00:00 - 02/10/2025 00:00:00","CTA|IE","2572.65","n/e"," ","2355.02"
"02/10/2025 00:00:00 - 02/10/2025 01:00:00","CTA|IE","2469.08","n/e"," ","2323.64"
"02/10/2025 01:00:00 - 02/10/2025 02:00:00","CTA|IE","2257.92","n/e"," ","2323.85"
"02/10/2025 02:00:00 - 02/10/2025 03:00:00","CTA|IE","2123.43","n/e"," ","2231.22"
"02/10/2025 03:00:00 - 02/10/2025 04:00:00","CTA|IE","2096.33","n/e"," ","2111.84"
"02/10/2025 04:00:00 - 02/10/2025 05:00:00","CTA|IE","1996.95","n/e"," ","2029.08"
"02/10/2025 05:00:00 - 02/10/2025 06:00:00","CTA|IE","1847.27","n/e"," ","1856.75"
"02/10/2025 06:00:00 - 02/10/2025 07:00:00","CTA|IE","1764.90","n/e"," ","1810.27"
"02/10/2025 07:00:00 - 02/10/2025 08:00:00","CTA|IE","1762.53","n/e"," ","1928.72"
"02/10/2025 08:00:00 - 02/10/2025 09:00:00","CTA|IE","1846.10","n/e"," ","2064.59"
"02/10/2025 09:00:00 - 02/10/2025 10:00:00","CTA|IE","1910.16","n/e"," ","2061.12"
"02/10/2025 10:00:00 - 02/10/2025 11:00:00","CTA|IE","2170.26","n/e"," ","2153.14"
"02/10/2025 11:00:00 - 02/10/2025 12:00:00","CTA|IE","2646.84","n/e"," ","2290.11"
"02/10/2025 12:00:00 - 02/10/2025 13:00:00","CTA|IE","3219.83","n/e"," ","2586.87"
"02/10/2025 13:00:00 - 02/10/2025 14:00:00","CTA|IE","3572.93","n/e"," ","2795.48"
"02/10/2025 14:00:00 - 02/10/2025 15:00:00","CTA|IE","3702.24","n/e"," ","2921.75"
"02/10/2025 15:00:00 - 02/10/2025 16:00:00","CTA|IE","3860.04","n/e"," ","3030.15"
"02/10/2025 16:00:00 - 02/10/2025 17:00:00","CTA|IE","3918.12","n/e"," ","2985.71"
"02/10/2025 17:00:00 - 02/10/2025 18:00:00","CTA|IE","3820.96","n/e"," ","2989.26"
"02/10/2025 18:00:00 - 02/10/2025 19:00:00","CTA|IE","3541.11","n/e"," ","2971.34"
"02/10/2025 19:00:00 - 02/10/2025 20:00:00","CTA|IE","3223.86","n/e"," ","2858.69"
"02/10/2025 20:00:00 - 02/10/2025 21:00:00","CTA|IE","2943.43","n/e"," ","2615.80"
"02/10/2025 21:00:00 - 02/10/2025 22:00:00","CTA|IE","2724.13","n/e"," ","2446.39"
"02/10/2025 22:00:00 - 02/10/2025 23:00:00","CTA|IE","2531.38","n/e"," ","2488.15"
"02/10/2025 23:00:00 - 03/10/2025 00:00:00","CTA|IE","2307.48","n/e"," ","2284.17"
"03/10/2025 00:00:00 - 03/10/2025 01:00:00","CTA|IE","2030.52","n/e"," ","2133.61"
"03/10/2025 01:00:00 - 03/10/2025 02:00:00","CTA|IE","1864.13","n/e"," ","2064.81"
"03/10/2025 02:00:00 - 03/10/2025 03:00:00","CTA|IE","1803.79","n/e"," ","1616.68"
"03/10/2025 03:00:00 - 03/10/2025 04:00:00","CTA|IE","1740.59","n/e"," ","1523.78"
"03/10/2025 04:00:00 - 03/10/2025 05:00:00","CTA|IE","1480.91","n/e"," ","1411.26"
"03/10/2025 05:00:00 - 03/10/2025 06:00:00","CTA|IE","1118.74","n/e"," ","1296.85"
"03/10/2025 06:00:00 - 03/10/2025 07:00:00","CTA|IE","948.02","n/e"," ","1295.16"
"03/10/2025 07:00:00 - 03/10/2025 08:00:00","CTA|IE","860.47","n/e"," ","1425.74"
"03/10/2025 08:00:00 - 03/10/2025 09:00:00","CTA|IE","852.49","n/e"," ","1879.35"
"03/10/2025 09:00:00 - 03/10/2025 10:00:00","CTA|IE","935.81","n/e"," ","2402.41"
"03/10/2025 10:00:00 - 03/10/2025 11:00:00","CTA|IE","1108.34","n/e"," ","2913.69"
"03/10/2025 11:00:00 - 03/10/2025 12:00:00","CTA|IE","1396.27","n/e"," ","3344.03"
"03/10/2025 12:00:00 - 03/10/2025 13:00:00","CTA|IE","1912.11","n/e"," ","3344.95"
"03/10/2025 13:00:00 - 03/10/2025 14:00:00","CTA|IE","2588.43","n/e"," ","3214.58"
"03/10/2025 14:00:00 - 03/10/2025 15:00:00","CTA|IE","3263.37","n/e"," ","2824.23"
"03/10/2025 15:00:00 - 03/10/2025 16:00:00","CTA|IE","3828.91","n/e"," ","2315.27"
"03/10/2025 16:00:00 - 03/10/2025 17:00:00","CTA|IE","4182.52","n/e"," ","1919.96"
"03/10/2025 17:00:00 - 03/10/2025 18:00:00","CTA|IE","4355.38","n/e"," ","2131.45"
"03/10/2025 18:00:00 - 03/10/2025 19:00:00","CTA|IE","4548.94","n/e"," ","2407.25"
"03/10/2025 19:00:00 - 03/10/2025 20:00:00","CTA|IE","4558.66","n/e"," ","2547.23"
"03/10/2025 20:00:00 - 03/10/2025 21:00:00","CTA|IE","4541.82","n/e"," ","2623.48"
"03/10/2025 21:00:00 - 03/10/2025 22:00:00","CTA|IE","4504.33","n/e"," ","2813.54"
"03/10/2025 22:00:00 - 03/10/2025 23:00:00","CTA|IE","4435.29","n/e"," ","2962.61"
"03/10/2025 23:00:00 - 04/10/2025 00:00:00","CTA|IE","4347.45","n/e"," ","3054.75"
"04/10/2025 00:00:00 - 04/10/2025 01:00:00","CTA|IE","4249.71","n/e"," ","2844.92"
"04/10/2025 01:00:00 - 04/10/2025 02:00:00","CTA|IE","4491.00","n/e"," ","2603.06"
"04/10/2025 02:00:00 - 04/10/2025 03:00:00","CTA|IE","4511.74","n/e"," ","2522.48"
"04/10/2025 03:00:00 - 04/10/2025 04:00:00","CTA|IE","4509.33","n/e"," ","2439.77"
"04/10/2025 04:00:00 - 04/10/2025 05:00:00","CTA|IE","4513.05","n/e"," ","2257.44"
"04/10/2025 05:00:00 - 04/10/2025 06:00:00","CTA|IE","4516.59","n/e"," ","2316.55"
"04/10/2025 06:00:00 - 04/10/2025 07:00:00","CTA|IE","4499.03","n/e"," ","2297.27"
"04/10/2025 07:00:00 - 04/10/2025 08:00:00","CTA|IE","4512.64","n/e"," ","2229.70"
"04/10/2025 08:00:00 - 04/10/2025 09:00:00","CTA|IE","4553.73","n/e"," ","2634.58"
"04/10/2025 09:00:00 - 04/10/2025 10:00:00","CTA|IE","4584.88","n/e"," ","3043.43"
"04/10/2025 10:00:00 - 04/10/2025 11:00:00","CTA|IE","4597.23","n/e"," ","3089.04"
"04/10/2025 11:00:00 - 04/10/2025 12:00:00","CTA|IE","4595.61","n/e"," ","2923.30"
"04/10/2025 12:00:00 - 04/10/2025 13:00:00","CTA|IE","4578.99","n/e"," ","2673.84"
"04/10/2025 13:00:00 - 04/10/2025 14:00:00","CTA|IE","4550.16","n/e"," ","2736.52"
"04/10/2025 14:00:00 - 04/10/2025 15:00:00","CTA|IE","4513.18","n/e"," ","2660.36"
"04/10/2025 15:00:00 - 04/10/2025 16:00:00","CTA|IE","4473.28","n/e"," ","2516.10"
"04/10/2025 16:00:00 - 04/10/2025 17:00:00","CTA|IE","4411.39","n/e"," ","2777.36"
"04/10/2025 17:00:00 - 04/10/2025 18:00:00","CTA|IE","4301.04","n/e"," ","2914.43"
"04/10/2025 18:00:00 - 04/10/2025 19:00:00","CTA|IE","4130.73","n/e"," ","2986.44"
"04/10/2025 19:00:00 - 04/10/2025 20:00:00","CTA|IE","3929.07","n/e"," ","3043.18"
"04/10/2025 20:00:00 - 04/10/2025 21:00:00","CTA|IE","3718.48","n/e"," ","3055.40"
"04/10/2025 21:00:00 - 04/10/2025 22:00:00","CTA|IE","3519.44","n/e"," ","2880.99"
"04/10/2025 22:00:00 - 04/10/2025 23:00:00","CTA|IE","3369.97","n/e"," ","2667.01"
"04/10/2025 23:00:00 - 05/10/2025 00:00:00","CTA|IE","3223.17","n/e"," ","2473.24"
"05/10/2025 00:00:00 - 05/10/2025 01:00:00","CTA|IE","3089.90","n/e"," ","2167.66"
"05/10/2025 01:00:00 - 05/10/2025 02:00:00","CTA|IE","3452.26","n/e"," ","2528.46"
"05/10/2025 02:00:00 - 05/10/2025 03:00:00","CTA|IE","3496.82","n/e"," ","2526.21"
"05/10/2025 03:00:00 - 05/10/2025 04:00:00","CTA|IE","3435.24","n/e"," ","2466.57"
"05/10/2025 04:00:00 - 05/10/2025 05:00:00","CTA|IE","3260.87","n/e"," ","2190.14"
"05/10/2025 05:00:00 - 05/10/2025 06:00:00","CTA|IE","3097.74","n/e"," ","2000.33"
"05/10/2025 06:00:00 - 05/10/2025 07:00:00","CTA|IE","2874.50","n/e"," ","2066.08"
"05/10/2025 07:00:00 - 05/10/2025 08:00:00","CTA|IE","2608.14","n/e"," ","1791.65"
"05/10/2025 08:00:00 - 05/10/2025 09:00:00","CTA|IE","2462.58","n/e"," ","1690.92"
"05/10/2025 09:00:00 - 05/10/2025 10:00:00","CTA|IE","2450.42","n/e"," ","1489.58"
"05/10/2025 10:00:00 - 05/10/2025 11:00:00","CTA|IE","2472.92","n/e"," ","1614.64"
"05/10/2025 11:00:00 - 05/10/2025 12:00:00","CTA|IE","2512.76","n/e"," ","1625.71"
"05/10/2025 12:00:00 - 05/10/2025 13:00:00","CTA|IE","2605.14","n/e"," ","1484.39"
"05/10/2025 13:00:00 - 05/10/2025 14:00:00","CTA|IE","2709.23","n/e"," ","1365.88"
"05/10/2025 14:00:00 - 05/10/2025 15:00:00","CTA|IE","2765.69","n/e"," ","1426.73"
"05/10/2025 15:00:00 - 05/10/2025 16:00:00","CTA|IE","2756.09","n/e"," ","1422.45"
"05/10/2025 16:00:00 - 05/10/2025 17:00:00","CTA|IE","2665.50","n/e"," ","1526.39"
"05/10/2025 17:00:00 - 05/10/2025 18:00:00","CTA|IE","2518.87","n/e"," ","1602.78"
"05/10/2025 18:00:00 - 05/10/2025 19:00:00","CTA|IE","2357.50","n/e"," ","1736.09"
"05/10/2025 19:00:00 - 05/10/2025 20:00:00","CTA|IE","2249.43","n/e"," ","1594.93"
"05/10/2025 20:00:00 - 05/10/2025 21:00:00","CTA|IE","2131.44","n/e"," ","1620.64"
"05/10/2025 21:00:00 - 05/10/2025 22:00:00","CTA|IE","1981.26","n/e"," ","1709.85"
"05/10/2025 22:00:00 - 05/10/2025 23:00:00","CTA|IE","1874.48","n/e"," ","1605.97"
"05/10/2025 23:00:00 - 06/10/2025 00:00:00","CTA|IE","1844.09","n/e"," ","1502.66"
"06/10/2025 00:00:00 - 06/10/2025 01:00:00","CTA|IE","1902.45","n/e"," ","1549.04"
"06/10/2025 01:00:00 - 06/10/2025 02:00:00","CTA|IE","1933.17","n/e"," ","1506.66"
"06/10/2025 02:00:00 - 06/10/2025 03:00:00","CTA|IE","1872.81","n/e"," ","1583.53"
"06/10/2025 03:00:00 - 06/10/2025 04:00:00","CTA|IE","1847.85","n/e"," ","1585.13"
"06/10/2025 04:00:00 - 06/10/2025 05:00:00","CTA|IE","1771.87","n/e"," ","1651.85"
"06/10/2025 05:00:00 - 06/10/2025 06:00:00","CTA|IE","1755.49","n/e"," ","1574.26"
"06/10/2025 06:00:00 - 06/10/2025 07:00:00","CTA|IE","1732.95","n/e"," ","1649.80"
"06/10/2025 07:00:00 - 06/10/2025 08:00:00","CTA|IE","1706.29","n/e"," ","1627.58"
"06/10/2025 08:00:00 - 06/10/2025 09:00:00","CTA|IE","1725.31","n/e"," ","1675.86"
"06/10/2025 09:00:00 - 06/10/2025 10:00:00","CTA|IE","1794.69","n/e"," ","1787.24"
"06/10/2025 10:00:00 - 06/10/2025 11:00:00","CTA|IE","1888.82","n/e"," ","1758.42"
"06/10/2025 11:00:00 - 06/10/2025 12:00:00","CTA|IE","1995.07","n/e"," ","1774.48"
"06/10/2025 12:00:00 - 06/10/2025 13:00:00","CTA|IE","2121.89","n/e"," ","1788.91"
"06/10/2025 13:00:00 - 06/10/2025 14:00:00","CTA|IE","2294.55","n/e"," ","1860.85"
"06/10/2025 14:00:00 - 06/10/2025 15:00:00","CTA|IE","2503.88","n/e"," ","2015.90"
"06/10/2025 15:00:00 - 06/10/2025 16:00:00","CTA|IE","2704.97","n/e"," ","2275.97"
"06/10/2025 16:00:00 - 06/10/2025 17:00:00","CTA|IE","2833.29","n/e"," ","2407.91"
"06/10/2025 17:00:00 - 06/10/2025 18:00:00","CTA|IE","2870.76","n/e"," ","2467.55"
"06/10/2025 18:00:00 - 06/10/2025 19:00:00","CTA|IE","2856.18","n/e"," ","2423.00"
"06/10/2025 19:00:00 - 06/10/2025 20:00:00","CTA|IE","2853.62","n/e"," ","2470.40"
"06/10/2025 20:00:00 - 06/10/2025 21:00:00","CTA|IE","2837.23","n/e"," ","2467.07"
"06/10/2025 21:00:00 - 06/10/2025 22:00:00","CTA|IE","2828.11","n/e"," ","2503.64"
"06/10/2025 22:00:00 - 06/10/2025 23:00:00","CTA|IE","2859.79","n/e"," ","2639.88"
"06/10/2025 23:00:00 - 07/10/2025 00:00:00","CTA|IE","2878.28","n/e"," ","2612.30"
"07/10/2025 00:00:00 - 07/10/2025 01:00:00","CTA|IE","2845.59","n/e"," ","2613.71"
"07/10/2025 01:00:00 - 07/10/2025 02:00:00","CTA|IE","2854.01","n/e"," ","2548.51"
"07/10/2025 02:00:00 - 07/10/2025 03:00:00","CTA|IE","2779.82","n/e"," ","2484.10"
"07/10/2025 03:00:00 - 07/10/2025 04:00:00","CTA|IE","2730.12","n/e"," ","2453.98"
"07/10/2025 04:00:00 - 07/10/2025 05:00:00","CTA|IE","2627.34","n/e"," ","2443.80"
"07/10/2025 05:00:00 - 07/10/2025 06:00:00","CTA|IE","2443.07","n/e"," ","2268.82"
"07/10/2025 06:00:00 - 07/10/2025 07:00:00","CTA|IE","2257.25","n/e"," ","2155.83"
"07/10/2025 07:00:00 - 07/10/2025 08:00:00","CTA|IE","2050.19","n/e"," ","1999.11"
"07/10/2025 08:00:00 - 07/10/2025 09:00:00","CTA|IE","1841.02","n/e"," ","1696.83"
"07/10/2025 09:00:00 - 07/10/2025 10:00:00","CTA|IE","1602.79","n/e"," ","1306.49"
"07/10/2025 10:00:00 - 07/10/2025 11:00:00","CTA|IE","1393.24","n/e"," ","980.10"
"07/10/2025 11:00:00 - 07/10/2025 12:00:00","CTA|IE","1216.87","n/e"," ","752.71"
"07/10/2025 12:00:00 - 07/10/2025 13:00:00","CTA|IE","1050.82","n/e"," ","625.19"
"07/10/2025 13:00:00 - 07/10/2025 14:00:00","CTA|IE","892.39","n/e"," ","518.62"
"07/10/2025 14:00:00 - 07/10/2025 15:00:00","CTA|IE","776.26","n/e"," ","486.38"
"07/10/2025 15:00:00 - 07/10/2025 16:00:00","CTA|IE","696.37","n/e"," ","489.23"
"07/10/2025 16:00:00 - 07/10/2025 17:00:00","CTA|IE","628.52","n/e"," ","479.85"
"07/10/2025 17:00:00 - 07/10/2025 18:00:00","CTA|IE","573.96","n/e"," ","478.92"
"07/10/2025 18:00:00 - 07/10/2025 19:00:00","CTA|IE","523.53","n/e"," ","493.49"
"07/10/2025 19:00:00 - 07/10/2025 20:00:00","CTA|IE","480.14","n/e"," ","485.18"
"07/10/2025 20:00:00 - 07/10/2025 21:00:00","CTA|IE","458.00","n/e"," ","500.64"
"07/10/2025 21:00:00 - 07/10/2025 22:00:00","CTA|IE","464.49","n/e"," ","497.82"
"07/10/2025 22:00:00 - 07/10/2025 23:00:00","CTA|IE","480.03","n/e"," ","488.69"
"07/10/2025 23:00:00 - 08/10/2025 00:00:00","CTA|IE","466.57","n/e"," ","444.02"
"08/10/2025 00:00:00 - 08/10/2025 01:00:00","CTA|IE","456.69","n/e"," ","461.45"
"08/10/2025 01:00:00 - 08/10/2025 02:00:00","CTA|IE","382.68","n/e"," ","500.07"
"08/10/2025 02:00:00 - 08/10/2025 03:00:00","CTA|IE","427.06","n/e"," ","571.07"
"08/10/2025 03:00:00 - 08/10/2025 04:00:00","CTA|IE","433.16","n/e"," ","630.51"
"08/10/2025 04:00:00 - 08/10/2025 05:00:00","CTA|IE","439.65","n/e"," ","678.57"
"08/10/2025 05:00:00 - 08/10/2025 06:00:00","CTA|IE","459.90","n/e"," ","669.15"
"08/10/2025 06:00:00 - 08/10/2025 07:00:00","CTA|IE","455.10","n/e"," ","619.94"
"08/10/2025 07:00:00 - 08/10/2025 08:00:00","CTA|IE","449.15","n/e"," ","618.16"
"08/10/2025 08:00:00 - 08/10/2025 09:00:00","CTA|IE","449.82","n/e"," ","722.19"
"08/10/2025 09:00:00 - 08/10/2025 10:00:00","CTA|IE","468.88","n/e"," ","706.05"
"08/10/2025 10:00:00 - 08/10/2025 11:00:00","CTA|IE","488.97","n/e"," ","700.16"
"08/10/2025 11:00:00 - 08/10/2025 12:00:00","CTA|IE","483.69","n/e"," ","700.74"
"08/10/2025 12:00:00 - 08/10/2025 13:00:00","CTA|IE","485.16","n/e"," ","935.69"
"08/10/2025 13:00:00 - 08/10/2025 14:00:00","CTA|IE","551.00","n/e"," ","1116.96"
"08/10/2025 14:00:00 - 08/10/2025 15:00:00","CTA|IE","625.16","n/e"," ","1196.41"
"08/10/2025 15:00:00 - 08/10/2025 16:00:00","CTA|IE","699.20","n/e"," ","1260.75"
"08/10/2025 16:00:00 - 08/10/2025 17:00:00","CTA|IE","748.12","n/e"," ","1334.78"
"08/10/2025 17:00:00 - 08/10/2025 18:00:00","CTA|IE","773.77","n/e"," ","1441.48"
"08/10/2025 18:00:00 - 08/10/2025 19:00:00","CTA|IE","787.48","n/e"," ","1401.82"
"08/10/2025 19:00:00 - 08/10/2025 20:00:00","CTA|IE","782.10","n/e"," ","1271.23"
"08/10/2025 20:00:00 - 08/10/2025 21:00:00","CTA|IE","735.66","n/e"," ","1249.28"
"08/10/2025 21:00:00 - 08/10/2025 22:00:00","CTA|IE","674.14","n/e"," ","1162.01"
"08/10/2025 22:00:00 - 08/10/2025 23:00:00","CTA|IE","655.52","n/e"," ","1076.80"
"08/10/2025 23:00:00 - 09/10/2025 00:00:00","CTA|IE","669.97","n/e"," ","987.88"
"09/10/2025 00:00:00 - 09/10/2025 01:00:00","CTA|IE","701.56","n/e"," ","946.57"
"09/10/2025 01:00:00 - 09/10/2025 02:00:00","CTA|IE","843.32","n/e"," ","924.04"
"09/10/2025 02:00:00 - 09/10/2025 03:00:00","CTA|IE","858.88","n/e"," ","1002.56"
"09/10/2025 03:00:00 - 09/10/2025 04:00:00","CTA|IE","844.68","n/e"," ","1031.74"
"09/10/2025 04:00:00 - 09/10/2025 05:00:00","CTA|IE","830.58","n/e"," ","1059.95"
"09/10/2025 05:00:00 - 09/10/2025 06:00:00","CTA|IE","853.03","n/e"," ","1131.44"
"09/10/2025 06:00:00 - 09/10/2025 07:00:00","CTA|IE","842.93","n/e"," ","1060.42"
"09/10/2025 07:00:00 - 09/10/2025 08:00:00","CTA|IE","842.33","n/e"," ","1124.26"
"09/10/2025 08:00:00 - 09/10/2025 09:00:00","CTA|IE","836.93","n/e"," ","1009.03"
"09/10/2025 09:00:00 - 09/10/2025 10:00:00","CTA|IE","771.97","n/e"," ","964.94"
"09/10/2025 10:00:00 - 09/10/2025 11:00:00","CTA|IE","677.06","n/e"," ","850.96"
"09/10/2025 11:00:00 - 09/10/2025 12:00:00","CTA|IE","574.72","n/e"," ","784.52"
"09/10/2025 12:00:00 - 09/10/2025 13:00:00","CTA|IE","527.46","n/e"," ","837.40"
"09/10/2025 13:00:00 - 09/10/2025 14:00:00","CTA|IE","540.68","n/e"," ","977.20"
"09/10/2025 14:00:00 - 09/10/2025 15:00:00","CTA|IE","557.17","n/e"," ","922.84"
"09/10/2025 15:00:00 - 09/10/2025 16:00:00","CTA|IE","563.06","n/e"," ","821.48"
"09/10/2025 16:00:00 - 09/10/2025 17:00:00","CTA|IE","523.62","n/e"," ","707.57"
"09/10/2025 17:00:00 - 09/10/2025 18:00:00","CTA|IE","468.19","n/e"," ","632.26"
"09/10/2025 18:00:00 - 09/10/2025 19:00:00","CTA|IE","415.88","n/e"," ","608.29"
"09/10/2025 19:00:00 - 09/10/2025 20:00:00","CTA|IE","386.93","n/e"," ","509.61"
"09/10/2025 20:00:00 - 09/10/2025 21:00:00","CTA|IE","386.23","n/e"," ","466.73"
"09/10/2025 21:00:00 - 09/10/2025 22:00:00","CTA|IE","390.21","n/e"," ","375.04"
"09/10/2025 22:00:00 - 09/10/2025 23:00:00","CTA|IE","382.23","n/e"," ","372.98"
"09/10/2025 23:00:00 - 10/10/2025 00:00:00","CTA|IE","342.46","n/e"," ","352.57"
"10/10/2025 00:00:00 - 10/10/2025 01:00:00","CTA|IE","288.53","n/e"," ","323.57"
"10/10/2025 01:00:00 - 10/10/2025 02:00:00","CTA|IE","193.51","n/e"," ","259.50"
"10/10/2025 02:00:00 - 10/10/2025 03:00:00","CTA|IE","198.28","n/e"," ","187.92"
"10/10/2025 03:00:00 - 10/10/2025 04:00:00","CTA|IE","199.96","n/e"," ","163.89"
"10/10/2025 04:00:00 - 10/10/2025 05:00:00","CTA|IE","180.11","n/e"," ","240.57"
"10/10/2025 05:00:00 - 10/10/2025 06:00:00","CTA|IE","186.39","n/e"," ","242.44"
"10/10/2025 06:00:00 - 10/10/2025 07:00:00","CTA|IE","183.29","n/e"," ","238.99"
"10/10/2025 07:00:00 - 10/10/2025 08:00:00","CTA|IE","181.19","n/e"," ","221.17"
"10/10/2025 08:00:00 - 10/10/2025 09:00:00","CTA|IE","173.11","n/e"," ","198.17"
"10/10/2025 09:00:00 - 10/10/2025 10:00:00","CTA|IE","137.85","n/e"," ","177.70"
"10/10/2025 10:00:00 - 10/10/2025 11:00:00","CTA|IE","112.20","n/e"," ","165.65"
"10/10/2025 11:00:00 - 10/10/2025 12:00:00","CTA|IE","102.44","n/e"," ","138.56"
"10/10/2025 12:00:00 - 10/10/2025 13:00:00","CTA|IE","103.89","n/e"," ","148.06"
"10/10/2025 13:00:00 - 10/10/2025 14:00:00","CTA|IE","108.65","n/e"," ","160.77"
"10/10/2025 14:00:00 - 10/10/2025 15:00:00","CTA|IE","109.77","n/e"," ","188.50"
"10/10/2025 15:00:00 - 10/10/2025 16:00:00","CTA|IE","112.03","n/e"," ","138.19"
"10/10/2025 16:00:00 - 10/10/2025 17:00:00","CTA|IE","114.64","n/e"," ","142.99"
"10/10/2025 17:00:00 - 10/10/2025 18:00:00","CTA|IE","105.82","n/e"," ","107.51"
"10/10/2025 18:00:00 - 10/10/2025 19:00:00","CTA|IE","87.13","n/e"," ","79.85"
"10/10/2025 19:00:00 - 10/10/2025 20:00:00","CTA|IE","68.88","n/e"," ","67.31"
"10/10/2025 20:00:00 - 10/10/2025 21:00:00","CTA|IE","58.74","n/e"," ","68.48"
"10/10/2025 21:00:00 - 10/10/2025 22:00:00","CTA|IE","58.14","n/e"," ","57.97"
"10/10/2025 22:00:00 - 10/10/2025 23:00:00","CTA|IE","60.10","n/e"," ","68.35"
"10/10/2025 23:00:00 - 11/10/2025 00:00:00","CTA|IE","60.23","n/e"," ","61.19"
"11/10/2025 00:00:00 - 11/10/2025 01:00:00","CTA|IE","59.49","n/e"," ","70.45"
"11/10/2025 01:00:00 - 11/10/2025 02:00:00","CTA|IE","26.20","n/e"," ","75.88"
"11/10/2025 02:00:00 - 11/10/2025 03:00:00","CTA|IE","25.45","n/e"," ","84.88"
"11/10/2025 03:00:00 - 11/10/2025 04:00:00","CTA|IE","30.41","n/e"," ","75.66"
"11/10/2025 04:00:00 - 11/10/2025 05:00:00","CTA|IE","39.79","n/e"," ","69.40"
"11/10/2025 05:00:00 - 11/10/2025 06:00:00","CTA|IE","56.88","n/e"," ","37.28"
"11/10/2025 06:00:00 - 11/10/2025 07:00:00","CTA|IE","72.71","n/e"," ","18.04"
"11/10/2025 07:00:00 - 11/10/2025 08:00:00","CTA|IE","91.74","n/e"," ","12.13"
"11/10/2025 08:00:00 - 11/10/2025 09:00:00","CTA|IE","111.17","n/e"," ","21.02"
"11/10/2025 09:00:00 - 11/10/2025 10:00:00","CTA|IE","141.87","n/e"," ","21.94"
"11/10/2025 10:00:00 - 11/10/2025 11:00:00","CTA|IE","178.74","n/e"," ","22.15"
"11/10/2025 11:00:00 - 11/10/2025 12:00:00","CTA|IE","180.81","n/e"," ","24.31"
"11/10/2025 12:00:00 - 11/10/2025 13:00:00","CTA|IE","137.27","n/e"," ","25.17"
"11/10/2025 13:00:00 - 11/10/2025 14:00:00","CTA|IE","105.57","n/e"," ","16.35"
"11/10/2025 14:00:00 - 11/10/2025 15:00:00","CTA|IE","104.27","n/e"," ","7.84"
"11/10/2025 15:00:00 - 11/10/2025 16:00:00","CTA|IE","117.26","n/e"," ","7.81"
"11/10/2025 16:00:00 - 11/10/2025 17:00:00","CTA|IE","125.48","n/e"," ","7.18"
"11/10/2025 17:00:00 - 11/10/2025 18:00:00","CTA|IE","112.36","n/e"," ","12.71"
"11/10/2025 18:00:00 - 11/10/2025 19:00:00","CTA|IE","102.48","n/e"," ","17.62"
"11/10/2025 19:00:00 - 11/10/2025 20:00:00","CTA|IE","102.47","n/e"," ","24.68"
"11/10/2025 20:00:00 - 11/10/2025 21:00:00","CTA|IE","113.36","n/e"," ","63.64"
"11/10/2025 21:00:00 - 11/10/2025 22:00:00","CTA|IE","146.52","n/e"," ","100.17"
"11/10/2025 22:00:00 - 11/10/2025 23:00:00","CTA|IE","187.04","n/e"," ","97.32"
"11/10/2025 23:00:00 - 12/10/2025 00:00:00","CTA|IE","223.25","n/e"," ","105.17"
"12/10/2025 00:00:00 - 12/10/2025 01:00:00","CTA|IE","273.46","n/e"," ","120.57"
"12/10/2025 01:00:00 - 12/10/2025 02:00:00","CTA|IE","188.77","n/e"," ","114.05"
"12/10/2025 02:00:00 - 12/10/2025 03:00:00","CTA|IE","194.46","n/e"," ","125.52"
"12/10/2025 03:00:00 - 12/10/2025 04:00:00","CTA|IE","207.20","n/e"," ","102.67"
"12/10/2025 04:00:00 - 12/10/2025 05:00:00","CTA|IE","240.26","n/e"," ","101.39"
"12/10/2025 05:00:00 - 12/10/2025 06:00:00","CTA|IE","296.41","n/e"," ","117.64"
"12/10/2025 06:00:00 - 12/10/2025 07:00:00","CTA|IE","345.74","n/e"," ","155.64"
"12/10/2025 07:00:00 - 12/10/2025 08:00:00","CTA|IE","403.58","n/e"," ","165.71"
"12/10/2025 08:00:00 - 12/10/2025 09:00:00","CTA|IE","437.96","n/e"," ","167.06"
"12/10/2025 09:00:00 - 12/10/2025 10:00:00","CTA|IE","436.39","n/e"," ","230.49"
"12/10/2025 10:00:00 - 12/10/2025 11:00:00","CTA|IE","463.37","n/e"," ","296.05"
"12/10/2025 11:00:00 - 12/10/2025 12:00:00","CTA|IE","508.27","n/e"," ","293.92"
"12/10/2025 12:00:00 - 12/10/2025 13:00:00","CTA|IE","498.50","n/e"," ","214.46"
"12/10/2025 13:00:00 - 12/10/2025 14:00:00","CTA|IE","494.95","n/e"," ","256.27"
"12/10/2025 14:00:00 - 12/10/2025 15:00:00","CTA|IE","530.43","n/e"," ","313.16"
"12/10/2025 15:00:00 - 12/10/2025 16:00:00","CTA|IE","577.85","n/e"," ","380.36"
"12/10/2025 16:00:00 - 12/10/2025 17:00:00","CTA|IE","626.77","n/e"," ","443.26"
"12/10/2025 17:00:00 - 12/10/2025 18:00:00","CTA|IE","670.98","n/e"," ","439.12"
"12/10/2025 18:00:00 - 12/10/2025 19:00:00","CTA|IE","690.70","n/e"," ","391.39"
"12/10/2025 19:00:00 - 12/10/2025 20:00:00","CTA|IE","646.59","n/e"," ","434.77"
"12/10/2025 20:00:00 - 12/10/2025 21:00:00","CTA|IE","608.93","n/e"," ","523.88"
"12/10/2025 21:00:00 - 12/10/2025 22:00:00","CTA|IE","631.48","n/e"," ","532.07"
"12/10/2025 22:00:00 - 12/10/2025 23:00:00","CTA|IE","679.63","n/e"," ","501.11"
"12/10/2025 23:00:00 - 13/10/2025 00:00:00","CTA|IE","752.18","n/e"," ","459.67"
"13/10/2025 00:00:00 - 13/10/2025 01:00:00","CTA|IE","819.57","n/e"," ","453.95"
"13/10/2025 01:00:00 - 13/10/2025 02:00:00","CTA|IE","714.77","n/e"," ","420.12"
"13/10/2025 02:00:00 - 13/10/2025 03:00:00","CTA|IE","712.13","n/e"," ","383.16"
"13/10/2025 03:00:00 - 13/10/2025 04:00:00","CTA|IE","759.88","n/e"," ","341.98"
"13/10/2025 04:00:00 - 13/10/2025 05:00:00","CTA|IE","818.18","n/e"," ","267.79"
"13/10/2025 05:00:00 - 13/10/2025 06:00:00","CTA|IE","868.99","n/e"," ","278.03"
"13/10/2025 06:00:00 - 13/10/2025 07:00:00","CTA|IE","856.35","n/e"," ","322.27"
"13/10/2025 07:00:00 - 13/10/2025 08:00:00","CTA|IE","899.92","n/e"," ","447.72"
"13/10/2025 08:00:00 - 13/10/2025 09:00:00","CTA|IE","1040.94","n/e"," ","577.10"
"13/10/2025 09:00:00 - 13/10/2025 10:00:00","CTA|IE","1193.94","n/e"," ","629.93"
"13/10/2025 10:00:00 - 13/10/2025 11:00:00","CTA|IE","1222.41","n/e"," ","659.33"
"13/10/2025 11:00:00 - 13/10/2025 12:00:00","CTA|IE","1121.17","n/e"," ","721.11"
"13/10/2025 12:00:00 - 13/10/2025 13:00:00","CTA|IE","952.48","n/e"," ","718.67"
"13/10/2025 13:00:00 - 13/10/2025 14:00:00","CTA|IE","906.82","n/e"," ","633.19"
"13/10/2025 14:00:00 - 13/10/2025 15:00:00","CTA|IE","956.15","n/e"," ","594.77"
"13/10/2025 15:00:00 - 13/10/2025 16:00:00","CTA|IE","963.51","n/e"," ","575.53"
"13/10/2025 16:00:00 - 13/10/2025 17:00:00","CTA|IE","940.94","n/e"," ","517.83"
"13/10/2025 17:00:00 - 13/10/2025 18:00:00","CTA|IE","896.42","n/e"," ","422.82"
"13/10/2025 18:00:00 - 13/10/2025 19:00:00","CTA|IE","852.64","n/e"," ","351.17"
"13/10/2025 19:00:00 - 13/10/2025 20:00:00","CTA|IE","818.07","n/e"," ","399.31"
"13/10/2025 20:00:00 - 13/10/2025 21:00:00","CTA|IE","803.81","n/e"," ","409.10"
"13/10/2025 21:00:00 - 13/10/2025 22:00:00","CTA|IE","808.04","n/e"," ","394.59"
"13/10/2025 22:00:00 - 13/10/2025 23:00:00","CTA|IE","812.27","n/e"," ","395.66"
"13/10/2025 23:00:00 - 14/10/2025 00:00:00","CTA|IE","821.03","n/e"," ","399.86"
"14/10/2025 00:00:00 - 14/10/2025 01:00:00","CTA|IE","839.19","n/e"," ","394.46"
"14/10/2025 01:00:00 - 14/10/2025 02:00:00","CTA|IE","582.86","n/e"," ","358.76"
"14/10/2025 02:00:00 - 14/10/2025 03:00:00","CTA|IE","577.83","n/e"," ","298.75"
"14/10/2025 03:00:00 - 14/10/2025 04:00:00","CTA|IE","595.95","n/e"," ","356.40"
"14/10/2025 04:00:00 - 14/10/2025 05:00:00","CTA|IE","582.64","n/e"," ","379.10"
"14/10/2025 05:00:00 - 14/10/2025 06:00:00","CTA|IE","593.15","n/e"," ","382.07"
"14/10/2025 06:00:00 - 14/10/2025 07:00:00","CTA|IE","555.04","n/e"," ","290.63"
"14/10/2025 07:00:00 - 14/10/2025 08:00:00","CTA|IE","518.67","n/e"," ","239.05"
"14/10/2025 08:00:00 - 14/10/2025 09:00:00","CTA|IE","477.83","n/e"," ","177.97"
"14/10/2025 09:00:00 - 14/10/2025 10:00:00","CTA|IE","479.09","n/e"," ","181.72"
"14/10/2025 10:00:00 - 14/10/2025 11:00:00","CTA|IE","516.42","n/e"," ","201.77"
"14/10/2025 11:00:00 - 14/10/2025 12:00:00","CTA|IE","530.32","n/e"," ","216.20"
"14/10/2025 12:00:00 - 14/10/2025 13:00:00","CTA|IE","486.69","n/e"," ","281.47"
"14/10/2025 13:00:00 - 14/10/2025 14:00:00","CTA|IE","480.87","n/e"," ","245.28"
"14/10/2025 14:00:00 - 14/10/2025 15:00:00","CTA|IE","521.44","n/e"," ","210.29"
"14/10/2025 15:00:00 - 14/10/2025 16:00:00","CTA|IE","555.70","n/e"," ","211.87"
"14/10/2025 16:00:00 - 14/10/2025 17:00:00","CTA|IE","548.14","n/e"," ","217.05"
"14/10/2025 17:00:00 - 14/10/2025 18:00:00","CTA|IE","487.65","n/e"," ","219.78"
"14/10/2025 18:00:00 - 14/10/2025 19:00:00","CTA|IE","450.52","n/e"," ","175.12"
"14/10/2025 19:00:00 - 14/10/2025 20:00:00","CTA|IE","452.66","n/e"," ","195.35"
"14/10/2025 20:00:00 - 14/10/2025 21:00:00","CTA|IE","460.99","n/e"," ","213.74"
"14/10/2025 21:00:00 - 14/10/2025 22:00:00","CTA|IE","482.02","n/e"," ","231.25"
"14/10/2025 22:00:00 - 14/10/2025 23:00:00","CTA|IE","515.65","n/e"," ","197.61"
"14/10/2025 23:00:00 - 15/10/2025 00:00:00","CTA|IE","538.74","n/e"," ","195.66"
"15/10/2025 00:00:00 - 15/10/2025 01:00:00","CTA|IE","532.27","n/e"," ","208.95"
"15/10/2025 01:00:00 - 15/10/2025 02:00:00","CTA|IE","314.03","n/e"," ","215.94"
"15/10/2025 02:00:00 - 15/10/2025 03:00:00","CTA|IE","329.94","n/e"," ","243.26"
"15/10/2025 03:00:00 - 15/10/2025 04:00:00","CTA|IE","339.82","n/e"," ","244.29"
"15/10/2025 04:00:00 - 15/10/2025 05:00:00","CTA|IE","361.59","n/e"," ","296.57"
"15/10/2025 05:00:00 - 15/10/2025 06:00:00","CTA|IE","403.63","n/e"," ","297.70"
"15/10/2025 06:00:00 - 15/10/2025 07:00:00","CTA|IE","392.57","n/e"," ","292.20"
"15/10/2025 07:00:00 - 15/10/2025 08:00:00","CTA|IE","402.54","n/e"," ","270.66"
"15/10/2025 08:00:00 - 15/10/2025 09:00:00","CTA|IE","429.52","n/e"," ","293.89"
"15/10/2025 09:00:00 - 15/10/2025 10:00:00","CTA|IE","422.27","n/e"," ","282.29"
"15/10/2025 10:00:00 - 15/10/2025 11:00:00","CTA|IE","388.69","n/e"," ","312.96"
"15/10/2025 11:00:00 - 15/10/2025 12:00:00","CTA|IE","358.24","n/e"," ","344.91"
"15/10/2025 12:00:00 - 15/10/2025 13:00:00","CTA|IE","348.32","n/e"," ","398.28"
"15/10/2025 13:00:00 - 15/10/2025 14:00:00","CTA|IE","380.58","n/e"," ","340.27"
"15/10/2025 14:00:00 - 15/10/2025 15:00:00","CTA|IE","422.56","n/e"," ","305.69"
"15/10/2025 15:00:00 - 15/10/2025 16:00:00","CTA|IE","427.59","n/e"," ","287.81"
"15/10/2025 16:00:00 - 15/10/2025 17:00:00","CTA|IE","415.86","n/e"," ","323.77"
"15/10/2025 17:00:00 - 15/10/2025 18:00:00","CTA|IE","398.95","n/e"," ","313.89"
"15/10/2025 18:00:00 - 15/10/2025 19:00:00","CTA|IE","422.50","n/e"," ","271.16"
"15/10/2025 19:00:00 - 15/10/2025 20:00:00","CTA|IE","452.05","n/e"," ","302.78"
"15/10/2025 20:00:00 - 15/10/2025 21:00:00","CTA|IE","454.42","n/e"," ","327.98"
"15/10/2025 21:00:00 - 15/10/2025 22:00:00","CTA|IE","469.81","n/e"," ","318.49"
"15/10/2025 22:00:00 - 15/10/2025 23:00:00","CTA|IE","497.57","n/e"," ","275.51"
"15/10/2025 23:00:00 - 16/10/2025 00:00:00","CTA|IE","509.46","n/e"," ","281.12"
"16/10/2025 00:00:00 - 16/10/2025 01:00:00","CTA|IE","499.95","n/e"," ","292.44"
"16/10/2025 01:00:00 - 16/10/2025 02:00:00","CTA|IE","358.01","n/e"," ","318.26"
"16/10/2025 02:00:00 - 16/10/2025 03:00:00","CTA|IE","332.45","n/e"," ","288.97"
"16/10/2025 03:00:00 - 16/10/2025 04:00:00","CTA|IE","294.49","n/e"," ","345.38"
"16/10/2025 04:00:00 - 16/10/2025 05:00:00","CTA|IE","288.76","n/e"," ","315.93"
"16/10/2025 05:00:00 - 16/10/2025 06:00:00","CTA|IE","321.13","n/e"," ","265.71"
"16/10/2025 06:00:00 - 16/10/2025 07:00:00","CTA|IE","343.16","n/e"," ","206.96"
"16/10/2025 07:00:00 - 16/10/2025 08:00:00","CTA|IE","377.55","n/e"," ","208.33"
"16/10/2025 08:00:00 - 16/10/2025 09:00:00","CTA|IE","388.17","n/e"," ","267.58"
"16/10/2025 09:00:00 - 16/10/2025 10:00:00","CTA|IE","393.64","n/e"," ","234.27"
"16/10/2025 10:00:00 - 16/10/2025 11:00:00","CTA|IE","432.61","n/e"," ","207.45"
"16/10/2025 11:00:00 - 16/10/2025 12:00:00","CTA|IE","462.41","n/e"," ","189.68"
"16/10/2025 12:00:00 - 16/10/2025 13:00:00","CTA|IE","439.89","n/e"," ","167.02"
"16/10/2025 13:00:00 - 16/10/2025 14:00:00","CTA|IE","428.42","n/e"," ","131.29"
"16/10/2025 14:00:00 - 16/10/2025 15:00:00","CTA|IE","443.91","n/e"," ","186.93"
"16/10/2025 15:00:00 - 16/10/2025 16:00:00","CTA|IE","468.18","n/e"," ","214.31"
"16/10/2025 16:00:00 - 16/10/2025 17:00:00","CTA|IE","498.67","n/e"," ","228.92"
"16/10/2025 17:00:00 - 16/10/2025 18:00:00","CTA|IE","516.26","n/e"," ","215.08"
"16/10/2025 18:00:00 - 16/10/2025 19:00:00","CTA|IE","527.33","n/e"," ","153.76"
"16/10/2025 19:00:00 - 16/10/2025 20:00:00","CTA|IE","529.96","n/e"," ","235.39"
"16/10/2025 20:00:00 - 16/10/2025 21:00:00","CTA|IE","547.65","n/e"," ","300.01"
"16/10/2025 21:00:00 - 16/10/2025 22:00:00","CTA|IE","592.95","n/e"," ","356.47"
"16/10/2025 22:00:00 - 16/10/2025 23:00:00","CTA|IE","629.70","n/e"," ","364.95"
"16/10/2025 23:00:00 - 17/10/2025 00:00:00","CTA|IE","646.30","n/e"," ","370.37"
"17/10/2025 00:00:00 - 17/10/2025 01:00:00","CTA|IE","640.77","n/e"," ","324.82"
"17/10/2025 01:00:00 - 17/10/2025 02:00:00","CTA|IE","557.84","n/e"," ","319.80"
"17/10/2025 02:00:00 - 17/10/2025 03:00:00","CTA|IE","592.87","n/e"," ","327.38"
"17/10/2025 03:00:00 - 17/10/2025 04:00:00","CTA|IE","624.08","n/e"," ","378.76"
"17/10/2025 04:00:00 - 17/10/2025 05:00:00","CTA|IE","669.00","n/e"," ","520.40"
"17/10/2025 05:00:00 - 17/10/2025 06:00:00","CTA|IE","776.42","n/e"," ","759.69"
"17/10/2025 06:00:00 - 17/10/2025 07:00:00","CTA|IE","901.61","n/e"," ","935.43"
"17/10/2025 07:00:00 - 17/10/2025 08:00:00","CTA|IE","988.51","n/e"," ","834.66"
"17/10/2025 08:00:00 - 17/10/2025 09:00:00","CTA|IE","1019.71","n/e"," ","727.15"
"17/10/2025 09:00:00 - 17/10/2025 10:00:00","CTA|IE","1065.99","n/e"," ","874.09"
"17/10/2025 10:00:00 - 17/10/2025 11:00:00","CTA|IE","1115.27","n/e"," ","838.27"
"17/10/2025 11:00:00 - 17/10/2025 12:00:00","CTA|IE","1142.65","n/e"," ","940.29"
"17/10/2025 12:00:00 - 17/10/2025 13:00:00","CTA|IE","1173.76","n/e"," ","1030.46"
"17/10/2025 13:00:00 - 17/10/2025 14:00:00","CTA|IE","1270.12","n/e"," ","1068.09"
"17/10/2025 14:00:00 - 17/10/2025 15:00:00","CTA|IE","1370.09","n/e"," ","1397.56"
"17/10/2025 15:00:00 - 17/10/2025 16:00:00","CTA|IE","1415.82","n/e"," ","1498.05"
"17/10/2025 16:00:00 - 17/10/2025 17:00:00","CTA|IE","1447.54","n/e"," ","1602.67"
"17/10/2025 17:00:00 - 17/10/2025 18:00:00","CTA|IE","1455.87","n/e"," ","1476.39"
"17/10/2025 18:00:00 - 17/10/2025 19:00:00","CTA|IE","1447.01","n/e"," ","1387.37"
"17/10/2025 19:00:00 - 17/10/2025 20:00:00","CTA|IE","1374.73","n/e"," ","1377.86"
"17/10/2025 20:00:00 - 17/10/2025 21:00:00","CTA|IE","1290.53","n/e"," ","1506.85"
"17/10/2025 21:00:00 - 17/10/2025 22:00:00","CTA|IE","1310.46","n/e"," ","1844.93"
"17/10/2025 22:00:00 - 17/10/2025 23:00:00","CTA|IE","1434.57","n/e"," ","1944.25"
"17/10/2025 23:00:00 - 18/10/2025 00:00:00","CTA|IE","1559.90","n/e"," ","2072.69"
"18/10/2025 00:00:00 - 18/10/2025 01:00:00","CTA|IE","1632.03","n/e"," ","2216.52"
"18/10/2025 01:00:00 - 18/10/2025 02:00:00","CTA|IE","1963.02","n/e"," ","2221.02"
"18/10/2025 02:00:00 - 18/10/2025 03:00:00","CTA|IE","1867.93","n/e"," ","2174.36"
"18/10/2025 03:00:00 - 18/10/2025 04:00:00","CTA|IE","1885.83","n/e"," ","2211.80"
"18/10/2025 04:00:00 - 18/10/2025 05:00:00","CTA|IE","1951.73","n/e"," ","2100.26"
"18/10/2025 05:00:00 - 18/10/2025 06:00:00","CTA|IE","1987.55","n/e"," ","1996.81"
"18/10/2025 06:00:00 - 18/10/2025 07:00:00","CTA|IE","2058.63","n/e"," ","2049.32"
"18/10/2025 07:00:00 - 18/10/2025 08:00:00","CTA|IE","2063.60","n/e"," ","2060.81"
"18/10/2025 08:00:00 - 18/10/2025 09:00:00","CTA|IE","2100.07","n/e"," ","2160.95"
"18/10/2025 09:00:00 - 18/10/2025 10:00:00","CTA|IE","2222.77","n/e"," ","2273.85"
"18/10/2025 10:00:00 - 18/10/2025 11:00:00","CTA|IE","2364.90","n/e"," ","2506.16"
"18/10/2025 11:00:00 - 18/10/2025 12:00:00","CTA|IE","2515.70","n/e"," ","2568.23"
"18/10/2025 12:00:00 - 18/10/2025 13:00:00","CTA|IE","2646.44","n/e"," ","2588.73"
"18/10/2025 13:00:00 - 18/10/2025 14:00:00","CTA|IE","2752.19","n/e"," ","2700.18"
"18/10/2025 14:00:00 - 18/10/2025 15:00:00","CTA|IE","2832.19","n/e"," ","2698.49"
"18/10/2025 15:00:00 - 18/10/2025 16:00:00","CTA|IE","2866.73","n/e"," ","2720.00"
"18/10/2025 16:00:00 - 18/10/2025 17:00:00","CTA|IE","2862.57","n/e"," ","2806.47"
"18/10/2025 17:00:00 - 18/10/2025 18:00:00","CTA|IE","2837.77","n/e"," ","3085.06"
"18/10/2025 18:00:00 - 18/10/2025 19:00:00","CTA|IE","2838.28","n/e"," ","3261.20"
"18/10/2025 19:00:00 - 18/10/2025 20:00:00","CTA|IE","2859.55","n/e"," ","3321.09"
"18/10/2025 20:00:00 - 18/10/2025 21:00:00","CTA|IE","2905.41","n/e"," ","3338.73"
"18/10/2025 21:00:00 - 18/10/2025 22:00:00","CTA|IE","2960.93","n/e"," ","3392.78"
"18/10/2025 22:00:00 - 18/10/2025 23:00:00","CTA|IE","2965.90","n/e"," ","3361.50"
"18/10/2025 23:00:00 - 19/10/2025 00:00:00","CTA|IE","2937.60","n/e"," ","3314.57"
"19/10/2025 00:00:00 - 19/10/2025 01:00:00","CTA|IE","2878.14","n/e"," ","3140.38"
"19/10/2025 01:00:00 - 19/10/2025 02:00:00","CTA|IE","3852.73","n/e"," ","3092.14"
"19/10/2025 02:00:00 - 19/10/2025 03:00:00","CTA|IE","3758.14","n/e"," ","3083.95"
"19/10/2025 03:00:00 - 19/10/2025 04:00:00","CTA|IE","3634.52","n/e"," ","2896.15"
"19/10/2025 04:00:00 - 19/10/2025 05:00:00","CTA|IE","3467.67","n/e"," ","2486.51"
"19/10/2025 05:00:00 - 19/10/2025 06:00:00","CTA|IE","3336.39","n/e"," ","2190.92"
"19/10/2025 06:00:00 - 19/10/2025 07:00:00","CTA|IE","3090.60","n/e"," ","1810.67"
"19/10/2025 07:00:00 - 19/10/2025 08:00:00","CTA|IE","2876.79","n/e"," ","1416.76"
"19/10/2025 08:00:00 - 19/10/2025 09:00:00","CTA|IE","2621.37","n/e"," ","1241.84"
"19/10/2025 09:00:00 - 19/10/2025 10:00:00","CTA|IE","2273.51","n/e"," ","1090.71"
"19/10/2025 10:00:00 - 19/10/2025 11:00:00","CTA|IE","1938.87","n/e"," ","972.73"
"19/10/2025 11:00:00 - 19/10/2025 12:00:00","CTA|IE","1659.16","n/e"," ","862.94"
"19/10/2025 12:00:00 - 19/10/2025 13:00:00","CTA|IE","1439.99","n/e"," ","725.64"
"19/10/2025 13:00:00 - 19/10/2025 14:00:00","CTA|IE","1319.28","n/e"," ","675.34"
"19/10/2025 14:00:00 - 19/10/2025 15:00:00","CTA|IE","1276.02","n/e"," ","739.62"
"19/10/2025 15:00:00 - 19/10/2025 16:00:00","CTA|IE","1286.18","n/e"," ","774.86"
"19/10/2025 16:00:00 - 19/10/2025 17:00:00","CTA|IE","1300.22","n/e"," ","909.30"
"19/10/2025 17:00:00 - 19/10/2025 18:00:00","CTA|IE","1303.64","n/e"," ","991.94"
"19/10/2025 18:00:00 - 19/10/2025 19:00:00","CTA|IE","1296.36","n/e"," ","897.30"
"19/10/2025 19:00:00 - 19/10/2025 20:00:00","CTA|IE","1277.93","n/e"," ","824.68"
"19/10/2025 20:00:00 - 19/10/2025 21:00:00","CTA|IE","1276.90","n/e"," ","919.17"
"19/10/2025 21:00:00 - 19/10/2025 22:00:00","CTA|IE","1298.56","n/e"," ","1074.42"
"19/10/2025 22:00:00 - 19/10/2025 23:00:00","CTA|IE","1356.45","n/e"," ","1194.40"
"19/10/2025 23:00:00 - 20/10/2025 00:00:00","CTA|IE","1426.01","n/e"," ","1081.89"
"20/10/2025 00:00:00 - 20/10/2025 01:00:00","CTA|IE","1507.96","n/e"," ","831.92"
"20/10/2025 01:00:00 - 20/10/2025 02:00:00","CTA|IE","1042.90","n/e"," ","710.21"
"20/10/2025 02:00:00 - 20/10/2025 03:00:00","CTA|IE","852.37","n/e"," ","542.13"
"20/10/2025 03:00:00 - 20/10/2025 04:00:00","CTA|IE","719.72","n/e"," ","419.96"
"20/10/2025 04:00:00 - 20/10/2025 05:00:00","CTA|IE","538.73","n/e"," ","382.20"
"20/10/2025 05:00:00 - 20/10/2025 06:00:00","CTA|IE","344.48","n/e"," ","346.59"
"20/10/2025 06:00:00 - 20/10/2025 07:00:00","CTA|IE","277.87","n/e"," ","469.39"
"20/10/2025 07:00:00 - 20/10/2025 08:00:00","CTA|IE","290.21","n/e"," ","675.02"
"20/10/2025 08:00:00 - 20/10/2025 09:00:00","CTA|IE","377.47","n/e"," ","906.83"
"20/10/2025 09:00:00 - 20/10/2025 10:00:00","CTA|IE","512.52","n/e"," ","864.73"
"20/10/2025 10:00:00 - 20/10/2025 11:00:00","CTA|IE","621.40","n/e"," ","847.31"
"20/10/2025 11:00:00 - 20/10/2025 12:00:00","CTA|IE","678.57","n/e"," ","789.98"
"20/10/2025 12:00:00 - 20/10/2025 13:00:00","CTA|IE","717.95","n/e"," ","703.53"
"20/10/2025 13:00:00 - 20/10/2025 14:00:00","CTA|IE","751.82","n/e"," ","802.39"
"20/10/2025 14:00:00 - 20/10/2025 15:00:00","CTA|IE","798.28","n/e"," ","963.75"
"20/10/2025 15:00:00 - 20/10/2025 16:00:00","CTA|IE","893.35","n/e"," ","1028.26"
"20/10/2025 16:00:00 - 20/10/2025 17:00:00","CTA|IE","1013.58","n/e"," ","1070.46"
"20/10/2025 17:00:00 - 20/10/2025 18:00:00","CTA|IE","1067.02","n/e"," ","1152.72"
"20/10/2025 18:00:00 - 20/10/2025 19:00:00","CTA|IE","987.39","n/e"," ","1014.08"
"20/10/2025 19:00:00 - 20/10/2025 20:00:00","CTA|IE","861.92","n/e"," ","990.96"
"20/10/2025 20:00:00 - 20/10/2025 21:00:00","CTA|IE","781.73","n/e"," ","862.18"
"20/10/2025 21:00:00 - 20/10/2025 22:00:00","CTA|IE","760.20","n/e"," ","914.06"
"20/10/2025 22:00:00 - 20/10/2025 23:00:00","CTA|IE","796.27","n/e"," ","915.35"
"20/10/2025 23:00:00 - 21/10/2025 00:00:00","CTA|IE","866.24","n/e"," ","885.13"
"21/10/2025 00:00:00 - 21/10/2025 01:00:00","CTA|IE","965.83","n/e"," ","916.94"
"21/10/2025 01:00:00 - 21/10/2025 02:00:00","CTA|IE","1433.20","n/e"," ","978.07"
"21/10/2025 02:00:00 - 21/10/2025 03:00:00","CTA|IE","1605.14","n/e"," ","1145.91"
"21/10/2025 03:00:00 - 21/10/2025 04:00:00","CTA|IE","1743.19","n/e"," ","1262.72"
"21/10/2025 04:00:00 - 21/10/2025 05:00:00","CTA|IE","1889.09","n/e"," ","1293.17"
"21/10/2025 05:00:00 - 21/10/2025 06:00:00","CTA|IE","1914.34","n/e"," ","1351.13"
"21/10/2025 06:00:00 - 21/10/2025 07:00:00","CTA|IE","1971.33","n/e"," ","1485.35"
"21/10/2025 07:00:00 - 21/10/2025 08:00:00","CTA|IE","2060.80","n/e"," ","1596.53"
"21/10/2025 08:00:00 - 21/10/2025 09:00:00","CTA|IE","2149.63","n/e"," ","1663.06"
"21/10/2025 09:00:00 - 21/10/2025 10:00:00","CTA|IE","2285.78","n/e"," ","1720.88"
"21/10/2025 10:00:00 - 21/10/2025 11:00:00","CTA|IE","2405.43","n/e"," ","1656.44"
"21/10/2025 11:00:00 - 21/10/2025 12:00:00","CTA|IE","2470.23","n/e"," ","1685.01"
"21/10/2025 12:00:00 - 21/10/2025 13:00:00","CTA|IE","2509.68","n/e"," ","1731.10"
"21/10/2025 13:00:00 - 21/10/2025 14:00:00","CTA|IE","2530.64","n/e"," ","1841.75"
"21/10/2025 14:00:00 - 21/10/2025 15:00:00","CTA|IE","2529.37","n/e"," ","1874.56"
"21/10/2025 15:00:00 - 21/10/2025 16:00:00","CTA|IE","2516.30","n/e"," ","1835.15"
"21/10/2025 16:00:00 - 21/10/2025 17:00:00","CTA|IE","2416.71","n/e"," ","1790.20"
"21/10/2025 17:00:00 - 21/10/2025 18:00:00","CTA|IE","2220.47","n/e"," ","1670.65"
"21/10/2025 18:00:00 - 21/10/2025 19:00:00","CTA|IE","1938.40","n/e"," ","1436.14"
"21/10/2025 19:00:00 - 21/10/2025 20:00:00","CTA|IE","1672.67","n/e"," ","1223.15"
"21/10/2025 20:00:00 - 21/10/2025 21:00:00","CTA|IE","1446.96","n/e"," ","1051.97"
"21/10/2025 21:00:00 - 21/10/2025 22:00:00","CTA|IE","1237.79","n/e"," ","908.36"
"21/10/2025 22:00:00 - 21/10/2025 23:00:00","CTA|IE","1061.34","n/e"," ","839.29"
"21/10/2025 23:00:00 - 22/10/2025 00:00:00","CTA|IE","913.14","n/e"," ","683.11"
"22/10/2025 00:00:00 - 22/10/2025 01:00:00","CTA|IE","795.24","n/e"," ","671.94"
"22/10/2025 01:00:00 - 22/10/2025 02:00:00","CTA|IE","360.02","n/e"," ","649.79"
"22/10/2025 02:00:00 - 22/10/2025 03:00:00","CTA|IE","346.02","n/e"," ","703.36"
"22/10/2025 03:00:00 - 22/10/2025 04:00:00","CTA|IE","359.49","n/e"," ","516.27"
"22/10/2025 04:00:00 - 22/10/2025 05:00:00","CTA|IE","390.03","n/e"," ","528.28"
"22/10/2025 05:00:00 - 22/10/2025 06:00:00","CTA|IE","446.86","n/e"," ","495.47"
"22/10/2025 06:00:00 - 22/10/2025 07:00:00","CTA|IE","490.18","n/e"," ","476.45"
"22/10/2025 07:00:00 - 22/10/2025 08:00:00","CTA|IE","523.40","n/e"," ","443.78"
"22/10/2025 08:00:00 - 22/10/2025 09:00:00","CTA|IE","542.64","n/e"," ","434.84"
"22/10/2025 09:00:00 - 22/10/2025 10:00:00","CTA|IE","576.06","n/e"," ","420.48"
"22/10/2025 10:00:00 - 22/10/2025 11:00:00","CTA|IE","608.90","n/e"," ","329.42"
"22/10/2025 11:00:00 - 22/10/2025 12:00:00","CTA|IE","636.05","n/e"," ","211.50"
"22/10/2025 12:00:00 - 22/10/2025 13:00:00","CTA|IE","663.04","n/e"," ","152.66"
"22/10/2025 13:00:00 - 22/10/2025 14:00:00","CTA|IE","737.23","n/e"," ","171.28"
"22/10/2025 14:00:00 - 22/10/2025 15:00:00","CTA|IE","824.63","n/e"," ","181.25"
"22/10/2025 15:00:00 - 22/10/2025 16:00:00","CTA|IE","881.20","n/e"," ","186.19"
"22/10/2025 16:00:00 - 22/10/2025 17:00:00","CTA|IE","918.80","n/e"," ","137.88"
"22/10/2025 17:00:00 - 22/10/2025 18:00:00","CTA|IE","932.74","n/e"," ","95.53"
"22/10/2025 18:00:00 - 22/10/2025 19:00:00","CTA|IE","913.99","n/e"," ","90.59"
"22/10/2025 19:00:00 - 22/10/2025 20:00:00","CTA|IE","900.08","n/e"," ","85.74"
"22/10/2025 20:00:00 - 22/10/2025 21:00:00","CTA|IE","923.28","n/e"," ","108.34"
"22/10/2025 21:00:00 - 22/10/2025 22:00:00","CTA|IE","986.45","n/e"," ","144.95"
"22/10/2025 22:00:00 - 22/10/2025 23:00:00","CTA|IE","1085.57","n/e"," ","178.20"
"22/10/2025 23:00:00 - 23/10/2025 00:00:00","CTA|IE","1199.49","n/e"," ","252.92"
"23/10/2025 00:00:00 - 23/10/2025 01:00:00","CTA|IE","1345.99","n/e"," ","468.51"
"23/10/2025 01:00:00 - 23/10/2025 02:00:00","CTA|IE","556.34","n/e"," ","772.95"
"23/10/2025 02:00:00 - 23/10/2025 03:00:00","CTA|IE","928.88","n/e"," ","1323.49"
"23/10/2025 03:00:00 - 23/10/2025 04:00:00","CTA|IE","1503.32","n/e"," ","1645.18"
"23/10/2025 04:00:00 - 23/10/2025 05:00:00","CTA|IE","2215.13","n/e"," ","1577.78"
"23/10/2025 05:00:00 - 23/10/2025 06:00:00","CTA|IE","2750.58","n/e"," ","1887.55"
"23/10/2025 06:00:00 - 23/10/2025 07:00:00","CTA|IE","3024.99","n/e"," ","2127.13"
"23/10/2025 07:00:00 - 23/10/2025 08:00:00","CTA|IE","3159.76","n/e"," ","2192.43"
"23/10/2025 08:00:00 - 23/10/2025 09:00:00","CTA|IE","3141.53","n/e"," ","2331.64"
"23/10/2025 09:00:00 - 23/10/2025 10:00:00","CTA|IE","3046.57","n/e"," ","2044.35"
"23/10/2025 10:00:00 - 23/10/2025 11:00:00","CTA|IE","2932.99","n/e"," ","1986.78"
"23/10/2025 11:00:00 - 23/10/2025 12:00:00","CTA|IE","2901.43","n/e"," ","1971.73"
"23/10/2025 12:00:00 - 23/10/2025 13:00:00","CTA|IE","2988.94","n/e"," ","1870.57"
"23/10/2025 13:00:00 - 23/10/2025 14:00:00","CTA|IE","3140.34","n/e"," ","2205.76"
"23/10/2025 14:00:00 - 23/10/2025 15:00:00","CTA|IE","3265.24","n/e"," ","2376.50"
"23/10/2025 15:00:00 - 23/10/2025 16:00:00","CTA|IE","3344.43","n/e"," ","2416.86"
"23/10/2025 16:00:00 - 23/10/2025 17:00:00","CTA|IE","3375.29","n/e"," ","2564.06"
"23/10/2025 17:00:00 - 23/10/2025 18:00:00","CTA|IE","3334.47","n/e"," ","2570.06"
"23/10/2025 18:00:00 - 23/10/2025 19:00:00","CTA|IE","3214.47","n/e"," ","2402.54"
"23/10/2025 19:00:00 - 23/10/2025 20:00:00","CTA|IE","3093.91","n/e"," ","2306.97"
"23/10/2025 20:00:00 - 23/10/2025 21:00:00","CTA|IE","3036.53","n/e"," ","2181.81"
"23/10/2025 21:00:00 - 23/10/2025 22:00:00","CTA|IE","3031.96","n/e"," ","2231.54"
"23/10/2025 22:00:00 - 23/10/2025 23:00:00","CTA|IE","3082.82","n/e"," ","2200.72"
"23/10/2025 23:00:00 - 24/10/2025 00:00:00","CTA|IE","3181.65","n/e"," ","2241.30"
"24/10/2025 00:00:00 - 24/10/2025 01:00:00","CTA|IE","3313.85","n/e"," ","2206.19"
"24/10/2025 01:00:00 - 24/10/2025 02:00:00","CTA|IE","3405.96","n/e"," ","2165.96"
"24/10/2025 02:00:00 - 24/10/2025 03:00:00","CTA|IE","3395.48","n/e"," ","2192.26"
"24/10/2025 03:00:00 - 24/10/2025 04:00:00","CTA|IE","3429.20","n/e"," ","2084.24"
"24/10/2025 04:00:00 - 24/10/2025 05:00:00","CTA|IE","3427.34","n/e"," ","2022.54"
"24/10/2025 05:00:00 - 24/10/2025 06:00:00","CTA|IE","3329.84","n/e"," ","2015.57"
"24/10/2025 06:00:00 - 24/10/2025 07:00:00","CTA|IE","3252.76","n/e"," ","2060.48"
"24/10/2025 07:00:00 - 24/10/2025 08:00:00","CTA|IE","3167.64","n/e"," ","2087.53"
"24/10/2025 08:00:00 - 24/10/2025 09:00:00","CTA|IE","3093.26","n/e"," ","2231.31"
"24/10/2025 09:00:00 - 24/10/2025 10:00:00","CTA|IE","3032.22","n/e"," ","2045.95"
"24/10/2025 10:00:00 - 24/10/2025 11:00:00","CTA|IE","2969.58","n/e"," ","1946.87"
"24/10/2025 11:00:00 - 24/10/2025 12:00:00","CTA|IE","2903.78","n/e"," ","1779.46"
"24/10/2025 12:00:00 - 24/10/2025 13:00:00","CTA|IE","2854.57","n/e"," ","1907.05"
"24/10/2025 13:00:00 - 24/10/2025 14:00:00","CTA|IE","2809.72","n/e"," ","1986.44"
"24/10/2025 14:00:00 - 24/10/2025 15:00:00","CTA|IE","2772.03","n/e"," ","1953.70"
"24/10/2025 15:00:00 - 24/10/2025 16:00:00","CTA|IE","2748.90","n/e"," ","2092.27"
"24/10/2025 16:00:00 - 24/10/2025 17:00:00","CTA|IE","2704.40","n/e"," ","1979.38"
"24/10/2025 17:00:00 - 24/10/2025 18:00:00","CTA|IE","2676.66","n/e"," ","2085.42"
"24/10/2025 18:00:00 - 24/10/2025 19:00:00","CTA|IE","2611.72","n/e"," ","1953.40"
"24/10/2025 19:00:00 - 24/10/2025 20:00:00","CTA|IE","2494.98","n/e"," ","1828.15"
"24/10/2025 20:00:00 - 24/10/2025 21:00:00","CTA|IE","2392.62","n/e"," ","1999.37"
"24/10/2025 21:00:00 - 24/10/2025 22:00:00","CTA|IE","2300.61","n/e"," ","2167.55"
"24/10/2025 22:00:00 - 24/10/2025 23:00:00","CTA|IE","2246.15","n/e"," ","2236.07"
"24/10/2025 23:00:00 - 25/10/2025 00:00:00","CTA|IE","2257.23","n/e"," ","2348.24"
"25/10/2025 00:00:00 - 25/10/2025 01:00:00","CTA|IE","2332.36","n/e"," ","2258.69"
"25/10/2025 01:00:00 - 25/10/2025 02:00:00","CTA|IE","2594.24","n/e"," ","2089.52"
"25/10/2025 02:00:00 - 25/10/2025 03:00:00","CTA|IE","2589.14","n/e"," ","2151.73"
"25/10/2025 03:00:00 - 25/10/2025 04:00:00","CTA|IE","2577.39","n/e"," ","2122.83"
"25/10/2025 04:00:00 - 25/10/2025 05:00:00","CTA|IE","2532.61","n/e"," ","2039.95"
"25/10/2025 05:00:00 - 25/10/2025 06:00:00","CTA|IE","2520.34","n/e"," ","1979.26"
"25/10/2025 06:00:00 - 25/10/2025 07:00:00","CTA|IE","2505.83","n/e"," ","1984.01"
"25/10/2025 07:00:00 - 25/10/2025 08:00:00","CTA|IE","2454.20","n/e"," ","2024.18"
"25/10/2025 08:00:00 - 25/10/2025 09:00:00","CTA|IE","2398.13","n/e"," ","1836.80"
"25/10/2025 09:00:00 - 25/10/2025 10:00:00","CTA|IE","2311.90","n/e"," ","1778.35"
"25/10/2025 10:00:00 - 25/10/2025 11:00:00","CTA|IE","2223.59","n/e"," ","1839.78"
"25/10/2025 11:00:00 - 25/10/2025 12:00:00","CTA|IE","2127.63","n/e"," ","1680.44"
"25/10/2025 12:00:00 - 25/10/2025 13:00:00","CTA|IE","2121.54","n/e"," ","1663.99"
"25/10/2025 13:00:00 - 25/10/2025 14:00:00","CTA|IE","2178.26","n/e"," ","1580.00"
"25/10/2025 14:00:00 - 25/10/2025 15:00:00","CTA|IE","2218.61","n/e"," ","1669.32"
"25/10/2025 15:00:00 - 25/10/2025 16:00:00","CTA|IE","2245.97","n/e"," ","1669.95"
"25/10/2025 16:00:00 - 25/10/2025 17:00:00","CTA|IE","2294.26","n/e"," ","1855.29"
"25/10/2025 17:00:00 - 25/10/2025 18:00:00","CTA|IE","2367.29","n/e"," ","2186.80"
"25/10/2025 18:00:00 - 25/10/2025 19:00:00","CTA|IE","2369.58","n/e"," ","2418.18"
"25/10/2025 19:00:00 - 25/10/2025 20:00:00","CTA|IE","2324.86","n/e"," ","2468.67"
"25/10/2025 20:00:00 - 25/10/2025 21:00:00","CTA|IE","2300.95","n/e"," ","2313.90"
"25/10/2025 21:00:00 - 25/10/2025 22:00:00","CTA|IE","2305.06","n/e"," ","2191.18"
"25/10/2025 22:00:00 - 25/10/2025 23:00:00","CTA|IE","2276.70","n/e"," ","2069.51"
"25/10/2025 23:00:00 - 26/10/2025 00:00:00","CTA|IE","2197.10","n/e"," ","1748.25"
"26/10/2025 00:00:00 - 26/10/2025 01:00:00","CTA|IE","2103.33","n/e"," ","1423.08"
"26/10/2025 01:00:00 - 26/10/2025 02:00:00 (CEST)","CTA|IE","1479.13","n/e"," ","N/A"
"26/10/2025 02:00:00 (CEST) - 26/10/2025 02:00:00 (CET)","CTA|IE","1368.45","n/e"," ","N/A"
"26/10/2025 02:00:00 (CET) - 26/10/2025 03:00:00","CTA|IE","1297.76","n/e"," ","1305.70"
"26/10/2025 03:00:00 - 26/10/2025 04:00:00","CTA|IE","1261.02","n/e"," ","1132.22"
"26/10/2025 04:00:00 - 26/10/2025 05:00:00","CTA|IE","1225.19","n/e"," ","1144.06"
"26/10/2025 05:00:00 - 26/10/2025 06:00:00","CTA|IE","1214.24","n/e"," ","1151.50"
"26/10/2025 06:00:00 - 26/10/2025 07:00:00","CTA|IE","1295.39","n/e"," ","1109.11"
"26/10/2025 07:00:00 - 26/10/2025 08:00:00","CTA|IE","1532.44","n/e"," ","1037.35"
"26/10/2025 08:00:00 - 26/10/2025 09:00:00","CTA|IE","1887.69","n/e"," ","1183.74"
"26/10/2025 09:00:00 - 26/10/2025 10:00:00","CTA|IE","2298.82","n/e"," ","1410.89"
"26/10/2025 10:00:00 - 26/10/2025 11:00:00","CTA|IE","2732.98","n/e"," ","1659.95"
"26/10/2025 11:00:00 - 26/10/2025 12:00:00","CTA|IE","3161.99","n/e"," ","1748.41"
"26/10/2025 12:00:00 - 26/10/2025 13:00:00","CTA|IE","3554.96","n/e"," ","2153.58"
"26/10/2025 13:00:00 - 26/10/2025 14:00:00","CTA|IE","3857.19","n/e"," ","2752.03"
"26/10/2025 14:00:00 - 26/10/2025 15:00:00","CTA|IE","4015.80","n/e"," ","3022.90"
"26/10/2025 15:00:00 - 26/10/2025 16:00:00","CTA|IE","4046.69","n/e"," ","3044.52"
"26/10/2025 16:00:00 - 26/10/2025 17:00:00","CTA|IE","3993.10","n/e"," ","3093.55"
"26/10/2025 17:00:00 - 26/10/2025 18:00:00","CTA|IE","3882.56","n/e"," ","3129.20"
"26/10/2025 18:00:00 - 26/10/2025 19:00:00","CTA|IE","3771.35","n/e"," ","3061.15"
"26/10/2025 19:00:00 - 26/10/2025 20:00:00","CTA|IE","3683.26","n/e"," ","3021.02"
"26/10/2025 20:00:00 - 26/10/2025 21:00:00","CTA|IE","3614.50","n/e"," ","3073.30"
"26/10/2025 21:00:00 - 26/10/2025 22:00:00","CTA|IE","3565.26","n/e"," ","2757.72"
"26/10/2025 22:00:00 - 26/10/2025 23:00:00","CTA|IE","3496.90","n/e"," ","2579.49"
"26/10/2025 23:00:00 - 27/10/2025 00:00:00","CTA|IE","3416.25","n/e"," ","2565.20"
"27/10/2025 00:00:00 - 27/10/2025 01:00:00","CTA|IE","3323.14","n/e"," ","2411.46"
"27/10/2025 01:00:00 - 27/10/2025 02:00:00","CTA|IE","3374.71","n/e"," ","2642.81"
"27/10/2025 02:00:00 - 27/10/2025 03:00:00","CTA|IE","3330.52","n/e"," ","2215.09"
"27/10/2025 03:00:00 - 27/10/2025 04:00:00","CTA|IE","3288.45","n/e"," ","2111.73"
"27/10/2025 04:00:00 - 27/10/2025 05:00:00","CTA|IE","3189.63","n/e"," ","2145.59"
"27/10/2025 05:00:00 - 27/10/2025 06:00:00","CTA|IE","3100.47","n/e"," ","2065.20"
"27/10/2025 06:00:00 - 27/10/2025 07:00:00","CTA|IE","2958.94","n/e"," ","2200.36"
"27/10/2025 07:00:00 - 27/10/2025 08:00:00","CTA|IE","2804.29","n/e"," ","1982.94"
"27/10/2025 08:00:00 - 27/10/2025 09:00:00","CTA|IE","2627.91","n/e"," ","1635.71"
"27/10/2025 09:00:00 - 27/10/2025 10:00:00","CTA|IE","2403.96","n/e"," ","1425.39"
"27/10/2025 10:00:00 - 27/10/2025 11:00:00","CTA|IE","2165.90","n/e"," ","1590.74"
"27/10/2025 11:00:00 - 27/10/2025 12:00:00","CTA|IE","1982.84","n/e"," ","1590.56"
"27/10/2025 12:00:00 - 27/10/2025 13:00:00","CTA|IE","1822.61","n/e"," ","1644.17"
"27/10/2025 13:00:00 - 27/10/2025 14:00:00","CTA|IE","1690.46","n/e"," ","1863.04"
"27/10/2025 14:00:00 - 27/10/2025 15:00:00","CTA|IE","1600.04","n/e"," ","2021.17"
"27/10/2025 15:00:00 - 27/10/2025 16:00:00","CTA|IE","1496.49","n/e"," ","2374.86"
"27/10/2025 16:00:00 - 27/10/2025 17:00:00","CTA|IE","1379.52","n/e"," ","2659.36"
"27/10/2025 17:00:00 - 27/10/2025 18:00:00","CTA|IE","1304.44","n/e"," ","2736.12"
"27/10/2025 18:00:00 - 27/10/2025 19:00:00","CTA|IE","1299.74","n/e"," ","2901.99"
"27/10/2025 19:00:00 - 27/10/2025 20:00:00","CTA|IE","1368.95","n/e"," ","3050.98"
"27/10/2025 20:00:00 - 27/10/2025 21:00:00","CTA|IE","1487.99","n/e"," ","3114.60"
"27/10/2025 21:00:00 - 27/10/2025 22:00:00","CTA|IE","1709.01","n/e"," ","3094.90"
"27/10/2025 22:00:00 - 27/10/2025 23:00:00","CTA|IE","2021.19","n/e"," ","3141.14"
"27/10/2025 23:00:00 - 28/10/2025 00:00:00","CTA|IE","2368.46","n/e"," ","3113.25"
"28/10/2025 00:00:00 - 28/10/2025 01:00:00","CTA|IE","2639.23","n/e"," ","2977.05"
"28/10/2025 01:00:00 - 28/10/2025 02:00:00","CTA|IE","3508.67","n/e"," ","2634.69"
"28/10/2025 02:00:00 - 28/10/2025 03:00:00","CTA|IE","3389.76","n/e"," ","2497.71"
"28/10/2025 03:00:00 - 28/10/2025 04:00:00","CTA|IE","3313.99","n/e"," ","2521.49"
"28/10/2025 04:00:00 - 28/10/2025 05:00:00","CTA|IE","3246.17","n/e"," ","2524.50"
"28/10/2025 05:00:00 - 28/10/2025 06:00:00","CTA|IE","3155.56","n/e"," ","2442.62"
"28/10/2025 06:00:00 - 28/10/2025 07:00:00","CTA|IE","3054.68","n/e"," ","2408.54"
"28/10/2025 07:00:00 - 28/10/2025 08:00:00","CTA|IE","2952.16","n/e"," ","2290.36"
"28/10/2025 08:00:00 - 28/10/2025 09:00:00","CTA|IE","2853.89","n/e"," ","2361.18"
"28/10/2025 09:00:00 - 28/10/2025 10:00:00","CTA|IE","2724.03","n/e"," ","2138.71"
"28/10/2025 10:00:00 - 28/10/2025 11:00:00","CTA|IE","2597.24","n/e"," ","2131.99"
"28/10/2025 11:00:00 - 28/10/2025 12:00:00","CTA|IE","2497.31","n/e"," ","2138.37"
"28/10/2025 12:00:00 - 28/10/2025 13:00:00","CTA|IE","2398.69","n/e"," ","2248.52"
"28/10/2025 13:00:00 - 28/10/2025 14:00:00","CTA|IE","2296.27","n/e"," ","2190.11"
"28/10/2025 14:00:00 - 28/10/2025 15:00:00","CTA|IE","2210.53","n/e"," ","2200.16"
"28/10/2025 15:00:00 - 28/10/2025 16:00:00","CTA|IE","2120.41","n/e"," ","2137.90"
"28/10/2025 16:00:00 - 28/10/2025 17:00:00","CTA|IE","2012.76","n/e"," ","2044.22"
"28/10/2025 17:00:00 - 28/10/2025 18:00:00","CTA|IE","1910.46","n/e"," ","2172.85"
"28/10/2025 18:00:00 - 28/10/2025 19:00:00","CTA|IE","1897.01","n/e"," ","2266.92"
"28/10/2025 19:00:00 - 28/10/2025 20:00:00","CTA|IE","1922.81","n/e"," ","2477.37"
"28/10/2025 20:00:00 - 28/10/2025 21:00:00","CTA|IE","1947.96","n/e"," ","2415.64"
"28/10/2025 21:00:00 - 28/10/2025 22:00:00","CTA|IE","1989.47","n/e"," ","2178.54"
"28/10/2025 22:00:00 - 28/10/2025 23:00:00","CTA|IE","2025.91","n/e"," ","2073.10"
"28/10/2025 23:00:00 - 29/10/2025 00:00:00","CTA|IE","2043.29","n/e"," ","2026.40"
"29/10/2025 00:00:00 - 29/10/2025 01:00:00","CTA|IE","2016.71","n/e"," ","1871.83"
"29/10/2025 01:00:00 - 29/10/2025 02:00:00","CTA|IE","2487.70","n/e"," ","1828.00"
"29/10/2025 02:00:00 - 29/10/2025 03:00:00","CTA|IE","2365.31","n/e"," ","1699.68"
"29/10/2025 03:00:00 - 29/10/2025 04:00:00","CTA|IE","2395.11","n/e"," ","1765.05"
"29/10/2025 04:00:00 - 29/10/2025 05:00:00","CTA|IE","2768.08","n/e"," ","1789.53"
"29/10/2025 05:00:00 - 29/10/2025 06:00:00","CTA|IE","3075.87","n/e"," ","1759.11"
"29/10/2025 06:00:00 - 29/10/2025 07:00:00","CTA|IE","3308.25","n/e"," ","1722.85"
"29/10/2025 07:00:00 - 29/10/2025 08:00:00","CTA|IE","3348.79","n/e"," ","1667.16"
"29/10/2025 08:00:00 - 29/10/2025 09:00:00","CTA|IE","3126.34","n/e"," ","1677.80"
"29/10/2025 09:00:00 - 29/10/2025 10:00:00","CTA|IE","2797.04","n/e"," ","1775.62"
"29/10/2025 10:00:00 - 29/10/2025 11:00:00","CTA|IE","2487.44","n/e"," ","1699.34"
"29/10/2025 11:00:00 - 29/10/2025 12:00:00","CTA|IE","2288.09","n/e"," ","1797.05"
"29/10/2025 12:00:00 - 29/10/2025 13:00:00","CTA|IE","2209.64","n/e"," ","1974.27"
"29/10/2025 13:00:00 - 29/10/2025 14:00:00","CTA|IE","2196.94","n/e"," ","2162.68"
"29/10/2025 14:00:00 - 29/10/2025 15:00:00","CTA|IE","2186.74","n/e"," ","2247.81"
"29/10/2025 15:00:00 - 29/10/2025 16:00:00","CTA|IE","2102.37","n/e"," ","1829.90"
"29/10/2025 16:00:00 - 29/10/2025 17:00:00","CTA|IE","1926.00","n/e"," ","1639.22"
"29/10/2025 17:00:00 - 29/10/2025 18:00:00","CTA|IE","1635.30","n/e"," ","1551.52"
"29/10/2025 18:00:00 - 29/10/2025 19:00:00","CTA|IE","1296.66","n/e"," ","1377.01"
"29/10/2025 19:00:00 - 29/10/2025 20:00:00","CTA|IE","984.29","n/e"," ","1188.33"
"29/10/2025 20:00:00 - 29/10/2025 21:00:00","CTA|IE","720.15","n/e"," ","1011.51"
"29/10/2025 21:00:00 - 29/10/2025 22:00:00","CTA|IE","515.96","n/e"," ","807.47"
"29/10/2025 22:00:00 - 29/10/2025 23:00:00","CTA|IE","348.41","n/e"," ","591.07"
"29/10/2025 23:00:00 - 30/10/2025 00:00:00","CTA|IE","228.86","n/e"," ","382.49"
"30/10/2025 00:00:00 - 30/10/2025 01:00:00","CTA|IE","156.39","n/e"," ","193.67"
"30/10/2025 01:00:00 - 30/10/2025 02:00:00","CTA|IE","65.29","n/e"," ","125.86"
"30/10/2025 02:00:00 - 30/10/2025 03:00:00","CTA|IE","70.43","n/e"," ","172.09"
"30/10/2025 03:00:00 - 30/10/2025 04:00:00","CTA|IE","147.63","n/e"," ","280.46"
"30/10/2025 04:00:00 - 30/10/2025 05:00:00","CTA|IE","378.24","n/e"," ","685.40"
"30/10/2025 05:00:00 - 30/10/2025 06:00:00","CTA|IE","743.48","n/e"," ","1219.47"
"30/10/2025 06:00:00 - 30/10/2025 07:00:00","CTA|IE","1217.25","n/e"," ","1822.21"
"30/10/2025 07:00:00 - 30/10/2025 08:00:00","CTA|IE","1785.11","n/e"," ","2407.86"
"30/10/2025 08:00:00 - 30/10/2025 09:00:00","CTA|IE","2422.96","n/e"," ","2909.10"
"30/10/2025 09:00:00 - 30/10/2025 10:00:00","CTA|IE","3001.88","n/e"," ","3200.74"
"30/10/2025 10:00:00 - 30/10/2025 11:00:00","CTA|IE","3496.31","n/e"," ","3378.14"
"30/10/2025 11:00:00 - 30/10/2025 12:00:00","CTA|IE","3886.50","n/e"," ","3424.92"
"30/10/2025 12:00:00 - 30/10/2025 13:00:00","CTA|IE","4176.77","n/e"," ","3421.23"
"30/10/2025 13:00:00 - 30/10/2025 14:00:00","CTA|IE","4372.46","n/e"," ","3334.13"
"30/10/2025 14:00:00 - 30/10/2025 15:00:00","CTA|IE","4479.06","n/e"," ","3384.48"
"30/10/2025 15:00:00 - 30/10/2025 16:00:00","CTA|IE","4533.41","n/e"," ","3448.14"
"30/10/2025 16:00:00 - 30/10/2025 17:00:00","CTA|IE","4551.54","n/e"," ","3463.18"
"30/10/2025 17:00:00 - 30/10/2025 18:00:00","CTA|IE","4535.35","n/e"," ","3405.83"
"30/10/2025 18:00:00 - 30/10/2025 19:00:00","CTA|IE","4483.98","n/e"," ","3315.13"
"30/10/2025 19:00:00 - 30/10/2025 20:00:00","CTA|IE","4399.29","n/e"," ","3073.41"
"30/10/2025 20:00:00 - 30/10/2025 21:00:00","CTA|IE","4298.50","n/e"," ","2818.55"
"30/10/2025 21:00:00 - 30/10/2025 22:00:00","CTA|IE","4188.00","n/e"," ","2811.54"
"30/10/2025 22:00:00 - 30/10/2025 23:00:00","CTA|IE","4061.48","n/e"," ","2758.43"
"30/10/2025 23:00:00 - 31/10/2025 00:00:00","CTA|IE","3951.59","n/e"," ","2769.99"
"31/10/2025 00:00:00 - 31/10/2025 01:00:00","CTA|IE","3901.89","n/e"," ","2675.52"
"31/10/2025 01:00:00 - 31/10/2025 02:00:00","CTA|IE","3626.23","n/e"," ","2635.66"
"31/10/2025 02:00:00 - 31/10/2025 03:00:00","CTA|IE","3501.21","n/e"," ","2561.04"
"31/10/2025 03:00:00 - 31/10/2025 04:00:00","CTA|IE","3333.21","n/e"," ","2517.59"
"31/10/2025 04:00:00 - 31/10/2025 05:00:00","CTA|IE","3167.02","n/e"," ","2432.70"
"31/10/2025 05:00:00 - 31/10/2025 06:00:00","CTA|IE","2990.13","n/e"," ","2349.88"
"31/10/2025 06:00:00 - 31/10/2025 07:00:00","CTA|IE","2820.29","n/e"," ","2389.52"
"31/10/2025 07:00:00 - 31/10/2025 08:00:00","CTA|IE","2675.31","n/e"," ","2283.88"
"31/10/2025 08:00:00 - 31/10/2025 09:00:00","CTA|IE","2550.01","n/e"," ","2026.99"
"31/10/2025 09:00:00 - 31/10/2025 10:00:00","CTA|IE","2418.76","n/e"," ","1936.25"
"31/10/2025 10:00:00 - 31/10/2025 11:00:00","CTA|IE","2349.02","n/e"," ","2029.82"
"31/10/2025 11:00:00 - 31/10/2025 12:00:00","CTA|IE","2365.70","n/e"," ","2088.87"
"31/10/2025 12:00:00 - 31/10/2025 13:00:00","CTA|IE","2474.52","n/e"," ","2039.50"
"31/10/2025 13:00:00 - 31/10/2025 14:00:00","CTA|IE","2633.31","n/e"," ","1889.83"
"31/10/2025 14:00:00 - 31/10/2025 15:00:00","CTA|IE","2809.01","n/e"," ","1955.15"
"31/10/2025 15:00:00 - 31/10/2025 16:00:00","CTA|IE","2899.53","n/e"," ","1899.08"
"31/10/2025 16:00:00 - 31/10/2025 17:00:00","CTA|IE","2894.58","n/e"," ","1923.24"
"31/10/2025 17:00:00 - 31/10/2025 18:00:00","CTA|IE","2884.09","n/e"," ","1788.43"
"31/10/2025 18:00:00 - 31/10/2025 19:00:00","CTA|IE","2909.52","n/e"," ","1745.45"
"31/10/2025 19:00:00 - 31/10/2025 20:00:00","CTA|IE","2912.77","n/e"," ","1701.33"
"31/10/2025 20:00:00 - 31/10/2025 21:00:00","CTA|IE","2916.25","n/e"," ","1672.46"
"31/10/2025 21:00:00 - 31/10/2025 22:00:00","CTA|IE","2985.67","n/e"," ","1747.15"
"31/10/2025 22:00:00 - 31/10/2025 23:00:00","CTA|IE","3106.69","n/e"," ","1186.79"
"31/10/2025 23:00:00 - 01/11/2025 00:00:00","CTA|IE","3292.04","n/e"," ","1191.56"
"01/11/2025 00:00:00 - 01/11/2025 01:00:00","CTA|IE","3420.22","n/e"," ","1232.35"
"01/11/2025 01:00:00 - 01/11/2025 02:00:00","CTA|IE","1536.20","n/e"," ","1324.45"
"01/11/2025 02:00:00 - 01/11/2025 03:00:00","CTA|IE","1524.51","n/e"," ","1321.30"
"01/11/2025 03:00:00 - 01/11/2025 04:00:00","CTA|IE","1601.53","n/e"," ","1309.00"
"01/11/2025 04:00:00 - 01/11/2025 05:00:00","CTA|IE","1711.35","n/e"," ","1228.58"
"01/11/2025 05:00:00 - 01/11/2025 06:00:00","CTA|IE","1791.94","n/e"," ","1127.63"
"01/11/2025 06:00:00 - 01/11/2025 07:00:00","CTA|IE","1854.42","n/e"," ","1290.70"
"01/11/2025 07:00:00 - 01/11/2025 08:00:00","CTA|IE","1868.95","n/e"," ","1261.93"
"01/11/2025 08:00:00 - 01/11/2025 09:00:00","CTA|IE","1793.94","n/e"," ","1298.93"
"01/11/2025 09:00:00 - 01/11/2025 10:00:00","CTA|IE","1695.66","n/e"," ","1430.04"
"01/11/2025 10:00:00 - 01/11/2025 11:00:00","CTA|IE","1639.71","n/e"," ","1516.97"
"01/11/2025 11:00:00 - 01/11/2025 12:00:00","CTA|IE","1696.34","n/e"," ","1386.90"
"01/11/2025 12:00:00 - 01/11/2025 13:00:00","CTA|IE","1911.32","n/e"," ","1401.08"
"01/11/2025 13:00:00 - 01/11/2025 14:00:00","CTA|IE","2249.30","n/e"," ","1503.26"
"01/11/2025 14:00:00 - 01/11/2025 15:00:00","CTA|IE","2607.58","n/e"," ","1499.78"
"01/11/2025 15:00:00 - 01/11/2025 16:00:00","CTA|IE","2905.69","n/e"," ","1555.58"
"01/11/2025 16:00:00 - 01/11/2025 17:00:00","CTA|IE","3051.84","n/e"," ","1831.51"
"01/11/2025 17:00:00 - 01/11/2025 18:00:00","CTA|IE","2967.74","n/e"," ","2248.68"
"01/11/2025 18:00:00 - 01/11/2025 19:00:00","CTA|IE","2752.96","n/e"," ","2298.30"
"01/11/2025 19:00:00 - 01/11/2025 20:00:00","CTA|IE","2552.45","n/e"," ","2090.91"
"01/11/2025 20:00:00 - 01/11/2025 21:00:00","CTA|IE","2351.98","n/e"," ","1811.82"
"01/11/2025 21:00:00 - 01/11/2025 22:00:00","CTA|IE","2207.18","n/e"," ","1786.68"
"01/11/2025 22:00:00 - 01/11/2025 23:00:00","CTA|IE","2205.57","n/e"," ","1547.61"
"01/11/2025 23:00:00 - 02/11/2025 00:00:00","CTA|IE","2339.56","n/e"," ","1538.81"
"02/11/2025 00:00:00 - 02/11/2025 01:00:00","CTA|IE","2542.97","n/e"," ","1384.10"
"02/11/2025 01:00:00 - 02/11/2025 02:00:00","CTA|IE","1773.33","n/e"," ","1411.63"
"02/11/2025 02:00:00 - 02/11/2025 03:00:00","CTA|IE","1873.90","n/e"," ","1323.46"
"02/11/2025 03:00:00 - 02/11/2025 04:00:00","CTA|IE","2028.40","n/e"," ","1255.69"
"02/11/2025 04:00:00 - 02/11/2025 05:00:00","CTA|IE","2214.50","n/e"," ","1312.64"
"02/11/2025 05:00:00 - 02/11/2025 06:00:00","CTA|IE","2341.08","n/e"," ","1394.66"
"02/11/2025 06:00:00 - 02/11/2025 07:00:00","CTA|IE","2427.02","n/e"," ","1566.94"
"02/11/2025 07:00:00 - 02/11/2025 08:00:00","CTA|IE","2468.44","n/e"," ","1539.62"
"02/11/2025 08:00:00 - 02/11/2025 09:00:00","CTA|IE","2476.83","n/e"," ","1569.62"
"02/11/2025 09:00:00 - 02/11/2025 10:00:00","CTA|IE","2469.01","n/e"," ","1469.69"
"02/11/2025 10:00:00 - 02/11/2025 11:00:00","CTA|IE","2481.89","n/e"," ","1395.56"
"02/11/2025 11:00:00 - 02/11/2025 12:00:00","CTA|IE","2549.08","n/e"," ","1323.98"
"02/11/2025 12:00:00 - 02/11/2025 13:00:00","CTA|IE","2679.20","n/e"," ","1307.95"
"02/11/2025 13:00:00 - 02/11/2025 14:00:00","CTA|IE","2821.65","n/e"," ","1389.27"
"02/11/2025 14:00:00 - 02/11/2025 15:00:00","CTA|IE","2929.08","n/e"," ","1469.29"
"02/11/2025 15:00:00 - 02/11/2025 16:00:00","CTA|IE","2972.97","n/e"," ","1600.61"
"02/11/2025 16:00:00 - 02/11/2025 17:00:00","CTA|IE","3006.62","n/e"," ","1850.18"
"02/11/2025 17:00:00 - 02/11/2025 18:00:00","CTA|IE","3054.61","n/e"," ","2028.03"
"02/11/2025 18:00:00 - 02/11/2025 19:00:00","CTA|IE","3191.88","n/e"," ","2224.57"
"02/11/2025 19:00:00 - 02/11/2025 20:00:00","CTA|IE","3426.35","n/e"," ","2420.17"
"02/11/2025 20:00:00 - 02/11/2025 21:00:00","CTA|IE","3680.51","n/e"," ","2724.33"
"02/11/2025 21:00:00 - 02/11/2025 22:00:00","CTA|IE","3893.86","n/e"," ","2796.96"
"02/11/2025 22:00:00 - 02/11/2025 23:00:00","CTA|IE","4055.57","n/e"," ","2871.16"
"02/11/2025 23:00:00 - 03/11/2025 00:00:00","CTA|IE","4167.12","n/e"," ","2839.74"
"03/11/2025 00:00:00 - 03/11/2025 01:00:00","CTA|IE","4242.36","n/e"," ","2819.51"
"03/11/2025 01:00:00 - 03/11/2025 02:00:00","CTA|IE","4092.39","n/e"," ","2839.21"
"03/11/2025 02:00:00 - 03/11/2025 03:00:00","CTA|IE","4142.25","n/e"," ","2819.35"
"03/11/2025 03:00:00 - 03/11/2025 04:00:00","CTA|IE","4184.69","n/e"," ","2756.20"
"03/11/2025 04:00:00 - 03/11/2025 05:00:00","CTA|IE","4181.37","n/e"," ","2723.14"
"03/11/2025 05:00:00 - 03/11/2025 06:00:00","CTA|IE","4184.07","n/e"," ","2736.70"
"03/11/2025 06:00:00 - 03/11/2025 07:00:00","CTA|IE","4187.24","n/e"," ","2575.36"
"03/11/2025 07:00:00 - 03/11/2025 08:00:00","CTA|IE","4197.96","n/e"," ","2611.75"
"03/11/2025 08:00:00 - 03/11/2025 09:00:00","CTA|IE","4181.58","n/e"," ","2860.49"
"03/11/2025 09:00:00 - 03/11/2025 10:00:00","CTA|IE","4095.30","n/e"," ","2939.96"
"03/11/2025 10:00:00 - 03/11/2025 11:00:00","CTA|IE","4085.28","n/e"," ","2793.82"
"03/11/2025 11:00:00 - 03/11/2025 12:00:00","CTA|IE","4119.63","n/e"," ","2738.40"
"03/11/2025 12:00:00 - 03/11/2025 13:00:00","CTA|IE","4150.24","n/e"," ","2859.08"
"03/11/2025 13:00:00 - 03/11/2025 14:00:00","CTA|IE","4164.77","n/e"," ","2853.16"
"03/11/2025 14:00:00 - 03/11/2025 15:00:00","CTA|IE","4185.33","n/e"," ","2822.02"
"03/11/2025 15:00:00 - 03/11/2025 16:00:00","CTA|IE","4202.90","n/e"," ","2905.31"
"03/11/2025 16:00:00 - 03/11/2025 17:00:00","CTA|IE","4208.45","n/e"," ","2798.91"
"03/11/2025 17:00:00 - 03/11/2025 18:00:00","CTA|IE","4200.07","n/e"," ","2766.70"
"03/11/2025 18:00:00 - 03/11/2025 19:00:00","CTA|IE","4177.58","n/e"," ","2776.47"
"03/11/2025 19:00:00 - 03/11/2025 20:00:00","CTA|IE","4164.76","n/e"," ","2817.99"
"03/11/2025 20:00:00 - 03/11/2025 21:00:00","CTA|IE","4151.49","n/e"," ","2755.07"
"03/11/2025 21:00:00 - 03/11/2025 22:00:00","CTA|IE","4106.75","n/e"," ","2670.77"
"03/11/2025 22:00:00 - 03/11/2025 23:00:00","CTA|IE","4008.16","n/e"," ","2479.58"
"03/11/2025 23:00:00 - 04/11/2025 00:00:00","CTA|IE","3843.48","n/e"," ","2286.87"
"04/11/2025 00:00:00 - 04/11/2025 01:00:00","CTA|IE","3634.98","n/e"," ","2085.07"
"04/11/2025 01:00:00 - 04/11/2025 02:00:00","CTA|IE","3252.43","n/e"," ","1975.71"
"04/11/2025 02:00:00 - 04/11/2025 03:00:00","CTA|IE","3062.38","n/e"," ","1663.17"
"04/11/2025 03:00:00 - 04/11/2025 04:00:00","CTA|IE","2851.53","n/e"," ","1476.59"
"04/11/2025 04:00:00 - 04/11/2025 05:00:00","CTA|IE","2745.84","n/e"," ","1393.80"
"04/11/2025 05:00:00 - 04/11/2025 06:00:00","CTA|IE","2663.76","n/e"," ","1283.72"
"04/11/2025 06:00:00 - 04/11/2025 07:00:00","CTA|IE","2530.23","n/e"," ","1294.91"
"04/11/2025 07:00:00 - 04/11/2025 08:00:00","CTA|IE","2353.95","n/e"," ","1284.66"
"04/11/2025 08:00:00 - 04/11/2025 09:00:00","CTA|IE","2115.92","n/e"," ","1302.07"
"04/11/2025 09:00:00 - 04/11/2025 10:00:00","CTA|IE","1880.02","n/e"," ","1249.04"
"04/11/2025 10:00:00 - 04/11/2025 11:00:00","CTA|IE","1667.00","n/e"," ","1287.30"
"04/11/2025 11:00:00 - 04/11/2025 12:00:00","CTA|IE","1463.95","n/e"," ","1195.70"
"04/11/2025 12:00:00 - 04/11/2025 13:00:00","CTA|IE","1264.53","n/e"," ","1050.46"
"04/11/2025 13:00:00 - 04/11/2025 14:00:00","CTA|IE","1085.78","n/e"," ","917.89"
"04/11/2025 14:00:00 - 04/11/2025 15:00:00","CTA|IE","946.87","n/e"," ","760.11"
"04/11/2025 15:00:00 - 04/11/2025 16:00:00","CTA|IE","826.50","n/e"," ","479.66"
"04/11/2025 16:00:00 - 04/11/2025 17:00:00","CTA|IE","721.18","n/e"," ","331.59"
"04/11/2025 17:00:00 - 04/11/2025 18:00:00","CTA|IE","645.73","n/e"," ","245.91"
"04/11/2025 18:00:00 - 04/11/2025 19:00:00","CTA|IE","599.24","n/e"," ","222.00"
"04/11/2025 19:00:00 - 04/11/2025 20:00:00","CTA|IE","588.69","n/e"," ","250.72"
"04/11/2025 20:00:00 - 04/11/2025 21:00:00","CTA|IE","611.14","n/e"," ","338.17"
"04/11/2025 21:00:00 - 04/11/2025 22:00:00","CTA|IE","657.49","n/e"," ","378.77"
"04/11/2025 22:00:00 - 04/11/2025 23:00:00","CTA|IE","752.79","n/e"," ","469.48"
"04/11/2025 23:00:00 - 05/11/2025 00:00:00","CTA|IE","832.92","n/e"," ","549.41"
"05/11/2025 00:00:00 - 05/11/2025 01:00:00","CTA|IE","885.94","n/e"," ","598.15"
"05/11/2025 01:00:00 - 05/11/2025 02:00:00","CTA|IE","210.55","n/e"," ","700.36"
"05/11/2025 02:00:00 - 05/11/2025 03:00:00","CTA|IE","154.54","n/e"," ","699.75"
"05/11/2025 03:00:00 - 05/11/2025 04:00:00","CTA|IE","146.04","n/e"," ","645.41"
"05/11/2025 04:00:00 - 05/11/2025 05:00:00","CTA|IE","216.68","n/e"," ","614.16"
"05/11/2025 05:00:00 - 05/11/2025 06:00:00","CTA|IE","301.38","n/e"," ","553.69"
"05/11/2025 06:00:00 - 05/11/2025 07:00:00","CTA|IE","417.82","n/e"," ","432.69"
"05/11/2025 07:00:00 - 05/11/2025 08:00:00","CTA|IE","575.92","n/e"," ","331.03"
"05/11/2025 08:00:00 - 05/11/2025 09:00:00","CTA|IE","770.86","n/e"," ","300.31"
"05/11/2025 09:00:00 - 05/11/2025 10:00:00","CTA|IE","964.75","n/e"," ","213.50"
"05/11/2025 10:00:00 - 05/11/2025 11:00:00","CTA|IE","1119.69","n/e"," ","149.36"
"05/11/2025 11:00:00 - 05/11/2025 12:00:00","CTA|IE","1211.07","n/e"," ","105.00"
"05/11/2025 12:00:00 - 05/11/2025 13:00:00","CTA|IE","1257.49","n/e"," ","106.98"
"05/11/2025 13:00:00 - 05/11/2025 14:00:00","CTA|IE","1265.49","n/e"," ","139.38"
"05/11/2025 14:00:00 - 05/11/2025 15:00:00","CTA|IE","1239.29","n/e"," ","199.72"
"05/11/2025 15:00:00 - 05/11/2025 16:00:00","CTA|IE","1206.97","n/e"," ","119.76"
"05/11/2025 16:00:00 - 05/11/2025 17:00:00","CTA|IE","1210.32","n/e"," ","144.49"
"05/11/2025 17:00:00 - 05/11/2025 18:00:00","CTA|IE","1253.11","n/e"," ","161.57"
"05/11/2025 18:00:00 - 05/11/2025 19:00:00","CTA|IE","1288.17","n/e"," ","143.87"
"05/11/2025 19:00:00 - 05/11/2025 20:00:00","CTA|IE","1304.30","n/e"," ","163.37"
"05/11/2025 20:00:00 - 05/11/2025 21:00:00","CTA|IE","1319.94","n/e"," ","225.00"
"05/11/2025 21:00:00 - 05/11/2025 22:00:00","CTA|IE","1304.51","n/e"," ","304.96"
"05/11/2025 22:00:00 - 05/11/2025 23:00:00","CTA|IE","1216.53","n/e"," ","282.86"
"05/11/2025 23:00:00 - 06/11/2025 00:00:00","CTA|IE","1081.57","n/e"," ","359.43"
"06/11/2025 00:00:00 - 06/11/2025 01:00:00","CTA|IE","967.32","n/e"," ","411.31"
"06/11/2025 01:00:00 - 06/11/2025 02:00:00","CTA|IE","225.62","n/e"," ","408.82"
"06/11/2025 02:00:00 - 06/11/2025 03:00:00","CTA|IE","229.01","n/e"," ","438.67"
"06/11/2025 03:00:00 - 06/11/2025 04:00:00","CTA|IE","266.75","n/e"," ","465.87"
"06/11/2025 04:00:00 - 06/11/2025 05:00:00","CTA|IE","380.89","n/e"," ","510.78"
"06/11/2025 05:00:00 - 06/11/2025 06:00:00","CTA|IE","451.17","n/e"," ","534.84"
"06/11/2025 06:00:00 - 06/11/2025 07:00:00","CTA|IE","486.43","n/e"," ","491.38"
"06/11/2025 07:00:00 - 06/11/2025 08:00:00","CTA|IE","523.26","n/e"," ","457.36"
"06/11/2025 08:00:00 - 06/11/2025 09:00:00","CTA|IE","541.25","n/e"," ","464.14"
"06/11/2025 09:00:00 - 06/11/2025 10:00:00","CTA|IE","542.80","n/e"," ","561.20"
"06/11/2025 10:00:00 - 06/11/2025 11:00:00","CTA|IE","519.66","n/e"," ","556.08"
"06/11/2025 11:00:00 - 06/11/2025 12:00:00","CTA|IE","478.90","n/e"," ","607.32"
"06/11/2025 12:00:00 - 06/11/2025 13:00:00","CTA|IE","432.58","n/e"," ","622.16"
"06/11/2025 13:00:00 - 06/11/2025 14:00:00","CTA|IE","392.12","n/e"," ","792.03"
"06/11/2025 14:00:00 - 06/11/2025 15:00:00","CTA|IE","361.21","n/e"," ","833.78"
"06/11/2025 15:00:00 - 06/11/2025 16:00:00","CTA|IE","311.61","n/e"," ","791.74"
"06/11/2025 16:00:00 - 06/11/2025 17:00:00","CTA|IE","248.27","n/e"," ","738.15"
"06/11/2025 17:00:00 - 06/11/2025 18:00:00","CTA|IE","187.88","n/e"," ","635.55"
"06/11/2025 18:00:00 - 06/11/2025 19:00:00","CTA|IE","144.24","n/e"," ","595.15"
"06/11/2025 19:00:00 - 06/11/2025 20:00:00","CTA|IE","117.13","n/e"," ","671.35"
"06/11/2025 20:00:00 - 06/11/2025 21:00:00","CTA|IE","99.82","n/e"," ","757.07"
"06/11/2025 21:00:00 - 06/11/2025 22:00:00","CTA|IE","92.52","n/e"," ","N/A"
"06/11/2025 22:00:00 - 06/11/2025 23:00:00","CTA|IE","97.61","n/e"," ","1111.77"
"06/11/2025 23:00:00 - 07/11/2025 00:00:00","CTA|IE","109.46","n/e"," ","1117.01"
"07/11/2025 00:00:00 - 07/11/2025 01:00:00","CTA|IE","136.53","n/e"," ","1227.51"
"07/11/2025 01:00:00 - 07/11/2025 02:00:00","CTA|IE","1223.06","n/e"," ","1314.77"
"07/11/2025 02:00:00 - 07/11/2025 03:00:00","CTA|IE","1329.63","n/e"," ","1287.50"
"07/11/2025 03:00:00 - 07/11/2025 04:00:00","CTA|IE","1401.86","n/e"," ","1414.68"
"07/11/2025 04:00:00 - 07/11/2025 05:00:00","CTA|IE","1373.48","n/e"," ","1566.61"
"07/11/2025 05:00:00 - 07/11/2025 06:00:00","CTA|IE","1351.25","n/e"," ","1852.08"
"07/11/2025 06:00:00 - 07/11/2025 07:00:00","CTA|IE","1272.99","n/e"," ","2088.87"
"07/11/2025 07:00:00 - 07/11/2025 08:00:00","CTA|IE","1202.04","n/e"," ","2172.59"
"07/11/2025 08:00:00 - 07/11/2025 09:00:00","CTA|IE","1222.89","n/e"," ","2070.89"
"07/11/2025 09:00:00 - 07/11/2025 10:00:00","CTA|IE","1261.37","n/e"," ","1983.81"
"07/11/2025 10:00:00 - 07/11/2025 11:00:00","CTA|IE","1283.26","n/e"," ","1734.30"
"07/11/2025 11:00:00 - 07/11/2025 12:00:00","CTA|IE","1203.10","n/e"," ","1585.43"
"07/11/2025 12:00:00 - 07/11/2025 13:00:00","CTA|IE","1040.00","n/e"," ","1400.42"
"07/11/2025 13:00:00 - 07/11/2025 14:00:00","CTA|IE","886.13","n/e"," ","1204.91"
"07/11/2025 14:00:00 - 07/11/2025 15:00:00","CTA|IE","825.46","n/e"," ","1263.12"
"07/11/2025 15:00:00 - 07/11/2025 16:00:00","CTA|IE","858.93","n/e"," ","1230.52"
"07/11/2025 16:00:00 - 07/11/2025 17:00:00","CTA|IE","909.53","n/e"," ","1096.71"
"07/11/2025 17:00:00 - 07/11/2025 18:00:00","CTA|IE","944.72","n/e"," ","1064.23"
"07/11/2025 18:00:00 - 07/11/2025 19:00:00","CTA|IE","984.49","n/e"," ","1080.01"
"07/11/2025 19:00:00 - 07/11/2025 20:00:00","CTA|IE","1040.89","n/e"," ","1028.29"
"07/11/2025 20:00:00 - 07/11/2025 21:00:00","CTA|IE","1076.43","n/e"," ","1080.91"
"07/11/2025 21:00:00 - 07/11/2025 22:00:00","CTA|IE","1110.28","n/e"," ","1024.00"
"07/11/2025 22:00:00 - 07/11/2025 23:00:00","CTA|IE","1160.01","n/e"," ","950.25"
"07/11/2025 23:00:00 - 08/11/2025 00:00:00","CTA|IE","1206.93","n/e"," ","928.49"
"08/11/2025 00:00:00 - 08/11/2025 01:00:00","CTA|IE","1233.98","n/e"," ","965.59"
"08/11/2025 01:00:00 - 08/11/2025 02:00:00","CTA|IE","1499.78","n/e"," ","908.52"
"08/11/2025 02:00:00 - 08/11/2025 03:00:00","CTA|IE","1601.73","n/e"," ","846.00"
"08/11/2025 03:00:00 - 08/11/2025 04:00:00","CTA|IE","1476.93","n/e"," ","850.05"
"08/11/2025 04:00:00 - 08/11/2025 05:00:00","CTA|IE","1302.62","n/e"," ","814.49"
"08/11/2025 05:00:00 - 08/11/2025 06:00:00","CTA|IE","1243.19","n/e"," ","741.54"
"08/11/2025 06:00:00 - 08/11/2025 07:00:00","CTA|IE","1230.38","n/e"," ","616.52"
"08/11/2025 07:00:00 - 08/11/2025 08:00:00","CTA|IE","1237.77","n/e"," ","591.66"
"08/11/2025 08:00:00 - 08/11/2025 09:00:00","CTA|IE","1191.04","n/e"," ","615.31"
"08/11/2025 09:00:00 - 08/11/2025 10:00:00","CTA|IE","1140.88","n/e"," ","759.85"
"08/11/2025 10:00:00 - 08/11/2025 11:00:00","CTA|IE","1142.78","n/e"," ","903.89"
"08/11/2025 11:00:00 - 08/11/2025 12:00:00","CTA|IE","1169.97","n/e"," ","1000.22"
"08/11/2025 12:00:00 - 08/11/2025 13:00:00","CTA|IE","1180.57","n/e"," ","1138.82"
"08/11/2025 13:00:00 - 08/11/2025 14:00:00","CTA|IE","1238.15","n/e"," ","1488.83"
"08/11/2025 14:00:00 - 08/11/2025 15:00:00","CTA|IE","1324.87","n/e"," ","1622.29"
"08/11/2025 15:00:00 - 08/11/2025 16:00:00","CTA|IE","1427.74","n/e"," ","1677.16"
"08/11/2025 16:00:00 - 08/11/2025 17:00:00","CTA|IE","1523.69","n/e"," ","1982.67"
"08/11/2025 17:00:00 - 08/11/2025 18:00:00","CTA|IE","1647.54","n/e"," ","2167.79"
"08/11/2025 18:00:00 - 08/11/2025 19:00:00","CTA|IE","1805.96","n/e"," ","2207.65"
"08/11/2025 19:00:00 - 08/11/2025 20:00:00","CTA|IE","1983.55","n/e"," ","2207.31"
"08/11/2025 20:00:00 - 08/11/2025 21:00:00","CTA|IE","2195.93","n/e"," ","2426.45"
"08/11/2025 21:00:00 - 08/11/2025 22:00:00","CTA|IE","2430.54","n/e"," ","2588.98"
"08/11/2025 22:00:00 - 08/11/2025 23:00:00","CTA|IE","2670.40","n/e"," ","2810.56"
"08/11/2025 23:00:00 - 09/11/2025 00:00:00","CTA|IE","2901.24","n/e"," ","2966.51"
"09/11/2025 00:00:00 - 09/11/2025 01:00:00","CTA|IE","3127.89","n/e"," ","2995.76"
"09/11/2025 01:00:00 - 09/11/2025 02:00:00","CTA|IE","3178.92","n/e"," ","2856.57"
"09/11/2025 02:00:00 - 09/11/2025 03:00:00","CTA|IE","3036.32","n/e"," ","2689.76"
"09/11/2025 03:00:00 - 09/11/2025 04:00:00","CTA|IE","2905.36","n/e"," ","2304.37"
"09/11/2025 04:00:00 - 09/11/2025 05:00:00","CTA|IE","2742.75","n/e"," ","1986.82"
"09/11/2025 05:00:00 - 09/11/2025 06:00:00","CTA|IE","2497.48","n/e"," ","1747.62"
"09/11/2025 06:00:00 - 09/11/2025 07:00:00","CTA|IE","2351.18","n/e"," ","1601.21"
"09/11/2025 07:00:00 - 09/11/2025 08:00:00","CTA|IE","2122.45","n/e"," ","1283.80"
"09/11/2025 08:00:00 - 09/11/2025 09:00:00","CTA|IE","1788.22","n/e"," ","1099.31"
"09/11/2025 09:00:00 - 09/11/2025 10:00:00","CTA|IE","1454.10","n/e"," ","996.24"
"09/11/2025 10:00:00 - 09/11/2025 11:00:00","CTA|IE","1156.17","n/e"," ","895.11"
"09/11/2025 11:00:00 - 09/11/2025 12:00:00","CTA|IE","897.60","n/e"," ","736.61"
"09/11/2025 12:00:00 - 09/11/2025 13:00:00","CTA|IE","689.78","n/e"," ","653.32"
"09/11/2025 13:00:00 - 09/11/2025 14:00:00","CTA|IE","549.11","n/e"," ","592.58"
"09/11/2025 14:00:00 - 09/11/2025 15:00:00","CTA|IE","448.94","n/e"," ","425.97"
"09/11/2025 15:00:00 - 09/11/2025 16:00:00","CTA|IE","353.67","n/e"," ","237.42"
"09/11/2025 16:00:00 - 09/11/2025 17:00:00","CTA|IE","272.64","n/e"," ","125.15"
"09/11/2025 17:00:00 - 09/11/2025 18:00:00","CTA|IE","216.99","n/e"," ","62.71"
"09/11/2025 18:00:00 - 09/11/2025 19:00:00","CTA|IE","194.53","n/e"," ","88.09"
"09/11/2025 19:00:00 - 09/11/2025 20:00:00","CTA|IE","196.18","n/e"," ","115.37"
"09/11/2025 20:00:00 - 09/11/2025 21:00:00","CTA|IE","214.18","n/e"," ","158.57"
"09/11/2025 21:00:00 - 09/11/2025 22:00:00","CTA|IE","237.75","n/e"," ","269.44"
"09/11/2025 22:00:00 - 09/11/2025 23:00:00","CTA|IE","259.12","n/e"," ","350.74"
"09/11/2025 23:00:00 - 10/11/2025 00:00:00","CTA|IE","274.47","n/e"," ","348.49"
"10/11/2025 00:00:00 - 10/11/2025 01:00:00","CTA|IE","291.32","n/e"," ","485.89"
"10/11/2025 01:00:00 - 10/11/2025 02:00:00","CTA|IE","162.82","n/e"," ","629.93"
"10/11/2025 02:00:00 - 10/11/2025 03:00:00","CTA|IE","187.57","n/e"," ","638.75"
"10/11/2025 03:00:00 - 10/11/2025 04:00:00","CTA|IE","256.57","n/e"," ","557.50"
"10/11/2025 04:00:00 - 10/11/2025 05:00:00","CTA|IE","343.72","n/e"," ","544.71"
"10/11/2025 05:00:00 - 10/11/2025 06:00:00","CTA|IE","408.01","n/e"," ","561.53"
"10/11/2025 06:00:00 - 10/11/2025 07:00:00","CTA|IE","463.76","n/e"," ","492.46"
"10/11/2025 07:00:00 - 10/11/2025 08:00:00","CTA|IE","519.37","n/e"," ","471.39"
"10/11/2025 08:00:00 - 10/11/2025 09:00:00","CTA|IE","568.54","n/e"," ","417.61"
"10/11/2025 09:00:00 - 10/11/2025 10:00:00","CTA|IE","618.84","n/e"," ","378.33"
"10/11/2025 10:00:00 - 10/11/2025 11:00:00","CTA|IE","681.64","n/e"," ","400.99"
"10/11/2025 11:00:00 - 10/11/2025 12:00:00","CTA|IE","735.95","n/e"," ","385.41"
"10/11/2025 12:00:00 - 10/11/2025 13:00:00","CTA|IE","772.22","n/e"," ","389.23"
"10/11/2025 13:00:00 - 10/11/2025 14:00:00","CTA|IE","856.82","n/e"," ","415.77"
"10/11/2025 14:00:00 - 10/11/2025 15:00:00","CTA|IE","959.66","n/e"," ","437.76"
"10/11/2025 15:00:00 - 10/11/2025 16:00:00","CTA|IE","1000.02","n/e"," ","491.79"
"10/11/2025 16:00:00 - 10/11/2025 17:00:00","CTA|IE","980.99","n/e"," ","385.37"
"10/11/2025 17:00:00 - 10/11/2025 18:00:00","CTA|IE","949.06","n/e"," ","418.08"
"10/11/2025 18:00:00 - 10/11/2025 19:00:00","CTA|IE","960.38","n/e"," ","464.72"
"10/11/2025 19:00:00 - 10/11/2025 20:00:00","CTA|IE","1034.05","n/e"," ","507.80"
"10/11/2025 20:00:00 - 10/11/2025 21:00:00","CTA|IE","1170.06","n/e"," ","554.77"
"10/11/2025 21:00:00 - 10/11/2025 22:00:00","CTA|IE","1364.04","n/e"," ","670.86"
"10/11/2025 22:00:00 - 10/11/2025 23:00:00","CTA|IE","1637.00","n/e"," ","836.06"
"10/11/2025 23:00:00 - 11/11/2025 00:00:00","CTA|IE","1977.33","n/e"," ","1017.33"
"11/11/2025 00:00:00 - 11/11/2025 01:00:00","CTA|IE","2352.17","n/e"," ","1414.49"
"11/11/2025 01:00:00 - 11/11/2025 02:00:00","CTA|IE","1069.55","n/e"," ","1809.76"
"11/11/2025 02:00:00 - 11/11/2025 03:00:00","CTA|IE","1439.11","n/e"," ","2186.39"
"11/11/2025 03:00:00 - 11/11/2025 04:00:00","CTA|IE","1882.30","n/e"," ","2356.58"
"11/11/2025 04:00:00 - 11/11/2025 05:00:00","CTA|IE","2180.86","n/e"," ","2340.47"
"11/11/2025 05:00:00 - 11/11/2025 06:00:00","CTA|IE","2454.93","n/e"," ","2293.36"
"11/11/2025 06:00:00 - 11/11/2025 07:00:00","CTA|IE","2699.29","n/e"," ","2262.29"
"11/11/2025 07:00:00 - 11/11/2025 08:00:00","CTA|IE","2910.17","n/e"," ","2516.25"
"11/11/2025 08:00:00 - 11/11/2025 09:00:00","CTA|IE","3113.54","n/e"," ","2314.77"
"11/11/2025 09:00:00 - 11/11/2025 10:00:00","CTA|IE","3218.93","n/e"," ","2095.17"
"11/11/2025 10:00:00 - 11/11/2025 11:00:00","CTA|IE","3248.42","n/e"," ","2154.26"
"11/11/2025 11:00:00 - 11/11/2025 12:00:00","CTA|IE","3227.75","n/e"," ","2323.51"
"11/11/2025 12:00:00 - 11/11/2025 13:00:00","CTA|IE","3164.80","n/e"," ","2220.40"
"11/11/2025 13:00:00 - 11/11/2025 14:00:00","CTA|IE","3035.08","n/e"," ","2059.23"
"11/11/2025 14:00:00 - 11/11/2025 15:00:00","CTA|IE","2819.66","n/e"," ","2062.48"
"11/11/2025 15:00:00 - 11/11/2025 16:00:00","CTA|IE","2557.94","n/e"," ","2196.16"
"11/11/2025 16:00:00 - 11/11/2025 17:00:00","CTA|IE","2285.83","n/e"," ","2179.30"
"11/11/2025 17:00:00 - 11/11/2025 18:00:00","CTA|IE","2044.57","n/e"," ","2086.90"
"11/11/2025 18:00:00 - 11/11/2025 19:00:00","CTA|IE","1846.46","n/e"," ","1961.32"
"11/11/2025 19:00:00 - 11/11/2025 20:00:00","CTA|IE","1686.16","n/e"," ","1871.42"
"11/11/2025 20:00:00 - 11/11/2025 21:00:00","CTA|IE","1576.82","n/e"," ","1878.11"
"11/11/2025 21:00:00 - 11/11/2025 22:00:00","CTA|IE","1487.71","n/e"," ","1777.81"
"11/11/2025 22:00:00 - 11/11/2025 23:00:00","CTA|IE","1385.52","n/e"," ","1643.77"
"11/11/2025 23:00:00 - 12/11/2025 00:00:00","CTA|IE","1263.81","n/e"," ","1537.11"
"12/11/2025 00:00:00 - 12/11/2025 01:00:00","CTA|IE","1133.00","n/e"," ","1525.61"
"12/11/2025 01:00:00 - 12/11/2025 02:00:00","CTA|IE","702.52","n/e"," ","1476.76"
"12/11/2025 02:00:00 - 12/11/2025 03:00:00","CTA|IE","712.95","n/e"," ","1243.54"
"12/11/2025 03:00:00 - 12/11/2025 04:00:00","CTA|IE","668.05","n/e"," ","1099.90"
"12/11/2025 04:00:00 - 12/11/2025 05:00:00","CTA|IE","501.15","n/e"," ","893.12"
"12/11/2025 05:00:00 - 12/11/2025 06:00:00","CTA|IE","406.75","n/e"," ","595.50"
"12/11/2025 06:00:00 - 12/11/2025 07:00:00","CTA|IE","337.77","n/e"," ","382.28"
"12/11/2025 07:00:00 - 12/11/2025 08:00:00","CTA|IE","340.26","n/e"," ","247.31"
"12/11/2025 08:00:00 - 12/11/2025 09:00:00","CTA|IE","433.43","n/e"," ","156.95"
"12/11/2025 09:00:00 - 12/11/2025 10:00:00","CTA|IE","532.55","n/e"," ","167.70"
"12/11/2025 10:00:00 - 12/11/2025 11:00:00","CTA|IE","626.31","n/e"," ","215.88"
"12/11/2025 11:00:00 - 12/11/2025 12:00:00","CTA|IE","699.92","n/e"," ","293.41"
"12/11/2025 12:00:00 - 12/11/2025 13:00:00","CTA|IE","745.01","n/e"," ","465.38"
"12/11/2025 13:00:00 - 12/11/2025 14:00:00","CTA|IE","777.46","n/e"," ","677.65"
"12/11/2025 14:00:00 - 12/11/2025 15:00:00","CTA|IE","788.19","n/e"," ","766.97"
"12/11/2025 15:00:00 - 12/11/2025 16:00:00","CTA|IE","805.80","n/e"," ","993.95"
"12/11/2025 16:00:00 - 12/11/2025 17:00:00","CTA|IE","853.85","n/e"," ","1332.32"
"12/11/2025 17:00:00 - 12/11/2025 18:00:00","CTA|IE","905.94","n/e"," ","1687.06"
"12/11/2025 18:00:00 - 12/11/2025 19:00:00","CTA|IE","927.83","n/e"," ","1939.39"
"12/11/2025 19:00:00 - 12/11/2025 20:00:00","CTA|IE","950.84","n/e"," ","1907.60"
"12/11/2025 20:00:00 - 12/11/2025 21:00:00","CTA|IE","971.46","n/e"," ","1889.56"
"12/11/2025 21:00:00 - 12/11/2025 22:00:00","CTA|IE","973.98","n/e"," ","1738.25"
"12/11/2025 22:00:00 - 12/11/2025 23:00:00","CTA|IE","954.95","n/e"," ","1561.36"
"12/11/2025 23:00:00 - 13/11/2025 00:00:00","CTA|IE","954.16","n/e"," ","1289.62"
"13/11/2025 00:00:00 - 13/11/2025 01:00:00","CTA|IE","977.59","n/e"," ","999.59"
"13/11/2025 01:00:00 - 13/11/2025 02:00:00","CTA|IE","N/A","n/e"," ","845.58"
"13/11/2025 02:00:00 - 13/11/2025 03:00:00","CTA|IE","N/A","n/e"," ","838.19"
"13/11/2025 03:00:00 - 13/11/2025 04:00:00","CTA|IE","N/A","n/e"," ","912.99"
"13/11/2025 04:00:00 - 13/11/2025 05:00:00","CTA|IE","N/A","n/e"," ","988.83"
"13/11/2025 05:00:00 - 13/11/2025 06:00:00","CTA|IE","N/A","n/e"," ","972.43"
"13/11/2025 06:00:00 - 13/11/2025 07:00:00","CTA|IE","N/A","n/e"," ","915.90"
"13/11/2025 07:00:00 - 13/11/2025 08:00:00","CTA|IE","N/A","n/e"," ","926.74"
"13/11/2025 08:00:00 - 13/11/2025 09:00:00","CTA|IE","N/A","n/e"," ","1021.83"
"13/11/2025 09:00:00 - 13/11/2025 10:00:00","CTA|IE","N/A","n/e"," ","N/A"
"13/11/2025 10:00:00 - 13/11/2025 11:00:00","CTA|IE","N/A","n/e"," ","930.12"
"13/11/2025 11:00:00 - 13/11/2025 12:00:00","CTA|IE","N/A","n/e"," ","890.18"
"13/11/2025 12:00:00 - 13/11/2025 13:00:00","CTA|IE","N/A","n/e"," ","815.33"
"13/11/2025 13:00:00 - 13/11/2025 14:00:00","CTA|IE","N/A","n/e"," ","713.10"
"13/11/2025 14:00:00 - 13/11/2025 15:00:00","CTA|IE","N/A","n/e"," ","660.37"
"13/11/2025 15:00:00 - 13/11/2025 16:00:00","CTA|IE","N/A","n/e"," ","663.58"
"13/11/2025 16:00:00 - 13/11/2025 17:00:00","CTA|IE","N/A","n/e"," ","734.68"
"13/11/2025 17:00:00 - 13/11/2025 18:00:00","CTA|IE","N/A","n/e"," ","782.93"
"13/11/2025 18:00:00 - 13/11/2025 19:00:00","CTA|IE","N/A","n/e"," ","851.58"
"13/11/2025 19:00:00 - 13/11/2025 20:00:00","CTA|IE","N/A","n/e"," ","991.28"
"13/11/2025 20:00:00 - 13/11/2025 21:00:00","CTA|IE","N/A","n/e"," ","1151.17"
"13/11/2025 21:00:00 - 13/11/2025 22:00:00","CTA|IE","N/A","n/e"," ","1289.64"
"13/11/2025 22:00:00 - 13/11/2025 23:00:00","CTA|IE","N/A","n/e"," ","1436.49"
"13/11/2025 23:00:00 - 14/11/2025 00:00:00","CTA|IE","N/A","n/e"," ","1602.58"
"14/11/2025 00:00:00 - 14/11/2025 01:00:00","CTA|IE","N/A","n/e"," ","1642.73"
"14/11/2025 01:00:00 - 14/11/2025 02:00:00","CTA|IE","N/A","n/e"," ","1677.57"
"14/11/2025 02:00:00 - 14/11/2025 03:00:00","CTA|IE","N/A","n/e"," ","1879.58"
"14/11/2025 03:00:00 - 14/11/2025 04:00:00","CTA|IE","N/A","n/e"," ","2087.19"
"14/11/2025 04:00:00 - 14/11/2025 05:00:00","CTA|IE","N/A","n/e"," ","2288.77"
"14/11/2025 05:00:00 - 14/11/2025 06:00:00","CTA|IE","N/A","n/e"," ","2353.56"
"14/11/2025 06:00:00 - 14/11/2025 07:00:00","CTA|IE","N/A","n/e"," ","2601.33"
"14/11/2025 07:00:00 - 14/11/2025 08:00:00","CTA|IE","N/A","n/e"," ","2716.46"
"14/11/2025 08:00:00 - 14/11/2025 09:00:00","CTA|IE","N/A","n/e"," ","2998.24"
"14/11/2025 09:00:00 - 14/11/2025 10:00:00","CTA|IE","N/A","n/e"," ","3041.19"
"14/11/2025 10:00:00 - 14/11/2025 11:00:00","CTA|IE","N/A","n/e"," ","3055.34"
"14/11/2025 11:00:00 - 14/11/2025 12:00:00","CTA|IE","N/A","n/e"," ","3200.94"
"14/11/2025 12:00:00 - 14/11/2025 13:00:00","CTA|IE","N/A","n/e"," ","3143.18"
"14/11/2025 13:00:00 - 14/11/2025 14:00:00","CTA|IE","N/A","n/e"," ","3031.35"
"14/11/2025 14:00:00 - 14/11/2025 15:00:00","CTA|IE","N/A","n/e"," ","2985.09"
"14/11/2025 15:00:00 - 14/11/2025 16:00:00","CTA|IE","N/A","n/e"," ","2951.73"
"14/11/2025 16:00:00 - 14/11/2025 17:00:00","CTA|IE","N/A","n/e"," ","2968.25"
"14/11/2025 17:00:00 - 14/11/2025 18:00:00","CTA|IE","N/A","n/e"," ","3122.35"
"14/11/2025 18:00:00 - 14/11/2025 19:00:00","CTA|IE","N/A","n/e"," ","3194.65"
"14/11/2025 19:00:00 - 14/11/2025 20:00:00","CTA|IE","N/A","n/e"," ","3146.19"
"14/11/2025 20:00:00 - 14/11/2025 21:00:00","CTA|IE","N/A","n/e"," ","3102.10"
"14/11/2025 21:00:00 - 14/11/2025 22:00:00","CTA|IE","N/A","n/e"," ","3054.63"
"14/11/2025 22:00:00 - 14/11/2025 23:00:00","CTA|IE","N/A","n/e"," ","3024.59"
"14/11/2025 23:00:00 - 15/11/2025 00:00:00","CTA|IE","N/A","n/e"," ","3047.69"
"15/11/2025 00:00:00 - 15/11/2025 01:00:00","CTA|IE","N/A","n/e"," ","3109.40"
"15/11/2025 01:00:00 - 15/11/2025 02:00:00","CTA|IE","N/A","n/e"," ","3123.98"
"15/11/2025 02:00:00 - 15/11/2025 03:00:00","CTA|IE","N/A","n/e"," ","3051.06"
"15/11/2025 03:00:00 - 15/11/2025 04:00:00","CTA|IE","N/A","n/e"," ","2959.21"
"15/11/2025 04:00:00 - 15/11/2025 05:00:00","CTA|IE","N/A","n/e"," ","2868.65"
"15/11/2025 05:00:00 - 15/11/2025 06:00:00","CTA|IE","N/A","n/e"," ","2726.09"
"15/11/2025 06:00:00 - 15/11/2025 07:00:00","CTA|IE","N/A","n/e"," ","2601.00"
"15/11/2025 07:00:00 - 15/11/2025 08:00:00","CTA|IE","N/A","n/e"," ","2383.69"
"15/11/2025 08:00:00 - 15/11/2025 09:00:00","CTA|IE","N/A","n/e"," ","2201.15"
"15/11/2025 09:00:00 - 15/11/2025 10:00:00","CTA|IE","N/A","n/e"," ","1997.76"
"15/11/2025 10:00:00 - 15/11/2025 11:00:00","CTA|IE","N/A","n/e"," ","1829.32"
"15/11/2025 11:00:00 - 15/11/2025 12:00:00","CTA|IE","N/A","n/e"," ","1740.01"
"15/11/2025 12:00:00 - 15/11/2025 13:00:00","CTA|IE","N/A","n/e"," ","1697.39"
"15/11/2025 13:00:00 - 15/11/2025 14:00:00","CTA|IE","N/A","n/e"," ","1550.53"
"15/11/2025 14:00:00 - 15/11/2025 15:00:00","CTA|IE","N/A","n/e"," ","1359.12"
"15/11/2025 15:00:00 - 15/11/2025 16:00:00","CTA|IE","N/A","n/e"," ","1195.84"
"15/11/2025 16:00:00 - 15/11/2025 17:00:00","CTA|IE","N/A","n/e"," ","1140.09"
"15/11/2025 17:00:00 - 15/11/2025 18:00:00","CTA|IE","N/A","n/e"," ","1092.37"
"15/11/2025 18:00:00 - 15/11/2025 19:00:00","CTA|IE","N/A","n/e"," ","958.09"
"15/11/2025 19:00:00 - 15/11/2025 20:00:00","CTA|IE","N/A","n/e"," ","932.93"
"15/11/2025 20:00:00 - 15/11/2025 21:00:00","CTA|IE","N/A","n/e"," ","951.03"
"15/11/2025 21:00:00 - 15/11/2025 22:00:00","CTA|IE","N/A","n/e"," ","965.37"
"15/11/2025 22:00:00 - 15/11/2025 23:00:00","CTA|IE","N/A","n/e"," ","948.54"
"15/11/2025 23:00:00 - 16/11/2025 00:00:00","CTA|IE","N/A","n/e"," ","867.24"
"16/11/2025 00:00:00 - 16/11/2025 01:00:00","CTA|IE","N/A","n/e"," ","792.51"
"16/11/2025 01:00:00 - 16/11/2025 02:00:00","CTA|IE","N/A","n/e"," ","728.75"
"16/11/2025 02:00:00 - 16/11/2025 03:00:00","CTA|IE","N/A","n/e"," ","726.81"
"16/11/2025 03:00:00 - 16/11/2025 04:00:00","CTA|IE","N/A","n/e"," ","650.56"
"16/11/2025 04:00:00 - 16/11/2025 05:00:00","CTA|IE","N/A","n/e"," ","666.99"
"16/11/2025 05:00:00 - 16/11/2025 06:00:00","CTA|IE","N/A","n/e"," ","724.64"
"16/11/2025 06:00:00 - 16/11/2025 07:00:00","CTA|IE","N/A","n/e"," ","776.85"
"16/11/2025 07:00:00 - 16/11/2025 08:00:00","CTA|IE","N/A","n/e"," ","841.99"
"16/11/2025 08:00:00 - 16/11/2025 09:00:00","CTA|IE","N/A","n/e"," ","831.96"
"16/11/2025 09:00:00 - 16/11/2025 10:00:00","CTA|IE","N/A","n/e"," ","785.06"
"16/11/2025 10:00:00 - 16/11/2025 11:00:00","CTA|IE","N/A","n/e"," ","722.63"
"16/11/2025 11:00:00 - 16/11/2025 12:00:00","CTA|IE","N/A","n/e"," ","752.08"
"16/11/2025 12:00:00 - 16/11/2025 13:00:00","CTA|IE","N/A","n/e"," ","757.76"
"16/11/2025 13:00:00 - 16/11/2025 14:00:00","CTA|IE","N/A","n/e"," ","827.46"
"16/11/2025 14:00:00 - 16/11/2025 15:00:00","CTA|IE","N/A","n/e"," ","885.57"
"16/11/2025 15:00:00 - 16/11/2025 16:00:00","CTA|IE","N/A","n/e"," ","895.89"
"16/11/2025 16:00:00 - 16/11/2025 17:00:00","CTA|IE","N/A","n/e"," ","853.19"
"16/11/2025 17:00:00 - 16/11/2025 18:00:00","CTA|IE","N/A","n/e"," ","966.13"
"16/11/2025 18:00:00 - 16/11/2025 19:00:00","CTA|IE","N/A","n/e"," ","1055.26"
"16/11/2025 19:00:00 - 16/11/2025 20:00:00","CTA|IE","N/A","n/e"," ","1135.71"
"16/11/2025 20:00:00 - 16/11/2025 21:00:00","CTA|IE","N/A","n/e"," ","1179.95"
"16/11/2025 21:00:00 - 16/11/2025 22:00:00","CTA|IE","N/A","n/e"," ","1027.85"
"16/11/2025 22:00:00 - 16/11/2025 23:00:00","CTA|IE","N/A","n/e"," ","897.31"
"16/11/2025 23:00:00 - 17/11/2025 00:00:00","CTA|IE","N/A","n/e"," ","830.16"
"17/11/2025 00:00:00 - 17/11/2025 01:00:00","CTA|IE","N/A","n/e"," ","804.60"
"17/11/2025 01:00:00 - 17/11/2025 02:00:00","CTA|IE","N/A","n/e"," ","790.42"
"17/11/2025 02:00:00 - 17/11/2025 03:00:00","CTA|IE","N/A","n/e"," ","807.48"
"17/11/2025 03:00:00 - 17/11/2025 04:00:00","CTA|IE","N/A","n/e"," ","856.79"
"17/11/2025 04:00:00 - 17/11/2025 05:00:00","CTA|IE","N/A","n/e"," ","928.73"
"17/11/2025 05:00:00 - 17/11/2025 06:00:00","CTA|IE","N/A","n/e"," ","889.18"
"17/11/2025 06:00:00 - 17/11/2025 07:00:00","CTA|IE","N/A","n/e"," ","780.94"
"17/11/2025 07:00:00 - 17/11/2025 08:00:00","CTA|IE","N/A","n/e"," ","668.83"
"17/11/2025 08:00:00 - 17/11/2025 09:00:00","CTA|IE","N/A","n/e"," ","526.39"
"17/11/2025 09:00:00 - 17/11/2025 10:00:00","CTA|IE","N/A","n/e"," ","444.48"
"17/11/2025 10:00:00 - 17/11/2025 11:00:00","CTA|IE","N/A","n/e"," ","303.60"
"17/11/2025 11:00:00 - 17/11/2025 12:00:00","CTA|IE","N/A","n/e"," ","165.47"
"17/11/2025 12:00:00 - 17/11/2025 13:00:00","CTA|IE","N/A","n/e"," ","71.86"
"17/11/2025 13:00:00 - 17/11/2025 14:00:00","CTA|IE","N/A","n/e"," ","31.92"
"17/11/2025 14:00:00 - 17/11/2025 15:00:00","CTA|IE","N/A","n/e"," ","14.39"
"17/11/2025 15:00:00 - 17/11/2025 16:00:00","CTA|IE","N/A","n/e"," ","7.79"
"17/11/2025 16:00:00 - 17/11/2025 17:00:00","CTA|IE","N/A","n/e"," ","14.90"
"17/11/2025 17:00:00 - 17/11/2025 18:00:00","CTA|IE","N/A","n/e"," ","51.97"
"17/11/2025 18:00:00 - 17/11/2025 19:00:00","CTA|IE","N/A","n/e"," ","87.70"
"17/11/2025 19:00:00 - 17/11/2025 20:00:00","CTA|IE","N/A","n/e"," ","113.56"
"17/11/2025 20:00:00 - 17/11/2025 21:00:00","CTA|IE","N/A","n/e"," ","130.80"
"17/11/2025 21:00:00 - 17/11/2025 22:00:00","CTA|IE","N/A","n/e"," ","201.21"
"17/11/2025 22:00:00 - 17/11/2025 23:00:00","CTA|IE","N/A","n/e"," ","322.06"
"17/11/2025 23:00:00 - 18/11/2025 00:00:00","CTA|IE","N/A","n/e"," ","390.49"
"18/11/2025 00:00:00 - 18/11/2025 01:00:00","CTA|IE","N/A","n/e"," ","529.80"
"18/11/2025 01:00:00 - 18/11/2025 02:00:00","CTA|IE","N/A","n/e"," ","670.63"
"18/11/2025 02:00:00 - 18/11/2025 03:00:00","CTA|IE","N/A","n/e"," ","722.28"
"18/11/2025 03:00:00 - 18/11/2025 04:00:00","CTA|IE","N/A","n/e"," ","843.38"
"18/11/2025 04:00:00 - 18/11/2025 05:00:00","CTA|IE","N/A","n/e"," ","942.62"
"18/11/2025 05:00:00 - 18/11/2025 06:00:00","CTA|IE","N/A","n/e"," ","1002.39"
"18/11/2025 06:00:00 - 18/11/2025 07:00:00","CTA|IE","N/A","n/e"," ","1053.41"
"18/11/2025 07:00:00 - 18/11/2025 08:00:00","CTA|IE","N/A","n/e"," ","1071.13"
"18/11/2025 08:00:00 - 18/11/2025 09:00:00","CTA|IE","N/A","n/e"," ","1203.96"
"18/11/2025 09:00:00 - 18/11/2025 10:00:00","CTA|IE","N/A","n/e"," ","1290.50"
"18/11/2025 10:00:00 - 18/11/2025 11:00:00","CTA|IE","N/A","n/e"," ","1359.30"
"18/11/2025 11:00:00 - 18/11/2025 12:00:00","CTA|IE","N/A","n/e"," ","1405.21"
"18/11/2025 12:00:00 - 18/11/2025 13:00:00","CTA|IE","N/A","n/e"," ","1706.12"
"18/11/2025 13:00:00 - 18/11/2025 14:00:00","CTA|IE","N/A","n/e"," ","1995.77"
"18/11/2025 14:00:00 - 18/11/2025 15:00:00","CTA|IE","N/A","n/e"," ","2066.73"
"18/11/2025 15:00:00 - 18/11/2025 16:00:00","CTA|IE","N/A","n/e"," ","2137.58"
"18/11/2025 16:00:00 - 18/11/2025 17:00:00","CTA|IE","N/A","n/e"," ","2139.14"
"18/11/2025 17:00:00 - 18/11/2025 18:00:00","CTA|IE","N/A","n/e"," ","2159.37"
"18/11/2025 18:00:00 - 18/11/2025 19:00:00","CTA|IE","N/A","n/e"," ","2108.30"
"18/11/2025 19:00:00 - 18/11/2025 20:00:00","CTA|IE","N/A","n/e"," ","2249.55"
"18/11/2025 20:00:00 - 18/11/2025 21:00:00","CTA|IE","N/A","n/e"," ","2310.74"
"18/11/2025 21:00:00 - 18/11/2025 22:00:00","CTA|IE","N/A","n/e"," ","2160.43"
"18/11/2025 22:00:00 - 18/11/2025 23:00:00","CTA|IE","N/A","n/e"," ","2064.47"
"18/11/2025 23:00:00 - 19/11/2025 00:00:00","CTA|IE","N/A","n/e"," ","2165.02"
"19/11/2025 00:00:00 - 19/11/2025 01:00:00","CTA|IE","N/A","n/e"," ","2160.47"
"19/11/2025 01:00:00 - 19/11/2025 02:00:00","CTA|IE","N/A","n/e"," ","2312.52"
"19/11/2025 02:00:00 - 19/11/2025 03:00:00","CTA|IE","N/A","n/e"," ","2250.87"
"19/11/2025 03:00:00 - 19/11/2025 04:00:00","CTA|IE","N/A","n/e"," ","2232.19"
"19/11/2025 04:00:00 - 19/11/2025 05:00:00","CTA|IE","N/A","n/e"," ","2188.25"
"19/11/2025 05:00:00 - 19/11/2025 06:00:00","CTA|IE","N/A","n/e"," ","2325.79"
"19/11/2025 06:00:00 - 19/11/2025 07:00:00","CTA|IE","N/A","n/e"," ","2133.71"
"19/11/2025 07:00:00 - 19/11/2025 08:00:00","CTA|IE","N/A","n/e"," ","2026.55"
"19/11/2025 08:00:00 - 19/11/2025 09:00:00","CTA|IE","N/A","n/e"," ","1798.79"
"19/11/2025 09:00:00 - 19/11/2025 10:00:00","CTA|IE","N/A","n/e"," ","1765.75"
"19/11/2025 10:00:00 - 19/11/2025 11:00:00","CTA|IE","N/A","n/e"," ","1628.58"
"19/11/2025 11:00:00 - 19/11/2025 12:00:00","CTA|IE","N/A","n/e"," ","1359.58"
"19/11/2025 12:00:00 - 19/11/2025 13:00:00","CTA|IE","N/A","n/e"," ","1383.10"
"19/11/2025 13:00:00 - 19/11/2025 14:00:00","CTA|IE","N/A","n/e"," ","1514.76"
"19/11/2025 14:00:00 - 19/11/2025 15:00:00","CTA|IE","N/A","n/e"," ","1576.06"
"19/11/2025 15:00:00 - 19/11/2025 16:00:00","CTA|IE","N/A","n/e"," ","1509.72"
"19/11/2025 16:00:00 - 19/11/2025 17:00:00","CTA|IE","N/A","n/e"," ","1338.42"
"19/11/2025 17:00:00 - 19/11/2025 18:00:00","CTA|IE","N/A","n/e"," ","1266.93"
"19/11/2025 18:00:00 - 19/11/2025 19:00:00","CTA|IE","N/A","n/e"," ","1131.52"
"19/11/2025 19:00:00 - 19/11/2025 20:00:00","CTA|IE","N/A","n/e"," ","1033.96"
"19/11/2025 20:00:00 - 19/11/2025 21:00:00","CTA|IE","N/A","n/e"," ","1095.42"
"19/11/2025 21:00:00 - 19/11/2025 22:00:00","CTA|IE","N/A","n/e"," ","1010.21"
"19/11/2025 22:00:00 - 19/11/2025 23:00:00","CTA|IE","N/A","n/e"," ","988.24"
"19/11/2025 23:00:00 - 20/11/2025 00:00:00","CTA|IE","N/A","n/e"," ","907.29"
"20/11/2025 00:00:00 - 20/11/2025 01:00:00","CTA|IE","N/A","n/e"," ","948.07"
"20/11/2025 01:00:00 - 20/11/2025 02:00:00","CTA|IE","N/A","n/e"," ","906.01"
"20/11/2025 02:00:00 - 20/11/2025 03:00:00","CTA|IE","N/A","n/e"," ","913.50"
"20/11/2025 03:00:00 - 20/11/2025 04:00:00","CTA|IE","N/A","n/e"," ","970.60"
"20/11/2025 04:00:00 - 20/11/2025 05:00:00","CTA|IE","N/A","n/e"," ","927.49"
"20/11/2025 05:00:00 - 20/11/2025 06:00:00","CTA|IE","N/A","n/e"," ","876.71"
"20/11/2025 06:00:00 - 20/11/2025 07:00:00","CTA|IE","N/A","n/e"," ","873.19"
"20/11/2025 07:00:00 - 20/11/2025 08:00:00","CTA|IE","N/A","n/e"," ","939.82"
"20/11/2025 08:00:00 - 20/11/2025 09:00:00","CTA|IE","N/A","n/e"," ","866.39"
"20/11/2025 09:00:00 - 20/11/2025 10:00:00","CTA|IE","N/A","n/e"," ","902.16"
"20/11/2025 10:00:00 - 20/11/2025 11:00:00","CTA|IE","N/A","n/e"," ","856.37"
"20/11/2025 11:00:00 - 20/11/2025 12:00:00","CTA|IE","N/A","n/e"," ","718.62"
"20/11/2025 12:00:00 - 20/11/2025 13:00:00","CTA|IE","N/A","n/e"," ","618.59"
"20/11/2025 13:00:00 - 20/11/2025 14:00:00","CTA|IE","N/A","n/e"," ","690.98"
"20/11/2025 14:00:00 - 20/11/2025 15:00:00","CTA|IE","N/A","n/e"," ","805.60"
"20/11/2025 15:00:00 - 20/11/2025 16:00:00","CTA|IE","N/A","n/e"," ","812.63"
"20/11/2025 16:00:00 - 20/11/2025 17:00:00","CTA|IE","N/A","n/e"," ","762.33"
"20/11/2025 17:00:00 - 20/11/2025 18:00:00","CTA|IE","N/A","n/e"," ","777.10"
"20/11/2025 18:00:00 - 20/11/2025 19:00:00","CTA|IE","N/A","n/e"," ","733.82"
"20/11/2025 19:00:00 - 20/11/2025 20:00:00","CTA|IE","N/A","n/e"," ","697.55"
"20/11/2025 20:00:00 - 20/11/2025 21:00:00","CTA|IE","N/A","n/e"," ","674.92"
"20/11/2025 21:00:00 - 20/11/2025 22:00:00","CTA|IE","N/A","n/e"," ","547.22"
"20/11/2025 22:00:00 - 20/11/2025 23:00:00","CTA|IE","N/A","n/e"," ","492.04"
"20/11/2025 23:00:00 - 21/11/2025 00:00:00","CTA|IE","N/A","n/e"," ","372.96"
"21/11/2025 00:00:00 - 21/11/2025 01:00:00","CTA|IE","N/A","n/e"," ","385.20"
"21/11/2025 01:00:00 - 21/11/2025 02:00:00","CTA|IE","276.48","n/e"," ","292.56"
"21/11/2025 02:00:00 - 21/11/2025 03:00:00","CTA|IE","228.36","n/e"," ","250.28"
"21/11/2025 03:00:00 - 21/11/2025 04:00:00","CTA|IE","185.67","n/e"," ","197.19"
"21/11/2025 04:00:00 - 21/11/2025 05:00:00","CTA|IE","181.18","n/e"," ","148.09"
"21/11/2025 05:00:00 - 21/11/2025 06:00:00","CTA|IE","177.97","n/e"," ","123.19"
"21/11/2025 06:00:00 - 21/11/2025 07:00:00","CTA|IE","189.55","n/e"," ","177.97"
"21/11/2025 07:00:00 - 21/11/2025 08:00:00","CTA|IE","226.10","n/e"," ","278.79"
"21/11/2025 08:00:00 - 21/11/2025 09:00:00","CTA|IE","282.82","n/e"," ","482.08"
"21/11/2025 09:00:00 - 21/11/2025 10:00:00","CTA|IE","374.32","n/e"," ","679.02"
"21/11/2025 10:00:00 - 21/11/2025 11:00:00","CTA|IE","522.65","n/e"," ","965.13"
"21/11/2025 11:00:00 - 21/11/2025 12:00:00","CTA|IE","719.88","n/e"," ","1295.00"
"21/11/2025 12:00:00 - 21/11/2025 13:00:00","CTA|IE","908.87","n/e"," ","1449.51"
"21/11/2025 13:00:00 - 21/11/2025 14:00:00","CTA|IE","1074.81","n/e"," ","1596.43"
"21/11/2025 14:00:00 - 21/11/2025 15:00:00","CTA|IE","1273.21","n/e"," ","1768.87"
"21/11/2025 15:00:00 - 21/11/2025 16:00:00","CTA|IE","1486.82","n/e"," ","2048.42"
"21/11/2025 16:00:00 - 21/11/2025 17:00:00","CTA|IE","1684.78","n/e"," ","2275.30"
"21/11/2025 17:00:00 - 21/11/2025 18:00:00","CTA|IE","1892.85","n/e"," ","2445.56"
"21/11/2025 18:00:00 - 21/11/2025 19:00:00","CTA|IE","2096.81","n/e"," ","2706.92"
"21/11/2025 19:00:00 - 21/11/2025 20:00:00","CTA|IE","2272.24","n/e"," ","2850.10"
"21/11/2025 20:00:00 - 21/11/2025 21:00:00","CTA|IE","2344.79","n/e"," ","2776.10"
"21/11/2025 21:00:00 - 21/11/2025 22:00:00","CTA|IE","2261.19","n/e"," ","2458.50"
"21/11/2025 22:00:00 - 21/11/2025 23:00:00","CTA|IE","2058.20","n/e"," ","2012.99"
"21/11/2025 23:00:00 - 22/11/2025 00:00:00","CTA|IE","1816.99","n/e"," ","1549.71"
"22/11/2025 00:00:00 - 22/11/2025 01:00:00","CTA|IE","1589.35","n/e"," ","1180.60"
"22/11/2025 01:00:00 - 22/11/2025 02:00:00","CTA|IE","1430.15","n/e"," ","969.33"
"22/11/2025 02:00:00 - 22/11/2025 03:00:00","CTA|IE","1308.15","n/e"," ","870.51"
"22/11/2025 03:00:00 - 22/11/2025 04:00:00","CTA|IE","1235.99","n/e"," ","841.68"
"22/11/2025 04:00:00 - 22/11/2025 05:00:00","CTA|IE","1159.04","n/e"," ","662.33"
"22/11/2025 05:00:00 - 22/11/2025 06:00:00","CTA|IE","1068.96","n/e"," ","644.87"
"22/11/2025 06:00:00 - 22/11/2025 07:00:00","CTA|IE","1045.55","n/e"," ","596.86"
"22/11/2025 07:00:00 - 22/11/2025 08:00:00","CTA|IE","1052.53","n/e"," ","570.17"
"22/11/2025 08:00:00 - 22/11/2025 09:00:00","CTA|IE","1045.17","n/e"," ","633.28"
"22/11/2025 09:00:00 - 22/11/2025 10:00:00","CTA|IE","989.04","n/e"," ","646.20"
"22/11/2025 10:00:00 - 22/11/2025 11:00:00","CTA|IE","896.39","n/e"," ","596.83"
"22/11/2025 11:00:00 - 22/11/2025 12:00:00","CTA|IE","808.59","n/e"," ","536.07"
"22/11/2025 12:00:00 - 22/11/2025 13:00:00","CTA|IE","724.33","n/e"," ","451.21"
"22/11/2025 13:00:00 - 22/11/2025 14:00:00","CTA|IE","671.91","n/e"," ","370.61"
"22/11/2025 14:00:00 - 22/11/2025 15:00:00","CTA|IE","707.79","n/e"," ","320.57"
"22/11/2025 15:00:00 - 22/11/2025 16:00:00","CTA|IE","795.69","n/e"," ","317.85"
"22/11/2025 16:00:00 - 22/11/2025 17:00:00","CTA|IE","927.90","n/e"," ","325.89"
"22/11/2025 17:00:00 - 22/11/2025 18:00:00","CTA|IE","1115.14","n/e"," ","418.93"
"22/11/2025 18:00:00 - 22/11/2025 19:00:00","CTA|IE","1417.74","n/e"," ","609.03"
"22/11/2025 19:00:00 - 22/11/2025 20:00:00","CTA|IE","1842.25","n/e"," ","888.03"
"22/11/2025 20:00:00 - 22/11/2025 21:00:00","CTA|IE","2248.53","n/e"," ","1214.28"
"22/11/2025 21:00:00 - 22/11/2025 22:00:00","CTA|IE","2599.32","n/e"," ","1709.40"
"22/11/2025 22:00:00 - 22/11/2025 23:00:00","CTA|IE","2930.11","n/e"," ","2053.81"
"22/11/2025 23:00:00 - 23/11/2025 00:00:00","CTA|IE","3132.62","n/e"," ","2411.92"
"23/11/2025 00:00:00 - 23/11/2025 01:00:00","CTA|IE","3245.81","n/e"," ","2950.04"
"23/11/2025 01:00:00 - 23/11/2025 02:00:00","CTA|IE","3307.41","n/e"," ","2999.74"
"23/11/2025 02:00:00 - 23/11/2025 03:00:00","CTA|IE","3413.55","n/e"," ","2944.92"
"23/11/2025 03:00:00 - 23/11/2025 04:00:00","CTA|IE","3555.99","n/e"," ","2945.00"
"23/11/2025 04:00:00 - 23/11/2025 05:00:00","CTA|IE","3727.99","n/e"," ","2886.13"
"23/11/2025 05:00:00 - 23/11/2025 06:00:00","CTA|IE","3808.83","n/e"," ","2860.46"
"23/11/2025 06:00:00 - 23/11/2025 07:00:00","CTA|IE","3851.45","n/e"," ","2817.84"
"23/11/2025 07:00:00 - 23/11/2025 08:00:00","CTA|IE","3901.19","n/e"," ","2874.36"
"23/11/2025 08:00:00 - 23/11/2025 09:00:00","CTA|IE","3982.09","n/e"," ","2834.68"
"23/11/2025 09:00:00 - 23/11/2025 10:00:00","CTA|IE","4050.96","n/e"," ","2793.55"
"23/11/2025 10:00:00 - 23/11/2025 11:00:00","CTA|IE","4118.30","n/e"," ","2786.54"
"23/11/2025 11:00:00 - 23/11/2025 12:00:00","CTA|IE","4192.85","n/e"," ","2807.93"
"23/11/2025 12:00:00 - 23/11/2025 13:00:00","CTA|IE","4240.68","n/e"," ","2739.27"
"23/11/2025 13:00:00 - 23/11/2025 14:00:00","CTA|IE","4249.98","n/e"," ","2766.93"
"23/11/2025 14:00:00 - 23/11/2025 15:00:00","CTA|IE","4235.92","n/e"," ","2937.85"
"23/11/2025 15:00:00 - 23/11/2025 16:00:00","CTA|IE","4169.88","n/e"," ","2981.16"
"23/11/2025 16:00:00 - 23/11/2025 17:00:00","CTA|IE","4068.09","n/e"," ","3073.65"
"23/11/2025 17:00:00 - 23/11/2025 18:00:00","CTA|IE","3921.73","n/e"," ","3097.09"
"23/11/2025 18:00:00 - 23/11/2025 19:00:00","CTA|IE","3730.13","n/e"," ","3045.47"
"23/11/2025 19:00:00 - 23/11/2025 20:00:00","CTA|IE","3542.35","n/e"," ","3118.03"
"23/11/2025 20:00:00 - 23/11/2025 21:00:00","CTA|IE","3316.02","n/e"," ","3216.00"
"23/11/2025 21:00:00 - 23/11/2025 22:00:00","CTA|IE","3056.46","n/e"," ","3379.77"
"23/11/2025 22:00:00 - 23/11/2025 23:00:00","CTA|IE","2794.86","n/e"," ","3434.88"
"23/11/2025 23:00:00 - 24/11/2025 00:00:00","CTA|IE","2556.96","n/e"," ","3218.68"
"24/11/2025 00:00:00 - 24/11/2025 01:00:00","CTA|IE","2331.23","n/e"," ","2996.02"
"24/11/2025 01:00:00 - 24/11/2025 02:00:00","CTA|IE","3650.54","n/e"," ","2962.53"
"24/11/2025 02:00:00 - 24/11/2025 03:00:00","CTA|IE","3553.25","n/e"," ","2828.82"
"24/11/2025 03:00:00 - 24/11/2025 04:00:00","CTA|IE","3405.10","n/e"," ","2774.10"
"24/11/2025 04:00:00 - 24/11/2025 05:00:00","CTA|IE","3107.80","n/e"," ","2715.37"
"24/11/2025 05:00:00 - 24/11/2025 06:00:00","CTA|IE","2840.40","n/e"," ","2513.20"
"24/11/2025 06:00:00 - 24/11/2025 07:00:00","CTA|IE","2530.78","n/e"," ","2462.71"
"24/11/2025 07:00:00 - 24/11/2025 08:00:00","CTA|IE","2270.03","n/e"," ","2323.01"
"24/11/2025 08:00:00 - 24/11/2025 09:00:00","CTA|IE","2113.01","n/e"," ","2186.40"
"24/11/2025 09:00:00 - 24/11/2025 10:00:00","CTA|IE","1924.76","n/e"," ","2189.29"
"24/11/2025 10:00:00 - 24/11/2025 11:00:00","CTA|IE","1726.97","n/e"," ","2098.77"
"24/11/2025 11:00:00 - 24/11/2025 12:00:00","CTA|IE","1580.72","n/e"," ","1986.75"
"24/11/2025 12:00:00 - 24/11/2025 13:00:00","CTA|IE","1498.63","n/e"," ","1960.54"
"24/11/2025 13:00:00 - 24/11/2025 14:00:00","CTA|IE","1459.76","n/e"," ","1959.99"
"24/11/2025 14:00:00 - 24/11/2025 15:00:00","CTA|IE","1445.84","n/e"," ","1912.80"
"24/11/2025 15:00:00 - 24/11/2025 16:00:00","CTA|IE","1428.75","n/e"," ","1959.72"
"24/11/2025 16:00:00 - 24/11/2025 17:00:00","CTA|IE","1383.28","n/e"," ","1956.49"
"24/11/2025 17:00:00 - 24/11/2025 18:00:00","CTA|IE","1298.66","n/e"," ","1965.28"
"24/11/2025 18:00:00 - 24/11/2025 19:00:00","CTA|IE","1227.19","n/e"," ","1989.03"
"24/11/2025 19:00:00 - 24/11/2025 20:00:00","CTA|IE","1196.77","n/e"," ","1977.65"
"24/11/2025 20:00:00 - 24/11/2025 21:00:00","CTA|IE","1161.21","n/e"," ","1967.32"
"24/11/2025 21:00:00 - 24/11/2025 22:00:00","CTA|IE","1097.34","n/e"," ","1876.28"
"24/11/2025 22:00:00 - 24/11/2025 23:00:00","CTA|IE","1006.55","n/e"," ","1739.70"
"24/11/2025 23:00:00 - 25/11/2025 00:00:00","CTA|IE","921.49","n/e"," ","1480.04"
"25/11/2025 00:00:00 - 25/11/2025 01:00:00","CTA|IE","846.20","n/e"," ","1378.84"
"25/11/2025 01:00:00 - 25/11/2025 02:00:00","CTA|IE","1500.43","n/e"," ","1236.41"
"25/11/2025 02:00:00 - 25/11/2025 03:00:00","CTA|IE","1375.72","n/e"," ","1173.13"
"25/11/2025 03:00:00 - 25/11/2025 04:00:00","CTA|IE","1284.83","n/e"," ","1175.60"
"25/11/2025 04:00:00 - 25/11/2025 05:00:00","CTA|IE","1220.04","n/e"," ","1102.02"
"25/11/2025 05:00:00 - 25/11/2025 06:00:00","CTA|IE","1140.16","n/e"," ","1002.23"
"25/11/2025 06:00:00 - 25/11/2025 07:00:00","CTA|IE","1020.18","n/e"," ","1002.08"
"25/11/2025 07:00:00 - 25/11/2025 08:00:00","CTA|IE","864.76","n/e"," ","859.08"
"25/11/2025 08:00:00 - 25/11/2025 09:00:00","CTA|IE","684.21","n/e"," ","660.23"
"25/11/2025 09:00:00 - 25/11/2025 10:00:00","CTA|IE","514.07","n/e"," ","492.32"
"25/11/2025 10:00:00 - 25/11/2025 11:00:00","CTA|IE","380.49","n/e"," ","279.04"
"25/11/2025 11:00:00 - 25/11/2025 12:00:00","CTA|IE","293.59","n/e"," ","176.16"
"25/11/2025 12:00:00 - 25/11/2025 13:00:00","CTA|IE","228.77","n/e"," ","106.11"
"25/11/2025 13:00:00 - 25/11/2025 14:00:00","CTA|IE","172.36","n/e"," ","68.30"
"25/11/2025 14:00:00 - 25/11/2025 15:00:00","CTA|IE","148.41","n/e"," ","54.83"
"25/11/2025 15:00:00 - 25/11/2025 16:00:00","CTA|IE","145.62","n/e"," ","74.47"
"25/11/2025 16:00:00 - 25/11/2025 17:00:00","CTA|IE","153.58","n/e"," ","112.51"
"25/11/2025 17:00:00 - 25/11/2025 18:00:00","CTA|IE","168.14","n/e"," ","195.18"
"25/11/2025 18:00:00 - 25/11/2025 19:00:00","CTA|IE","204.74","n/e"," ","323.30"
"25/11/2025 19:00:00 - 25/11/2025 20:00:00","CTA|IE","269.25","n/e"," ","531.43"
"25/11/2025 20:00:00 - 25/11/2025 21:00:00","CTA|IE","347.59","n/e"," ","729.02"
"25/11/2025 21:00:00 - 25/11/2025 22:00:00","CTA|IE","452.02","n/e"," ","951.13"
"25/11/2025 22:00:00 - 25/11/2025 23:00:00","CTA|IE","603.01","n/e"," ","1239.31"
"25/11/2025 23:00:00 - 26/11/2025 00:00:00","CTA|IE","799.99","n/e"," ","1422.09"
"26/11/2025 00:00:00 - 26/11/2025 01:00:00","CTA|IE","1011.45","n/e"," ","1543.76"
"26/11/2025 01:00:00 - 26/11/2025 02:00:00","CTA|IE","1585.34","n/e"," ","1682.19"
"26/11/2025 02:00:00 - 26/11/2025 03:00:00","CTA|IE","1905.81","n/e"," ","1824.18"
"26/11/2025 03:00:00 - 26/11/2025 04:00:00","CTA|IE","2258.03","n/e"," ","2111.00"
"26/11/2025 04:00:00 - 26/11/2025 05:00:00","CTA|IE","2604.37","n/e"," ","2292.05"
"26/11/2025 05:00:00 - 26/11/2025 06:00:00","CTA|IE","2818.95","n/e"," ","2321.87"
"26/11/2025 06:00:00 - 26/11/2025 07:00:00","CTA|IE","2951.50","n/e"," ","2150.56"
"26/11/2025 07:00:00 - 26/11/2025 08:00:00","CTA|IE","2992.46","n/e"," ","1981.27"
"26/11/2025 08:00:00 - 26/11/2025 09:00:00","CTA|IE","2947.86","n/e"," ","1758.15"
"26/11/2025 09:00:00 - 26/11/2025 10:00:00","CTA|IE","2767.54","n/e"," ","1582.48"
"26/11/2025 10:00:00 - 26/11/2025 11:00:00","CTA|IE","2497.83","n/e"," ","1539.38"
"26/11/2025 11:00:00 - 26/11/2025 12:00:00","CTA|IE","2250.78","n/e"," ","1638.48"
"26/11/2025 12:00:00 - 26/11/2025 13:00:00","CTA|IE","2048.30","n/e"," ","1592.00"
"26/11/2025 13:00:00 - 26/11/2025 14:00:00","CTA|IE","1895.22","n/e"," ","1652.44"
"26/11/2025 14:00:00 - 26/11/2025 15:00:00","CTA|IE","1818.91","n/e"," ","1713.78"
"26/11/2025 15:00:00 - 26/11/2025 16:00:00","CTA|IE","1712.17","n/e"," ","1728.32"
"26/11/2025 16:00:00 - 26/11/2025 17:00:00","CTA|IE","1566.76","n/e"," ","1788.64"
"26/11/2025 17:00:00 - 26/11/2025 18:00:00","CTA|IE","1448.53","n/e"," ","1765.91"
"26/11/2025 18:00:00 - 26/11/2025 19:00:00","CTA|IE","1444.01","n/e"," ","2044.43"
"26/11/2025 19:00:00 - 26/11/2025 20:00:00","CTA|IE","1531.03","n/e"," ","2194.96"
"26/11/2025 20:00:00 - 26/11/2025 21:00:00","CTA|IE","1599.72","n/e"," ","2328.85"
"26/11/2025 21:00:00 - 26/11/2025 22:00:00","CTA|IE","1661.61","n/e"," ","2335.03"
"26/11/2025 22:00:00 - 26/11/2025 23:00:00","CTA|IE","1754.33","n/e"," ","2463.64"
"26/11/2025 23:00:00 - 27/11/2025 00:00:00","CTA|IE","1902.41","n/e"," ","2440.14"
"27/11/2025 00:00:00 - 27/11/2025 01:00:00","CTA|IE","2081.84","n/e"," ","2516.73"
"27/11/2025 01:00:00 - 27/11/2025 02:00:00","CTA|IE","2589.38","n/e"," ","2483.75"
"27/11/2025 02:00:00 - 27/11/2025 03:00:00","CTA|IE","2733.48","n/e"," ","2404.55"
"27/11/2025 03:00:00 - 27/11/2025 04:00:00","CTA|IE","2951.67","n/e"," ","2291.15"
"27/11/2025 04:00:00 - 27/11/2025 05:00:00","CTA|IE","3165.08","n/e"," ","2282.46"
"27/11/2025 05:00:00 - 27/11/2025 06:00:00","CTA|IE","3323.37","n/e"," ","2293.70"
"27/11/2025 06:00:00 - 27/11/2025 07:00:00","CTA|IE","3467.55","n/e"," ","2597.77"
"27/11/2025 07:00:00 - 27/11/2025 08:00:00","CTA|IE","3587.17","n/e"," ","2775.80"
"27/11/2025 08:00:00 - 27/11/2025 09:00:00","CTA|IE","3689.73","n/e"," ","3183.59"
"27/11/2025 09:00:00 - 27/11/2025 10:00:00","CTA|IE","3785.39","n/e"," ","3205.91"
"27/11/2025 10:00:00 - 27/11/2025 11:00:00","CTA|IE","3867.01","n/e"," ","3198.47"
"27/11/2025 11:00:00 - 27/11/2025 12:00:00","CTA|IE","3940.13","n/e"," ","3204.48"
"27/11/2025 12:00:00 - 27/11/2025 13:00:00","CTA|IE","3996.74","n/e"," ","3181.85"
"27/11/2025 13:00:00 - 27/11/2025 14:00:00","CTA|IE","4027.86","n/e"," ","3214.58"
"27/11/2025 14:00:00 - 27/11/2025 15:00:00","CTA|IE","4034.66","n/e"," ","3206.93"
"27/11/2025 15:00:00 - 27/11/2025 16:00:00","CTA|IE","3999.35","n/e"," ","3229.26"
"27/11/2025 16:00:00 - 27/11/2025 17:00:00","CTA|IE","3945.22","n/e"," ","3335.42"
"27/11/2025 17:00:00 - 27/11/2025 18:00:00","CTA|IE","3867.44","n/e"," ","3404.63"
"27/11/2025 18:00:00 - 27/11/2025 19:00:00","CTA|IE","3808.20","n/e"," ","3359.73"
"27/11/2025 19:00:00 - 27/11/2025 20:00:00","CTA|IE","3791.33","n/e"," ","3329.48"
"27/11/2025 20:00:00 - 27/11/2025 21:00:00","CTA|IE","3780.78","n/e"," ","3371.29"
"27/11/2025 21:00:00 - 27/11/2025 22:00:00","CTA|IE","3795.91","n/e"," ","3326.66"
"27/11/2025 22:00:00 - 27/11/2025 23:00:00","CTA|IE","3833.99","n/e"," ","3340.68"
"27/11/2025 23:00:00 - 28/11/2025 00:00:00","CTA|IE","3855.85","n/e"," ","3269.12"
"28/11/2025 00:00:00 - 28/11/2025 01:00:00","CTA|IE","3847.06","n/e"," ","3070.68"
"28/11/2025 01:00:00 - 28/11/2025 02:00:00","CTA|IE","4246.95","n/e"," ","2878.52"
"28/11/2025 02:00:00 - 28/11/2025 03:00:00","CTA|IE","4221.36","n/e"," ","2894.69"
"28/11/2025 03:00:00 - 28/11/2025 04:00:00","CTA|IE","4194.77","n/e"," ","2909.54"
"28/11/2025 04:00:00 - 28/11/2025 05:00:00","CTA|IE","4206.82","n/e"," ","2892.77"
"28/11/2025 05:00:00 - 28/11/2025 06:00:00","CTA|IE","4204.40","n/e"," ","2800.75"
"28/11/2025 06:00:00 - 28/11/2025 07:00:00","CTA|IE","4217.71","n/e"," ","2708.39"
"28/11/2025 07:00:00 - 28/11/2025 08:00:00","CTA|IE","4218.54","n/e"," ","2901.35"
"28/11/2025 08:00:00 - 28/11/2025 09:00:00","CTA|IE","4217.51","n/e"," ","3026.60"
"28/11/2025 09:00:00 - 28/11/2025 10:00:00","CTA|IE","4194.33","n/e"," ","2886.82"
"28/11/2025 10:00:00 - 28/11/2025 11:00:00","CTA|IE","4176.25","n/e"," ","3007.18"
"28/11/2025 11:00:00 - 28/11/2025 12:00:00","CTA|IE","4185.47","n/e"," ","2893.80"
"28/11/2025 12:00:00 - 28/11/2025 13:00:00","CTA|IE","4191.24","n/e"," ","2893.98"
"28/11/2025 13:00:00 - 28/11/2025 14:00:00","CTA|IE","4196.14","n/e"," ","2955.63"
"28/11/2025 14:00:00 - 28/11/2025 15:00:00","CTA|IE","4195.38","n/e"," ","2870.17"
"28/11/2025 15:00:00 - 28/11/2025 16:00:00","CTA|IE","4146.52","n/e"," ","2920.30"
"28/11/2025 16:00:00 - 28/11/2025 17:00:00","CTA|IE","4026.73","n/e"," ","2717.42"
"28/11/2025 17:00:00 - 28/11/2025 18:00:00","CTA|IE","3840.84","n/e"," ","2531.00"
"28/11/2025 18:00:00 - 28/11/2025 19:00:00","CTA|IE","3597.26","n/e"," ","2468.72"
"28/11/2025 19:00:00 - 28/11/2025 20:00:00","CTA|IE","3305.96","n/e"," ","2402.11"
"28/11/2025 20:00:00 - 28/11/2025 21:00:00","CTA|IE","2928.21","n/e"," ","2096.77"
"28/11/2025 21:00:00 - 28/11/2025 22:00:00","CTA|IE","2518.37","n/e"," ","1829.17"
"28/11/2025 22:00:00 - 28/11/2025 23:00:00","CTA|IE","2132.97","n/e"," ","1436.86"
"28/11/2025 23:00:00 - 29/11/2025 00:00:00","CTA|IE","1757.13","n/e"," ","1066.46"
"29/11/2025 00:00:00 - 29/11/2025 01:00:00","CTA|IE","1365.78","n/e"," ","974.63"
"29/11/2025 01:00:00 - 29/11/2025 02:00:00","CTA|IE","898.54","n/e"," ","798.31"
"29/11/2025 02:00:00 - 29/11/2025 03:00:00","CTA|IE","569.83","n/e"," ","746.92"
"29/11/2025 03:00:00 - 29/11/2025 04:00:00","CTA|IE","385.94","n/e"," ","785.27"
"29/11/2025 04:00:00 - 29/11/2025 05:00:00","CTA|IE","280.72","n/e"," ","730.87"
"29/11/2025 05:00:00 - 29/11/2025 06:00:00","CTA|IE","267.50","n/e"," ","874.03"
"29/11/2025 06:00:00 - 29/11/2025 07:00:00","CTA|IE","292.19","n/e"," ","892.73"
"29/11/2025 07:00:00 - 29/11/2025 08:00:00","CTA|IE","348.90","n/e"," ","882.39"
"29/11/2025 08:00:00 - 29/11/2025 09:00:00","CTA|IE","418.96","n/e"," ","870.98"
"29/11/2025 09:00:00 - 29/11/2025 10:00:00","CTA|IE","505.12","n/e"," ","1058.69"
"29/11/2025 10:00:00 - 29/11/2025 11:00:00","CTA|IE","587.33","n/e"," ","1365.62"
"29/11/2025 11:00:00 - 29/11/2025 12:00:00","CTA|IE","652.68","n/e"," ","1486.33"
"29/11/2025 12:00:00 - 29/11/2025 13:00:00","CTA|IE","695.93","n/e"," ","1519.93"
"29/11/2025 13:00:00 - 29/11/2025 14:00:00","CTA|IE","771.27","n/e"," ","1432.54"
"29/11/2025 14:00:00 - 29/11/2025 15:00:00","CTA|IE","865.91","n/e"," ","1449.28"
"29/11/2025 15:00:00 - 29/11/2025 16:00:00","CTA|IE","935.46","n/e"," ","1583.32"
"29/11/2025 16:00:00 - 29/11/2025 17:00:00","CTA|IE","954.20","n/e"," ","1494.30"
"29/11/2025 17:00:00 - 29/11/2025 18:00:00","CTA|IE","905.31","n/e"," ","1461.56"
"29/11/2025 18:00:00 - 29/11/2025 19:00:00","CTA|IE","848.56","n/e"," ","1295.25"
"29/11/2025 19:00:00 - 29/11/2025 20:00:00","CTA|IE","841.09","n/e"," ","1162.35"
"29/11/2025 20:00:00 - 29/11/2025 21:00:00","CTA|IE","850.24","n/e"," ","1051.53"
"29/11/2025 21:00:00 - 29/11/2025 22:00:00","CTA|IE","854.80","n/e"," ","883.10"
"29/11/2025 22:00:00 - 29/11/2025 23:00:00","CTA|IE","858.48","n/e"," ","661.51"
"29/11/2025 23:00:00 - 30/11/2025 00:00:00","CTA|IE","851.67","n/e"," ","591.40"
"30/11/2025 00:00:00 - 30/11/2025 01:00:00","CTA|IE","819.39","n/e"," ","567.09"
"30/11/2025 01:00:00 - 30/11/2025 02:00:00","CTA|IE","619.74","n/e"," ","506.66"
"30/11/2025 02:00:00 - 30/11/2025 03:00:00","CTA|IE","674.78","n/e"," ","467.27"
"30/11/2025 03:00:00 - 30/11/2025 04:00:00","CTA|IE","606.51","n/e"," ","592.29"
"30/11/2025 04:00:00 - 30/11/2025 05:00:00","CTA|IE","471.29","n/e"," ","627.80"
"30/11/2025 05:00:00 - 30/11/2025 06:00:00","CTA|IE","332.20","n/e"," ","646.13"
"30/11/2025 06:00:00 - 30/11/2025 07:00:00","CTA|IE","277.00","n/e"," ","480.73"
"30/11/2025 07:00:00 - 30/11/2025 08:00:00","CTA|IE","270.38","n/e"," ","357.10"
"30/11/2025 08:00:00 - 30/11/2025 09:00:00","CTA|IE","248.75","n/e"," ","276.05"
"30/11/2025 09:00:00 - 30/11/2025 10:00:00","CTA|IE","299.20","n/e"," ","245.92"
"30/11/2025 10:00:00 - 30/11/2025 11:00:00","CTA|IE","473.70","n/e"," ","362.88"
"30/11/2025 11:00:00 - 30/11/2025 12:00:00","CTA|IE","773.69","n/e"," ","639.79"
"30/11/2025 12:00:00 - 30/11/2025 13:00:00","CTA|IE","1099.00","n/e"," ","1014.00"
"30/11/2025 13:00:00 - 30/11/2025 14:00:00","CTA|IE","1455.62","n/e"," ","1378.75"
"30/11/2025 14:00:00 - 30/11/2025 15:00:00","CTA|IE","1876.36","n/e"," ","1710.96"
"30/11/2025 15:00:00 - 30/11/2025 16:00:00","CTA|IE","2299.45","n/e"," ","2499.53"
"30/11/2025 16:00:00 - 30/11/2025 17:00:00","CTA|IE","2736.04","n/e"," ","3020.80"
"30/11/2025 17:00:00 - 30/11/2025 18:00:00","CTA|IE","3196.86","n/e"," ","3211.50"
"30/11/2025 18:00:00 - 30/11/2025 19:00:00","CTA|IE","3609.46","n/e"," ","3368.60"
"30/11/2025 19:00:00 - 30/11/2025 20:00:00","CTA|IE","3962.92","n/e"," ","3349.90"
"30/11/2025 20:00:00 - 30/11/2025 21:00:00","CTA|IE","4215.39","n/e"," ","3273.29"
"30/11/2025 21:00:00 - 30/11/2025 22:00:00","CTA|IE","4347.30","n/e"," ","3114.30"
"30/11/2025 22:00:00 - 30/11/2025 23:00:00","CTA|IE","4366.43","n/e"," ","2706.94"
"30/11/2025 23:00:00 - 01/12/2025 00:00:00","CTA|IE","4283.57","n/e"," ","2358.83"
"01/12/2025 00:00:00 - 01/12/2025 01:00:00","CTA|IE","4107.52","n/e"," ","2305.05"
"01/12/2025 01:00:00 - 01/12/2025 02:00:00","CTA|IE","3471.39","n/e"," ","1812.51"
"01/12/2025 02:00:00 - 01/12/2025 03:00:00","CTA|IE","3313.22","n/e"," ","1488.87"
"01/12/2025 03:00:00 - 01/12/2025 04:00:00","CTA|IE","3039.71","n/e"," ","1378.27"
"01/12/2025 04:00:00 - 01/12/2025 05:00:00","CTA|IE","2824.40","n/e"," ","1129.61"
"01/12/2025 05:00:00 - 01/12/2025 06:00:00","CTA|IE","2571.93","n/e"," ","759.41"
"01/12/2025 06:00:00 - 01/12/2025 07:00:00","CTA|IE","2290.89","n/e"," ","476.30"
"01/12/2025 07:00:00 - 01/12/2025 08:00:00","CTA|IE","1987.16","n/e"," ","400.18"
"01/12/2025 08:00:00 - 01/12/2025 09:00:00","CTA|IE","1803.17","n/e"," ","390.57"
"01/12/2025 09:00:00 - 01/12/2025 10:00:00","CTA|IE","1699.80","n/e"," ","407.47"
"01/12/2025 10:00:00 - 01/12/2025 11:00:00","CTA|IE","1506.11","n/e"," ","432.73"
"01/12/2025 11:00:00 - 01/12/2025 12:00:00","CTA|IE","1294.92","n/e"," ","380.92"
"01/12/2025 12:00:00 - 01/12/2025 13:00:00","CTA|IE","1108.08","n/e"," ","319.44"
"01/12/2025 13:00:00 - 01/12/2025 14:00:00","CTA|IE","955.99","n/e"," ","289.07"
"01/12/2025 14:00:00 - 01/12/2025 15:00:00","CTA|IE","888.76","n/e"," ","802.12"
"01/12/2025 15:00:00 - 01/12/2025 16:00:00","CTA|IE","830.42","n/e"," ","1125.79"
"01/12/2025 16:00:00 - 01/12/2025 17:00:00","CTA|IE","765.20","n/e"," ","1213.22"
"01/12/2025 17:00:00 - 01/12/2025 18:00:00","CTA|IE","715.01","n/e"," ","1443.97"
"01/12/2025 18:00:00 - 01/12/2025 19:00:00","CTA|IE","714.07","n/e"," ","1333.72"
"01/12/2025 19:00:00 - 01/12/2025 20:00:00","CTA|IE","743.10","n/e"," ","1596.30"
"01/12/2025 20:00:00 - 01/12/2025 21:00:00","CTA|IE","770.33","n/e"," ","1874.41"
"01/12/2025 21:00:00 - 01/12/2025 22:00:00","CTA|IE","793.48","n/e"," ","1889.04"
"01/12/2025 22:00:00 - 01/12/2025 23:00:00","CTA|IE","816.53","n/e"," ","1969.12"
"01/12/2025 23:00:00 - 02/12/2025 00:00:00","CTA|IE","849.49","n/e"," ","2088.56"
"02/12/2025 00:00:00 - 02/12/2025 01:00:00","CTA|IE","890.20","n/e"," ","2057.15"
"02/12/2025 01:00:00 - 02/12/2025 02:00:00","CTA|IE","2405.30","n/e"," ","1955.47"
"02/12/2025 02:00:00 - 02/12/2025 03:00:00","CTA|IE","2416.02","n/e"," ","1793.95"
"02/12/2025 03:00:00 - 02/12/2025 04:00:00","CTA|IE","2426.64","n/e"," ","1863.74"
"02/12/2025 04:00:00 - 02/12/2025 05:00:00","CTA|IE","2399.48","n/e"," ","1860.33"
"02/12/2025 05:00:00 - 02/12/2025 06:00:00","CTA|IE","2342.60","n/e"," ","1775.59"
"02/12/2025 06:00:00 - 02/12/2025 07:00:00","CTA|IE","2253.18","n/e"," ","2000.20"
"02/12/2025 07:00:00 - 02/12/2025 08:00:00","CTA|IE","2199.71","n/e"," ","2176.29"
"02/12/2025 08:00:00 - 02/12/2025 09:00:00","CTA|IE","2246.99","n/e"," ","2240.38"
"02/12/2025 09:00:00 - 02/12/2025 10:00:00","CTA|IE","2295.84","n/e"," ","2330.17"
"02/12/2025 10:00:00 - 02/12/2025 11:00:00","CTA|IE","2328.32","n/e"," ","2060.00"
"02/12/2025 11:00:00 - 02/12/2025 12:00:00","CTA|IE","2361.62","n/e"," ","1772.37"
"02/12/2025 12:00:00 - 02/12/2025 13:00:00","CTA|IE","2390.99","n/e"," ","1623.88"
"02/12/2025 13:00:00 - 02/12/2025 14:00:00","CTA|IE","2485.68","n/e"," ","1494.99"
"02/12/2025 14:00:00 - 02/12/2025 15:00:00","CTA|IE","2648.58","n/e"," ","1341.89"
"02/12/2025 15:00:00 - 02/12/2025 16:00:00","CTA|IE","2747.84","n/e"," ","1308.02"
"02/12/2025 16:00:00 - 02/12/2025 17:00:00","CTA|IE","2665.88","n/e"," ","1217.74"
"02/12/2025 17:00:00 - 02/12/2025 18:00:00","CTA|IE","2431.36","n/e"," ","1236.98"
"02/12/2025 18:00:00 - 02/12/2025 19:00:00","CTA|IE","2207.53","n/e"," ","1216.58"
"02/12/2025 19:00:00 - 02/12/2025 20:00:00","CTA|IE","2090.14","n/e"," ","1258.36"
"02/12/2025 20:00:00 - 02/12/2025 21:00:00","CTA|IE","2028.63","n/e"," ","1271.91"
"02/12/2025 21:00:00 - 02/12/2025 22:00:00","CTA|IE","1988.50","n/e"," ","1496.87"
"02/12/2025 22:00:00 - 02/12/2025 23:00:00","CTA|IE","1963.15","n/e"," ","1610.30"
"02/12/2025 23:00:00 - 03/12/2025 00:00:00","CTA|IE","1967.85","n/e"," ","1745.63"
"03/12/2025 00:00:00 - 03/12/2025 01:00:00","CTA|IE","1962.98","n/e"," ","1592.07"
"03/12/2025 01:00:00 - 03/12/2025 02:00:00","CTA|IE","2140.62","n/e"," ","1567.74"
"03/12/2025 02:00:00 - 03/12/2025 03:00:00","CTA|IE","2040.66","n/e"," ","1405.16"
"03/12/2025 03:00:00 - 03/12/2025 04:00:00","CTA|IE","1902.57","n/e"," ","1353.94"
"03/12/2025 04:00:00 - 03/12/2025 05:00:00","CTA|IE","1885.32","n/e"," ","1240.01"
"03/12/2025 05:00:00 - 03/12/2025 06:00:00","CTA|IE","1844.02","n/e"," ","1176.73"
"03/12/2025 06:00:00 - 03/12/2025 07:00:00","CTA|IE","1757.43","n/e"," ","1143.35"
"03/12/2025 07:00:00 - 03/12/2025 08:00:00","CTA|IE","1692.55","n/e"," ","1226.85"
"03/12/2025 08:00:00 - 03/12/2025 09:00:00","CTA|IE","1587.25","n/e"," ","1280.24"
"03/12/2025 09:00:00 - 03/12/2025 10:00:00","CTA|IE","1528.09","n/e"," ","1212.71"
"03/12/2025 10:00:00 - 03/12/2025 11:00:00","CTA|IE","1487.99","n/e"," ","1175.29"
"03/12/2025 11:00:00 - 03/12/2025 12:00:00","CTA|IE","1494.26","n/e"," ","1088.31"
"03/12/2025 12:00:00 - 03/12/2025 13:00:00","CTA|IE","1510.61","n/e"," ","965.48"
"03/12/2025 13:00:00 - 03/12/2025 14:00:00","CTA|IE","1584.07","n/e"," ","1067.49"
"03/12/2025 14:00:00 - 03/12/2025 15:00:00","CTA|IE","1709.89","n/e"," ","1279.63"
"03/12/2025 15:00:00 - 03/12/2025 16:00:00","CTA|IE","1875.51","n/e"," ","1504.52"
"03/12/2025 16:00:00 - 03/12/2025 17:00:00","CTA|IE","2115.01","n/e"," ","1699.62"
"03/12/2025 17:00:00 - 03/12/2025 18:00:00","CTA|IE","2389.47","n/e"," ","2014.66"
"03/12/2025 18:00:00 - 03/12/2025 19:00:00","CTA|IE","2604.47","n/e"," ","2300.68"
"03/12/2025 19:00:00 - 03/12/2025 20:00:00","CTA|IE","2759.54","n/e"," ","2591.55"
"03/12/2025 20:00:00 - 03/12/2025 21:00:00","CTA|IE","2900.55","n/e"," ","2512.25"
"03/12/2025 21:00:00 - 03/12/2025 22:00:00","CTA|IE","2773.83","n/e"," ","2010.91"
"03/12/2025 22:00:00 - 03/12/2025 23:00:00","CTA|IE","2573.44","n/e"," ","1821.14"
"03/12/2025 23:00:00 - 04/12/2025 00:00:00","CTA|IE","2418.01","n/e"," ","1718.89"
"04/12/2025 00:00:00 - 04/12/2025 01:00:00","CTA|IE","2228.32","n/e"," ","1543.42"
"04/12/2025 01:00:00 - 04/12/2025 02:00:00","CTA|IE","2693.87","n/e"," ","1285.07"
"04/12/2025 02:00:00 - 04/12/2025 03:00:00","CTA|IE","2523.56","n/e"," ","1195.90"
"04/12/2025 03:00:00 - 04/12/2025 04:00:00","CTA|IE","2486.12","n/e"," ","1167.36"
"04/12/2025 04:00:00 - 04/12/2025 05:00:00","CTA|IE","2380.74","n/e"," ","1034.21"
"04/12/2025 05:00:00 - 04/12/2025 06:00:00","CTA|IE","2192.22","n/e"," ","1001.62"
"04/12/2025 06:00:00 - 04/12/2025 07:00:00","CTA|IE","2042.19","n/e"," ","1047.12"
"04/12/2025 07:00:00 - 04/12/2025 08:00:00","CTA|IE","1946.54","n/e"," ","950.63"
"04/12/2025 08:00:00 - 04/12/2025 09:00:00","CTA|IE","1865.28","n/e"," ","844.82"
"04/12/2025 09:00:00 - 04/12/2025 10:00:00","CTA|IE","1801.69","n/e"," ","842.42"
"04/12/2025 10:00:00 - 04/12/2025 11:00:00","CTA|IE","1742.69","n/e"," ","823.91"
"04/12/2025 11:00:00 - 04/12/2025 12:00:00","CTA|IE","1735.89","n/e"," ","803.32"
"04/12/2025 12:00:00 - 04/12/2025 13:00:00","CTA|IE","1745.02","n/e"," ","719.59"
"04/12/2025 13:00:00 - 04/12/2025 14:00:00","CTA|IE","1784.22","n/e"," ","894.72"
"04/12/2025 14:00:00 - 04/12/2025 15:00:00","CTA|IE","1851.32","n/e"," ","1063.97"
"04/12/2025 15:00:00 - 04/12/2025 16:00:00","CTA|IE","1896.84","n/e"," ","1076.09"
"04/12/2025 16:00:00 - 04/12/2025 17:00:00","CTA|IE","1930.20","n/e"," ","1152.29"
"04/12/2025 17:00:00 - 04/12/2025 18:00:00","CTA|IE","1950.63","n/e"," ","1314.83"
"04/12/2025 18:00:00 - 04/12/2025 19:00:00","CTA|IE","2024.98","n/e"," ","1485.20"
"04/12/2025 19:00:00 - 04/12/2025 20:00:00","CTA|IE","2128.14","n/e"," ","1359.24"
"04/12/2025 20:00:00 - 04/12/2025 21:00:00","CTA|IE","2198.02","n/e"," ","1475.12"
"04/12/2025 21:00:00 - 04/12/2025 22:00:00","CTA|IE","2217.56","n/e"," ","1574.24"
"04/12/2025 22:00:00 - 04/12/2025 23:00:00","CTA|IE","2188.71","n/e"," ","1575.37"
"04/12/2025 23:00:00 - 05/12/2025 00:00:00","CTA|IE","2110.14","n/e"," ","1514.26"
"05/12/2025 00:00:00 - 05/12/2025 01:00:00","CTA|IE","1978.98","n/e"," ","1393.04"
"05/12/2025 01:00:00 - 05/12/2025 02:00:00","CTA|IE","1211.16","n/e"," ","1432.07"
"05/12/2025 02:00:00 - 05/12/2025 03:00:00","CTA|IE","1244.28","n/e"," ","1418.57"
"05/12/2025 03:00:00 - 05/12/2025 04:00:00","CTA|IE","1461.06","n/e"," ","1678.00"
"05/12/2025 04:00:00 - 05/12/2025 05:00:00","CTA|IE","1816.92","n/e"," ","1882.59"
"05/12/2025 05:00:00 - 05/12/2025 06:00:00","CTA|IE","2093.53","n/e"," ","2194.21"
"05/12/2025 06:00:00 - 05/12/2025 07:00:00","CTA|IE","2433.44","n/e"," ","2521.11"
"05/12/2025 07:00:00 - 05/12/2025 08:00:00","CTA|IE","2881.24","n/e"," ","3156.96"
"05/12/2025 08:00:00 - 05/12/2025 09:00:00","CTA|IE","3413.76","n/e"," ","3478.72"
"05/12/2025 09:00:00 - 05/12/2025 10:00:00","CTA|IE","3853.44","n/e"," ","3684.57"
"05/12/2025 10:00:00 - 05/12/2025 11:00:00","CTA|IE","4168.28","n/e"," ","3764.76"
"05/12/2025 11:00:00 - 05/12/2025 12:00:00","CTA|IE","4288.94","n/e"," ","3549.80"
"05/12/2025 12:00:00 - 05/12/2025 13:00:00","CTA|IE","4258.49","n/e"," ","3067.74"
"05/12/2025 13:00:00 - 05/12/2025 14:00:00","CTA|IE","4195.56","n/e"," ","3136.03"
"05/12/2025 14:00:00 - 05/12/2025 15:00:00","CTA|IE","4075.61","n/e"," ","3195.18"
"05/12/2025 15:00:00 - 05/12/2025 16:00:00","CTA|IE","3904.11","n/e"," ","3190.65"
"05/12/2025 16:00:00 - 05/12/2025 17:00:00","CTA|IE","3734.06","n/e"," ","3014.86"
"05/12/2025 17:00:00 - 05/12/2025 18:00:00","CTA|IE","3615.01","n/e"," ","2903.83"
"05/12/2025 18:00:00 - 05/12/2025 19:00:00","CTA|IE","3595.89","n/e"," ","2746.55"
"05/12/2025 19:00:00 - 05/12/2025 20:00:00","CTA|IE","3662.35","n/e"," ","2858.09"
"05/12/2025 20:00:00 - 05/12/2025 21:00:00","CTA|IE","3785.16","n/e"," ","2803.36"
"05/12/2025 21:00:00 - 05/12/2025 22:00:00","CTA|IE","3892.16","n/e"," ","2586.05"
"05/12/2025 22:00:00 - 05/12/2025 23:00:00","CTA|IE","3957.70","n/e"," ","2304.85"
"05/12/2025 23:00:00 - 06/12/2025 00:00:00","CTA|IE","3988.99","n/e"," ","2131.16"
"06/12/2025 00:00:00 - 06/12/2025 01:00:00","CTA|IE","4003.65","n/e"," ","1997.82"
"06/12/2025 01:00:00 - 06/12/2025 02:00:00","CTA|IE","3172.13","n/e"," ","2012.94"
"06/12/2025 02:00:00 - 06/12/2025 03:00:00","CTA|IE","3200.69","n/e"," ","2211.81"
"06/12/2025 03:00:00 - 06/12/2025 04:00:00","CTA|IE","3264.21","n/e"," ","2290.02"
"06/12/2025 04:00:00 - 06/12/2025 05:00:00","CTA|IE","3239.74","n/e"," ","2201.12"
"06/12/2025 05:00:00 - 06/12/2025 06:00:00","CTA|IE","3232.28","n/e"," ","2228.51"
"06/12/2025 06:00:00 - 06/12/2025 07:00:00","CTA|IE","3225.37","n/e"," ","2309.55"
"06/12/2025 07:00:00 - 06/12/2025 08:00:00","CTA|IE","3251.37","n/e"," ","2472.16"
"06/12/2025 08:00:00 - 06/12/2025 09:00:00","CTA|IE","3304.49","n/e"," ","2670.40"
"06/12/2025 09:00:00 - 06/12/2025 10:00:00","CTA|IE","3390.18","n/e"," ","2718.88"
"06/12/2025 10:00:00 - 06/12/2025 11:00:00","CTA|IE","3511.01","n/e"," ","2965.15"
"06/12/2025 11:00:00 - 06/12/2025 12:00:00","CTA|IE","3653.92","n/e"," ","3036.22"
"06/12/2025 12:00:00 - 06/12/2025 13:00:00","CTA|IE","3783.60","n/e"," ","3146.61"
"06/12/2025 13:00:00 - 06/12/2025 14:00:00","CTA|IE","3886.66","n/e"," ","3150.34"
"06/12/2025 14:00:00 - 06/12/2025 15:00:00","CTA|IE","3961.62","n/e"," ","3307.19"
"06/12/2025 15:00:00 - 06/12/2025 16:00:00","CTA|IE","3990.52","n/e"," ","3282.23"
"06/12/2025 16:00:00 - 06/12/2025 17:00:00","CTA|IE","3971.03","n/e"," ","3171.34"
"06/12/2025 17:00:00 - 06/12/2025 18:00:00","CTA|IE","3875.36","n/e"," ","2854.22"
"06/12/2025 18:00:00 - 06/12/2025 19:00:00","CTA|IE","3709.78","n/e"," ","2443.65"
"06/12/2025 19:00:00 - 06/12/2025 20:00:00","CTA|IE","3505.63","n/e"," ","2019.31"
"06/12/2025 20:00:00 - 06/12/2025 21:00:00","CTA|IE","3203.06","n/e"," ","1745.62"
"06/12/2025 21:00:00 - 06/12/2025 22:00:00","CTA|IE","2820.05","n/e"," ","1403.95"
"06/12/2025 22:00:00 - 06/12/2025 23:00:00","CTA|IE","2418.05","n/e"," ","1269.39"
"06/12/2025 23:00:00 - 07/12/2025 00:00:00","CTA|IE","2049.35","n/e"," ","1103.82"
"07/12/2025 00:00:00 - 07/12/2025 01:00:00","CTA|IE","1707.95","n/e"," ","1023.30"
"07/12/2025 01:00:00 - 07/12/2025 02:00:00","CTA|IE","1302.00","n/e"," ","1240.98"
"07/12/2025 02:00:00 - 07/12/2025 03:00:00","CTA|IE","1361.53","n/e"," ","1461.14"
"07/12/2025 03:00:00 - 07/12/2025 04:00:00","CTA|IE","1501.04","n/e"," ","1356.20"
"07/12/2025 04:00:00 - 07/12/2025 05:00:00","CTA|IE","1651.31","n/e"," ","1203.81"
"07/12/2025 05:00:00 - 07/12/2025 06:00:00","CTA|IE","1752.30","n/e"," ","1084.80"
"07/12/2025 06:00:00 - 07/12/2025 07:00:00","CTA|IE","1834.68","n/e"," ","1011.11"
"07/12/2025 07:00:00 - 07/12/2025 08:00:00","CTA|IE","1869.08","n/e"," ","946.24"
"07/12/2025 08:00:00 - 07/12/2025 09:00:00","CTA|IE","1836.79","n/e"," ","1040.41"
"07/12/2025 09:00:00 - 07/12/2025 10:00:00","CTA|IE","1781.90","n/e"," ","1008.38"
"07/12/2025 10:00:00 - 07/12/2025 11:00:00","CTA|IE","1718.24","n/e"," ","868.32"
"07/12/2025 11:00:00 - 07/12/2025 12:00:00","CTA|IE","1668.56","n/e"," ","812.11"
"07/12/2025 12:00:00 - 07/12/2025 13:00:00","CTA|IE","1668.92","n/e"," ","871.18"
"07/12/2025 13:00:00 - 07/12/2025 14:00:00","CTA|IE","1675.33","n/e"," ","1347.28"
"07/12/2025 14:00:00 - 07/12/2025 15:00:00","CTA|IE","1665.55","n/e"," ","1647.99"
"07/12/2025 15:00:00 - 07/12/2025 16:00:00","CTA|IE","1607.35","n/e"," ","1821.04"
"07/12/2025 16:00:00 - 07/12/2025 17:00:00","CTA|IE","1507.12","n/e"," ","1915.36"
"07/12/2025 17:00:00 - 07/12/2025 18:00:00","CTA|IE","1399.74","n/e"," ","2054.84"
"07/12/2025 18:00:00 - 07/12/2025 19:00:00","CTA|IE","1393.46","n/e"," ","2044.08"
"07/12/2025 19:00:00 - 07/12/2025 20:00:00","CTA|IE","1546.60","n/e"," ","2010.52"
"07/12/2025 20:00:00 - 07/12/2025 21:00:00","CTA|IE","1775.21","n/e"," ","1944.17"
"07/12/2025 21:00:00 - 07/12/2025 22:00:00","CTA|IE","1980.37","n/e"," ","2141.66"
"07/12/2025 22:00:00 - 07/12/2025 23:00:00","CTA|IE","2183.73","n/e"," ","2319.57"
"07/12/2025 23:00:00 - 08/12/2025 00:00:00","CTA|IE","2413.50","n/e"," ","2185.08"
"08/12/2025 00:00:00 - 08/12/2025 01:00:00","CTA|IE","2666.86","n/e"," ","2167.90"
"08/12/2025 01:00:00 - 08/12/2025 02:00:00","CTA|IE","3457.35","n/e"," ","2335.57"
"08/12/2025 02:00:00 - 08/12/2025 03:00:00","CTA|IE","3494.93","n/e"," ","2361.62"
"08/12/2025 03:00:00 - 08/12/2025 04:00:00","CTA|IE","3401.39","n/e"," ","2271.85"
"08/12/2025 04:00:00 - 08/12/2025 05:00:00","CTA|IE","3152.01","n/e"," ","2283.98"
"08/12/2025 05:00:00 - 08/12/2025 06:00:00","CTA|IE","2917.05","n/e"," ","2440.82"
"08/12/2025 06:00:00 - 08/12/2025 07:00:00","CTA|IE","2791.81","n/e"," ","2490.77"
"08/12/2025 07:00:00 - 08/12/2025 08:00:00","CTA|IE","2773.54","n/e"," ","2640.48"
"08/12/2025 08:00:00 - 08/12/2025 09:00:00","CTA|IE","2835.93","n/e"," ","2783.30"
"08/12/2025 09:00:00 - 08/12/2025 10:00:00","CTA|IE","2907.38","n/e"," ","2801.36"
"08/12/2025 10:00:00 - 08/12/2025 11:00:00","CTA|IE","2958.21","n/e"," ","2772.97"
"08/12/2025 11:00:00 - 08/12/2025 12:00:00","CTA|IE","3003.61","n/e"," ","2553.31"
"08/12/2025 12:00:00 - 08/12/2025 13:00:00","CTA|IE","3033.09","n/e"," ","2402.20"
"08/12/2025 13:00:00 - 08/12/2025 14:00:00","CTA|IE","3041.74","n/e"," ","2473.74"
"08/12/2025 14:00:00 - 08/12/2025 15:00:00","CTA|IE","3001.91","n/e"," ","2406.64"
"08/12/2025 15:00:00 - 08/12/2025 16:00:00","CTA|IE","2865.49","n/e"," ","2284.60"
"08/12/2025 16:00:00 - 08/12/2025 17:00:00","CTA|IE","2680.05","n/e"," ","2082.58"
"08/12/2025 17:00:00 - 08/12/2025 18:00:00","CTA|IE","2541.32","n/e"," ","1956.39"
"08/12/2025 18:00:00 - 08/12/2025 19:00:00","CTA|IE","2471.02","n/e"," ","1902.85"
"08/12/2025 19:00:00 - 08/12/2025 20:00:00","CTA|IE","2474.86","n/e"," ","1727.25"
"08/12/2025 20:00:00 - 08/12/2025 21:00:00","CTA|IE","2510.85","n/e"," ","1432.50"
"08/12/2025 21:00:00 - 08/12/2025 22:00:00","CTA|IE","2556.15","n/e"," ","1595.32"
"08/12/2025 22:00:00 - 08/12/2025 23:00:00","CTA|IE","2587.95","n/e"," ","1920.07"
"08/12/2025 23:00:00 - 09/12/2025 00:00:00","CTA|IE","2615.31","n/e"," ","2169.59"
"09/12/2025 00:00:00 - 09/12/2025 01:00:00","CTA|IE","2661.34","n/e"," ","2221.68"
"09/12/2025 01:00:00 - 09/12/2025 02:00:00","CTA|IE","2121.48","n/e"," ","2336.06"
"09/12/2025 02:00:00 - 09/12/2025 03:00:00","CTA|IE","2461.76","n/e"," ","2712.94"
"09/12/2025 03:00:00 - 09/12/2025 04:00:00","CTA|IE","3097.39","n/e"," ","2840.76"
"09/12/2025 04:00:00 - 09/12/2025 05:00:00","CTA|IE","3533.59","n/e"," ","2734.66"
"09/12/2025 05:00:00 - 09/12/2025 06:00:00","CTA|IE","3823.15","n/e"," ","2648.88"
"09/12/2025 06:00:00 - 09/12/2025 07:00:00","CTA|IE","4071.80","n/e"," ","2715.01"
"09/12/2025 07:00:00 - 09/12/2025 08:00:00","CTA|IE","4228.21","n/e"," ","2934.21"
"09/12/2025 08:00:00 - 09/12/2025 09:00:00","CTA|IE","4325.26","n/e"," ","3241.18"
"09/12/2025 09:00:00 - 09/12/2025 10:00:00","CTA|IE","4377.10","n/e"," ","3351.32"
"09/12/2025 10:00:00 - 09/12/2025 11:00:00","CTA|IE","4426.43","n/e"," ","3422.39"
"09/12/2025 11:00:00 - 09/12/2025 12:00:00","CTA|IE","4476.27","n/e"," ","3268.79"
"09/12/2025 12:00:00 - 09/12/2025 13:00:00","CTA|IE","4499.81","n/e"," ","3222.49"
"09/12/2025 13:00:00 - 09/12/2025 14:00:00","CTA|IE","4463.31","n/e"," ","3094.50"
"09/12/2025 14:00:00 - 09/12/2025 15:00:00","CTA|IE","4373.18","n/e"," ","2842.13"
"09/12/2025 15:00:00 - 09/12/2025 16:00:00","CTA|IE","4243.03","n/e"," ","2737.98"
"09/12/2025 16:00:00 - 09/12/2025 17:00:00","CTA|IE","4099.38","n/e"," ","2913.82"
"09/12/2025 17:00:00 - 09/12/2025 18:00:00","CTA|IE","3986.64","n/e"," ","3195.01"
"09/12/2025 18:00:00 - 09/12/2025 19:00:00","CTA|IE","3811.18","n/e"," ","3333.97"
"09/12/2025 19:00:00 - 09/12/2025 20:00:00","CTA|IE","3619.26","n/e"," ","3280.25"
"09/12/2025 20:00:00 - 09/12/2025 21:00:00","CTA|IE","3429.72","n/e"," ","3200.83"
"09/12/2025 21:00:00 - 09/12/2025 22:00:00","CTA|IE","3279.49","n/e"," ","3047.79"
"09/12/2025 22:00:00 - 09/12/2025 23:00:00","CTA|IE","3198.27","n/e"," ","3018.94"
"09/12/2025 23:00:00 - 10/12/2025 00:00:00","CTA|IE","3133.81","n/e"," ","2980.38"
"10/12/2025 00:00:00 - 10/12/2025 01:00:00","CTA|IE","3062.33","n/e"," ","2987.66"
"10/12/2025 01:00:00 - 10/12/2025 02:00:00","CTA|IE","3326.79","n/e"," ","2852.17"
"10/12/2025 02:00:00 - 10/12/2025 03:00:00","CTA|IE","3334.98","n/e"," ","2723.90"
"10/12/2025 03:00:00 - 10/12/2025 04:00:00","CTA|IE","3398.32","n/e"," ","2659.57"
"10/12/2025 04:00:00 - 10/12/2025 05:00:00","CTA|IE","3326.18","n/e"," ","2698.39"
"10/12/2025 05:00:00 - 10/12/2025 06:00:00","CTA|IE","3297.77","n/e"," ","2741.72"
"10/12/2025 06:00:00 - 10/12/2025 07:00:00","CTA|IE","3245.18","n/e"," ","2861.81"
"10/12/2025 07:00:00 - 10/12/2025 08:00:00","CTA|IE","3181.14","n/e"," ","2999.65"
"10/12/2025 08:00:00 - 10/12/2025 09:00:00","CTA|IE","3137.17","n/e"," ","3105.96"
"10/12/2025 09:00:00 - 10/12/2025 10:00:00","CTA|IE","3072.00","n/e"," ","3126.59"
"10/12/2025 10:00:00 - 10/12/2025 11:00:00","CTA|IE","2997.54","n/e"," ","3062.74"
"10/12/2025 11:00:00 - 10/12/2025 12:00:00","CTA|IE","2903.22","n/e"," ","2933.34"
"10/12/2025 12:00:00 - 10/12/2025 13:00:00","CTA|IE","2819.01","n/e"," ","2853.62"
"10/12/2025 13:00:00 - 10/12/2025 14:00:00","CTA|IE","2770.44","n/e"," ","2680.40"
"10/12/2025 14:00:00 - 10/12/2025 15:00:00","CTA|IE","2711.29","n/e"," ","2731.96"
"10/12/2025 15:00:00 - 10/12/2025 16:00:00","CTA|IE","2633.28","n/e"," ","2842.35"
"10/12/2025 16:00:00 - 10/12/2025 17:00:00","CTA|IE","2619.92","n/e"," ","3003.74"
"10/12/2025 17:00:00 - 10/12/2025 18:00:00","CTA|IE","2692.23","n/e"," ","3139.44"
"10/12/2025 18:00:00 - 10/12/2025 19:00:00","CTA|IE","2791.71","n/e"," ","3226.18"
"10/12/2025 19:00:00 - 10/12/2025 20:00:00","CTA|IE","2887.75","n/e"," ","3248.61"
"10/12/2025 20:00:00 - 10/12/2025 21:00:00","CTA|IE","2969.93","n/e"," ","3238.89"
"10/12/2025 21:00:00 - 10/12/2025 22:00:00","CTA|IE","3073.68","n/e"," ","3257.40"
"10/12/2025 22:00:00 - 10/12/2025 23:00:00","CTA|IE","3162.77","n/e"," ","3343.89"
"10/12/2025 23:00:00 - 11/12/2025 00:00:00","CTA|IE","3216.35","n/e"," ","3330.65"
"11/12/2025 00:00:00 - 11/12/2025 01:00:00","CTA|IE","3248.04","n/e"," ","3340.47"
"11/12/2025 01:00:00 - 11/12/2025 02:00:00","CTA|IE","3975.34","n/e"," ","3401.38"
"11/12/2025 02:00:00 - 11/12/2025 03:00:00","CTA|IE","4154.04","n/e"," ","3228.75"
"11/12/2025 03:00:00 - 11/12/2025 04:00:00","CTA|IE","4242.93","n/e"," ","3227.08"
"11/12/2025 04:00:00 - 11/12/2025 05:00:00","CTA|IE","4321.68","n/e"," ","3146.08"
"11/12/2025 05:00:00 - 11/12/2025 06:00:00","CTA|IE","4366.46","n/e"," ","3073.50"
"11/12/2025 06:00:00 - 11/12/2025 07:00:00","CTA|IE","4424.60","n/e"," ","3020.17"
"11/12/2025 07:00:00 - 11/12/2025 08:00:00","CTA|IE","4478.98","n/e"," ","3159.46"
"11/12/2025 08:00:00 - 11/12/2025 09:00:00","CTA|IE","4500.35","n/e"," ","3537.97"
"11/12/2025 09:00:00 - 11/12/2025 10:00:00","CTA|IE","4508.46","n/e"," ","3338.12"
"11/12/2025 10:00:00 - 11/12/2025 11:00:00","CTA|IE","4493.42","n/e"," ","2843.71"
"11/12/2025 11:00:00 - 11/12/2025 12:00:00","CTA|IE","4387.38","n/e"," ","2238.31"
"11/12/2025 12:00:00 - 11/12/2025 13:00:00","CTA|IE","4081.52","n/e"," ","1766.15"
"11/12/2025 13:00:00 - 11/12/2025 14:00:00","CTA|IE","3566.77","n/e"," ","1094.23"
"11/12/2025 14:00:00 - 11/12/2025 15:00:00","CTA|IE","2924.20","n/e"," ","851.85"
"11/12/2025 15:00:00 - 11/12/2025 16:00:00","CTA|IE","2282.97","n/e"," ","780.59"
"11/12/2025 16:00:00 - 11/12/2025 17:00:00","CTA|IE","1710.84","n/e"," ","590.91"
"11/12/2025 17:00:00 - 11/12/2025 18:00:00","CTA|IE","1259.79","n/e"," ","495.02"
"11/12/2025 18:00:00 - 11/12/2025 19:00:00","CTA|IE","962.05","n/e"," ","543.26"
"11/12/2025 19:00:00 - 11/12/2025 20:00:00","CTA|IE","772.71","n/e"," ","584.55"
"11/12/2025 20:00:00 - 11/12/2025 21:00:00","CTA|IE","661.42","n/e"," ","702.04"
"11/12/2025 21:00:00 - 11/12/2025 22:00:00","CTA|IE","614.43","n/e"," ","871.85"
"11/12/2025 22:00:00 - 11/12/2025 23:00:00","CTA|IE","606.18","n/e"," ","964.92"
"11/12/2025 23:00:00 - 12/12/2025 00:00:00","CTA|IE","635.89","n/e"," ","1047.32"
"12/12/2025 00:00:00 - 12/12/2025 01:00:00","CTA|IE","696.92","n/e"," ","1203.90"
"12/12/2025 01:00:00 - 12/12/2025 02:00:00","CTA|IE","1124.32","n/e"," ","1364.78"
"12/12/2025 02:00:00 - 12/12/2025 03:00:00","CTA|IE","1220.35","n/e"," ","1437.69"
"12/12/2025 03:00:00 - 12/12/2025 04:00:00","CTA|IE","1330.59","n/e"," ","1449.65"
"12/12/2025 04:00:00 - 12/12/2025 05:00:00","CTA|IE","1432.29","n/e"," ","1461.17"
"12/12/2025 05:00:00 - 12/12/2025 06:00:00","CTA|IE","1477.64","n/e"," ","1531.33"
"12/12/2025 06:00:00 - 12/12/2025 07:00:00","CTA|IE","1509.34","n/e"," ","1588.51"
"12/12/2025 07:00:00 - 12/12/2025 08:00:00","CTA|IE","1550.35","n/e"," ","1752.06"
"12/12/2025 08:00:00 - 12/12/2025 09:00:00","CTA|IE","1616.27","n/e"," ","1838.35"
"12/12/2025 09:00:00 - 12/12/2025 10:00:00","CTA|IE","1687.23","n/e"," ","1844.52"
"12/12/2025 10:00:00 - 12/12/2025 11:00:00","CTA|IE","1748.91","n/e"," ","1863.52"
"12/12/2025 11:00:00 - 12/12/2025 12:00:00","CTA|IE","1779.40","n/e"," ","1855.55"
"12/12/2025 12:00:00 - 12/12/2025 13:00:00","CTA|IE","1747.58","n/e"," ","1849.92"
"12/12/2025 13:00:00 - 12/12/2025 14:00:00","CTA|IE","1683.55","n/e"," ","1891.49"
"12/12/2025 14:00:00 - 12/12/2025 15:00:00","CTA|IE","1657.21","n/e"," ","1727.01"
"12/12/2025 15:00:00 - 12/12/2025 16:00:00","CTA|IE","1607.79","n/e"," ","1534.56"
"12/12/2025 16:00:00 - 12/12/2025 17:00:00","CTA|IE","1500.82","n/e"," ","1398.80"
"12/12/2025 17:00:00 - 12/12/2025 18:00:00","CTA|IE","1391.95","n/e"," ","1449.53"
"12/12/2025 18:00:00 - 12/12/2025 19:00:00","CTA|IE","1332.52","n/e"," ","1550.81"
"12/12/2025 19:00:00 - 12/12/2025 20:00:00","CTA|IE","1333.56","n/e"," ","1817.46"
"12/12/2025 20:00:00 - 12/12/2025 21:00:00","CTA|IE","1331.93","n/e"," ","1761.53"
"12/12/2025 21:00:00 - 12/12/2025 22:00:00","CTA|IE","1323.16","n/e"," ","1826.48"
"12/12/2025 22:00:00 - 12/12/2025 23:00:00","CTA|IE","1333.07","n/e"," ","1996.37"
"12/12/2025 23:00:00 - 13/12/2025 00:00:00","CTA|IE","1358.70","n/e"," ","2114.67"
"13/12/2025 00:00:00 - 13/12/2025 01:00:00","CTA|IE","1379.82","n/e"," ","2155.09"
"13/12/2025 01:00:00 - 13/12/2025 02:00:00","CTA|IE","2537.28","n/e"," ","2044.23"
"13/12/2025 02:00:00 - 13/12/2025 03:00:00","CTA|IE","2725.76","n/e"," ","2091.63"
"13/12/2025 03:00:00 - 13/12/2025 04:00:00","CTA|IE","2903.94","n/e"," ","2095.98"
"13/12/2025 04:00:00 - 13/12/2025 05:00:00","CTA|IE","3119.97","n/e"," ","2243.09"
"13/12/2025 05:00:00 - 13/12/2025 06:00:00","CTA|IE","3367.20","n/e"," ","2261.10"
"13/12/2025 06:00:00 - 13/12/2025 07:00:00","CTA|IE","3640.57","n/e"," ","2278.15"
"13/12/2025 07:00:00 - 13/12/2025 08:00:00","CTA|IE","3894.67","n/e"," ","2580.27"
"13/12/2025 08:00:00 - 13/12/2025 09:00:00","CTA|IE","4100.34","n/e"," ","2890.83"
"13/12/2025 09:00:00 - 13/12/2025 10:00:00","CTA|IE","4249.60","n/e"," ","3109.27"
"13/12/2025 10:00:00 - 13/12/2025 11:00:00","CTA|IE","4342.07","n/e"," ","3086.95"
"13/12/2025 11:00:00 - 13/12/2025 12:00:00","CTA|IE","4393.95","n/e"," ","3157.84"
"13/12/2025 12:00:00 - 13/12/2025 13:00:00","CTA|IE","4425.67","n/e"," ","3171.03"
"13/12/2025 13:00:00 - 13/12/2025 14:00:00","CTA|IE","4443.17","n/e"," ","3269.45"
"13/12/2025 14:00:00 - 13/12/2025 15:00:00","CTA|IE","4450.50","n/e"," ","3318.17"
"13/12/2025 15:00:00 - 13/12/2025 16:00:00","CTA|IE","4442.66","n/e"," ","3314.72"
"13/12/2025 16:00:00 - 13/12/2025 17:00:00","CTA|IE","4428.79","n/e"," ","3360.00"
"13/12/2025 17:00:00 - 13/12/2025 18:00:00","CTA|IE","4416.44","n/e"," ","3472.87"
"13/12/2025 18:00:00 - 13/12/2025 19:00:00","CTA|IE","4403.92","n/e"," ","3768.84"
"13/12/2025 19:00:00 - 13/12/2025 20:00:00","CTA|IE","4379.27","n/e"," ","3702.35"
"13/12/2025 20:00:00 - 13/12/2025 21:00:00","CTA|IE","4332.70","n/e"," ","3588.53"
"13/12/2025 21:00:00 - 13/12/2025 22:00:00","CTA|IE","4275.73","n/e"," ","3405.14"
"13/12/2025 22:00:00 - 13/12/2025 23:00:00","CTA|IE","4219.60","n/e"," ","3408.36"
"13/12/2025 23:00:00 - 14/12/2025 00:00:00","CTA|IE","4182.24","n/e"," ","3187.29"
"14/12/2025 00:00:00 - 14/12/2025 01:00:00","CTA|IE","4151.52","n/e"," ","3043.14"
"14/12/2025 01:00:00 - 14/12/2025 02:00:00","CTA|IE","4078.58","n/e"," ","3008.62"
"14/12/2025 02:00:00 - 14/12/2025 03:00:00","CTA|IE","4110.03","n/e"," ","2867.19"
"14/12/2025 03:00:00 - 14/12/2025 04:00:00","CTA|IE","4169.35","n/e"," ","2784.00"
"14/12/2025 04:00:00 - 14/12/2025 05:00:00","CTA|IE","4285.24","n/e"," ","2744.79"
"14/12/2025 05:00:00 - 14/12/2025 06:00:00","CTA|IE","4361.14","n/e"," ","2645.22"
"14/12/2025 06:00:00 - 14/12/2025 07:00:00","CTA|IE","4428.05","n/e"," ","2578.62"
"14/12/2025 07:00:00 - 14/12/2025 08:00:00","CTA|IE","4476.48","n/e"," ","2621.44"
"14/12/2025 08:00:00 - 14/12/2025 09:00:00","CTA|IE","4480.77","n/e"," ","2724.98"
"14/12/2025 09:00:00 - 14/12/2025 10:00:00","CTA|IE","4449.82","n/e"," ","2920.66"
"14/12/2025 10:00:00 - 14/12/2025 11:00:00","CTA|IE","4371.77","n/e"," ","3094.52"
"14/12/2025 11:00:00 - 14/12/2025 12:00:00","CTA|IE","4235.20","n/e"," ","3186.32"
"14/12/2025 12:00:00 - 14/12/2025 13:00:00","CTA|IE","3993.89","n/e"," ","3306.62"
"14/12/2025 13:00:00 - 14/12/2025 14:00:00","CTA|IE","3608.55","n/e"," ","3299.68"
"14/12/2025 14:00:00 - 14/12/2025 15:00:00","CTA|IE","3145.52","n/e"," ","3304.97"
"14/12/2025 15:00:00 - 14/12/2025 16:00:00","CTA|IE","2709.88","n/e"," ","3352.32"
"14/12/2025 16:00:00 - 14/12/2025 17:00:00","CTA|IE","2396.25","n/e"," ","3441.07"
"14/12/2025 17:00:00 - 14/12/2025 18:00:00","CTA|IE","2250.61","n/e"," ","3500.59"
"14/12/2025 18:00:00 - 14/12/2025 19:00:00","CTA|IE","2263.18","n/e"," ","3331.82"
"14/12/2025 19:00:00 - 14/12/2025 20:00:00","CTA|IE","2397.45","n/e"," ","2719.89"
"14/12/2025 20:00:00 - 14/12/2025 21:00:00","CTA|IE","2576.29","n/e"," ","2026.06"
"14/12/2025 21:00:00 - 14/12/2025 22:00:00","CTA|IE","2743.59","n/e"," ","1587.37"
"14/12/2025 22:00:00 - 14/12/2025 23:00:00","CTA|IE","2882.24","n/e"," ","1097.64"
"14/12/2025 23:00:00 - 15/12/2025 00:00:00","CTA|IE","2995.55","n/e"," ","778.85"
"15/12/2025 00:00:00 - 15/12/2025 01:00:00","CTA|IE","3046.05","n/e"," ","620.33"
"15/12/2025 01:00:00 - 15/12/2025 02:00:00","CTA|IE","1237.23","n/e"," ","611.15"
"15/12/2025 02:00:00 - 15/12/2025 03:00:00","CTA|IE","876.43","n/e"," ","593.24"
"15/12/2025 03:00:00 - 15/12/2025 04:00:00","CTA|IE","628.58","n/e"," ","574.84"
"15/12/2025 04:00:00 - 15/12/2025 05:00:00","CTA|IE","567.92","n/e"," ","594.90"
"15/12/2025 05:00:00 - 15/12/2025 06:00:00","CTA|IE","537.64","n/e"," ","584.04"
"15/12/2025 06:00:00 - 15/12/2025 07:00:00","CTA|IE","502.30","n/e"," ","516.46"
"15/12/2025 07:00:00 - 15/12/2025 08:00:00","CTA|IE","489.42","n/e"," ","438.20"
"15/12/2025 08:00:00 - 15/12/2025 09:00:00","CTA|IE","470.31","n/e"," ","402.95"
"15/12/2025 09:00:00 - 15/12/2025 10:00:00","CTA|IE","439.87","n/e"," ","300.10"
"15/12/2025 10:00:00 - 15/12/2025 11:00:00","CTA|IE","400.97","n/e"," ","250.30"
"15/12/2025 11:00:00 - 15/12/2025 12:00:00","CTA|IE","366.45","n/e"," ","231.75"
"15/12/2025 12:00:00 - 15/12/2025 13:00:00","CTA|IE","334.00","n/e"," ","235.73"
"15/12/2025 13:00:00 - 15/12/2025 14:00:00","CTA|IE","303.04","n/e"," ","261.30"
"15/12/2025 14:00:00 - 15/12/2025 15:00:00","CTA|IE","289.04","n/e"," ","253.56"
"15/12/2025 15:00:00 - 15/12/2025 16:00:00","CTA|IE","281.85","n/e"," ","205.77"
"15/12/2025 16:00:00 - 15/12/2025 17:00:00","CTA|IE","280.92","n/e"," ","300.13"
"15/12/2025 17:00:00 - 15/12/2025 18:00:00","CTA|IE","292.06","n/e"," ","380.58"
"15/12/2025 18:00:00 - 15/12/2025 19:00:00","CTA|IE","322.41","n/e"," ","418.16"
"15/12/2025 19:00:00 - 15/12/2025 20:00:00","CTA|IE","368.33","n/e"," ","438.30"
"15/12/2025 20:00:00 - 15/12/2025 21:00:00","CTA|IE","423.80","n/e"," ","443.83"
"15/12/2025 21:00:00 - 15/12/2025 22:00:00","CTA|IE","492.38","n/e"," ","399.13"
"15/12/2025 22:00:00 - 15/12/2025 23:00:00","CTA|IE","547.05","n/e"," ","331.72"
"15/12/2025 23:00:00 - 16/12/2025 00:00:00","CTA|IE","570.17","n/e"," ","295.80"
"16/12/2025 00:00:00 - 16/12/2025 01:00:00","CTA|IE","561.13","n/e"," ","256.46"
"16/12/2025 01:00:00 - 16/12/2025 02:00:00","CTA|IE","273.62","n/e"," ","214.87"
"16/12/2025 02:00:00 - 16/12/2025 03:00:00","CTA|IE","333.94","n/e"," ","271.77"
"16/12/2025 03:00:00 - 16/12/2025 04:00:00","CTA|IE","371.04","n/e"," ","304.02"
"16/12/2025 04:00:00 - 16/12/2025 05:00:00","CTA|IE","414.74","n/e"," ","331.36"
"16/12/2025 05:00:00 - 16/12/2025 06:00:00","CTA|IE","447.05","n/e"," ","407.40"
"16/12/2025 06:00:00 - 16/12/2025 07:00:00","CTA|IE","456.18","n/e"," ","468.32"
"16/12/2025 07:00:00 - 16/12/2025 08:00:00","CTA|IE","462.47","n/e"," ","524.42"
"16/12/2025 08:00:00 - 16/12/2025 09:00:00","CTA|IE","475.52","n/e"," ","520.18"
"16/12/2025 09:00:00 - 16/12/2025 10:00:00","CTA|IE","494.82","n/e"," ","526.46"
"16/12/2025 10:00:00 - 16/12/2025 11:00:00","CTA|IE","524.28","n/e"," ","574.42"
"16/12/2025 11:00:00 - 16/12/2025 12:00:00","CTA|IE","576.84","n/e"," ","626.05"
"16/12/2025 12:00:00 - 16/12/2025 13:00:00","CTA|IE","609.59","n/e"," ","580.00"
"16/12/2025 13:00:00 - 16/12/2025 14:00:00","CTA|IE","592.29","n/e"," ","490.90"
"16/12/2025 14:00:00 - 16/12/2025 15:00:00","CTA|IE","578.54","n/e"," ","476.25"
"16/12/2025 15:00:00 - 16/12/2025 16:00:00","CTA|IE","580.20","n/e"," ","500.58"
"16/12/2025 16:00:00 - 16/12/2025 17:00:00","CTA|IE","581.91","n/e"," ","634.54"
"16/12/2025 17:00:00 - 16/12/2025 18:00:00","CTA|IE","587.58","n/e"," ","959.38"
"16/12/2025 18:00:00 - 16/12/2025 19:00:00","CTA|IE","635.23","n/e"," ","1388.69"
"16/12/2025 19:00:00 - 16/12/2025 20:00:00","CTA|IE","723.76","n/e"," ","1837.85"
"16/12/2025 20:00:00 - 16/12/2025 21:00:00","CTA|IE","841.00","n/e"," ","2304.08"
"16/12/2025 21:00:00 - 16/12/2025 22:00:00","CTA|IE","1019.05","n/e"," ","2694.49"
"16/12/2025 22:00:00 - 16/12/2025 23:00:00","CTA|IE","1298.15","n/e"," ","3157.69"
"16/12/2025 23:00:00 - 17/12/2025 00:00:00","CTA|IE","1662.73","n/e"," ","3255.42"
"17/12/2025 00:00:00 - 17/12/2025 01:00:00","CTA|IE","2048.53","n/e"," ","3248.01"
"17/12/2025 01:00:00 - 17/12/2025 02:00:00","CTA|IE","3033.86","n/e"," ","3172.21"
"17/12/2025 02:00:00 - 17/12/2025 03:00:00","CTA|IE","3348.50","n/e"," ","3132.16"
"17/12/2025 03:00:00 - 17/12/2025 04:00:00","CTA|IE","3613.57","n/e"," ","3138.63"
"17/12/2025 04:00:00 - 17/12/2025 05:00:00","CTA|IE","3963.79","n/e"," ","3106.60"
"17/12/2025 05:00:00 - 17/12/2025 06:00:00","CTA|IE","4194.34","n/e"," ","3008.41"
"17/12/2025 06:00:00 - 17/12/2025 07:00:00","CTA|IE","4352.74","n/e"," ","2986.83"
"17/12/2025 07:00:00 - 17/12/2025 08:00:00","CTA|IE","4450.00","n/e"," ","3171.83"
"17/12/2025 08:00:00 - 17/12/2025 09:00:00","CTA|IE","4485.31","n/e"," ","3374.72"
"17/12/2025 09:00:00 - 17/12/2025 10:00:00","CTA|IE","4459.08","n/e"," ","3257.49"
"17/12/2025 10:00:00 - 17/12/2025 11:00:00","CTA|IE","4384.49","n/e"," ","3104.15"
"17/12/2025 11:00:00 - 17/12/2025 12:00:00","CTA|IE","4278.89","n/e"," ","2755.37"
"17/12/2025 12:00:00 - 17/12/2025 13:00:00","CTA|IE","4146.73","n/e"," ","2436.43"
"17/12/2025 13:00:00 - 17/12/2025 14:00:00","CTA|IE","3986.45","n/e"," ","2527.31"
"17/12/2025 14:00:00 - 17/12/2025 15:00:00","CTA|IE","3809.05","n/e"," ","2526.11"
"17/12/2025 15:00:00 - 17/12/2025 16:00:00","CTA|IE","3592.60","n/e"," ","2278.88"
"17/12/2025 16:00:00 - 17/12/2025 17:00:00","CTA|IE","3343.28","n/e"," ","2242.56"
"17/12/2025 17:00:00 - 17/12/2025 18:00:00","CTA|IE","3055.24","n/e"," ","2021.91"
"17/12/2025 18:00:00 - 17/12/2025 19:00:00","CTA|IE","2753.74","n/e"," ","2020.31"
"17/12/2025 19:00:00 - 17/12/2025 20:00:00","CTA|IE","2458.11","n/e"," ","2103.70"
"17/12/2025 20:00:00 - 17/12/2025 21:00:00","CTA|IE","2152.45","n/e"," ","2185.38"
"17/12/2025 21:00:00 - 17/12/2025 22:00:00","CTA|IE","1947.28","n/e"," ","2550.24"
"17/12/2025 22:00:00 - 17/12/2025 23:00:00","CTA|IE","1871.27","n/e"," ","2607.13"
"17/12/2025 23:00:00 - 18/12/2025 00:00:00","CTA|IE","1844.28","n/e"," ","2627.85"
"18/12/2025 00:00:00 - 18/12/2025 01:00:00","CTA|IE","1760.25","n/e"," ","2547.67"
"18/12/2025 01:00:00 - 18/12/2025 02:00:00","CTA|IE","2340.82","n/e"," ","2437.45"
"18/12/2025 02:00:00 - 18/12/2025 03:00:00","CTA|IE","2211.88","n/e"," ","2356.47"
"18/12/2025 03:00:00 - 18/12/2025 04:00:00","CTA|IE","2160.39","n/e"," ","2145.82"
"18/12/2025 04:00:00 - 18/12/2025 05:00:00","CTA|IE","2191.45","n/e"," ","1984.32"
"18/12/2025 05:00:00 - 18/12/2025 06:00:00","CTA|IE","2415.91","n/e"," ","1925.48"
"18/12/2025 06:00:00 - 18/12/2025 07:00:00","CTA|IE","2752.83","n/e"," ","1940.62"
"18/12/2025 07:00:00 - 18/12/2025 08:00:00","CTA|IE","3140.92","n/e"," ","2156.66"
"18/12/2025 08:00:00 - 18/12/2025 09:00:00","CTA|IE","3400.41","n/e"," ","2400.10"
"18/12/2025 09:00:00 - 18/12/2025 10:00:00","CTA|IE","3491.45","n/e"," ","2759.47"
"18/12/2025 10:00:00 - 18/12/2025 11:00:00","CTA|IE","3343.22","n/e"," ","3003.04"
"18/12/2025 11:00:00 - 18/12/2025 12:00:00","CTA|IE","2992.00","n/e"," ","3032.47"
"18/12/2025 12:00:00 - 18/12/2025 13:00:00","CTA|IE","2543.34","n/e"," ","2557.33"
"18/12/2025 13:00:00 - 18/12/2025 14:00:00","CTA|IE","2210.81","n/e"," ","2049.33"
"18/12/2025 14:00:00 - 18/12/2025 15:00:00","CTA|IE","2062.72","n/e"," ","1526.11"
"18/12/2025 15:00:00 - 18/12/2025 16:00:00","CTA|IE","2005.47","n/e"," ","1504.08"
"18/12/2025 16:00:00 - 18/12/2025 17:00:00","CTA|IE","2137.82","n/e"," ","1519.23"
"18/12/2025 17:00:00 - 18/12/2025 18:00:00","CTA|IE","2289.10","n/e"," ","1739.35"
"18/12/2025 18:00:00 - 18/12/2025 19:00:00","CTA|IE","2505.39","n/e"," ","2070.29"
"18/12/2025 19:00:00 - 18/12/2025 20:00:00","CTA|IE","2788.00","n/e"," ","2576.17"
"18/12/2025 20:00:00 - 18/12/2025 21:00:00","CTA|IE","3023.90","n/e"," ","2848.80"
"18/12/2025 21:00:00 - 18/12/2025 22:00:00","CTA|IE","3168.55","n/e"," ","2951.68"
"18/12/2025 22:00:00 - 18/12/2025 23:00:00","CTA|IE","3231.78","n/e"," ","3016.58"
"18/12/2025 23:00:00 - 19/12/2025 00:00:00","CTA|IE","3264.30","n/e"," ","2999.80"
"19/12/2025 00:00:00 - 19/12/2025 01:00:00","CTA|IE","3290.47","n/e"," ","2800.99"
"19/12/2025 01:00:00 - 19/12/2025 02:00:00","CTA|IE","4191.77","n/e"," ","2676.37"
"19/12/2025 02:00:00 - 19/12/2025 03:00:00","CTA|IE","4139.24","n/e"," ","2731.76"
"19/12/2025 03:00:00 - 19/12/2025 04:00:00","CTA|IE","4067.25","n/e"," ","2510.55"
"19/12/2025 04:00:00 - 19/12/2025 05:00:00","CTA|IE","3964.43","n/e"," ","2450.17"
"19/12/2025 05:00:00 - 19/12/2025 06:00:00","CTA|IE","3839.53","n/e"," ","2638.74"
"19/12/2025 06:00:00 - 19/12/2025 07:00:00","CTA|IE","3733.86","n/e"," ","2805.18"
"19/12/2025 07:00:00 - 19/12/2025 08:00:00","CTA|IE","3649.03","n/e"," ","2717.06"
"19/12/2025 08:00:00 - 19/12/2025 09:00:00","CTA|IE","3497.71","n/e"," ","2847.04"
"19/12/2025 09:00:00 - 19/12/2025 10:00:00","CTA|IE","3299.75","n/e"," ","2873.85"
"19/12/2025 10:00:00 - 19/12/2025 11:00:00","CTA|IE","3131.92","n/e"," ","2696.59"
"19/12/2025 11:00:00 - 19/12/2025 12:00:00","CTA|IE","2980.65","n/e"," ","2591.23"
"19/12/2025 12:00:00 - 19/12/2025 13:00:00","CTA|IE","2828.15","n/e"," ","2452.59"
"19/12/2025 13:00:00 - 19/12/2025 14:00:00","CTA|IE","2711.82","n/e"," ","2332.05"
"19/12/2025 14:00:00 - 19/12/2025 15:00:00","CTA|IE","2664.20","n/e"," ","2251.15"
"19/12/2025 15:00:00 - 19/12/2025 16:00:00","CTA|IE","2610.63","n/e"," ","2163.79"
"19/12/2025 16:00:00 - 19/12/2025 17:00:00","CTA|IE","2523.21","n/e"," ","1847.32"
"19/12/2025 17:00:00 - 19/12/2025 18:00:00","CTA|IE","2493.73","n/e"," ","1776.25"
"19/12/2025 18:00:00 - 19/12/2025 19:00:00","CTA|IE","2543.78","n/e"," ","1904.61"
"19/12/2025 19:00:00 - 19/12/2025 20:00:00","CTA|IE","2697.49","n/e"," ","1989.95"
"19/12/2025 20:00:00 - 19/12/2025 21:00:00","CTA|IE","2903.51","n/e"," ","2065.24"
"19/12/2025 21:00:00 - 19/12/2025 22:00:00","CTA|IE","3162.81","n/e"," ","2183.33"
"19/12/2025 22:00:00 - 19/12/2025 23:00:00","CTA|IE","3460.36","n/e"," ","2238.94"
"19/12/2025 23:00:00 - 20/12/2025 00:00:00","CTA|IE","3744.32","n/e"," ","2363.53"
"20/12/2025 00:00:00 - 20/12/2025 01:00:00","CTA|IE","3979.44","n/e"," ","2625.13"
"20/12/2025 01:00:00 - 20/12/2025 02:00:00","CTA|IE","3900.41","n/e"," ","2834.84"
"20/12/2025 02:00:00 - 20/12/2025 03:00:00","CTA|IE","4055.93","n/e"," ","2850.62"
"20/12/2025 03:00:00 - 20/12/2025 04:00:00","CTA|IE","4188.52","n/e"," ","2815.10"
"20/12/2025 04:00:00 - 20/12/2025 05:00:00","CTA|IE","4307.25","n/e"," ","2790.21"
"20/12/2025 05:00:00 - 20/12/2025 06:00:00","CTA|IE","4369.53","n/e"," ","2792.30"
"20/12/2025 06:00:00 - 20/12/2025 07:00:00","CTA|IE","4259.69","n/e"," ","2977.06"
"20/12/2025 07:00:00 - 20/12/2025 08:00:00","CTA|IE","3899.05","n/e"," ","3023.83"
"20/12/2025 08:00:00 - 20/12/2025 09:00:00","CTA|IE","3499.03","n/e"," ","3090.67"
"20/12/2025 09:00:00 - 20/12/2025 10:00:00","CTA|IE","3144.71","n/e"," ","3161.38"
"20/12/2025 10:00:00 - 20/12/2025 11:00:00","CTA|IE","2682.07","n/e"," ","3417.58"
"20/12/2025 11:00:00 - 20/12/2025 12:00:00","CTA|IE","2198.51","n/e"," ","3459.18"
"20/12/2025 12:00:00 - 20/12/2025 13:00:00","CTA|IE","1788.88","n/e"," ","3451.80"
"20/12/2025 13:00:00 - 20/12/2025 14:00:00","CTA|IE","1442.10","n/e"," ","3339.86"
"20/12/2025 14:00:00 - 20/12/2025 15:00:00","CTA|IE","1139.28","n/e"," ","3042.33"
"20/12/2025 15:00:00 - 20/12/2025 16:00:00","CTA|IE","872.85","n/e"," ","2650.36"
"20/12/2025 16:00:00 - 20/12/2025 17:00:00","CTA|IE","638.19","n/e"," ","2333.98"
"20/12/2025 17:00:00 - 20/12/2025 18:00:00","CTA|IE","476.01","n/e"," ","2141.30"
"20/12/2025 18:00:00 - 20/12/2025 19:00:00","CTA|IE","396.73","n/e"," ","1821.84"
"20/12/2025 19:00:00 - 20/12/2025 20:00:00","CTA|IE","370.85","n/e"," ","1612.05"
"20/12/2025 20:00:00 - 20/12/2025 21:00:00","CTA|IE","363.79","n/e"," ","1519.61"
"20/12/2025 21:00:00 - 20/12/2025 22:00:00","CTA|IE","357.67","n/e"," ","1295.54"
"20/12/2025 22:00:00 - 20/12/2025 23:00:00","CTA|IE","339.99","n/e"," ","1122.17"
"20/12/2025 23:00:00 - 21/12/2025 00:00:00","CTA|IE","315.97","n/e"," ","1045.08"
"21/12/2025 00:00:00 - 21/12/2025 01:00:00","CTA|IE","287.65","n/e"," ","884.34"
"21/12/2025 01:00:00 - 21/12/2025 02:00:00","CTA|IE","624.94","n/e"," ","825.87"
"21/12/2025 02:00:00 - 21/12/2025 03:00:00","CTA|IE","535.26","n/e"," ","752.39"
"21/12/2025 03:00:00 - 21/12/2025 04:00:00","CTA|IE","464.40","n/e"," ","752.67"
"21/12/2025 04:00:00 - 21/12/2025 05:00:00","CTA|IE","425.82","n/e"," ","684.77"
"21/12/2025 05:00:00 - 21/12/2025 06:00:00","CTA|IE","417.68","n/e"," ","587.31"
"21/12/2025 06:00:00 - 21/12/2025 07:00:00","CTA|IE","426.17","n/e"," ","527.73"
"21/12/2025 07:00:00 - 21/12/2025 08:00:00","CTA|IE","444.35","n/e"," ","527.21"
"21/12/2025 08:00:00 - 21/12/2025 09:00:00","CTA|IE","466.77","n/e"," ","474.40"
"21/12/2025 09:00:00 - 21/12/2025 10:00:00","CTA|IE","493.34","n/e"," ","387.35"
"21/12/2025 10:00:00 - 21/12/2025 11:00:00","CTA|IE","529.29","n/e"," ","400.53"
"21/12/2025 11:00:00 - 21/12/2025 12:00:00","CTA|IE","550.40","n/e"," ","453.47"
"21/12/2025 12:00:00 - 21/12/2025 13:00:00","CTA|IE","552.74","n/e"," ","407.58"
"21/12/2025 13:00:00 - 21/12/2025 14:00:00","CTA|IE","544.49","n/e"," ","313.68"
"21/12/2025 14:00:00 - 21/12/2025 15:00:00","CTA|IE","541.73","n/e"," ","297.12"
"21/12/2025 15:00:00 - 21/12/2025 16:00:00","CTA|IE","561.18","n/e"," ","285.57"
"21/12/2025 16:00:00 - 21/12/2025 17:00:00","CTA|IE","589.04","n/e"," ","351.98"
"21/12/2025 17:00:00 - 21/12/2025 18:00:00","CTA|IE","624.29","n/e"," ","500.23"
"21/12/2025 18:00:00 - 21/12/2025 19:00:00","CTA|IE","652.50","n/e"," ","567.74"
"21/12/2025 19:00:00 - 21/12/2025 20:00:00","CTA|IE","675.04","n/e"," ","569.92"
"21/12/2025 20:00:00 - 21/12/2025 21:00:00","CTA|IE","693.33","n/e"," ","644.83"
"21/12/2025 21:00:00 - 21/12/2025 22:00:00","CTA|IE","696.84","n/e"," ","735.68"
"21/12/2025 22:00:00 - 21/12/2025 23:00:00","CTA|IE","682.84","n/e"," ","765.49"
"21/12/2025 23:00:00 - 22/12/2025 00:00:00","CTA|IE","657.36","n/e"," ","819.69"
"22/12/2025 00:00:00 - 22/12/2025 01:00:00","CTA|IE","642.13","n/e"," ","757.95"
"22/12/2025 01:00:00 - 22/12/2025 02:00:00","CTA|IE","425.02","n/e"," ","627.91"
"22/12/2025 02:00:00 - 22/12/2025 03:00:00","CTA|IE","421.17","n/e"," ","651.27"
"22/12/2025 03:00:00 - 22/12/2025 04:00:00","CTA|IE","421.56","n/e"," ","713.98"
"22/12/2025 04:00:00 - 22/12/2025 05:00:00","CTA|IE","409.41","n/e"," ","748.12"
"22/12/2025 05:00:00 - 22/12/2025 06:00:00","CTA|IE","377.91","n/e"," ","728.15"
"22/12/2025 06:00:00 - 22/12/2025 07:00:00","CTA|IE","350.65","n/e"," ","651.32"
"22/12/2025 07:00:00 - 22/12/2025 08:00:00","CTA|IE","316.75","n/e"," ","543.97"
"22/12/2025 08:00:00 - 22/12/2025 09:00:00","CTA|IE","286.35","n/e"," ","489.94"
"22/12/2025 09:00:00 - 22/12/2025 10:00:00","CTA|IE","260.91","n/e"," ","456.15"
"22/12/2025 10:00:00 - 22/12/2025 11:00:00","CTA|IE","243.20","n/e"," ","453.15"
"22/12/2025 11:00:00 - 22/12/2025 12:00:00","CTA|IE","230.28","n/e"," ","529.11"
"22/12/2025 12:00:00 - 22/12/2025 13:00:00","CTA|IE","215.82","n/e"," ","534.06"
"22/12/2025 13:00:00 - 22/12/2025 14:00:00","CTA|IE","194.89","n/e"," ","506.16"
"22/12/2025 14:00:00 - 22/12/2025 15:00:00","CTA|IE","176.17","n/e"," ","488.32"
"22/12/2025 15:00:00 - 22/12/2025 16:00:00","CTA|IE","168.84","n/e"," ","518.76"
"22/12/2025 16:00:00 - 22/12/2025 17:00:00","CTA|IE","171.48","n/e"," ","475.89"
"22/12/2025 17:00:00 - 22/12/2025 18:00:00","CTA|IE","177.42","n/e"," ","407.15"
"22/12/2025 18:00:00 - 22/12/2025 19:00:00","CTA|IE","184.64","n/e"," ","400.33"
"22/12/2025 19:00:00 - 22/12/2025 20:00:00","CTA|IE","191.67","n/e"," ","321.02"
"22/12/2025 20:00:00 - 22/12/2025 21:00:00","CTA|IE","193.23","n/e"," ","303.66"
"22/12/2025 21:00:00 - 22/12/2025 22:00:00","CTA|IE","189.97","n/e"," ","346.59"
"22/12/2025 22:00:00 - 22/12/2025 23:00:00","CTA|IE","185.97","n/e"," ","397.86"
"22/12/2025 23:00:00 - 23/12/2025 00:00:00","CTA|IE","186.69","n/e"," ","435.80"
"23/12/2025 00:00:00 - 23/12/2025 01:00:00","CTA|IE","194.58","n/e"," ","522.64"
"23/12/2025 01:00:00 - 23/12/2025 02:00:00","CTA|IE","347.97","n/e"," ","543.26"
"23/12/2025 02:00:00 - 23/12/2025 03:00:00","CTA|IE","344.51","n/e"," ","474.83"
"23/12/2025 03:00:00 - 23/12/2025 04:00:00","CTA|IE","321.16","n/e"," ","521.19"
"23/12/2025 04:00:00 - 23/12/2025 05:00:00","CTA|IE","315.69","n/e"," ","496.69"
"23/12/2025 05:00:00 - 23/12/2025 06:00:00","CTA|IE","329.67","n/e"," ","502.43"
"23/12/2025 06:00:00 - 23/12/2025 07:00:00","CTA|IE","376.29","n/e"," ","523.31"
"23/12/2025 07:00:00 - 23/12/2025 08:00:00","CTA|IE","461.66","n/e"," ","504.00"
"23/12/2025 08:00:00 - 23/12/2025 09:00:00","CTA|IE","586.41","n/e"," ","504.43"
"23/12/2025 09:00:00 - 23/12/2025 10:00:00","CTA|IE","708.85","n/e"," ","590.32"
"23/12/2025 10:00:00 - 23/12/2025 11:00:00","CTA|IE","807.60","n/e"," ","715.23"
"23/12/2025 11:00:00 - 23/12/2025 12:00:00","CTA|IE","854.28","n/e"," ","722.74"
"23/12/2025 12:00:00 - 23/12/2025 13:00:00","CTA|IE","832.01","n/e"," ","626.55"
"23/12/2025 13:00:00 - 23/12/2025 14:00:00","CTA|IE","791.68","n/e"," ","629.82"
"23/12/2025 14:00:00 - 23/12/2025 15:00:00","CTA|IE","784.79","n/e"," ","659.33"
"23/12/2025 15:00:00 - 23/12/2025 16:00:00","CTA|IE","831.13","n/e"," ","747.58"
"23/12/2025 16:00:00 - 23/12/2025 17:00:00","CTA|IE","935.16","n/e"," ","891.83"
"23/12/2025 17:00:00 - 23/12/2025 18:00:00","CTA|IE","1063.71","n/e"," ","1097.47"
"23/12/2025 18:00:00 - 23/12/2025 19:00:00","CTA|IE","1182.53","n/e"," ","1125.95"
"23/12/2025 19:00:00 - 23/12/2025 20:00:00","CTA|IE","1296.83","n/e"," ","1101.99"
"23/12/2025 20:00:00 - 23/12/2025 21:00:00","CTA|IE","1371.95","n/e"," ","1038.38"
"23/12/2025 21:00:00 - 23/12/2025 22:00:00","CTA|IE","1374.60","n/e"," ","1030.33"
"23/12/2025 22:00:00 - 23/12/2025 23:00:00","CTA|IE","1311.24","n/e"," ","964.83"
"23/12/2025 23:00:00 - 24/12/2025 00:00:00","CTA|IE","1242.51","n/e"," ","956.99"
"24/12/2025 00:00:00 - 24/12/2025 01:00:00","CTA|IE","1223.42","n/e"," ","986.34"
"24/12/2025 01:00:00 - 24/12/2025 02:00:00","CTA|IE","1172.54","n/e"," ","1101.45"
"24/12/2025 02:00:00 - 24/12/2025 03:00:00","CTA|IE","1129.93","n/e"," ","1285.58"
"24/12/2025 03:00:00 - 24/12/2025 04:00:00","CTA|IE","1059.59","n/e"," ","1334.30"
"24/12/2025 04:00:00 - 24/12/2025 05:00:00","CTA|IE","1014.77","n/e"," ","1297.28"
"24/12/2025 05:00:00 - 24/12/2025 06:00:00","CTA|IE","1023.42","n/e"," ","1159.44"
"24/12/2025 06:00:00 - 24/12/2025 07:00:00","CTA|IE","1071.77","n/e"," ","1298.04"
"24/12/2025 07:00:00 - 24/12/2025 08:00:00","CTA|IE","1146.45","n/e"," ","1341.67"
"24/12/2025 08:00:00 - 24/12/2025 09:00:00","CTA|IE","1272.32","n/e"," ","1508.83"
"24/12/2025 09:00:00 - 24/12/2025 10:00:00","CTA|IE","1405.60","n/e"," ","1514.17"
"24/12/2025 10:00:00 - 24/12/2025 11:00:00","CTA|IE","1498.22","n/e"," ","1406.25"
"24/12/2025 11:00:00 - 24/12/2025 12:00:00","CTA|IE","1530.99","n/e"," ","1356.70"
"24/12/2025 12:00:00 - 24/12/2025 13:00:00","CTA|IE","1490.77","n/e"," ","1335.63"
"24/12/2025 13:00:00 - 24/12/2025 14:00:00","CTA|IE","1395.99","n/e"," ","1351.65"
"24/12/2025 14:00:00 - 24/12/2025 15:00:00","CTA|IE","1281.26","n/e"," ","1473.42"
"24/12/2025 15:00:00 - 24/12/2025 16:00:00","CTA|IE","1216.75","n/e"," ","1391.51"
"24/12/2025 16:00:00 - 24/12/2025 17:00:00","CTA|IE","1237.04","n/e"," ","1436.25"
"24/12/2025 17:00:00 - 24/12/2025 18:00:00","CTA|IE","1319.91","n/e"," ","1587.61"
"24/12/2025 18:00:00 - 24/12/2025 19:00:00","CTA|IE","1390.79","n/e"," ","1778.71"
"24/12/2025 19:00:00 - 24/12/2025 20:00:00","CTA|IE","1455.96","n/e"," ","1955.95"
"24/12/2025 20:00:00 - 24/12/2025 21:00:00","CTA|IE","1486.27","n/e"," ","1880.38"
"24/12/2025 21:00:00 - 24/12/2025 22:00:00","CTA|IE","1478.58","n/e"," ","2048.33"
"24/12/2025 22:00:00 - 24/12/2025 23:00:00","CTA|IE","1490.46","n/e"," ","2093.16"
"24/12/2025 23:00:00 - 25/12/2025 00:00:00","CTA|IE","1504.74","n/e"," ","2041.50"
"25/12/2025 00:00:00 - 25/12/2025 01:00:00","CTA|IE","1544.33","n/e"," ","1747.73"
"25/12/2025 01:00:00 - 25/12/2025 02:00:00","CTA|IE","1441.77","n/e"," ","1509.61"
"25/12/2025 02:00:00 - 25/12/2025 03:00:00","CTA|IE","1366.87","n/e"," ","1404.19"
"25/12/2025 03:00:00 - 25/12/2025 04:00:00","CTA|IE","1389.76","n/e"," ","1341.22"
"25/12/2025 04:00:00 - 25/12/2025 05:00:00","CTA|IE","1435.83","n/e"," ","1233.70"
"25/12/2025 05:00:00 - 25/12/2025 06:00:00","CTA|IE","1421.26","n/e"," ","1075.67"
"25/12/2025 06:00:00 - 25/12/2025 07:00:00","CTA|IE","1398.02","n/e"," ","1075.43"
"25/12/2025 07:00:00 - 25/12/2025 08:00:00","CTA|IE","1418.54","n/e"," ","1325.16"
"25/12/2025 08:00:00 - 25/12/2025 09:00:00","CTA|IE","1522.90","n/e"," ","1676.09"
"25/12/2025 09:00:00 - 25/12/2025 10:00:00","CTA|IE","1676.27","n/e"," ","2068.99"
"25/12/2025 10:00:00 - 25/12/2025 11:00:00","CTA|IE","1822.30","n/e"," ","2033.38"
"25/12/2025 11:00:00 - 25/12/2025 12:00:00","CTA|IE","1917.11","n/e"," ","1863.71"
"25/12/2025 12:00:00 - 25/12/2025 13:00:00","CTA|IE","1960.02","n/e"," ","1967.90"
"25/12/2025 13:00:00 - 25/12/2025 14:00:00","CTA|IE","2026.00","n/e"," ","2007.95"
"25/12/2025 14:00:00 - 25/12/2025 15:00:00","CTA|IE","2054.75","n/e"," ","1986.89"
"25/12/2025 15:00:00 - 25/12/2025 16:00:00","CTA|IE","1965.06","n/e"," ","2006.63"
"25/12/2025 16:00:00 - 25/12/2025 17:00:00","CTA|IE","1852.81","n/e"," ","1965.58"
"25/12/2025 17:00:00 - 25/12/2025 18:00:00","CTA|IE","1864.08","n/e"," ","2052.42"
"25/12/2025 18:00:00 - 25/12/2025 19:00:00","CTA|IE","2032.70","n/e"," ","2221.81"
"25/12/2025 19:00:00 - 25/12/2025 20:00:00","CTA|IE","2261.61","n/e"," ","2386.26"
"25/12/2025 20:00:00 - 25/12/2025 21:00:00","CTA|IE","2340.50","n/e"," ","2368.16"
"25/12/2025 21:00:00 - 25/12/2025 22:00:00","CTA|IE","2241.08","n/e"," ","2350.04"
"25/12/2025 22:00:00 - 25/12/2025 23:00:00","CTA|IE","2110.83","n/e"," ","2334.40"
"25/12/2025 23:00:00 - 26/12/2025 00:00:00","CTA|IE","2031.20","n/e"," ","2310.36"
"26/12/2025 00:00:00 - 26/12/2025 01:00:00","CTA|IE","1989.64","n/e"," ","2276.49"
"26/12/2025 01:00:00 - 26/12/2025 02:00:00","CTA|IE","2281.09","n/e"," ","2036.32"
"26/12/2025 02:00:00 - 26/12/2025 03:00:00","CTA|IE","2155.18","n/e"," ","1951.65"
"26/12/2025 03:00:00 - 26/12/2025 04:00:00","CTA|IE","2138.96","n/e"," ","1904.19"
"26/12/2025 04:00:00 - 26/12/2025 05:00:00","CTA|IE","2198.34","n/e"," ","1794.06"
"26/12/2025 05:00:00 - 26/12/2025 06:00:00","CTA|IE","2217.88","n/e"," ","1687.50"
"26/12/2025 06:00:00 - 26/12/2025 07:00:00","CTA|IE","2163.82","n/e"," ","1585.65"
"26/12/2025 07:00:00 - 26/12/2025 08:00:00","CTA|IE","2057.67","n/e"," ","1502.04"
"26/12/2025 08:00:00 - 26/12/2025 09:00:00","CTA|IE","1978.05","n/e"," ","1409.18"
"26/12/2025 09:00:00 - 26/12/2025 10:00:00","CTA|IE","1950.99","n/e"," ","1230.75"
"26/12/2025 10:00:00 - 26/12/2025 11:00:00","CTA|IE","1911.71","n/e"," ","1090.05"
"26/12/2025 11:00:00 - 26/12/2025 12:00:00","CTA|IE","1840.33","n/e"," ","979.58"
"26/12/2025 12:00:00 - 26/12/2025 13:00:00","CTA|IE","1805.11","n/e"," ","931.08"
"26/12/2025 13:00:00 - 26/12/2025 14:00:00","CTA|IE","1869.11","n/e"," ","852.07"
"26/12/2025 14:00:00 - 26/12/2025 15:00:00","CTA|IE","1969.02","n/e"," ","877.37"
"26/12/2025 15:00:00 - 26/12/2025 16:00:00","CTA|IE","2024.89","n/e"," ","894.22"
"26/12/2025 16:00:00 - 26/12/2025 17:00:00","CTA|IE","2037.51","n/e"," ","1030.43"
"26/12/2025 17:00:00 - 26/12/2025 18:00:00","CTA|IE","2131.87","n/e"," ","1331.77"
"26/12/2025 18:00:00 - 26/12/2025 19:00:00","CTA|IE","2316.09","n/e"," ","1534.76"
"26/12/2025 19:00:00 - 26/12/2025 20:00:00","CTA|IE","2482.61","n/e"," ","1619.09"
"26/12/2025 20:00:00 - 26/12/2025 21:00:00","CTA|IE","2575.18","n/e"," ","1528.49"
"26/12/2025 21:00:00 - 26/12/2025 22:00:00","CTA|IE","2635.10","n/e"," ","1554.83"
"26/12/2025 22:00:00 - 26/12/2025 23:00:00","CTA|IE","2687.85","n/e"," ","1548.68"
"26/12/2025 23:00:00 - 27/12/2025 00:00:00","CTA|IE","2660.28","n/e"," ","1564.78"
"27/12/2025 00:00:00 - 27/12/2025 01:00:00","CTA|IE","2562.47","n/e"," ","1714.31"
"27/12/2025 01:00:00 - 27/12/2025 02:00:00","CTA|IE","1992.08","n/e"," ","1858.12"
"27/12/2025 02:00:00 - 27/12/2025 03:00:00","CTA|IE","1761.49","n/e"," ","1943.85"
"27/12/2025 03:00:00 - 27/12/2025 04:00:00","CTA|IE","1749.05","n/e"," ","1909.52"
"27/12/2025 04:00:00 - 27/12/2025 05:00:00","CTA|IE","1981.16","n/e"," ","1839.10"
"27/12/2025 05:00:00 - 27/12/2025 06:00:00","CTA|IE","2231.90","n/e"," ","1706.88"
"27/12/2025 06:00:00 - 27/12/2025 07:00:00","CTA|IE","2295.11","n/e"," ","1658.66"
"27/12/2025 07:00:00 - 27/12/2025 08:00:00","CTA|IE","2108.70","n/e"," ","1805.85"
"27/12/2025 08:00:00 - 27/12/2025 09:00:00","CTA|IE","1861.79","n/e"," ","1913.72"
"27/12/2025 09:00:00 - 27/12/2025 10:00:00","CTA|IE","1718.90","n/e"," ","2043.54"
"27/12/2025 10:00:00 - 27/12/2025 11:00:00","CTA|IE","1749.98","n/e"," ","2089.28"
"27/12/2025 11:00:00 - 27/12/2025 12:00:00","CTA|IE","1887.45","n/e"," ","1997.42"
"27/12/2025 12:00:00 - 27/12/2025 13:00:00","CTA|IE","2000.12","n/e"," ","1932.24"
"27/12/2025 13:00:00 - 27/12/2025 14:00:00","CTA|IE","2026.73","n/e"," ","1859.98"
"27/12/2025 14:00:00 - 27/12/2025 15:00:00","CTA|IE","1912.80","n/e"," ","1686.54"
"27/12/2025 15:00:00 - 27/12/2025 16:00:00","CTA|IE","1784.47","n/e"," ","1578.63"
"27/12/2025 16:00:00 - 27/12/2025 17:00:00","CTA|IE","1710.09","n/e"," ","1922.74"
"27/12/2025 17:00:00 - 27/12/2025 18:00:00","CTA|IE","1714.19","n/e"," ","2131.68"
"27/12/2025 18:00:00 - 27/12/2025 19:00:00","CTA|IE","1820.21","n/e"," ","2294.06"
"27/12/2025 19:00:00 - 27/12/2025 20:00:00","CTA|IE","1990.47","n/e"," ","2329.31"
"27/12/2025 20:00:00 - 27/12/2025 21:00:00","CTA|IE","2129.51","n/e"," ","2205.34"
"27/12/2025 21:00:00 - 27/12/2025 22:00:00","CTA|IE","2121.20","n/e"," ","2169.00"
"27/12/2025 22:00:00 - 27/12/2025 23:00:00","CTA|IE","1993.40","n/e"," ","2153.40"
"27/12/2025 23:00:00 - 28/12/2025 00:00:00","CTA|IE","1891.18","n/e"," ","2046.58"
"28/12/2025 00:00:00 - 28/12/2025 01:00:00","CTA|IE","1904.92","n/e"," ","1875.02"
"28/12/2025 01:00:00 - 28/12/2025 02:00:00","CTA|IE","2281.83","n/e"," ","1779.75"
"28/12/2025 02:00:00 - 28/12/2025 03:00:00","CTA|IE","2159.78","n/e"," ","1678.44"
"28/12/2025 03:00:00 - 28/12/2025 04:00:00","CTA|IE","1967.90","n/e"," ","1490.93"
"28/12/2025 04:00:00 - 28/12/2025 05:00:00","CTA|IE","1769.74","n/e"," ","1278.50"
"28/12/2025 05:00:00 - 28/12/2025 06:00:00","CTA|IE","1641.77","n/e"," ","1214.29"
"28/12/2025 06:00:00 - 28/12/2025 07:00:00","CTA|IE","1614.69","n/e"," ","1049.90"
"28/12/2025 07:00:00 - 28/12/2025 08:00:00","CTA|IE","1630.50","n/e"," ","928.39"
"28/12/2025 08:00:00 - 28/12/2025 09:00:00","CTA|IE","1619.15","n/e"," ","886.77"
"28/12/2025 09:00:00 - 28/12/2025 10:00:00","CTA|IE","1481.83","n/e"," ","851.90"
"28/12/2025 10:00:00 - 28/12/2025 11:00:00","CTA|IE","1225.80","n/e"," ","783.49"
"28/12/2025 11:00:00 - 28/12/2025 12:00:00","CTA|IE","1021.87","n/e"," ","667.44"
"28/12/2025 12:00:00 - 28/12/2025 13:00:00","CTA|IE","938.46","n/e"," ","490.92"
"28/12/2025 13:00:00 - 28/12/2025 14:00:00","CTA|IE","867.70","n/e"," ","310.37"
"28/12/2025 14:00:00 - 28/12/2025 15:00:00","CTA|IE","769.57","n/e"," ","179.92"
"28/12/2025 15:00:00 - 28/12/2025 16:00:00","CTA|IE","684.34","n/e"," ","127.84"
"28/12/2025 16:00:00 - 28/12/2025 17:00:00","CTA|IE","628.84","n/e"," ","149.40"
"28/12/2025 17:00:00 - 28/12/2025 18:00:00","CTA|IE","621.31","n/e"," ","192.38"
"28/12/2025 18:00:00 - 28/12/2025 19:00:00","CTA|IE","647.14","n/e"," ","234.41"
"28/12/2025 19:00:00 - 28/12/2025 20:00:00","CTA|IE","689.56","n/e"," ","320.95"
"28/12/2025 20:00:00 - 28/12/2025 21:00:00","CTA|IE","680.20","n/e"," ","366.27"
"28/12/2025 21:00:00 - 28/12/2025 22:00:00","CTA|IE","591.57","n/e"," ","353.12"
"28/12/2025 22:00:00 - 28/12/2025 23:00:00","CTA|IE","496.49","n/e"," ","262.22"
"28/12/2025 23:00:00 - 29/12/2025 00:00:00","CTA|IE","457.77","n/e"," ","205.25"
"29/12/2025 00:00:00 - 29/12/2025 01:00:00","CTA|IE","490.39","n/e"," ","151.94"
"29/12/2025 01:00:00 - 29/12/2025 02:00:00","CTA|IE","410.88","n/e"," ","124.80"
"29/12/2025 02:00:00 - 29/12/2025 03:00:00","CTA|IE","426.96","n/e"," ","129.48"
"29/12/2025 03:00:00 - 29/12/2025 04:00:00","CTA|IE","477.50","n/e"," ","148.15"
"29/12/2025 04:00:00 - 29/12/2025 05:00:00","CTA|IE","508.71","n/e"," ","218.37"
"29/12/2025 05:00:00 - 29/12/2025 06:00:00","CTA|IE","539.78","n/e"," ","305.63"
"29/12/2025 06:00:00 - 29/12/2025 07:00:00","CTA|IE","557.56","n/e"," ","347.37"
"29/12/2025 07:00:00 - 29/12/2025 08:00:00","CTA|IE","568.83","n/e"," ","374.35"
"29/12/2025 08:00:00 - 29/12/2025 09:00:00","CTA|IE","627.64","n/e"," ","362.71"
"29/12/2025 09:00:00 - 29/12/2025 10:00:00","CTA|IE","742.96","n/e"," ","337.24"
"29/12/2025 10:00:00 - 29/12/2025 11:00:00","CTA|IE","862.32","n/e"," ","370.76"
"29/12/2025 11:00:00 - 29/12/2025 12:00:00","CTA|IE","905.29","n/e"," ","347.11"
"29/12/2025 12:00:00 - 29/12/2025 13:00:00","CTA|IE","896.05","n/e"," ","272.75"
"29/12/2025 13:00:00 - 29/12/2025 14:00:00","CTA|IE","909.35","n/e"," ","241.39"
"29/12/2025 14:00:00 - 29/12/2025 15:00:00","CTA|IE","926.53","n/e"," ","240.90"
"29/12/2025 15:00:00 - 29/12/2025 16:00:00","CTA|IE","927.81","n/e"," ","252.66"
"29/12/2025 16:00:00 - 29/12/2025 17:00:00","CTA|IE","920.02","n/e"," ","313.91"
"29/12/2025 17:00:00 - 29/12/2025 18:00:00","CTA|IE","925.48","n/e"," ","357.38"
"29/12/2025 18:00:00 - 29/12/2025 19:00:00","CTA|IE","1006.52","n/e"," ","445.63"
"29/12/2025 19:00:00 - 29/12/2025 20:00:00","CTA|IE","1184.93","n/e"," ","574.71"
"29/12/2025 20:00:00 - 29/12/2025 21:00:00","CTA|IE","1365.23","n/e"," ","681.58"
"29/12/2025 21:00:00 - 29/12/2025 22:00:00","CTA|IE","1420.94","n/e"," ","826.46"
"29/12/2025 22:00:00 - 29/12/2025 23:00:00","CTA|IE","1420.15","n/e"," ","802.74"
"29/12/2025 23:00:00 - 30/12/2025 00:00:00","CTA|IE","1482.36","n/e"," ","812.92"
"30/12/2025 00:00:00 - 30/12/2025 01:00:00","CTA|IE","1493.39","n/e"," ","863.62"
"30/12/2025 01:00:00 - 30/12/2025 02:00:00","CTA|IE","1519.87","n/e"," ","952.40"
"30/12/2025 02:00:00 - 30/12/2025 03:00:00","CTA|IE","1566.33","n/e"," ","935.64"
"30/12/2025 03:00:00 - 30/12/2025 04:00:00","CTA|IE","1598.50","n/e"," ","893.04"
"30/12/2025 04:00:00 - 30/12/2025 05:00:00","CTA|IE","1638.87","n/e"," ","827.65"
"30/12/2025 05:00:00 - 30/12/2025 06:00:00","CTA|IE","1679.80","n/e"," ","779.58"
"30/12/2025 06:00:00 - 30/12/2025 07:00:00","CTA|IE","1708.83","n/e"," ","776.47"
"30/12/2025 07:00:00 - 30/12/2025 08:00:00","CTA|IE","1697.28","n/e"," ","797.06"
"30/12/2025 08:00:00 - 30/12/2025 09:00:00","CTA|IE","1726.08","n/e"," ","760.37"
"30/12/2025 09:00:00 - 30/12/2025 10:00:00","CTA|IE","1819.57","n/e"," ","833.28"
"30/12/2025 10:00:00 - 30/12/2025 11:00:00","CTA|IE","1913.37","n/e"," ","861.84"
"30/12/2025 11:00:00 - 30/12/2025 12:00:00","CTA|IE","1929.32","n/e"," ","892.27"
"30/12/2025 12:00:00 - 30/12/2025 13:00:00","CTA|IE","1917.01","n/e"," ","864.97"
"30/12/2025 13:00:00 - 30/12/2025 14:00:00","CTA|IE","1852.83","n/e"," ","784.41"
"30/12/2025 14:00:00 - 30/12/2025 15:00:00","CTA|IE","1690.48","n/e"," ","672.85"
"30/12/2025 15:00:00 - 30/12/2025 16:00:00","CTA|IE","1461.68","n/e"," ","613.58"
"30/12/2025 16:00:00 - 30/12/2025 17:00:00","CTA|IE","1238.56","n/e"," ","656.57"
"30/12/2025 17:00:00 - 30/12/2025 18:00:00","CTA|IE","1107.78","n/e"," ","763.36"
"30/12/2025 18:00:00 - 30/12/2025 19:00:00","CTA|IE","1042.46","n/e"," ","817.78"
"30/12/2025 19:00:00 - 30/12/2025 20:00:00","CTA|IE","968.85","n/e"," ","768.03"
"30/12/2025 20:00:00 - 30/12/2025 21:00:00","CTA|IE","884.68","n/e"," ","758.68"
"30/12/2025 21:00:00 - 30/12/2025 22:00:00","CTA|IE","814.12","n/e"," ","678.25"
"30/12/2025 22:00:00 - 30/12/2025 23:00:00","CTA|IE","747.11","n/e"," ","606.92"
"30/12/2025 23:00:00 - 31/12/2025 00:00:00","CTA|IE","674.25","n/e"," ","549.86"
"31/12/2025 00:00:00 - 31/12/2025 01:00:00","CTA|IE","617.59","n/e"," ","477.40"
"31/12/2025 01:00:00 - 31/12/2025 02:00:00","CTA|IE","640.48","n/e"," ","392.32"
"31/12/2025 02:00:00 - 31/12/2025 03:00:00","CTA|IE","574.92","n/e"," ","247.18"
"31/12/2025 03:00:00 - 31/12/2025 04:00:00","CTA|IE","548.90","n/e"," ","174.31"
"31/12/2025 04:00:00 - 31/12/2025 05:00:00","CTA|IE","505.94","n/e"," ","137.53"
"31/12/2025 05:00:00 - 31/12/2025 06:00:00","CTA|IE","432.78","n/e"," ","132.97"
"31/12/2025 06:00:00 - 31/12/2025 07:00:00","CTA|IE","365.32","n/e"," ","96.77"
"31/12/2025 07:00:00 - 31/12/2025 08:00:00","CTA|IE","315.12","n/e"," ","78.96"
"31/12/2025 08:00:00 - 31/12/2025 09:00:00","CTA|IE","299.66","n/e"," ","88.39"
"31/12/2025 09:00:00 - 31/12/2025 10:00:00","CTA|IE","320.77","n/e"," ","104.46"
"31/12/2025 10:00:00 - 31/12/2025 11:00:00","CTA|IE","335.26","n/e"," ","133.39"
"31/12/2025 11:00:00 - 31/12/2025 12:00:00","CTA|IE","308.19","n/e"," ","130.46"
"31/12/2025 12:00:00 - 31/12/2025 13:00:00","CTA|IE","270.63","n/e"," ","132.21"
"31/12/2025 13:00:00 - 31/12/2025 14:00:00","CTA|IE","228.73","n/e"," ","123.38"
"31/12/2025 14:00:00 - 31/12/2025 15:00:00","CTA|IE","194.29","n/e"," ","123.94"
"31/12/2025 15:00:00 - 31/12/2025 16:00:00","CTA|IE","177.58","n/e"," ","155.96"
"31/12/2025 16:00:00 - 31/12/2025 17:00:00","CTA|IE","169.67","n/e"," ","179.72"
"31/12/2025 17:00:00 - 31/12/2025 18:00:00","CTA|IE","184.86","n/e"," ","227.20"
"31/12/2025 18:00:00 - 31/12/2025 19:00:00","CTA|IE","228.56","n/e"," ","304.38"
"31/12/2025 19:00:00 - 31/12/2025 20:00:00","CTA|IE","284.89","n/e"," ","412.53"
"31/12/2025 20:00:00 - 31/12/2025 21:00:00","CTA|IE","348.99","n/e"," ","491.71"
"31/12/2025 21:00:00 - 31/12/2025 22:00:00","CTA|IE","425.70","n/e"," ","646.07"
"31/12/2025 22:00:00 - 31/12/2025 23:00:00","CTA|IE","522.01","n/e"," ","946.53"
"31/12/2025 23:00:00 - 01/01/2026 00:00:00","CTA|IE","663.85","n/e"," ","1095.59"
